entity,source_or_target,entity_type,syntactic_matching,lexical_matching,semantic_matching
http://cmt#Acceptance,Source,Class,acceptance,"In the context of a conference, ""acceptance"" typically refers to the formal approval or agreement to participate in the event. This could mean the acceptance of a submitted paper or abstract for presentation, the acceptance of an invitation to speak or attend, or the confirmation of registration for the conference. It signifies that the organizers have reviewed and approved the submission or request, and the individual or work is officially included in the conference program.","Sure, here are the triples verbalised into phrases:

1. ""Acceptance"" is a subclass of ""Decision"".
2. ""Acceptance"" is disjoint with ""Rejection"".
3. ""Rejection"" is disjoint with ""Acceptance""."
http://cmt#Administrator,Source,Class,administrator,"In the context of a conference, an ""Administrator"" typically refers to an individual responsible for organizing, managing, and overseeing the logistical and operational aspects of the event. This can include tasks such as coordinating schedules, managing registrations, handling communications with speakers and attendees, arranging venues, and ensuring that all technical and support services are in place for the smooth running of the conference.","Sure, here are the triples verbalized into phrases:

1. The action ""acceptPaper"" is performed by an ""Administrator"".
2. The action ""acceptedBy"" involves an ""Administrator"".
3. The action ""addProgramCommitteeMember"" is performed by an ""Administrator"".
4. The action ""addedBy"" involves an ""Administrator"".
5. The action ""assignReviewer"" is performed by an ""Administrator"".
6. The action ""assignedByAdministrator"" involves an ""Administrator"".
7. The action ""detailsEnteredBy"" involves an ""Administrator"".
8. The action ""enableVirtualMeeting"" is performed by an ""Administrator"".
9. The action ""enterConferenceDetails"" is performed by an ""Administrator"".
10. The action ""enterReviewCriteria"" is performed by an ""Administrator"".
11. The action ""finalizePaperAssignment"" is performed by an ""Administrator"".
12. The action ""hardcopyMailingManifestsPrintedBy"" involves an ""Administrator"".
13. The action ""paperAssignmentFinalizedBy"" involves an ""Administrator"".
14. The action ""paperAssignmentToolsRunBy"" involves an ""Administrator"".
15. The action ""printHardcopyMailingManifests"" is performed by an ""Administrator"".
16. The action ""rejectPaper"" is performed by an ""Administrator"".
17. The action ""rejectedBy"" involves an ""Administrator"".
18. The action ""reviewCriteriaEnteredBy"" involves an ""Administrator"".
19. The action ""reviewerBiddingStartedBy"" involves an ""Administrator"".
20. The action ""runPaperAssignmentTools"" is performed by an ""Administrator"".
21. The action ""setMaxPapers"" is performed by an ""Administrator"".
22. The action ""startReviewerBidding"" is performed by an ""Administrator"".
23. The action ""virtualMeetingEnabledBy"" involves an ""Administrator"".
24. An ""Administrator"" is a subclass of ""User""."
http://cmt#AssociatedChair,Source,Class,associated chair,"In the context of a conference, an ""Associated Chair"" typically refers to an individual who assists the main conference chair in organizing and managing the event. This role may involve responsibilities such as coordinating sessions, managing communications with speakers and attendees, overseeing the review process for submitted papers, and ensuring that the conference runs smoothly. The Associated Chair works closely with the main chair and other committee members to ensure the success of the conference.","Sure, here are the triples verbalised into phrases:

1. The class ""AssociatedChair"" is a subclass of the class ""ConferenceMember"".
2. The class ""AssociatedChair"" is disjoint with the class ""ConferenceChair"".
3. The class ""ConferenceChair"" is disjoint with the class ""AssociatedChair"".The subgraph describes a class hierarchy and equivalence relationships among different roles. Here's a natural language description:

1. There is a class denoted by a blank node (let's call it Class1) which is of type ""Class"".
2. Class1 is defined as a union of three roles: ""AssociatedChair"", ""ConferenceChair"", and ""ProgramCommitteeChair"".
3. The role ""AssociatedChair"" is the first element in the union list.
4. The role ""ConferenceChair"" is the second element in the union list.
5. The role ""ProgramCommitteeChair"" is the third element in the union list, and it is the last element (indicated by 'rest' being 'nil').
6. The class ""Chairman"" is equivalent to Class1.

In summary, the class ""Chairman"" is equivalent to a class that includes any individual who is an ""AssociatedChair"", ""ConferenceChair"", or ""ProgramCommitteeChair""."
http://cmt#Author,Source,Class,author,"In the context of a conference, an ""author"" typically refers to an individual who has written a paper, article, or presentation that is being presented or discussed at the event. This person is responsible for the research, findings, and content of the work being shared with the conference attendees.","Sure, here are the triples verbalised into phrases:

1. ""AuthorNotReviewer"" is a subclass of ""Author"".
2. ""Co-author"" is a subclass of ""Author"".
3. The property ""hasAuthor"" has a range of ""Author"".
4. The property ""submitPaper"" has a domain of ""Author"".
5. The property ""writePaper"" has a domain of ""Author"".
6. ""Author"" is a subclass of ""ConferenceMember"".
7. ""Author"" is a subclass of ""User"".The subgraph describes a class and its relationship to a function and a union of roles. Here is the natural language description:

There is a class, denoted as _:N2b49bd6d53d24d508f733bbd85d85884, which is of type ""Class"". This class is associated with the function ""markConflictOfInterest"" as its domain.

The class is defined as a union of three roles: Reviewer, Chairman, and Author. Specifically:
- The first element in the union is ""Reviewer"", followed by the rest of the elements.
- The second element in the union is ""Chairman"", followed by the rest of the elements.
- The third and final element in the union is ""Author"", with no further elements following it.

In summary, the class is a union of the roles Reviewer, Chairman, and Author, and it serves as the domain for the function ""markConflictOfInterest""."
http://cmt#AuthorNotReviewer,Source,Class,author not reviewer,"In the context of a conference, ""AuthorNotReviewer"" typically refers to a policy or rule indicating that an individual who has submitted a paper or work to the conference (an author) is not allowed to participate in the review process of other submissions. This is to prevent any potential conflicts of interest and to ensure the fairness and impartiality of the review process.","Sure, here are the triples verbalized into phrases:

1. The class ""ProgramCommitteeMember"" is disjoint with the class ""AuthorNotReviewer"".
2. The class ""Reviewer"" is disjoint with the class ""AuthorNotReviewer"".
3. The class ""AuthorNotReviewer"" is a subclass of the class ""Author"".
4. The class ""AuthorNotReviewer"" is disjoint with the class ""ProgramCommitteeMember"".
5. The class ""AuthorNotReviewer"" is disjoint with the class ""Reviewer""."
http://cmt#Bid,Source,Class,bid,"In the context of a conference, a ""bid"" typically refers to a formal proposal submitted by an individual, organization, or city to host the conference. This proposal usually includes details such as the venue, dates, logistical arrangements, and sometimes financial commitments or incentives to attract the conference organizers to select their location. The bid aims to demonstrate why the proposed location is the best choice for the event.","Sure, here are the triples verbalized into phrases:

1. The range of ""adjustBid"" is ""Bid"".
2. The domain of ""adjustedBy"" is ""Bid"".
3. The range of ""hasBid"" is ""Bid"".
4. ""Conference"" is disjoint with ""Bid"".
5. ""Decision"" is disjoint with ""Bid"".
6. ""Document"" is disjoint with ""Bid"".
7. ""Person"" is disjoint with ""Bid"".
8. ""Preference"" is disjoint with ""Bid"".
9. ""ProgramCommittee"" is disjoint with ""Bid"".
10. ""Bid"" is disjoint with ""Conference"", ""Decision"", ""Document"", ""Person"", ""Preference"", and ""ProgramCommittee""."
http://cmt#Chairman,Source,Class,chairman,"In the context of a conference, the term ""Chairman"" refers to the person who presides over the conference, leading and facilitating the discussions, ensuring the agenda is followed, and maintaining order during the proceedings. The Chairman is responsible for guiding the overall direction of the conference and ensuring that it runs smoothly and efficiently.","The class ""Chairman"" is a subclass of the class ""Person"".The provided subgraph describes a set of classes and their relationships within a domain, specifically focusing on roles related to a conference. Here is a natural language description of the subgraph:

1. There is a class that is a union of several roles:
   - The first role in this union is ""AssociatedChair"".
   - The next role in this union is ""ConferenceChair"".
   - The next role in this union is ""ProgramCommitteeChair"".
   - The union ends with ""nil"", indicating no further roles in this sequence.

2. Another class is defined as a union of:
   - The first role in this union is ""Reviewer"".
   - The next role in this union is ""Chairman"".
   - The next role in this union is ""Author"".
   - The union ends with ""nil"", indicating no further roles in this sequence.

3. The class ""Chairman"" is equivalent to a class that is a union of the roles mentioned above.

4. The class ""markConflictOfInterest"" has a domain that includes the union of the roles ""Reviewer"", ""Chairman"", and ""Author"".

5. The entities ""AssociatedChair"", ""ConferenceChair"", ""ProgramCommitteeChair"", ""Reviewer"", ""Chairman"", and ""Author"" are all considered as part of the defined classes.

In summary, the subgraph defines a hierarchical structure of roles related to a conference, with specific unions of roles and equivalences between them, and it specifies the domain for marking conflicts of interest within this context."
http://cmt#Co-author,Source,Class,co author,"In the context of a conference, a ""co-author"" refers to an individual who has collaborated with one or more other individuals to contribute to the creation of a research paper, presentation, or other scholarly work that is being presented at the conference. Co-authors share responsibility for the content and findings of the work and are typically listed as such in the conference program, proceedings, or any published materials associated with the event.","Sure, here are the triples verbalized into phrases:

1. The property ""co-writePaper"" has a domain of ""Co-author"". This means that ""co-writePaper"" is an action or relationship that involves a ""Co-author"".
   
2. The property ""hasCo-author"" has a range of ""Co-author"". This means that ""hasCo-author"" relates something to a ""Co-author"".

3. The class ""Co-author"" is a subclass of ""Author"". This means that every ""Co-author"" is also an ""Author""."
http://cmt#Conference,Source,Class,conference,"In the context of ""conference,"" the term refers to a formal meeting or gathering where individuals or groups come together to discuss specific topics, share information, and engage in collaborative discussions. Conferences can be held in various fields such as business, education, science, technology, and more, and they often include presentations, workshops, and networking opportunities.","Sure, here are the triples verbalized into phrases:

1. The property ""acceptsHardcopySubmissions"" is associated with the domain ""Conference"".
2. The property ""date"" is associated with the domain ""Conference"".
3. The property ""detailsEnteredBy"" is associated with the domain ""Conference"".
4. The property ""enableVirtualMeeting"" has a range of ""Conference"".
5. The property ""enterConferenceDetails"" has a range of ""Conference"".
6. The property ""enterReviewCriteria"" has a range of ""Conference"".
7. The property ""finalizePaperAssignment"" has a range of ""Conference"".
8. The property ""hardcopyMailingManifestsPrintedBy"" is associated with the domain ""Conference"".
9. The property ""hasConferenceMember"" is associated with the domain ""Conference"".
10. The property ""logoURL"" is associated with the domain ""Conference"".
11. The property ""memberOfConference"" has a range of ""Conference"".
12. The property ""paperAssignmentFinalizedBy"" is associated with the domain ""Conference"".
13. The property ""paperAssignmentToolsRunBy"" is associated with the domain ""Conference"".
14. The property ""printHardcopyMailingManifests"" has a range of ""Conference"".
15. The property ""reviewCriteriaEnteredBy"" is associated with the domain ""Conference"".
16. The property ""reviewerBiddingStartedBy"" is associated with the domain ""Conference"".
17. The property ""reviewsPerPaper"" is associated with the domain ""Conference"".
18. The property ""runPaperAssignmentTools"" has a range of ""Conference"".
19. The property ""siteURL"" is associated with the domain ""Conference"".
20. The property ""startReviewerBidding"" has a range of ""Conference"".
21. The property ""virtualMeetingEnabledBy"" is associated with the domain ""Conference"".
22. The class ""Bid"" is disjoint with the class ""Conference"".
23. The class ""Decision"" is disjoint with the class ""Conference"".
24. The class ""Document"" is disjoint with the class ""Conference"".
25. The class ""Person"" is disjoint with the class ""Conference"".
26. The class ""Preference"" is disjoint with the class ""Conference"".
27. The class ""ProgramCommittee"" is disjoint with the class ""Conference"".
28. The class ""Conference"" is disjoint with the classes ""Bid"", ""Decision"", ""Document"", ""Person"", ""Preference"", and ""ProgramCommittee"".The given subgraph can be described in natural language as follows:

A ""Conference"" is a subclass of three different restrictions:
1. A restriction on the property ""reviewsPerPaper"" with a cardinality of 1.
2. A restriction on the property ""date"" with a minimum cardinality of 1.
3. A restriction on the property ""name"" with a cardinality of 1.

Additionally, the ""name"" property has a domain that is a class, which is defined as a union of ""Conference"" and ""Person""."
http://cmt#ConferenceChair,Source,Class,conference chair,"In the context of a conference, a ""Conference Chair"" refers to the individual who is responsible for overseeing and organizing the entire event. This person typically handles a wide range of tasks, including planning the conference agenda, coordinating with speakers and participants, managing logistics, and ensuring that the conference runs smoothly. The Conference Chair plays a crucial role in the success of the event, often working closely with committees and other stakeholders to deliver a well-organized and impactful conference.","Sure, here are the triples verbalized into phrases:

1. ""AssociatedChair"" is disjoint with ""ConferenceChair"".
2. ""ConferenceChair"" is a subclass of ""ConferenceMember"".
3. ""ConferenceChair"" is disjoint with ""AssociatedChair"".The subgraph describes a class hierarchy and equivalence relationships involving different types of chairs in a conference setting. Here's a natural language description:

1. There is a class named ""Chairman"" which is equivalent to another class (denoted as _:N3ece603408c24604823111c97a2adb9f).
2. The class _:N3ece603408c24604823111c97a2adb9f is defined as a union of several other classes.
3. The union consists of:
   - ""AssociatedChair""
   - ""ConferenceChair""
   - ""ProgramCommitteeChair""
4. The union structure is represented as follows:
   - The first element of the union is ""AssociatedChair"".
   - The rest of the union consists of another list where the first element is ""ConferenceChair"".
   - The rest of this list consists of another list where the first element is ""ProgramCommitteeChair"".
   - The rest of this final list is ""nil"", indicating the end of the list.

In summary, the class ""Chairman"" is equivalent to a union of the classes ""AssociatedChair"", ""ConferenceChair"", and ""ProgramCommitteeChair""."
http://cmt#ConferenceMember,Source,Class,conference member,"In the context of a conference, a ""ConferenceMember"" refers to an individual who is a participant or attendee of the conference. This person may be involved in various activities such as attending sessions, presenting papers, participating in discussions, or networking with other attendees. The term encompasses all individuals who are officially part of the conference, including speakers, panelists, organizers, and general attendees.","Sure, here are the triples verbalised into phrases:

1. ""AssociatedChair"" is a subclass of ""ConferenceMember"".
2. ""Author"" is a subclass of ""ConferenceMember"".
3. ""ConferenceChair"" is a subclass of ""ConferenceMember"".
4. ""ProgramCommitteeMember"" is a subclass of ""ConferenceMember"".
5. ""Reviewer"" is a subclass of ""ConferenceMember"".
6. The property ""hasConferenceMember"" has a range of ""ConferenceMember"".
7. The property ""memberOfConference"" has a domain of ""ConferenceMember"".
8. ""ConferenceMember"" is a subclass of ""Person""."
http://cmt#Decision,Source,Class,decision,"In the context of a conference, a ""decision"" refers to a conclusion or resolution reached after discussion and deliberation among the participants. It often involves choosing a course of action, setting policies, or making strategic plans based on the information and opinions shared during the conference sessions. Decisions made in a conference setting are typically aimed at addressing specific issues, achieving common goals, or advancing the objectives of the organization or group involved.","1. ""Acceptance"" is a subclass of ""Decision"".
2. ""Rejection"" is a subclass of ""Decision"".
3. The property ""hasDecision"" has a range of ""Decision"".
4. ""Bid"" is disjoint with ""Decision"".
5. ""Conference"" is disjoint with ""Decision"".
6. ""Document"" is disjoint with ""Decision"".
7. ""Person"" is disjoint with ""Decision"".
8. ""Preference"" is disjoint with ""Decision"".
9. ""ProgramCommittee"" is disjoint with ""Decision"".
10. ""Decision"" is disjoint with ""Bid"", ""Conference"", ""Document"", ""Person"", ""Preference"", and ""ProgramCommittee""."
http://cmt#Document,Source,Class,document,"In the context of a conference, a ""document"" typically refers to any written, printed, or digital material that is used or distributed during the event. This can include agendas, schedules, presentation slides, handouts, research papers, reports, and any other relevant materials that support the discussions and activities taking place at the conference. These documents are often used to provide information, facilitate communication, and serve as a record of the proceedings.","1. A ""Paper"" is a subclass of ""Document"".
2. A ""Review"" is a subclass of ""Document"".
3. The property ""hasConflictOfInterest"" has a range of ""Document"".
4. A ""Bid"" is disjoint with ""Document"".
5. A ""Conference"" is disjoint with ""Document"".
6. A ""Decision"" is disjoint with ""Document"".
7. A ""Person"" is disjoint with ""Document"".
8. A ""Preference"" is disjoint with ""Document"".
9. A ""ProgramCommittee"" is disjoint with ""Document"".
10. A ""Document"" is disjoint with ""Bid"", ""Conference"", ""Decision"", ""Person"", ""Preference"", and ""ProgramCommittee""."
http://cmt#ExternalReviewer,Source,Class,external reviewer,"In the context of a conference, an External Reviewer is an individual who is tasked with evaluating a paper on behalf of another Reviewer. Although the External Reviewer provides their assessment and feedback on the paper, they do not hold the official title or responsibilities of a Reviewer within the conference's review process.","Sure, here are the triples verbalised into phrases:

1. The range of ""assignExternalReviewer"" is ""ExternalReviewer"".
2. The domain of ""assignedByReviewer"" is ""ExternalReviewer"".
3. ""Reviewer"" is disjoint with ""ExternalReviewer"".
4. ""ExternalReviewer"" is a subclass of ""Person"" and is disjoint with ""Reviewer"".The class ""ExternalReviewer"" is a subclass of a restriction that specifies the property ""assignedByReviewer"" must have a cardinality of 1."
http://cmt#Meta-Review,Source,Class,meta review,"In the context of a conference, a ""Meta-Review"" refers to a summary and evaluation of the reviews provided by multiple reviewers for a particular paper or submission. The meta-review is typically written by a senior reviewer or an area chair who synthesizes the individual reviews, highlights key points, resolves discrepancies, and provides an overall recommendation regarding the acceptance or rejection of the paper. This process helps ensure a balanced and fair assessment of the submission, taking into account the diverse perspectives of different reviewers.","The class ""Meta-Review"" is a subclass of the class ""Review""."
http://cmt#Meta-Reviewer,Source,Class,meta reviewer,"In the context of a conference, a Meta-Reviewer is a special type of Reviewer who has the responsibility of overseeing the reviews submitted for a given paper. While there can be multiple Reviewers for a single paper, there is only one Meta-Reviewer assigned to it. The Meta-Reviewer reviews all the submitted reviews and can submit their own review. Their primary role is to ensure that the reviews are of high quality and consistent. The decision to use Meta-Reviewers is optional and must be determined before the paper assignment process begins.","Sure, here are the triples verbalised into phrases:

1. The property ""readByMeta-Reviewer"" has a range of ""Meta-Reviewer"".
2. The class ""Meta-Reviewer"" is a subclass of ""Reviewer""."
http://cmt#Paper,Source,Class,paper,"In the context of a conference, a ""paper"" typically refers to a written document that presents research findings, theories, or arguments on a specific topic. These papers are often submitted by researchers, scholars, or professionals and are reviewed by a committee before being accepted for presentation at the conference. The authors may then present their papers during sessions, where they discuss their work and answer questions from the audience.","Sure, here are the triples verbalised into phrases:

1. ""PaperAbstract"" is a subclass of ""Paper"".
2. ""PaperFullVersion"" is a subclass of ""Paper"".
3. The range of ""acceptPaper"" is ""Paper"".
4. The domain of ""acceptedBy"" is ""Paper"".
5. The domain of ""assignedTo"" is ""Paper"".
6. The range of ""co-writePaper"" is ""Paper"".
7. The domain of ""hasAuthor"" is ""Paper"".
8. The range of ""hasBeenAssigned"" is ""Paper"".
9. The domain of ""hasBid"" is ""Paper"".
10. The domain of ""hasCo-author"" is ""Paper"".
11. The domain of ""hasDecision"" is ""Paper"".
12. The domain of ""hasSubjectArea"" is ""Paper"".
13. The range of ""markConflictOfInterest"" is ""Paper"".
14. The domain of ""paperID"" is ""Paper"".
15. The domain of ""readByMeta-Reviewer"" is ""Paper"".
16. The domain of ""readByReviewer"" is ""Paper"".
17. The range of ""readPaper"" is ""Paper"".
18. The range of ""rejectPaper"" is ""Paper"".
19. The domain of ""rejectedBy"" is ""Paper"".
20. The range of ""submitPaper"" is ""Paper"".
21. The domain of ""title"" is ""Paper"".
22. The range of ""writePaper"" is ""Paper"".
23. ""Review"" is disjoint with ""Paper"".
24. ""Paper"" is a subclass of ""Document"" and is disjoint with ""Review"".The provided subgraph describes the class ""Paper"" and its relationships with various properties and restrictions. Here is a natural language description of the subgraph:

1. A ""Paper"" is a subclass of three different anonymous restrictions.
2. The first restriction specifies that a ""Paper"" must be read by at least one reviewer. This is indicated by the property ""readByReviewer"" with a minimum cardinality of 1.
3. The second restriction specifies that a ""Paper"" can have at most one decision. This is indicated by the property ""hasDecision"" with a maximum cardinality of 1.
4. The third restriction specifies that a ""Paper"" can be read by at most one meta-reviewer. This is indicated by the property ""readByMeta-Reviewer"" with a maximum cardinality of 1.
5. Additionally, there is a restriction that a ""Paper"" can have zero or more decisions, indicated by the property ""hasDecision"" with a minimum cardinality of 0.

In summary, a ""Paper"" must be read by at least one reviewer, can have at most one decision, and can be read by at most one meta-reviewer."
http://cmt#PaperAbstract,Source,Class,paper abstract,"In the context of a conference, a ""Paper Abstract"" is a concise summary of a research paper that provides an overview of the main objectives, methods, results, and conclusions of the study. It is typically submitted to conference organizers as part of the paper submission process and is used to help reviewers and attendees quickly understand the key points and significance of the research. The abstract allows conference participants to decide which presentations and papers are most relevant to their interests.","The class ""PaperAbstract"" is a subclass of the class ""Paper""."
http://cmt#PaperFullVersion,Source,Class,paper full version,"In the context of a conference, ""PaperFullVersion"" typically refers to the complete and final version of a research paper that is submitted for review or publication. This version includes all sections such as the abstract, introduction, methodology, results, discussion, conclusion, references, and any supplementary materials. It is the comprehensive document that presents the full scope of the research study, as opposed to an abstract or a preliminary draft.","The class ""PaperFullVersion"" is a subclass of the class ""Paper""."
http://cmt#Person,Source,Class,person,"In the context of a conference, a ""person"" typically refers to an individual attendee or participant. This could include speakers, panelists, organizers, or audience members who are present at the event. Each person at the conference contributes to the overall experience, whether through presenting information, engaging in discussions, networking, or simply absorbing the content being shared.","Sure, here are the triples verbalized into phrases:

1. A Chairman is a subclass of Person.
2. A Conference Member is a subclass of Person.
3. An External Reviewer is a subclass of Person.
4. A Program Committee Member is a subclass of Person.
5. A User is a subclass of Person.
6. The domain of email is Person.
7. The domain of has Conflict Of Interest is Person.
8. A Bid is disjoint with Person.
9. A Conference is disjoint with Person.
10. A Decision is disjoint with Person.
11. A Document is disjoint with Person.
12. A Preference is disjoint with Person.
13. A Program Committee is disjoint with Person.
14. A Person is disjoint with Bid, Conference, Decision, Document, Preference, and Program Committee.The subgraph describes a class that is a union of two entities: a person and a conference. The class is identified by the domain name '_:Nf4ff6c535150488f97b750b181ee6a33'. The union consists of a list where the first element is a conference and the rest of the list is another list where the first element is a person and the rest is nil, indicating the end of the list."
http://cmt#Preference,Source,Class,preference,"In the context of a conference, ""preference"" refers to the choices or priorities of the attendees or organizers regarding various aspects of the event. This could include preferences for session topics, speakers, seating arrangements, meal options, or scheduling. Understanding these preferences helps in tailoring the conference experience to better meet the needs and expectations of the participants.","1. ""Bid"" is disjoint with ""Preference"".
2. ""Conference"" is disjoint with ""Preference"".
3. ""Decision"" is disjoint with ""Preference"".
4. ""Document"" is disjoint with ""Preference"".
5. ""Person"" is disjoint with ""Preference"".
6. ""ProgramCommittee"" is disjoint with ""Preference"".
7. ""Preference"" is disjoint with ""Bid"", ""Conference"", ""Decision"", ""Document"", ""Person"", and ""ProgramCommittee""."
http://cmt#ProgramCommittee,Source,Class,program committee,"In the context of a conference, a Program Committee is a group of experts and professionals responsible for overseeing the development and organization of the conference's program. This includes tasks such as selecting and reviewing submitted papers, organizing sessions, inviting keynote speakers, and ensuring the overall quality and relevance of the conference content. The committee plays a crucial role in maintaining the academic and professional standards of the event.","Sure, here are the triples verbalized into phrases:

1. The domain of ""hasProgramCommitteeMember"" is ""ProgramCommittee"".
2. The range of ""memberOfProgramCommittee"" is ""ProgramCommittee"".
3. ""Bid"" is disjoint with ""ProgramCommittee"".
4. ""Conference"" is disjoint with ""ProgramCommittee"".
5. ""Decision"" is disjoint with ""ProgramCommittee"".
6. ""Document"" is disjoint with ""ProgramCommittee"".
7. ""Person"" is disjoint with ""ProgramCommittee"".
8. ""Preference"" is disjoint with ""ProgramCommittee"".
9. ""ProgramCommittee"" is disjoint with ""Bid"", ""Conference"", ""Decision"", ""Document"", ""Person"", and ""Preference""."
http://cmt#ProgramCommitteeChair,Source,Class,program committee chair,"In the context of a conference, the ""Program Committee Chair"" is the individual responsible for overseeing the program committee, which is tasked with organizing the academic or technical content of the conference. This includes tasks such as selecting and reviewing submitted papers, coordinating with speakers, and ensuring the overall quality and coherence of the conference program. The Program Committee Chair plays a crucial role in shaping the intellectual and thematic direction of the conference.","Sure, here are the triples verbalized into phrases:

1. The property ""endReview"" has a domain of ""ProgramCommitteeChair"".
2. The class ""ProgramCommitteeChair"" is a subclass of ""ProgramCommitteeMember"".The subgraph describes a class hierarchy and equivalence relationships involving different types of chairs in a conference setting. Here's a natural language description:

1. There is a class named ""Chairman"" which is equivalent to another class (let's call it Class A).
2. Class A is defined as a union of several other classes.
3. The union consists of:
   - A class that includes ""AssociatedChair"" as its first element and another class (let's call it Class B) as its rest.
   - Class B includes ""ConferenceChair"" as its first element and another class (let's call it Class C) as its rest.
   - Class C includes ""ProgramCommitteeChair"" as its first element and 'nil' as its rest, indicating the end of the list.

In summary, the ""Chairman"" class is equivalent to a union of the classes ""AssociatedChair,"" ""ConferenceChair,"" and ""ProgramCommitteeChair."""
http://cmt#ProgramCommitteeMember,Source,Class,program committee member,"In the context of a conference, a Program Committee Member is an individual who is part of the Program Committee, which includes all members of the conference except for Authors who are not also Reviewers. These members are typically responsible for tasks such as reviewing submitted papers, providing feedback, and helping to shape the conference program.","Sure, here are the triples verbalized into phrases:

1. ""ProgramCommitteeChair"" is a subclass of ""ProgramCommitteeMember"".
2. The range of ""addProgramCommitteeMember"" is ""ProgramCommitteeMember"".
3. The domain of ""addedBy"" is ""ProgramCommitteeMember"".
4. The range of ""hasProgramCommitteeMember"" is ""ProgramCommitteeMember"".
5. The domain of ""maxPapers"" is ""ProgramCommitteeMember"".
6. The domain of ""memberOfProgramCommittee"" is ""ProgramCommitteeMember"".
7. The range of ""setMaxPapers"" is ""ProgramCommitteeMember"".
8. ""AuthorNotReviewer"" is disjoint with ""ProgramCommitteeMember"".
9. ""ProgramCommitteeMember"" is a subclass of both ""ConferenceMember"" and ""Person"".
10. ""ProgramCommitteeMember"" is disjoint with ""AuthorNotReviewer""."
http://cmt#Rejection,Source,Class,rejection,"In the context of a conference, ""rejection"" typically refers to the decision not to accept a submitted paper, abstract, or proposal for presentation. This can occur for various reasons, such as the submission not meeting the conference's standards, relevance, or quality criteria. Rejection is a common part of the academic and professional review process, and it often comes with feedback to help the author improve their work for future submissions.","Sure, here are the triples verbalised into phrases:

1. ""Acceptance"" is disjoint with ""Rejection"".
2. ""Rejection"" is a subclass of ""Decision"".
3. ""Rejection"" is disjoint with ""Acceptance""."
http://cmt#Review,Source,Class,review,"In the context of a conference, a ""review"" typically refers to the evaluation or assessment of submitted papers, presentations, or proposals by a panel of experts or peers. This process is crucial for maintaining the quality and relevance of the conference content. Reviewers provide feedback, suggest improvements, and recommend whether a submission should be accepted, revised, or rejected.","Sure, here are the triples verbalised into phrases:

1. ""Meta-Review"" is a subclass of ""Review"".
2. The range of ""endReview"" is ""Review"".
3. The range of ""writeReview"" is ""Review"".
4. The domain of ""writtenBy"" is ""Review"".
5. ""Paper"" is disjoint with ""Review"".
6. ""Review"" is a subclass of ""Document"" and is disjoint with ""Paper""."
http://cmt#Reviewer,Source,Class,reviewer,"In the context of a conference, a reviewer is an individual who evaluates and assesses the quality, relevance, and originality of submitted papers or presentations. Reviewers provide feedback and recommendations regarding whether a submission should be accepted, revised, or rejected. Their role is crucial in maintaining the academic and professional standards of the conference.","Sure, here are the triples verbalised into phrases:

1. A ""Meta-Reviewer"" is a subclass of ""Reviewer"".
2. The domain of ""adjustBid"" is ""Reviewer"".
3. The range of ""adjustedBy"" is ""Reviewer"".
4. The domain of ""assignExternalReviewer"" is ""Reviewer"".
5. The range of ""assignReviewer"" is ""Reviewer"".
6. The domain of ""assignedByAdministrator"" is ""Reviewer"".
7. The range of ""assignedByReviewer"" is ""Reviewer"".
8. The range of ""assignedTo"" is ""Reviewer"".
9. The domain of ""hasBeenAssigned"" is ""Reviewer"".
10. The range of ""readByReviewer"" is ""Reviewer"".
11. The domain of ""readPaper"" is ""Reviewer"".
12. The domain of ""writeReview"" is ""Reviewer"".
13. The range of ""writtenBy"" is ""Reviewer"".
14. ""AuthorNotReviewer"" is disjoint with ""Reviewer"".
15. ""ExternalReviewer"" is disjoint with ""Reviewer"".
16. ""Reviewer"" is a subclass of ""ConferenceMember"" and ""User"".
17. ""Reviewer"" is disjoint with ""AuthorNotReviewer"" and ""ExternalReviewer"".The subgraph describes a class that is defined as a union of three roles: Reviewer, Chairman, and Author. The class is associated with the domain of the function ""markConflictOfInterest"". The union is structured such that:

1. The first element of the union is Reviewer, followed by a rest element.
2. The rest element contains Chairman as the first element, followed by another rest element.
3. This subsequent rest element contains Author as the first element, and the final rest element is nil, indicating the end of the list."
http://cmt#SubjectArea,Source,Class,subject area,"In the context of a conference, ""SubjectArea"" refers to the specific field or domain of knowledge that the conference focuses on. It encompasses the topics, themes, and disciplines that are covered in the presentations, discussions, and sessions of the conference. For example, a conference on artificial intelligence would have a subject area related to AI technologies, machine learning, and related research.","The property ""hasSubjectArea"" has a range of ""SubjectArea""."
http://cmt#User,Source,Class,user,"In the context of a conference, a ""user"" typically refers to an individual who utilizes or interacts with a particular system, service, or product being discussed or showcased at the event. This could include software users, customers, clients, or any participants who engage with the tools or technologies presented during the conference.","Sure, here are the triples verbalised into phrases:

1. An Administrator is a subclass of a User.
2. An Author is a subclass of a User.
3. A Reviewer is a subclass of a User.
4. A User is a subclass of a Person."
http://cmt#acceptPaper,Source,Property,accept paper,"In the context of a conference, ""acceptPaper"" refers to the decision made by the conference organizers or review committee to approve a submitted research paper for presentation at the conference. This means that the paper has met the necessary criteria and standards set by the conference and will be included in the conference program, allowing the authors to present their findings to the attendees.","The property ""acceptPaper"" has a domain of ""Administrator"" and a range of ""Paper"". This means that the action or function ""acceptPaper"" is something that an ""Administrator"" can perform, and it is performed on a ""Paper"". In other words, an ""Administrator"" has the capability to ""accept"" a ""Paper""."
http://cmt#acceptedBy,Source,Property,accepted by,"In the context of a conference, ""acceptedBy"" typically refers to the individual or committee that has reviewed and approved a submission, such as a research paper, presentation proposal, or abstract, for inclusion in the conference program. This indicates that the submission has met the necessary criteria and standards set by the conference organizers.","The property ""acceptedBy"" has a domain of ""Paper"" and a range of ""Administrator"". This means that ""acceptedBy"" is a relationship where a ""Paper"" is accepted by an ""Administrator""."
http://cmt#acceptsHardcopySubmissions,Source,Property,accepts hardcopy submissions,"In the context of a conference, ""acceptsHardcopySubmissions"" means that the conference allows participants to submit their papers, abstracts, or other required documents in physical, printed form rather than exclusively through electronic or digital means. This indicates that the conference organizers are prepared to handle and review submissions that are mailed or delivered in hardcopy format.","The property ""acceptsHardcopySubmissions"" has a domain of ""Conference"" and a range of ""boolean"". This means that the property ""acceptsHardcopySubmissions"" is applicable to instances of ""Conference"" and its value is of type ""boolean""."
http://cmt#addProgramCommitteeMember,Source,Property,add program committee member,"In the context of a conference, ""addProgramCommitteeMember"" refers to the action of including a new member to the program committee. The program committee is typically responsible for reviewing submitted papers, organizing sessions, and ensuring the overall quality and relevance of the conference content. Adding a new member to this committee means that the individual will participate in these activities and contribute to the planning and execution of the conference program.","The property ""addProgramCommitteeMember"" has a domain of ""Administrator"" and a range of ""ProgramCommitteeMember"". 

In other words, the action or function ""addProgramCommitteeMember"" is something that an ""Administrator"" can perform, and it involves adding an entity of type ""ProgramCommitteeMember""."
http://cmt#addedBy,Source,Property,added by,"In the context of a conference, ""addedBy"" typically refers to the person or entity who has included or registered a particular item, such as a session, speaker, or attendee, into the conference schedule or database. For example, if a new workshop is added to the conference agenda, the ""addedBy"" field would indicate who was responsible for adding that workshop.","The property ""addedBy"" has a domain of ""ProgramCommitteeMember"" and a range of ""Administrator"". This means that the property ""addedBy"" is used to indicate that a ""ProgramCommitteeMember"" was added by an ""Administrator""."
http://cmt#adjustBid,Source,Property,adjust bid,"In the context of a conference, ""adjustBid"" likely refers to the process of modifying a bid or proposal that has been submitted for consideration. This could involve changing the amount of the bid, altering the terms, or updating the details to better align with the requirements or expectations of the conference organizers. The goal of adjusting a bid is typically to increase the chances of acceptance or to better meet the objectives of the conference.","The property ""adjustBid"" has a domain of ""Reviewer"" and a range of ""Bid"". This means that ""adjustBid"" is an action or relationship that is performed by a ""Reviewer"" and results in or involves a ""Bid""."
http://cmt#adjustedBy,Source,Property,adjusted by,"In the context of a conference, ""adjustedBy"" typically refers to changes or modifications made by a specific person or entity. For example, if the schedule of a conference is ""adjusted by"" the event coordinator, it means that the event coordinator has made changes to the schedule. This could involve altering the timing of sessions, updating speaker information, or making other logistical adjustments to improve the flow or accommodate new circumstances.","The property ""adjustedBy"" has a domain of ""Bid"" and a range of ""Reviewer"". This means that ""adjustedBy"" is a relationship where a ""Bid"" is adjusted by a ""Reviewer""."
http://cmt#assignExternalReviewer,Source,Property,assign external reviewer,"In the context of a conference, ""assignExternalReviewer"" refers to the process of designating an external expert, who is not part of the conference's organizing committee or internal team, to review and evaluate submitted papers or presentations. This external reviewer provides an unbiased assessment of the work, ensuring the quality and relevance of the content being considered for inclusion in the conference program.","The property ""assignExternalReviewer"" has a domain of ""Reviewer"" and a range of ""ExternalReviewer"". This means that the property ""assignExternalReviewer"" is used to link an instance of ""Reviewer"" to an instance of ""ExternalReviewer""."
http://cmt#assignReviewer,Source,Property,assign reviewer,"In the context of a conference, ""assignReviewer"" refers to the process of designating a specific individual, typically an expert in the relevant field, to evaluate and provide feedback on a submitted paper or presentation. This is a crucial step in the peer review process, where the quality, validity, and originality of the work are assessed before it is accepted for presentation or publication at the conference. The assigned reviewer will read the submission, critique it, and often suggest improvements or revisions.","The property ""assignReviewer"" is used by an entity of type ""Administrator"" to assign an entity of type ""Reviewer""."
http://cmt#assignedByAdministrator,Source,Property,assigned by administrator,"In the context of a conference, ""assignedByAdministrator"" typically means that a task, role, or responsibility has been designated to a person or group by an administrator or organizer of the conference. This could involve assigning speaking slots, managing registration, coordinating sessions, or other logistical duties necessary for the smooth operation of the event.","The property ""assignedByAdministrator"" has a domain of ""Reviewer"" and a range of ""Administrator"". This means that the property ""assignedByAdministrator"" is used to indicate that a ""Reviewer"" is assigned by an ""Administrator""."
http://cmt#assignedByReviewer,Source,Property,assigned by reviewer,"In the context of a conference, ""assignedByReviewer"" typically refers to the process or action where a reviewer assigns a particular task, paper, or responsibility to someone else. This could involve a reviewer assigning a paper to another reviewer for evaluation, or it could mean that a reviewer is delegating certain duties to another individual within the conference organization. The term indicates that the assignment is being made by someone in a reviewing capacity.","The property ""assignedByReviewer"" has a domain of ""ExternalReviewer"" and a range of ""Reviewer"". This means that ""assignedByReviewer"" is a relationship where an ""ExternalReviewer"" assigns something to a ""Reviewer"".The class ""ExternalReviewer"" is a subclass of a restriction that specifies the property ""assignedByReviewer"" must have a cardinality of 1."
http://cmt#assignedTo,Source,Property,assigned to,"In the context of a conference, ""assignedTo"" typically refers to the person or group who has been designated responsibility for a specific task, role, or duty. This could include organizing sessions, managing registrations, handling logistics, or any other responsibilities necessary for the successful execution of the conference. For example, a session might be ""assignedTo"" a particular speaker or moderator, or a task like setting up the venue might be ""assignedTo"" the event planning team.","The property ""assignedTo"" has a domain of ""Paper"" and a range of ""Reviewer"". This means that ""assignedTo"" is used to indicate that a ""Paper"" is assigned to a ""Reviewer""."
http://cmt#co-writePaper,Source,Property,co writepaper,"In the context of a conference, ""co-writePaper"" refers to the collaborative process where two or more authors jointly write and contribute to a research paper or academic article. This paper is then typically submitted for presentation at the conference. Co-writing allows for the pooling of expertise, ideas, and efforts from multiple researchers, which can enhance the quality and depth of the research presented.","The property ""co-writePaper"" has a domain of ""Co-author"" and a range of ""Paper"". This means that the property ""co-writePaper"" is used to link a ""Co-author"" to a ""Paper"". In other words, a ""Co-author"" can ""co-write"" a ""Paper""."
http://cmt#date,Source,Property,date,"In the context of a conference, the term ""date"" refers to the specific day or days on which the conference is scheduled to take place. This includes the start and end dates if the conference spans multiple days.","The property ""date"" has a domain of ""Conference"" and a range of ""date"".The class ""Conference"" is a subclass of a restriction. This restriction specifies that there must be at least one ""date"" property associated with instances of the ""Conference"" class."
http://cmt#detailsEnteredBy,Source,Property,details entered by,"In the context of a conference, ""detailsEnteredBy"" typically refers to the individual or entity who has inputted or provided specific information or details related to the conference. This could include details about the event, such as the schedule, speakers, venue, or any other relevant information. Essentially, it identifies the person responsible for entering the data into a system or database.","The property ""detailsEnteredBy"" has a domain of ""Conference"" and a range of ""Administrator"". This means that the ""detailsEnteredBy"" property is used to link a ""Conference"" to an ""Administrator"". In other words, the ""detailsEnteredBy"" property indicates that the details of a conference are entered by an administrator."
http://cmt#email,Source,Property,email,"In the context of a conference, an email refers to an electronic message sent over the internet to communicate information related to the event. This could include details such as the conference agenda, registration confirmation, speaker announcements, logistical information, follow-up materials, or any other relevant updates for attendees, organizers, and participants.","The property ""email"" has a domain of ""Person"" and a range of ""string""."
http://cmt#enableVirtualMeeting,Source,Property,enable virtual meeting,"In the context of a conference, ""enableVirtualMeeting"" refers to the process or action of setting up and allowing participants to join and interact in a meeting or conference session through virtual means, typically using online platforms or software. This can include video conferencing tools, webinar platforms, or other digital communication technologies that facilitate remote participation, ensuring that attendees can engage in the conference without being physically present.","The property ""enableVirtualMeeting"" has a domain of ""Administrator"" and a range of ""Conference"". This means that the ""enableVirtualMeeting"" property is used to link an ""Administrator"" to a ""Conference"". In other words, an ""Administrator"" can enable a ""Conference"" through the ""enableVirtualMeeting"" property."
http://cmt#endReview,Source,Property,end review,"In the context of a conference, ""endReview"" typically refers to the conclusion of the review process for submitted papers or proposals. This is the point at which reviewers have completed their evaluations, and the conference organizers finalize decisions on which submissions will be accepted or rejected. The ""endReview"" phase marks the transition from the review period to the next steps in the conference planning, such as notifying authors of the outcomes and preparing the conference program.","The property ""endReview"" has a domain of ""ProgramCommitteeChair"" and a range of ""Review"". This means that ""endReview"" is an action or relationship that is performed by a ""ProgramCommitteeChair"" and is directed towards a ""Review""."
http://cmt#enterConferenceDetails,Source,Property,enter conference details,"In the context of a conference, ""enterConferenceDetails"" typically refers to the process of inputting or providing specific information about the conference. This can include details such as the conference name, date, time, location, agenda, list of speakers, topics to be covered, registration information, and any other relevant logistical or content-related information. This step is often part of setting up or organizing a conference, whether for an online platform, a registration system, or an event management tool.","The property ""enterConferenceDetails"" has a domain of ""Administrator"" and a range of ""Conference"". This means that the action or function ""enterConferenceDetails"" is something that an ""Administrator"" can perform, and it involves a ""Conference""."
http://cmt#enterReviewCriteria,Source,Property,enter review criteria,"In the context of a conference, ""enterReviewCriteria"" likely refers to the process of inputting or defining the standards and guidelines that will be used to evaluate submissions, such as research papers, presentations, or proposals. These criteria help reviewers assess the quality, relevance, originality, and significance of the submissions to ensure that only high-quality contributions are accepted for the conference.","The property ""enterReviewCriteria"" has a domain of ""Administrator"" and a range of ""Conference"". This means that the ""enterReviewCriteria"" action is something that an ""Administrator"" can perform, and it is related to a ""Conference""."
http://cmt#finalizePaperAssignment,Source,Property,finalize paper assignment,"In the context of a conference, ""finalizePaperAssignment"" typically refers to the process of completing the allocation of submitted research papers to reviewers or session slots. This involves ensuring that each paper is assigned to appropriate reviewers for evaluation or to specific sessions for presentation, based on factors such as the paper's topic, the expertise of the reviewers, and the conference schedule. Finalizing the paper assignment is a crucial step in the conference organization process to ensure a smooth and effective review and presentation workflow.","The property ""finalizePaperAssignment"" has a domain of ""Administrator"" and a range of ""Conference"". 

In other words, the action or process of finalizing a paper assignment is something that an Administrator does, and it pertains to a Conference."
http://cmt#hardcopyMailingManifestsPrintedBy,Source,Property,hardcopy mailing manifests printed by,"In the context of a conference, ""hardcopyMailingManifestsPrintedBy"" likely refers to the physical documents or lists that detail the items being mailed, such as conference materials, brochures, or attendee information. These manifests are printed by a specific person or entity responsible for preparing and organizing the mailing of these materials.","The property ""hardcopyMailingManifestsPrintedBy"" has a domain of ""Conference"" and a range of ""Administrator"". This means that in the context of a conference, the hardcopy mailing manifests are printed by an administrator."
http://cmt#hasAuthor,Source,Property,has author,"In the context of a conference, ""hasAuthor"" typically refers to the relationship between a paper, presentation, or any other scholarly work and the individual(s) who created it. It indicates that a particular work has one or more authors who are responsible for its content. For example, if a research paper is being presented at a conference, ""hasAuthor"" would identify the person or people who wrote the paper.","The property ""hasAuthor"" is used to indicate the relationship between a ""Paper"" and an ""Author"". Specifically, ""hasAuthor"" applies to instances of ""Paper"" and relates them to instances of ""Author""."
http://cmt#hasBeenAssigned,Source,Property,has been assigned,"In the context of a conference, ""hasBeenAssigned"" typically means that a specific task, role, or responsibility has been allocated to a particular individual or group. For example, a speaker might have been assigned a time slot, a volunteer might have been assigned to manage registration, or a participant might have been assigned to a particular discussion group. It indicates that the assignment process is complete and the designated person or group is expected to fulfill the assigned duty.","The property ""hasBeenAssigned"" has a domain of ""Reviewer"" and a range of ""Paper"". This means that the property ""hasBeenAssigned"" is used to indicate that a ""Reviewer"" has been assigned to a ""Paper""."
http://cmt#hasBid,Source,Property,has bid,"In the context of a conference, ""hasBid"" typically refers to whether an individual or organization has submitted a bid or proposal to host or participate in the conference. This could involve bidding to be a speaker, sponsor, or even the host city or venue for the event. Essentially, it indicates whether a formal offer or application has been made.","The property ""hasBid"" has a domain of ""Paper"" and a range of ""Bid"". This means that ""hasBid"" is a relationship where a ""Paper"" can have a ""Bid""."
http://cmt#hasCo-author,Source,Property,hasco author,"In the context of a conference, ""hasCo-author"" refers to an individual who has collaborated with one or more other individuals in the writing or creation of a research paper, presentation, or other academic work that is being presented at the conference. This term indicates that the work is a joint effort and that the named co-authors have contributed to the content and development of the work.","The property ""hasCo-author"" is used to indicate a relationship where the subject is a ""Paper"" and the object is a ""Co-author""."
http://cmt#hasConferenceMember,Source,Property,has conference member,"In the context of a conference, ""hasConferenceMember"" typically refers to an attribute or relationship indicating that a particular entity (such as a conference) includes one or more members. These members could be participants, attendees, speakers, or any other individuals or entities that are part of the conference. Essentially, it signifies that the conference comprises certain members who are associated with it in some capacity.","The property ""hasConferenceMember"" has a domain of ""Conference"" and a range of ""ConferenceMember"". This means that ""hasConferenceMember"" is a relationship where a ""Conference"" can have a ""ConferenceMember""."
http://cmt#hasConflictOfInterest,Source,Property,has conflict of interest,"In the context of a conference, ""hasConflictOfInterest"" refers to a situation where an individual, such as a speaker, organizer, or reviewer, has a personal or financial interest that could potentially influence their decisions or actions in a way that is not impartial. This could include relationships with companies, financial investments, or other affiliations that might affect their objectivity or create a bias in their professional responsibilities related to the conference. Identifying and managing conflicts of interest is important to maintain the integrity and credibility of the conference.","The property ""hasConflictOfInterest"" applies to instances of the class ""Person"" and relates them to instances of the class ""Document""."
http://cmt#hasDecision,Source,Property,has decision,"In the context of a conference, ""hasDecision"" typically refers to the status or outcome of a submission, such as a research paper or proposal. It indicates that a decision has been made regarding the acceptance, rejection, or revision of the submission. This decision is usually communicated to the authors or presenters by the conference organizers or review committee.","The property ""hasDecision"" has a domain of ""Paper"" and a range of ""Decision"". This means that ""hasDecision"" is a property that links a ""Paper"" to a ""Decision"".The subgraph describes the following information about the class ""Paper"":

1. ""Paper"" is a subclass of two anonymous classes (denoted as _:N8e475abece32434f90f9a9ddbc4f0912 and _:N7669d605630d4eb2a59449131c153265).

2. The anonymous class _:N8e475abece32434f90f9a9ddbc4f0912 is a restriction on the property ""hasDecision"" with a minimum cardinality of 0.

3. The anonymous class _:N7669d605630d4eb2a59449131c153265 is a restriction on the property ""hasDecision"" with a maximum cardinality of 1.

In summary, a ""Paper"" can have zero or one ""hasDecision"" properties."
http://cmt#hasProgramCommitteeMember,Source,Property,has program committee member,"In the context of a conference, ""hasProgramCommitteeMember"" refers to the relationship or attribute indicating that a particular individual is a member of the program committee for that conference. The program committee is typically responsible for reviewing submitted papers, selecting which ones will be presented, and often shaping the overall structure and content of the conference program. Therefore, ""hasProgramCommitteeMember"" signifies that the conference includes this person as part of its program committee.","The property ""hasProgramCommitteeMember"" is defined with the following characteristics:
- The domain of ""hasProgramCommitteeMember"" is ""ProgramCommittee"", meaning that it is a property that applies to instances of ""ProgramCommittee"".
- The range of ""hasProgramCommitteeMember"" is ""ProgramCommitteeMember"", indicating that the values of this property are instances of ""ProgramCommitteeMember"".

In simpler terms, this means that ""hasProgramCommitteeMember"" is a property that links a ""ProgramCommittee"" to its ""ProgramCommitteeMember(s)""."
http://cmt#hasSubjectArea,Source,Property,has subject area,"In the context of a conference, ""hasSubjectArea"" refers to the specific topics or fields of study that the conference focuses on. It indicates the areas of expertise or themes that the conference will cover in its sessions, presentations, and discussions. For example, a technology conference might have subject areas such as artificial intelligence, cybersecurity, and software development.","The property ""hasSubjectArea"" has a domain of ""Paper"" and a range of ""SubjectArea""."
http://cmt#logoURL,Source,Property,logo url,"In the context of a conference, ""logoURL"" typically refers to the web address (URL) where the logo of the conference, or a related entity such as a sponsor or organizer, is hosted. This URL can be used to display the logo on websites, promotional materials, or digital platforms associated with the conference.","The property ""logoURL"" has a domain of ""Conference"" and a range of ""anyURI""."
http://cmt#markConflictOfInterest,Source,Property,mark conflict of interest,"In the context of a conference and using the extra information provided, ""markConflictOfInterest"" refers to the process of identifying and recording a conflict of interest between a specific Reviewer and a specific Paper. This can be done by Authors during paper submission, by Reviewers in Phase 2, or by Chairmen in Phase 3. Once a conflict of interest is marked, the Reviewer will be restricted from bidding on, being assigned to, or viewing review submissions for that particular paper to ensure impartiality and fairness in the review process.","The property ""markConflictOfInterest"" has a range of ""Paper"".The subgraph describes a class that is defined as a union of three roles: Reviewer, Chairman, and Author. The class is associated with the domain of the function ""markConflictOfInterest"". The union is structured such that:

1. The first element of the union is Reviewer, followed by the rest of the elements.
2. The next element in the sequence is Chairman, followed by the rest of the elements.
3. The final element in the sequence is Author, with no further elements following it (indicated by 'nil').

In summary, the class encompasses individuals who can be either a Reviewer, a Chairman, or an Author, and this class is relevant to the domain of marking conflicts of interest."
http://cmt#maxPapers,Source,Property,max papers,"In the context of a conference, ""maxPapers"" typically refers to the maximum number of papers that an individual can submit or present at the conference. This limit is often set by the conference organizers to ensure a fair distribution of presentation opportunities among participants and to manage the conference schedule effectively.","The property ""maxPapers"" has a domain of ""ProgramCommitteeMember"" and a range of ""int""."
http://cmt#memberOfConference,Source,Property,member of conference,"In the context of a conference, ""memberOfConference"" typically refers to an individual who is a participant or attendee of the conference. This person is officially registered and recognized as part of the event, which may involve attending sessions, participating in discussions, and engaging in various activities organized as part of the conference.","The property ""memberOfConference"" has a domain of ""ConferenceMember"" and a range of ""Conference"". This means that ""memberOfConference"" is a relationship where the subject is a ""ConferenceMember"" and the object is a ""Conference""."
http://cmt#memberOfProgramCommittee,Source,Property,member of program committee,"In the context of a conference, ""memberOfProgramCommittee"" refers to an individual who is part of the program committee. This committee is responsible for organizing and overseeing the academic and logistical aspects of the conference. Duties typically include reviewing submitted papers, selecting which papers will be presented, organizing sessions, and sometimes inviting keynote speakers. Members of the program committee are usually experts in the field relevant to the conference and play a crucial role in maintaining the quality and relevance of the conference content.","The property ""memberOfProgramCommittee"" has a domain of ""ProgramCommitteeMember"" and a range of ""ProgramCommittee"". This means that the property ""memberOfProgramCommittee"" is used to link an individual who is a ""ProgramCommitteeMember"" to a ""ProgramCommittee""."
http://cmt#name,Source,Property,name,"In the context of a conference, the ""name"" typically refers to the title or designation of the event. This could include the specific theme or focus of the conference, such as ""International Conference on Climate Change"" or ""Annual Tech Innovations Summit."" The name helps to identify the conference and convey its purpose or subject matter to potential attendees.","The property ""name"" has a range of ""string"".The given subgraph can be described as follows:

There is a class that is a union of two other classes: ""Person"" and ""Conference"". The ""name"" property is associated with a domain that includes this union class. Additionally, there is a restriction on the ""name"" property such that it must have exactly one value (cardinality of 1). The ""Conference"" class is a subclass of this restriction."
http://cmt#paperAssignmentFinalizedBy,Source,Property,paper assignment finalized by,"In the context of a conference, ""paperAssignmentFinalizedBy"" typically refers to the deadline or the specific date and time by which the assignment of papers to reviewers or session chairs must be completed. This ensures that all logistical and administrative tasks related to the review process are finalized in a timely manner, allowing the conference to proceed smoothly.","The property ""paperAssignmentFinalizedBy"" is used to describe a relationship where the subject is a ""Conference"" and the object is an ""Administrator"". In other words, ""paperAssignmentFinalizedBy"" indicates that a ""Conference"" has its paper assignment finalized by an ""Administrator""."
http://cmt#paperAssignmentToolsRunBy,Source,Property,paper assignment tools run by,"In the context of a conference, ""paperAssignmentToolsRunBy"" likely refers to the tools or systems used to assign submitted papers to reviewers or committee members. These tools are typically managed or operated by a specific group or individual responsible for ensuring that each paper is reviewed by appropriate experts in the field. This process is crucial for maintaining the quality and integrity of the conference's peer review process.","The property ""paperAssignmentToolsRunBy"" is used to describe a relationship where the subject is a ""Conference"" and the object is an ""Administrator""."
http://cmt#paperID,Source,Property,paper id,"In the context of a conference, a ""paperID"" refers to a unique identifier assigned to a research paper submitted for consideration. This identifier is used to track and manage the paper throughout the review process, from submission to acceptance or rejection, and often during the scheduling of presentations or publication in conference proceedings. The paperID helps organizers, reviewers, and authors efficiently reference and manage the numerous submissions typically received for a conference.","The property ""paperID"" has a domain of ""Paper"" and a range of ""unsignedLong""."
http://cmt#printHardcopyMailingManifests,Source,Property,print hardcopy mailing manifests,"In the context of a conference, ""printHardcopyMailingManifests"" likely refers to the process of printing physical documents that list the details of items being mailed, such as conference materials, brochures, or attendee information packets. These manifests are used to ensure that all necessary items are included and properly addressed for mailing to participants or stakeholders.","The action ""printHardcopyMailingManifests"" is something that an ""Administrator"" can perform, and it is related to a ""Conference""."
http://cmt#readByMeta-Reviewer,Source,Property,readbymeta reviewer,"In the context of a conference, ""readByMeta-Reviewer"" typically refers to the status indicating that a submission or paper has been reviewed by a meta-reviewer. A meta-reviewer is usually a senior reviewer or an area chair who oversees the review process, ensuring that the reviews are thorough, fair, and consistent. The meta-reviewer may also provide an additional layer of evaluation and make recommendations regarding the acceptance or rejection of the paper.","The property ""readByMeta-Reviewer"" has a domain of ""Paper"" and a range of ""Meta-Reviewer"". This means that the property ""readByMeta-Reviewer"" is used to indicate that a ""Paper"" is read by a ""Meta-Reviewer"".A ""Paper"" is a subclass of a restriction that limits the ""readByMeta-Reviewer"" property to a maximum cardinality of 1. This means that each paper can be read by at most one meta-reviewer."
http://cmt#readByReviewer,Source,Property,read by reviewer,"In the context of a conference, ""readByReviewer"" typically refers to the status indicating that a submitted paper or abstract has been reviewed by a designated reviewer. This status helps track the progress of the review process, ensuring that each submission is evaluated and feedback is provided.","The property ""readByReviewer"" has a domain of ""Paper"" and a range of ""Reviewer"". This means that ""readByReviewer"" is a relationship where a ""Paper"" is read by a ""Reviewer"".The class ""Paper"" is a subclass of a restriction that requires at least one instance of the property ""readByReviewer""."
http://cmt#readPaper,Source,Property,read paper,"In the context of a conference, ""readPaper"" typically refers to the act of presenting a research paper or academic paper to an audience. This involves the author or presenter reading out the contents of their paper, often accompanied by slides or other visual aids, to convey their research findings, methodologies, and conclusions to the attendees of the conference. This is a common practice in academic and professional conferences where researchers share their work with peers for feedback, discussion, and dissemination of knowledge.","The property ""readPaper"" has a domain of ""Reviewer"" and a range of ""Paper"". This means that the ""readPaper"" property is used to link a ""Reviewer"" to a ""Paper"". In other words, a ""Reviewer"" reads a ""Paper""."
http://cmt#rejectPaper,Source,Property,reject paper,"In the context of a conference, ""rejectPaper"" refers to the decision made by the conference organizers or review committee to not accept a submitted research paper for presentation or publication at the conference. This decision is typically based on the paper not meeting certain criteria such as quality, relevance, originality, or adherence to submission guidelines.","The action ""rejectPaper"" is performed by an ""Administrator"" and it applies to a ""Paper""."
http://cmt#rejectedBy,Source,Property,rejected by,"In the context of a conference, ""rejectedBy"" typically refers to the entity or individual (such as a reviewer, committee, or chairperson) who has decided not to accept a submitted paper, proposal, or application for presentation or participation in the conference. This decision is usually based on criteria such as relevance, quality, originality, or adherence to submission guidelines.","The property ""rejectedBy"" has a domain of ""Paper"" and a range of ""Administrator"". This means that the property ""rejectedBy"" is used to indicate that a ""Paper"" is rejected by an ""Administrator""."
http://cmt#reviewCriteriaEnteredBy,Source,Property,review criteria entered by,"In the context of a conference, ""reviewCriteriaEnteredBy"" refers to the specific criteria or standards that have been input or defined by a particular individual or group for evaluating submissions, such as research papers, presentations, or proposals. This could include aspects like originality, relevance, methodology, clarity, and significance. The person or group who enters these criteria typically has the authority or expertise to set the standards for the review process.","The property ""reviewCriteriaEnteredBy"" is associated with the domain ""Conference"" and the range ""Administrator"". This means that the property ""reviewCriteriaEnteredBy"" is used to indicate that an ""Administrator"" is responsible for entering the review criteria for a ""Conference""."
http://cmt#reviewerBiddingStartedBy,Source,Property,reviewer bidding started by,"In the context of a conference, ""reviewerBiddingStartedBy"" refers to the point in time or the action initiated by a specific individual or system that marks the beginning of the period during which reviewers can start bidding on papers or submissions they are interested in reviewing. This process allows reviewers to express their preferences for which papers they would like to evaluate, helping to match submissions with suitable reviewers based on interest and expertise.","The property ""reviewerBiddingStartedBy"" has a domain of ""Conference"" and a range of ""Administrator"". This means that the property ""reviewerBiddingStartedBy"" is used to indicate that a ""Conference"" is associated with an ""Administrator"" who started the reviewer bidding process."
http://cmt#reviewsPerPaper,Source,Property,reviews per paper,"In the context of a conference, ""reviewsPerPaper"" refers to the number of reviews that each submitted paper receives. This metric is important for ensuring that each paper is evaluated thoroughly and fairly by multiple reviewers, which helps in maintaining the quality and integrity of the conference's selection process. For example, if the ""reviewsPerPaper"" is set to 3, it means that each paper submitted to the conference will be reviewed by three different reviewers.","The property ""reviewsPerPaper"" has a domain of ""Conference"" and a range of ""int"".The subgraph describes that a ""Conference"" is a subclass of a certain class, which has a restriction. This restriction specifies that the property ""reviewsPerPaper"" must have exactly one value."
http://cmt#runPaperAssignmentTools,Source,Property,run paper assignment tools,"In the context of a conference, ""runPaperAssignmentTools"" typically refers to the process of utilizing software tools or systems designed to assign submitted papers to appropriate reviewers. These tools help in automating and optimizing the matching process based on various criteria such as reviewer expertise, conflicts of interest, and workload balance. This ensures that each paper is reviewed by the most suitable and qualified reviewers, thereby maintaining the quality and integrity of the conference review process.","The property ""runPaperAssignmentTools"" is used by an ""Administrator"" and applies to a ""Conference""."
http://cmt#setMaxPapers,Source,Property,set max papers,"In the context of a conference, ""setMaxPapers"" typically refers to setting a maximum limit on the number of papers that can be submitted or presented. This could be a restriction placed on individual authors, meaning each author can only submit or present up to a certain number of papers, or it could be a limit on the total number of papers the conference will accept for review and presentation. This helps manage the workload for reviewers and ensures a balanced and manageable conference schedule.","The property ""setMaxPapers"" has a domain of ""Administrator"" and a range of ""ProgramCommitteeMember"". This means that the ""setMaxPapers"" function or property is applicable to instances of ""Administrator"" and it involves or affects instances of ""ProgramCommitteeMember""."
http://cmt#siteURL,Source,Property,site url,"In the context of a conference, ""siteURL"" typically refers to the web address (URL) of the official website for the conference. This website usually contains important information about the event, such as the schedule, speakers, registration details, venue information, and other relevant resources for attendees.","The property ""siteURL"" has a domain of ""Conference"" and a range of ""anyURI""."
http://cmt#startReviewerBidding,Source,Property,start reviewer bidding,"In the context of a conference, ""startReviewerBidding"" refers to the process where reviewers begin to express their interest in reviewing specific papers or submissions. This typically involves reviewers selecting or ranking the papers they feel most qualified to review based on their expertise and preferences. This process helps match papers with the most suitable reviewers, ensuring a fair and knowledgeable evaluation of each submission.","The action ""startReviewerBidding"" is something that an ""Administrator"" can perform, and it is applicable within the context of a ""Conference""."
http://cmt#submitPaper,Source,Property,submit paper,"In the context of a conference, ""submitPaper"" refers to the process of submitting a research paper or academic article for consideration to be presented at the conference. This typically involves sending the paper to the conference organizers or through an online submission system by a specified deadline. The submitted paper is then reviewed by a panel of experts or peer reviewers who evaluate its quality, relevance, and originality. If accepted, the paper may be presented at the conference and possibly included in the conference proceedings or published in associated journals.","The action ""submitPaper"" is performed by an ""Author"" and results in a ""Paper""."
http://cmt#title,Source,Property,title,"In the context of a conference, the term ""title"" typically refers to the name or designation given to a presentation, speech, workshop, or session. It serves to provide attendees with a brief idea of the topic or focus of that particular segment of the conference. The title is often used in the conference program or agenda to help participants decide which sessions they are interested in attending.","The property ""title"" has a domain of ""Paper"" and a range of ""string""."
http://cmt#virtualMeetingEnabledBy,Source,Property,virtual meeting enabled by,"In the context of a conference, ""virtualMeetingEnabledBy"" refers to the technology, platform, or service that facilitates the ability to hold virtual meetings. This could include software like Zoom, Microsoft Teams, or any other online conferencing tool that enables participants to join and interact in a virtual environment.","The property ""virtualMeetingEnabledBy"" has a domain of ""Conference"" and a range of ""Administrator"". This means that the property ""virtualMeetingEnabledBy"" is used to describe a relationship where a ""Conference"" is enabled or facilitated by an ""Administrator""."
http://cmt#writePaper,Source,Property,write paper,"In the context of a conference, ""writePaper"" refers to the process of creating a scholarly article or research paper that is intended to be submitted for presentation at the conference. This typically involves conducting research, compiling data, analyzing results, and writing a detailed report on the findings. The paper is then reviewed by peers or a committee, and if accepted, it is presented at the conference and often published in the conference proceedings.","The property ""writePaper"" has a domain of ""Author"" and a range of ""Paper"". This means that the action or relationship denoted by ""writePaper"" is something that an ""Author"" does, and it results in or is associated with a ""Paper"". 

In simpler terms, you could say:
- An ""Author"" writes a ""Paper""."
http://cmt#writeReview,Source,Property,write review,"In the context of a conference, ""writeReview"" typically refers to the process where reviewers or participants provide their evaluations, feedback, or critiques on papers, presentations, or sessions that were part of the conference. This can involve assessing the quality, relevance, and originality of the work presented, and providing constructive comments to help authors improve their work or to assist in the selection process for conference awards or future publications.","The property ""writeReview"" has a domain of ""Reviewer"" and a range of ""Review"". This means that the action of writing a review is performed by a ""Reviewer"" and results in a ""Review""."
http://cmt#writtenBy,Source,Property,written by,"In the context of a conference, ""writtenBy"" typically refers to the individual or group of individuals who authored a paper, presentation, or any other written material that is being presented or discussed at the conference. This attribution is important for giving proper credit to the creators of the work and for referencing purposes.","The property ""writtenBy"" has a domain of ""Review"" and a range of ""Reviewer"". This means that ""writtenBy"" is used to link a ""Review"" to a ""Reviewer""."
http://iasted#Accepting_manuscript,Target,Class,accepting manuscript,"In the context of a conference, ""Accepting_manuscript"" refers to the stage where the conference organizers or review committee have reviewed a submitted manuscript (a written document detailing the research or findings) and have decided to accept it for presentation at the conference. This means the manuscript has met the necessary criteria and quality standards set by the conference and will be included in the conference proceedings or program.","The class ""Accepting_manuscript"" is a subclass of the class ""Activity_before_conference"".The class ""Final_manuscript"" is a subclass of a restriction. This restriction specifies that the property ""go_through"" must have some values from the class ""Accepting_manuscript""."
http://iasted#Activity,Target,Class,activity,"In the context of a conference, ""activity"" refers to any organized event or session designed to engage participants. This can include workshops, presentations, panel discussions, networking sessions, breakout groups, and interactive demonstrations. These activities are typically planned to facilitate learning, collaboration, and the exchange of ideas among attendees.","Sure, here are the triples verbalised into phrases:

1. ""Activity_after_conference"" is a subclass of ""Activity"".
2. ""Activity_before_conference"" is a subclass of ""Activity"".
3. ""Conference_activity"" is a subclass of ""Activity"".
4. The property ""go_through"" has a range of ""Activity"".
5. The property ""is_dated_on"" has a domain of ""Activity"".
6. The property ""is_held_after"" has a domain of ""Activity"".
7. The property ""is_held_before"" has a domain of ""Activity"".
8. The property ""is_held_in"" has a domain of ""Activity"".The provided subgraph describes a set of classes and their relationships, including unions of classes and properties with specified domains and ranges. Here is a natural language description of the subgraph:

1. There are several classes defined:
   - A class represented by the identifier `_:N6d0082d92eea4b65abf7d5ef45f4f79e`.
   - A class represented by the identifier `_:N622e5f0158ba4f8493c6c251d57e06ec`, which is a union of the class `Person`.
   - A class represented by the identifier `_:N2b285d497de64e2784dfbc502ab29a80`, which is a union of the class `Activity`.
   - A class represented by the identifier `_:Nfe59417ff38d47449673178ce6669730`, which is a union of the class `Activity`.
   - A class represented by the identifier `_:Nbebaab4f824849abb3919162f0db7f0d`, which is a union of the class `Activity`.
   - A class represented by the identifier `_:N129d52ab20c04bc9a3929a7ae2d7ad88`, which is a union of the class `Activity`.
   - A class represented by the identifier `_:N9899a915f9234ad9a17523a36b251823`, which is a union of the class `Item`.
   - A class represented by the identifier `_:N99f9f7cbd4ff4096ba3f0b8d8cf9c894`, which is a union of the class `Activity`.
   - A class represented by the identifier `_:N7c7ec9f2c64245d2a8d51b118e5be4a8`, which is a union of the class `Activity`.
   - A class represented by the identifier `_:N0eaba2ac62d045019142aefa968cec69`, which is a union of the class `Item`.

2. There are several properties defined with specific domains and ranges:
   - The property `is_used_for` has a range of the class `_:Nfe59417ff38d47449673178ce6669730`.
   - The property `is_designed_for` has a domain of the class `_:N7c7ec9f2c64245d2a8d51b118e5be4a8` and a range of the class `_:N6d0082d92eea4b65abf7d5ef45f4f79e`.
   - The property `is_connected_with` has a domain of the class `_:Nbebaab4f824849abb3919162f0db7f0d`.
   - The property `is_given_by` has a domain of the class `_:N2b285d497de64e2784dfbc502ab29a80`.
   - The property `is_paid_for` has a range of the class `_:N129d52ab20c04bc9a3929a7ae2d7ad88`.
   - The property `give` has a range of the class `_:N9899a915f9234ad9a17523a36b251823`.

3. The class `_:N6d0082d92eea4b65abf7d5ef45f4f79e` is a union of the class `_:N622e5f0158ba4f8493c6c251d57e06ec`, which includes the class `Person`.

4. The class `_:N2b285d497de64e2784dfbc502ab29a80` is a union of the class `_:N39a38fb8cb174390912e01065f523283`, which includes the class `Item`.

5. The class `_:Nfe59417ff38d47449673178ce6669730` is a union of the class `_:Na3320ece9b5d4a6aaf023449263a6ab7`, which includes the class `Activity`.

6. The class `_:Nbebaab4f824849abb3919162f0db7f0d` is a union of the class `_:Nce2ce1074fb94be2b86bb1dbb6e56706`, which includes the class `Activity`.

7. The class `_:N129d52ab20c04bc9a3929a7ae2d7ad88` is a union of the class `_:Na35750fcec6e4f12a2b533be92573b17`, which includes the class `Activity`.

8. The class `_:N9899a915f9234ad9a17523a36b251823` is a union of the class `_:Na4410c796e454426b3c7797be52f32bb`, which includes the class `Item`.

9. The class `_:N99f9f7cbd4ff4096ba3f0b8d8cf9c894` is a union of the class `_:Na875f2cc676b4d2c892230c9fa340926`, which includes the class `Activity`.

10. The class `_:N7c7ec9f2c64245d2a8d51b118e5be4a8` is a union of the class `_:Neac19e7c70f04dc3a14f708c6af1161a`, which includes the class `Activity`.

11. The class `_:N0eaba2ac62d045019142aefa968cec69` is a union of the class `_:Ne9e85981bd584b8cb5a0e727e16ca88f`, which includes the class `Item`.

This description captures the essence of the relationships and class definitions within the subgraph."
http://iasted#Activity_after_conference,Target,Class,activity after conference,"In the context of a conference, ""Activity_after_conference"" refers to any planned events, gatherings, or actions that take place following the conclusion of the main conference sessions. These activities can include networking events, social gatherings, workshops, follow-up meetings, or informal discussions among participants. The purpose of these activities is often to continue the exchange of ideas, foster relationships, and provide additional opportunities for learning and collaboration beyond the formal conference schedule.","Sure, here are the triples verbalised into phrases:

1. ""Departure"" is a subclass of ""Activity after conference"".
2. ""Full day tour"" is a subclass of ""Activity after conference"".
3. ""Activity after conference"" is a subclass of ""Activity"".The class ""Activity_after_conference"" is a subclass of a restriction. This restriction specifies that the property ""is_held_after"" must have some values from the class ""Conference_days""."
http://iasted#Activity_before_conference,Target,Class,activity before conference,"In the context of a conference, ""Activity_before_conference"" refers to any planned events, tasks, or preparations that take place prior to the official start of the conference. These activities can include pre-conference workshops, networking sessions, registration processes, setup of the venue, and any other preparatory actions that help ensure the smooth running of the conference once it begins.","Sure, here are the triples verbalised into phrases:

1. ""Accepting manuscript"" is a subclass of ""Activity before conference"".
2. ""Receiving manuscript"" is a subclass of ""Activity before conference"".
3. ""Refusing manuscript"" is a subclass of ""Activity before conference"".
4. ""Renting"" is a subclass of ""Activity before conference"".
5. ""Research"" is a subclass of ""Activity before conference"".
6. ""Activity before conference"" is a subclass of ""Activity"".The class ""Activity_before_conference"" is a subclass of a restriction. This restriction specifies that the property ""is_held_before"" must have some values from the class ""Conference_days""."
http://iasted#Audiovisual_equipment,Target,Class,audiovisual equipment,"In the context of a conference, ""audiovisual equipment"" refers to the various electronic devices and tools used to enhance the communication and presentation experience. This includes items such as projectors, microphones, speakers, video cameras, screens, and any other technology that aids in the visual and auditory delivery of information to the audience. These tools are essential for effectively conveying messages, displaying presentations, and ensuring that all attendees can see and hear the content being shared.","1. A computer is a subclass of audiovisual equipment.
2. An LCD projector is a subclass of audiovisual equipment.
3. An overhead projector is a subclass of audiovisual equipment.
4. A video cassette player is a subclass of audiovisual equipment.
5. Audiovisual equipment is a subclass of an item.The given subgraph can be described in natural language as follows:

A ""Session room"" is a type of room that is equipped with ""Audiovisual equipment."" This ""Audiovisual equipment"" is designed for ""Listeners"" and is used by ""Speakers."" Additionally, this ""Audiovisual equipment"" is situated in a ""Session room."""
http://iasted#Author,Target,Class,author,"In the context of a conference, an ""author"" typically refers to an individual who has written a paper, article, or presentation that is being presented or discussed at the event. This person is responsible for the research, content, and findings that are being shared with the conference attendees.","1. ""Author_book_proceedings_included"" is a subclass of ""Author"".
2. ""Author_cd_proceedings_included"" is a subclass of ""Author"".
3. ""Lecturer"" is a subclass of ""Author"".
4. ""Plenary_lecture_speaker"" is a subclass of ""Author"".
5. ""Tutorial_speaker"" is a subclass of ""Author"".
6. ""Author"" is a subclass of ""Speaker"".The given subgraph can be described in natural language as follows:

1. There is a class called ""Session"" which has a restriction on the property ""is_given_by"". This restriction specifies that the property ""is_given_by"" must have some values from a union of classes.
2. The union of classes includes ""Author"" and ""Session_chair"".
3. The class ""Author"" is a subclass of another class that has a restriction on the property ""prepare"". This restriction specifies that the property ""prepare"" must have some values from the class ""Transparency"".
4. The class ""Brief_introduction_for_Session_chair"" is a subclass of a restriction on the property ""is_given_by"". This restriction specifies that the property ""is_given_by"" must have some values from the class ""Author"".
5. The class ""Author"" is also a subclass of another restriction on the property ""give"". This restriction specifies that the property ""give"" must have some values from the class ""Brief_introduction_for_Session_chair"".

In summary, the subgraph describes relationships and restrictions involving the classes ""Session"", ""Author"", ""Session_chair"", ""Brief_introduction_for_Session_chair"", and ""Transparency"", with specific properties such as ""is_given_by"", ""prepare"", and ""give""."
http://iasted#Author_attendee_book_registration_fee,Target,Class,author attendee book registration fee,"In the context of a conference, ""Author_attendee_book_registration_fee"" refers to the fee that an author, who is also attending the conference, must pay to register for the event. This fee typically covers the cost of participation, access to conference sessions, materials, and possibly other amenities provided to attendees. The term suggests that the individual is both an author (likely presenting a paper or work) and an attendee of the conference.","The class ""Author_attendee_book_registration_fee"" is a subclass of the class ""Registration_fee"".The class ""Author_attendee_book_registration_fee"" is a subclass of a restriction. This restriction specifies that there is a property ""is_paid_for"" which must have some values from the class ""Book_proceeding""."
http://iasted#Author_attendee_cd_registration_fee,Target,Class,author attendee cd registration fee,"In the context of a conference, ""Author_attendee_cd_registration_fee"" likely refers to the registration fee that an author, who is also an attendee, needs to pay for a CD (possibly containing conference proceedings, papers, or other relevant materials). This fee is specific to authors attending the conference and covers the cost of providing them with the CD.","The class ""Author_attendee_cd_registration_fee"" is a subclass of the class ""Registration_fee"".The class ""Author_attendee_cd_registration_fee"" is a subclass of a restriction. This restriction specifies that there exists some value from the class ""Cd_proceening"" on the property ""is_paid_for""."
http://iasted#Author_book_proceedings_included,Target,Class,author book proceedings included,"In the context of a conference, ""Author_book_proceedings_included"" typically means that the works or papers authored by participants are included in the official conference proceedings. These proceedings are often compiled into a book or a digital collection that is distributed to attendees and may also be made available for future reference. This inclusion signifies that the author's contributions are formally recognized and published as part of the conference's official record.","The class ""Author_book_proceedings_included"" is a subclass of the class ""Author"".The class ""Author_book_proceedings_included"" is a subclass of a restriction. This restriction specifies that there is a property ""obtain"" which must have some values from the class ""Book_proceeding""."
http://iasted#Author_cd_proceedings_included,Target,Class,author cd proceedings included,"In the context of a conference, ""Author_cd_proceedings_included"" typically means that the author’s work has been included in the conference proceedings. Conference proceedings are a collection of academic papers presented at a conference. When an author's work is included in these proceedings, it indicates that their paper or presentation has been accepted and published as part of the official record of the conference.","The class ""Author_cd_proceedings_included"" is a subclass of the class ""Author"".The class ""Author_cd_proceedings_included"" is a subclass of a restriction. This restriction specifies that the property ""obtain"" must have some values from the class ""Cd_proceening""."
http://iasted#Author_information_form,Target,Class,author information form,"In the context of a conference, an ""Author Information Form"" is a document or online form that authors of papers or presentations are required to fill out. This form typically collects essential details about the authors, such as their names, affiliations, contact information, and sometimes a brief biography. The information gathered is used for conference materials, such as the program, proceedings, and website, to ensure proper attribution and to facilitate communication between the conference organizers and the authors.","The class ""Author_information_form"" is a subclass of the class ""Form"".The class ""Author_information_form"" is a subclass of a restriction. This restriction specifies that the property ""is_sent_after"" must have some values from the class ""Deadline_for_notification_of_acceptance""."
http://iasted#Bank_transfer,Target,Class,bank transfer,"In the context of a conference, a ""bank transfer"" refers to the process of electronically transferring funds from one bank account to another. This method is often used for paying conference fees, registration costs, or other related expenses. Attendees or sponsors may use bank transfers to ensure that payments are securely and efficiently processed directly to the conference organizers' bank account.","The class ""Bank_transfer"" is a subclass of the class ""Payment_document""."
http://iasted#Book_proceeding,Target,Class,book proceeding,"In the context of a conference, ""book_proceeding"" refers to a compiled volume that includes all the papers, presentations, and other scholarly contributions that were presented during the conference. This book serves as an official record of the event and is often published and distributed to attendees and other interested parties. It typically includes research findings, discussions, and conclusions drawn from the conference, providing a comprehensive overview of the topics covered.","The class ""Book_proceeding"" is a subclass of the class ""Publication"".The subgraph describes the following relationships and restrictions:

1. There is a class called ""Author_book_proceedings_included"" which is a subclass of a restriction. This restriction specifies that the property ""obtain"" must have some values from the class ""Book_proceeding"".

2. There is another class called ""Author_attendee_book_registration_fee"" which is a subclass of a different restriction. This restriction specifies that the property ""is_paid_for"" must have some values from the class ""Book_proceeding"".

In summary, authors who are included in book proceedings must obtain something from book proceedings, and authors who attend book proceedings and pay a registration fee must pay for something related to book proceedings."
http://iasted#Brief_introduction_for_Session_chair,Target,Class,brief introduction for session chair,"In the context of a conference, a ""Brief introduction for Session Chair"" refers to a concise summary or overview provided to the person who will be chairing or moderating a particular session. This introduction typically includes key information about the session's topic, the speakers, the format, and any specific guidelines or objectives. The purpose is to equip the Session Chair with the necessary background and details to effectively manage the session, introduce speakers, facilitate discussions, and ensure the session runs smoothly and on schedule.","The class ""Brief introduction for Session chair"" is a subclass of the class ""Document"".The subgraph describes a set of relationships and restrictions involving Authors, Session Chairs, and Brief Introductions for Session Chairs. Here is a natural language description of the subgraph:

1. An **Author** is a subclass of a restriction that involves the property **give**. This restriction specifies that the Author must give some values from **Brief Introduction for Session Chair**.
2. A **Brief Introduction for Session Chair** is a subclass of a restriction that involves the property **is given to**. This restriction specifies that the Brief Introduction for Session Chair must be given to some values from **Session Chair**.
3. A **Session Chair** is a subclass of a restriction that involves the property **obtain**. This restriction specifies that the Session Chair must obtain some values from **Brief Introduction for Session Chair**.
4. Additionally, a **Brief Introduction for Session Chair** is a subclass of a restriction that involves the property **is given by**. This restriction specifies that the Brief Introduction for Session Chair must be given by some values from **Author**.

In summary, the relationships can be described as follows:
- Authors give Brief Introductions for Session Chairs.
- Brief Introductions for Session Chairs are given to Session Chairs.
- Session Chairs obtain Brief Introductions for Session Chairs.
- Brief Introductions for Session Chairs are given by Authors."
http://iasted#Building,Target,Class,building,"In the context of a conference, ""building"" typically refers to the process of creating or fostering something, such as relationships, knowledge, or networks. For example, attendees might focus on ""building connections"" with other professionals, ""building knowledge"" through attending sessions and workshops, or ""building a community"" within a particular industry or field. It emphasizes the constructive and developmental aspects of participating in the conference.","1. A Conference airport is a type of Building.
2. A Conference building is a type of Building.
3. A Conference hotel is a type of Building.
4. A Conference restaurant is a type of Building.
5. A Presenter house is a type of Building.
6. A Presenter university is a type of Building.
7. A Sponsor company house is a type of Building.
8. The property ""is paid in"" applies to instances of the class Building.
9. A Building is a type of Place.The subgraph describes a set of classes and their relationships, including unions and lists of elements. Here is a natural language description of the subgraph:

1. **Classes and Unions**:
   - There is a class represented by `_:Nb3d34b52e39e49cb9cd7f3cde43580be` which is a union of `_:N942e2d2d6d004bb8b79b774a22641c7a`.
   - The class `_:N942e2d2d6d004bb8b79b774a22641c7a` includes the element 'State' and has a rest element `_:N0c9ba2f3c224403e97ad47fc59bb3c2b`.
   - The class `_:N0c9ba2f3c224403e97ad47fc59bb3c2b` includes the element 'City' and has a rest element `_:N52eec09a359c4aeebc1e18536cc8c79c`.
   - The class `_:N52eec09a359c4aeebc1e18536cc8c79c` includes the element 'Building' and has no further elements (rest is 'nil').

   - Another class represented by `_:N1890352be2834ce4b9c3f0d5b95668da` is a union of `_:Nc6c0f50e0d794065a2b4499a1aabcaea`.
   - The class `_:Nc6c0f50e0d794065a2b4499a1aabcaea` includes the element 'State' and has a rest element `_:Ne17bc1e915d04c88931ace901418537e`.
   - The class `_:Ne17bc1e915d04c88931ace901418537e` includes the element 'Building' and has a rest element `_:N861a6098ff3947ff9a405a8eb72591a4`.
   - The class `_:N861a6098ff3947ff9a405a8eb72591a4` includes the element 'City' and has a rest element `_:N60af0766b0474e7fb3007a33e173e287`.
   - The class `_:N60af0766b0474e7fb3007a33e173e287` includes the element 'Place' and has no further elements (rest is 'nil').

   - Another class represented by `_:N9a16168f6d3b4b949d7d89dbbd16fba4` is a union of `_:N34e68ab4186148e296343175795458c7`.
   - The class `_:N34e68ab4186148e296343175795458c7` includes the element 'Building' and has a rest element `_:Na31390eb47524e6b951051ae069ea947`.
   - The class `_:Na31390eb47524e6b951051ae069ea947` includes the element 'State' and has a rest element `_:N04abd4b462794fc486d8e8ca5a2faef3`.
   - The class `_:N04abd4b462794fc486d8e8ca5a2faef3` includes the element 'City' and has no further elements (rest is 'nil').

   - Another class represented by `_:Nf163ca017cd946ebb3da54a1a997cadc` is a union of `_:N92430dc28de24c429b221bc8b8b17611`.
   - The class `_:N92430dc28de24c429b221bc8b8b17611` includes the element 'Building' and has a rest element `_:N25a2744a24814d219c2ef179da480a2b`.
   - The class `_:N25a2744a24814d219c2ef179da480a2b` includes the element 'State' and has a rest element `_:N122470fb171c41a88a5d8fb9e8376c5e`.
   - The class `_:N122470fb171c41a88a5d8fb9e8376c5e` has no further elements (rest is 'nil').

   - Another class represented by `_:N3c76514975be46088762f6141c0a20a7` is a union of `_:N74918f047b1741cbbb73a2c97e7b6d5a`.
   - The class `_:N74918f047b1741cbbb73a2c97e7b6d5a` includes the element 'Place' and has a rest element `_:N8771d2fff0ec4d6ba43199408c995d93`.
   - The class `_:N8771d2fff0ec4d6ba43199408c995d93` includes the element 'City' and has no further elements (rest is 'nil').

   - Another class represented by `_:Ncbe0e7132bac481fb2241910104a7c4e` is a union of `_:N6b1d216cb11742c5be2d466b0aa43925`.
   - The class `_:N6b1d216cb11742c5be2d466b0aa43925` includes the element 'State' and has a rest element `_:Na9af96db21dd44ba976707e55ed7c19b`.
   - The class `_:Na9af96db21dd44ba976707e55ed7c19b` includes the element 'Place' and has a rest element `_:N7594aad70d2a4b9f8330125c523b1959`.
   - The class `_:N7594aad70d2a4b9f8330125c523b1959` includes the element 'Building' and has a rest element `_:N2f1e2d5e06fc456c893ab47c1979ee3e`.
   - The class `_:N2f1e2d5e06fc456c893ab47c1979ee3e` has no further elements (rest is 'nil').

2. **Properties**:
   - The property 'is_visited_by' has a domain of the class `_:Nb3d34b52e39e49cb9cd7f3cde43580be`.
   - The property 'is_situated_in' has a domain of the class `_:N3c76514975be46088762f6141c0a20a7` and a range of the class `_:Ncbe0e7132bac481fb2241910104a7c4e`.
   - The property 'is_occupied_by' has a domain of the class `_:N9a16168f6d3b4b949d7d89dbbd16fba4`.
   - The property 'occupy' has a range of the class `_:Nf163ca017cd946ebb3da54a1a997cadc`.

In summary, the subgraph defines several classes and their elements, organized in unions and lists, and specifies properties with their respective domains and ranges."
http://iasted#Camera_ready_manuscript_deadline,Target,Class,camera ready manuscript deadline,"In the context of a conference, the ""camera-ready manuscript deadline"" refers to the final date by which authors must submit the final version of their papers. This version should be fully formatted and ready for publication, incorporating any revisions or corrections suggested during the review process. The term ""camera-ready"" implies that the manuscript is in its final form and can be directly used for printing or digital distribution in the conference proceedings.","The class ""Camera_ready_manuscript_deadline"" is a subclass of the class ""Deadline""."
http://iasted#Car,Target,Class,car,"In the context of a conference, ""Car"" could refer to a few different things depending on the specific context within the conference. It might refer to:

1. **Transportation**: How attendees are getting to and from the conference venue. This could include discussions about parking, carpooling, or shuttle services.
2. **Exhibits or Demonstrations**: If the conference is related to the automotive industry, ""Car"" could refer to vehicles being showcased or demonstrated.
3. **Logistics**: The use of cars for transporting equipment, materials, or speakers to the conference location.

Without additional context, it's challenging to pinpoint the exact meaning, but these are some plausible interpretations within a conference setting.","The class ""Car"" is a subclass of ""Transport_vehicle"".The class ""Renting"" is a subclass of a restriction that specifies that there must be some values from the class ""Car"" for the property ""is_connected_with""."
http://iasted#Card,Target,Class,card,"In the context of a conference, a ""card"" typically refers to a business card. Business cards are small cards that contain an individual's contact information, such as their name, job title, company, phone number, email address, and sometimes a company logo. They are commonly exchanged during conferences and networking events to facilitate future communication and professional connections.","Sure, here are the triples verbalised into phrases:

1. ""Credit_card"" is a subclass of ""Card"".
2. ""Card"" is a subclass of ""Item""."
http://iasted#Cd_proceening,Target,Class,cd proceening,"In the context of a conference, ""Cd_proceening"" likely refers to ""CD proceedings."" This term typically means the collection of papers, presentations, or other materials from the conference that are compiled and distributed on a CD (compact disc). These proceedings serve as a record of the conference and provide attendees with access to the content presented during the event.","The class ""Cd_proceening"" is a subclass of the class ""Publication"".The given subgraph can be described in natural language as follows:

There is a restriction on the property 'is_paid_for' such that it must involve 'Cd_proceening'. This restriction is applied to the class 'Author_attendee_cd_registration_fee'. Additionally, 'Author_cd_proceedings_included' is a subclass of another restriction, which is on the property 'obtain' and also involves 'Cd_proceening'."
http://iasted#Cheque,Target,Class,cheque,"In the context of a conference, a cheque refers to a written, dated, and signed instrument that directs a bank to pay a specific sum of money to the bearer or to the person named on the cheque. It is often used for registration fees, sponsorship payments, or other financial transactions related to the conference.","The class ""Cheque"" is a subclass of the class ""Payment_document""."
http://iasted#City,Target,Class,city,"In the context of a conference, ""City"" typically refers to the urban location where the event is being held. It indicates the specific metropolitan area that hosts the conference, providing attendees with information about the venue, local accommodations, transportation options, and other logistical details relevant to their visit.","Sure, here are the verbalized phrases for the given triples:

1. ""Conference_city"" is a subclass of ""City"".
2. ""Presenter_city"" is a subclass of ""City"".
3. ""Sponsor_city"" is a subclass of ""City"".
4. ""Trip_city"" is a subclass of ""City"".The subgraph describes a set of classes and their relationships, focusing on the concepts of ""City,"" ""State,"" ""Building,"" and ""Place."" Here is a natural language description of the subgraph:

1. **Classes and Subclasses:**
   - ""City"" is a subclass of a restriction that specifies it is situated in a ""State.""
   - ""State"" is a class.
   - ""Building"" is a class.
   - ""Place"" is a class.

2. **Unions of Classes:**
   - There is a union class that includes ""State"" and another unnamed class.
   - Another union class includes ""Building"" and another unnamed class.
   - A third union class includes ""Place"" and ""City.""

3. **Properties and Restrictions:**
   - The property ""is_situated_in"" has a domain of a union class that includes ""Place"" and ""City,"" and a range of ""State.""
   - The property ""is_visited_by"" has a domain of a union class that includes ""State"" and another unnamed class.
   - The property ""is_occupied_by"" has a domain of a union class that includes ""Building"" and another unnamed class.
   - The property ""occupy"" has a range of a union class that includes ""Building"" and another unnamed class.

4. **Lists and Sequences:**
   - There are several lists and sequences that define the order of elements:
     - A list that starts with ""City"" and continues with ""State.""
     - A list that starts with ""Building"" and continues with ""City.""
     - A list that starts with ""State"" and continues with ""Place.""
     - A list that starts with ""Place"" and continues with ""Building.""
     - A list that starts with ""Building"" and continues with ""State.""
     - A list that starts with ""City"" and continues with ""Building.""
     - A list that starts with ""Place"" and continues with ""City.""

5. **Types:**
   - The union classes and restrictions are all of type ""Class.""

In summary, the subgraph defines a structure where ""City,"" ""State,"" ""Building,"" and ""Place"" are interconnected through various properties and restrictions, with specific unions and sequences indicating their relationships and hierarchies."
http://iasted#Coctail_reception,Target,Class,coctail reception,"In the context of a conference, a ""cocktail reception"" refers to a social event where attendees gather to enjoy drinks, light refreshments, and informal conversation. It typically takes place in the evening and provides an opportunity for networking, mingling, and unwinding after the day's formal sessions. The atmosphere is usually relaxed, allowing participants to build connections and discuss topics of mutual interest in a more casual setting.","The class ""Coctail_reception"" is a subclass of the class ""Conference_activity"".A Cocktail reception is a subclass of a certain category that has a restriction. This restriction specifies that it is designed for some values from the category of Delegate."
http://iasted#Coffee_break,Target,Class,coffee break,"In the context of a conference, a ""coffee break"" refers to a scheduled pause in the event where attendees can take a short break to relax, network, and enjoy refreshments such as coffee, tea, and snacks. This break provides an opportunity for participants to recharge, socialize with other attendees, and discuss the topics being covered in the conference in a more informal setting.","The class ""Coffee break"" is a subclass of the class ""Conference activity"".The class ""Coffee_break"" is a subclass of a restriction that specifies it is designed for some values from the class ""Delegate""."
http://iasted#Computer,Target,Class,computer,"In the context of a conference, a ""computer"" typically refers to an electronic device that processes data according to a set of instructions or programs. It is used for various tasks such as creating presentations, managing schedules, taking notes, conducting virtual meetings, and accessing information relevant to the conference. Computers facilitate communication, data analysis, and the overall organization of the event.","The class ""Computer"" is a subclass of ""Audiovisual equipment""."
http://iasted#Conference_Hiker,Target,Class,conference hiker,"In the context of a conference, ""Conference_Hiker"" likely refers to an attendee who actively moves between different sessions, workshops, or events within the conference. This person might be exploring various topics, networking opportunities, or activities, much like a hiker explores different trails and landscapes. The term suggests a dynamic and engaged approach to participating in the conference.","The class ""Conference_Hiker"" is a subclass of the class ""Delegate"".The subgraph describes the following relationships and classifications:

1. ""Conference_Hiker"" is equivalent to a class that has a restriction on the property ""go_through"" with some values from ""Full_day_tour"".
2. ""Fee_for_extra_trip"" is a subclass of a class that has a restriction on the property ""is_paid_by"" with some values from ""Conference_Hiker"".
3. ""Trip_city"" is a subclass of a class that has a restriction on the property ""is_visited_by"" with some values from ""Conference_Hiker"".

In summary, the subgraph defines ""Conference_Hiker"" as a class related to ""Full_day_tour"" through the property ""go_through"". It also establishes that ""Fee_for_extra_trip"" and ""Trip_city"" are subclasses with specific restrictions involving the ""Conference_Hiker""."
http://iasted#Conference_activity,Target,Class,conference activity,"In the context of a conference, ""conference activity"" refers to the various events, sessions, and interactions that take place during the conference. This can include keynote speeches, panel discussions, workshops, networking sessions, poster presentations, and social events. These activities are designed to facilitate the exchange of knowledge, ideas, and professional networking among the participants.","Sure, here are the triples verbalised into phrases:

1. ""Coctail reception"" is a subclass of ""Conference activity"".
2. ""Coffee break"" is a subclass of ""Conference activity"".
3. ""Introduction"" is a subclass of ""Conference activity"".
4. ""Lecture"" is a subclass of ""Conference activity"".
5. ""Presentation"" is a subclass of ""Conference activity"".
6. ""Registration"" is a subclass of ""Conference activity"".
7. ""Social program"" is a subclass of ""Conference activity"".
8. ""Technical activity"" is a subclass of ""Conference activity"".
9. ""Welcome address"" is a subclass of ""Conference activity"".
10. ""Conference activity"" is a subclass of ""Activity"".The given subgraph can be described in natural language as follows:

1. A ""Registration_fee"" is a subclass of a certain restriction (denoted as _:Ne2aa6a8842524cb88f6e12425eb91850).
2. This restriction ( _:Ne2aa6a8842524cb88f6e12425eb91850) is applied on the property ""is_paid_for"" and is related to some ""Conference_activity"".
3. A ""Conference_activity"" is a subclass of another restriction (denoted as _:N4977bc61fe2f4593b51af6ab6b96be7e).
4. This restriction ( _:N4977bc61fe2f4593b51af6ab6b96be7e) is applied on the property ""is_held_in"" and is related to some ""Conference_state"".
5. Additionally, a ""Conference_activity"" is a subclass of yet another restriction (denoted as _:N827ebbefe84b41f989ca6062066bf803).
6. This restriction ( _:N827ebbefe84b41f989ca6062066bf803) is applied on the property ""is_held_in"" and is related to some ""Conference_days"".

In summary, the subgraph describes a hierarchical structure where a ""Registration_fee"" is associated with ""Conference_activity"" through a payment property, and ""Conference_activity"" is further defined by its occurrence in specific states and days of a conference."
http://iasted#Conference_airport,Target,Class,conference airport,"In the context of a conference, a ""conference airport"" typically refers to an airport that is conveniently located near a conference venue or is frequently used by attendees traveling to and from conferences. It is an airport that serves as a key transit point for participants of a conference, providing easy access to the event location.","The class ""Conference_airport"" is a subclass of the class ""Building"".The description of the subgraph in natural language is as follows:

A ""Conference_airport"" is a subclass of two restrictions. The first restriction specifies that it is situated in some ""Conference_state"". The second restriction specifies that it is situated in some ""Conference_city""."
http://iasted#Conference_building,Target,Class,conference building,"In the context of a conference, a ""conference building"" refers to a facility or structure specifically designed or designated to host conferences, meetings, seminars, and other similar gatherings. These buildings typically include various amenities such as meeting rooms, auditoriums, breakout rooms, audio-visual equipment, and sometimes catering services to accommodate the needs of conference attendees and organizers.","The class ""Conference_building"" is a subclass of the class ""Building"".The given subgraph describes a set of relationships and restrictions involving various entities related to a conference. Here is a natural language description of the subgraph:

1. **Conference Building**:
   - A `Conference_building` is a subclass of three restrictions:
     - It is situated in a `Conference_city`.
     - It is situated in a `Conference_state`.
     - It is occupied by a `Delegate`.

2. **Session Room**:
   - A `Session_room` is a subclass of a restriction that it is situated in a `Conference_building`.

3. **Conference Hall**:
   - A `Conference_hall` is a subclass of a restriction that it is situated in a `Conference_building`.

4. **Delegate**:
   - A `Delegate` is equivalent to a class that is an intersection of two restrictions:
     - It goes through a `Registration`.
     - It is present in `Conference_days`.

5. **Restrictions**:
   - There are several restrictions defined:
     - A restriction that something is situated in a `Conference_city`.
     - A restriction that something is situated in a `Conference_state`.
     - A restriction that something is occupied by a `Delegate`.
     - A restriction that something is present in `Conference_days`.
     - A restriction that something goes through a `Registration`.
     - A restriction that something is present in a `Conference_building`.

In summary, the subgraph outlines the hierarchical and relational structure of entities such as `Conference_building`, `Session_room`, `Conference_hall`, and `Delegate`, along with the restrictions that define their properties and relationships within the context of a conference."
http://iasted#Conference_city,Target,Class,conference city,"In the context of a conference, ""Conference_city"" refers to the city where the conference is being held. It is the location where participants will gather for the event, which could include various activities such as presentations, workshops, networking sessions, and other related events.","The class ""Conference_city"" is a subclass of the class ""City"".The given subgraph describes a set of relationships and restrictions involving various entities related to a conference. Here is a natural language description of the subgraph:

1. **Conference Hotel**:
   - A conference hotel is situated in a conference city.

2. **Conference Restaurant**:
   - A conference restaurant is situated in a conference city.

3. **Conference Building**:
   - A conference building is situated in a conference city.

4. **Conference Airport**:
   - A conference airport is situated in a conference city.

5. **Conference City**:
   - A conference city is visited by delegates.

6. **Place**:
   - A place is situated in a conference city.

The subgraph also includes several restrictions:
- There are restrictions indicating that certain entities (like hotels, restaurants, buildings, and airports) must be situated in a conference city.
- There is a restriction that a conference city must be visited by delegates.

In summary, the subgraph outlines the spatial relationships between various conference-related entities and a conference city, emphasizing that these entities are situated within the city and that the city is visited by delegates."
http://iasted#Conference_days,Target,Class,conference days,"In the context of a conference, ""Conference_days"" refers to the specific days on which the conference takes place. These are the scheduled dates during which various sessions, presentations, workshops, and other conference-related activities occur.","Sure, here are the triples verbalised into phrases:

1. ""One conference day is a subclass of conference days.""
2. ""Conference days are a subclass of time.""The provided subgraph describes a set of relationships and restrictions involving conferences, activities, and delegates. Here is a natural language description of the subgraph:

1. **Conference Activity**:
   - A ""Conference_activity"" is a subclass of a restriction that specifies it is held in ""Conference_days"".

2. **Activity Before Conference**:
   - An ""Activity_before_conference"" is a subclass of a restriction that specifies it is held before ""Conference_days"".

3. **Activity After Conference**:
   - An ""Activity_after_conference"" is a subclass of a restriction that specifies it is held after ""Conference_days"".

4. **Delegate**:
   - A ""Delegate"" is equivalent to a class that is an intersection of:
     - A restriction specifying that it goes through ""Registration"".
     - A restriction specifying that it is present in ""Conference_building"".

5. **Conference Days**:
   - ""Conference_days"" is a subclass of a restriction that specifies it is designed for ""Delegate"".

6. **Restrictions**:
   - There are several restrictions defined:
     - A restriction specifying that something is held in ""Conference_days"".
     - A restriction specifying that something is present in ""Conference_building"".
     - A restriction specifying that something goes through ""Registration"".
     - A restriction specifying that something is held after ""Conference_days"".
     - A restriction specifying that something is held before ""Conference_days"".

In summary, the subgraph outlines the relationships between conference activities, the timing of these activities relative to the conference days, and the role of delegates in these activities. It also defines specific restrictions on properties such as being held in certain days, being present in certain buildings, and going through registration processes."
http://iasted#Conference_hall,Target,Class,conference hall,"In the context of a conference, a ""conference hall"" refers to a large room or space specifically designed to host conferences, meetings, seminars, and other large gatherings. It is typically equipped with necessary amenities such as seating arrangements, audio-visual equipment, and sometimes facilities for catering, to accommodate the needs of the attendees and ensure the smooth conduct of the event.","The class ""Conference hall"" is a subclass of the class ""Place"".The given subgraph can be described as follows:

1. **Plenary Lecture Speaker**:
   - A plenary lecture speaker is a type of entity that is restricted to speaking in a conference hall.

2. **Tutorial Speaker**:
   - A tutorial speaker is a type of entity that is restricted to speaking in a conference hall.

3. **Listener**:
   - A listener is a type of entity that is present in either a session room or a conference hall.

4. **Conference Hall**:
   - A conference hall is a type of entity that is situated in a conference building.

5. **Class Definitions**:
   - There is a class that is a union of session rooms and conference halls.

6. **Restrictions**:
   - There are restrictions on properties such as ""is present in,"" ""is situated in,"" and ""speak in,"" which are associated with specific values like session rooms, conference halls, and conference buildings.

In summary, the subgraph describes the relationships and restrictions involving plenary lecture speakers, tutorial speakers, listeners, conference halls, session rooms, and conference buildings."
http://iasted#Conference_hotel,Target,Class,conference hotel,"In the context of a conference, a ""conference hotel"" refers to a hotel that is specifically equipped to host conferences, meetings, and other large gatherings. These hotels typically offer extensive facilities such as large meeting rooms, conference halls, audio-visual equipment, and sometimes even event planning services. They are designed to accommodate both the lodging and the professional needs of conference attendees, providing a convenient and integrated solution for hosting events.","The class ""Conference_hotel"" is a subclass of the class ""Building"".The given subgraph can be described in natural language as follows:

A ""Conference_hotel"" is a subclass of several restrictions and properties. Specifically, it is designed for ""Hotel_presenter"" and is situated in a ""Conference_city"" and a ""Conference_state"". Additionally, a ""Hotel_room"" is a subclass of a restriction that it is situated in a ""Conference_hotel"".

""Hotel_presenter"" is a subclass of a class that is an intersection of two restrictions: one where the property ""occupy"" has some values from ""Conference_hotel"", and another where the property ""pay"" has some values from ""Hotel_fee"".

In summary, a ""Conference_hotel"" is designed for hotel presenters and is located in both a conference city and state. Hotel presenters occupy conference hotels and pay hotel fees. Hotel rooms are situated within conference hotels."
http://iasted#Conference_restaurant,Target,Class,conference restaurant,"In the context of a conference, a ""conference restaurant"" typically refers to a dining facility or area within or associated with the conference venue where attendees can have meals. This restaurant may offer a variety of dining options, including breakfast, lunch, dinner, and snacks, and is often designed to accommodate the schedules and needs of conference participants. It provides a convenient place for attendees to eat without having to leave the conference premises, facilitating networking and informal discussions in a relaxed setting.","The class ""Conference_restaurant"" is a subclass of the class ""Building"".The given subgraph can be described in natural language as follows:

A ""Tip"" is a subclass of an unnamed class (let's call it Class A). Class A has a restriction that it must be associated with some ""Conference_restaurant"" through the property ""is_paid_in"".

A ""Conference_restaurant"" is a subclass of three unnamed classes (let's call them Class B, Class C, and Class D). 

- Class B has a restriction that it must be associated with some ""Delegate"" through the property ""is_occupied_by"".
- Class C has a restriction that it must be associated with some ""Conference_city"" through the property ""is_situated_in"".
- Class D has a restriction that it must be associated with some ""Conference_state"" through the property ""is_situated_in"".

In summary, a ""Tip"" is related to a ""Conference_restaurant"" which in turn is related to a ""Delegate"", a ""Conference_city"", and a ""Conference_state"" through various properties."
http://iasted#Conference_state,Target,Class,conference state,"In the context of a conference, ""Conference_state"" typically refers to the current status or phase of the conference. This could include various stages such as planning, active (ongoing), paused, or concluded. It essentially indicates where the conference stands at a given point in time.","The class ""Conference_state"" is a subclass of the class ""State"".The given subgraph describes a set of restrictions and subclass relationships involving various entities related to a conference. Here is a natural language description of the subgraph:

1. **Conference_building** is a subclass of a restriction that specifies it is situated in a **Conference_state**.
2. **Place** is a subclass of a restriction that specifies it is situated in a **Conference_state**.
3. **Conference_hotel** is a subclass of a restriction that specifies it is situated in a **Conference_state**.
4. **Conference_restaurant** is a subclass of a restriction that specifies it is situated in a **Conference_state**.
5. **Conference_activity** is a subclass of a restriction that specifies it is held in a **Conference_state**.
6. **Conference_airport** is a subclass of a restriction that specifies it is situated in a **Conference_state**.
7. **Conference_state** is a subclass of a restriction that specifies it is visited by a **Delegate**.

In summary, various entities such as buildings, hotels, restaurants, activities, and airports related to a conference are all situated in a **Conference_state**, and the **Conference_state** itself is visited by delegates."
http://iasted#Credit_card,Target,Class,credit card,"In the context of a conference, a ""credit card"" typically refers to a payment method used by attendees to register for the event, pay for accommodations, or cover other related expenses. It is a plastic card issued by a financial institution that allows the cardholder to borrow funds to pay for goods and services, with the agreement to pay back the borrowed amount plus any applicable interest.","The class ""Credit_card"" is a subclass of the class ""Card"".The given subgraph can be described as follows:

1. **Fee** is a subclass of a restriction (denoted as _:N5412ef91ae79429299c1cbc3282357f5). This restriction is on the property **is_paid_with** and has some values from a class (denoted as _:N0efc4f605f474ec1a07dcc36890fc3a4).

2. The class (denoted as _:N0efc4f605f474ec1a07dcc36890fc3a4) is a union of another class (denoted as _:N2637228a01584701874edeee639005da).

3. The class (denoted as _:N2637228a01584701874edeee639005da) is a list where the first element is **Credit_card** and the rest is another list (denoted as _:Nd78472daeb18412ab6030cc5994bc17c).

4. The list (denoted as _:Nd78472daeb18412ab6030cc5994bc17c) has **Payment_document** as its first element and the rest is **nil**.

5. **Credit_card** is a subclass of a restriction (denoted as _:Nb8dd8b03455245e3a0750ff1e8467806). This restriction is on the property **is_designed_for** and has some values from a class (denoted as _:Nb9ebafdcf8f54535b4dcf155564e8fe4).

6. The class (denoted as _:Nb9ebafdcf8f54535b4dcf155564e8fe4) is a union of another class (denoted as _:N524b1443881242d084f46a5dddf37bf5).

7. The class (denoted as _:N524b1443881242d084f46a5dddf37bf5) is a list where the first element is **Fee** and the rest is another list (denoted as _:N2a85a8061b234a4fabd8733b0b549592).

8. The list (denoted as _:N2a85a8061b234a4fabd8733b0b549592) has **Sponzorship** as its first element and the rest is another list (denoted as _:N84228f445a804bbc8a3d020c602f22e9).

9. The list (denoted as _:N84228f445a804bbc8a3d020c602f22e9) has **Tax** as its first element and the rest is **nil**.

10. The class (denoted as _:Nb9ebafdcf8f54535b4dcf155564e8fe4) is of type **Class**.

11. The restriction (denoted as _:Nb8dd8b03455245e3a0750ff1e8467806) is of type **Restriction**.

12. The restriction (denoted as _:N5412ef91ae79429299c1cbc3282357f5) is of type **Restriction**.

In summary, the subgraph describes a hierarchy and relationships between different classes and restrictions involving properties like **is_paid_with** and **is_designed_for**, and includes classes such as **Fee**, **Credit_card**, **Payment_document**, **Sponzorship**, and **Tax**."
http://iasted#Currency,Target,Class,currency,"In the context of a conference, ""currency"" typically refers to the relevance, timeliness, and up-to-date nature of the information being presented or discussed. It emphasizes the importance of sharing the most current data, research findings, trends, and developments in the field to ensure that participants are receiving the most accurate and useful information.",Information is not available.
http://iasted#Deadline,Target,Class,deadline,"In the context of a conference, a ""deadline"" refers to the specific date and time by which certain tasks or submissions must be completed. This could include deadlines for submitting abstracts, registering for the conference, submitting full papers, or making payments. Meeting these deadlines is crucial for the smooth organization and operation of the conference.","Sure, here are the triples verbalized into phrases:

1. ""Camera_ready_manuscript_deadline"" is a subclass of ""Deadline"".
2. ""Deadline_for_notification_of_acceptance"" is a subclass of ""Deadline"".
3. ""Deadline_hotel_reservation"" is a subclass of ""Deadline"".
4. ""Registation_deadline"" is a subclass of ""Deadline"".
5. ""Submissions_deadline"" is a subclass of ""Deadline"".
6. The property ""done_till"" has a domain of ""Deadline"".
7. ""Deadline"" is a subclass of ""Time"".The class ""Deadline"" is a subclass of a restriction that is defined on the property ""is_designed_for"". This restriction specifies that the property ""is_designed_for"" must have some values from the class ""Delegate""."
http://iasted#Deadline_for_notification_of_acceptance,Target,Class,deadline for notification of acceptance,"In the context of a conference, ""Deadline for notification of acceptance"" refers to the latest date by which the conference organizers will inform authors whether their submitted papers, abstracts, or proposals have been accepted for presentation at the conference. This deadline is crucial for participants to know if they need to prepare their presentations, make travel arrangements, or plan their schedules accordingly.","The class ""Deadline for notification of acceptance"" is a subclass of the class ""Deadline"".The subgraph describes a restriction related to the ""Author_information_form"" class. Specifically, it states that the ""Author_information_form"" must be sent after a certain deadline, which is referred to as the ""Deadline_for_notification_of_acceptance""."
http://iasted#Deadline_hotel_reservation,Target,Class,deadline hotel reservation,"In the context of a conference, ""Deadline_hotel_reservation"" refers to the last date by which attendees must book their hotel accommodations to secure a room, often at a special conference rate. After this deadline, the availability of rooms and the special rates may no longer be guaranteed.","The class ""Deadline_hotel_reservation"" is a subclass of the class ""Deadline"".The class ""Hotel_registration_form"" is a subclass of a restriction. This restriction specifies that the property ""is_sent_before"" must have some values from the class ""Deadline_hotel_reservation""."
http://iasted#Delegate,Target,Class,delegate,"In the context of a conference, a ""delegate"" refers to an individual who is authorized to represent a group, organization, or constituency. Delegates attend the conference to participate in discussions, make decisions, and vote on behalf of the people or organization they represent. They may also engage in networking, attend sessions, and contribute to the overall objectives of the conference.","Sure, here are the triples verbalized into phrases:

1. ""Conference Hiker"" is a subclass of ""Delegate"".
2. ""Hotel Presenter"" is a subclass of ""Delegate"".
3. ""IASTED Member"" is a subclass of ""Delegate"".
4. ""IASTED Non-Member"" is a subclass of ""Delegate"".
5. ""Listener"" is a subclass of ""Delegate"".
6. ""Non-Speaker"" is a subclass of ""Delegate"".
7. ""One-Day Presenter"" is a subclass of ""Delegate"".
8. ""Session Chair"" is a subclass of ""Delegate"".
9. ""Speaker"" is a subclass of ""Delegate"".
10. ""Technical Committee"" is a subclass of ""Delegate"".
11. ""Delegate"" is a subclass of ""Person"".The provided subgraph describes a complex ontology related to a conference and its various components, restrictions, and relationships. Here is a natural language description of the subgraph:

1. **Delegate**:
   - A Delegate is a class that is equivalent to an intersection of several restrictions.
   - Delegates are associated with various properties and restrictions, such as being designed for, occupied by, visited by, and needing certain things.
   - Delegates are involved in several activities and entities, including Registration, Registration Fee, Registration Form, Social Program, Transport Vehicle, and more.

2. **Registration**:
   - Registration is designed for Delegates.
   - Registration involves a Registration Form, which is sent by Delegates.

3. **Registration Fee**:
   - Registration Fee is paid by Delegates.
   - It is a subclass of a restriction that is designed for Delegates.

4. **Forms and Documents**:
   - Registration Form is sent by Delegates and is designed for Delegates.
   - Invitation Letter is needed for Delegates and is designed for Delegates.
   - Viza is needed by Delegates.

5. **Conference Locations**:
   - Conference Building is occupied by Delegates.
   - Conference City and Conference State are visited by Delegates.
   - Conference Restaurant is occupied by Delegates.

6. **Social Programs and Activities**:
   - Social Program is designed for Delegates.
   - Full Day Tour is designed for Delegates.
   - Coctail Reception is designed for Delegates.
   - Coffee Break is designed for Delegates.

7. **Other Entities**:
   - Transport Vehicle is used by Delegates.
   - Presenter House is occupied by Delegates.
   - Presenter City and Presenter State are occupied by Delegates.

8. **Deadlines and Fees**:
   - Deadline is designed for Delegates.
   - Registration Fee is paid by Delegates.

9. **Miscellaneous**:
   - Mailing List is designed for Delegates.
   - Trip Day is designed for Delegates.

In summary, the ontology describes a conference setting where Delegates are central to various activities, locations, documents, and social programs. The relationships and restrictions indicate how Delegates interact with these entities, such as occupying buildings, needing visas, paying fees, and participating in social programs."
http://iasted#Departure,Target,Class,departure,"In the context of a conference, ""departure"" typically refers to the act of leaving the event or venue. This could mean the time when attendees, speakers, or organizers exit the conference after its conclusion or at any point during the event. It may also refer to the logistics involved in planning and managing the exit process, such as transportation arrangements, check-out procedures, or the end of scheduled activities.","The class ""Departure"" is a subclass of ""Activity after conference"".The class ""Departure_tax"" is a subclass of a restriction. This restriction specifies that the property ""is_designed_for"" must have some values from the class ""Departure""."
http://iasted#Departure_tax,Target,Class,departure tax,"In the context of a conference, ""departure tax"" refers to a fee that travelers must pay when leaving a country or region. This tax is typically collected at the airport or other points of departure and is often used to fund airport maintenance, tourism infrastructure, or other governmental services. If you are attending an international conference, it's important to be aware of any applicable departure taxes in the host country, as this could affect your travel budget and planning.","The class ""Departure_tax"" is a subclass of the class ""Tax"".The subgraph describes that ""Departure tax"" is a subclass of a restriction. This restriction specifies that there is some value from the class ""Departure"" on the property ""is designed for."""
http://iasted#Dinner_banquet,Target,Class,dinner banquet,"In the context of a conference, a ""dinner banquet"" refers to a formal evening meal that is typically organized as part of the event's schedule. It often serves as a social gathering where attendees can network, celebrate achievements, and enjoy a more relaxed atmosphere compared to the formal sessions of the conference. The dinner banquet may include speeches, presentations, or entertainment, and is usually held in a large dining area or banquet hall.","The class ""Dinner banquet"" is a subclass of the class ""Social program"".The subgraph describes that a ""Dinner banquet"" is a subclass of a restriction. This restriction specifies that it is designed for some values that belong to a class. This class is defined as the complement of ""One day presenter."""
http://iasted#Document,Target,Class,document,"In the context of a conference, a ""document"" typically refers to any written or printed material that is used or distributed during the event. This can include agendas, schedules, presentation slides, handouts, research papers, reports, and any other relevant materials that support the discussions and activities taking place at the conference. These documents are often used to provide information, facilitate communication, and serve as a record of the proceedings.","Sure, here are the triples verbalised into phrases:

1. ""Brief introduction for Session chair"" is a subclass of ""Document"".
2. ""Form"" is a subclass of ""Document"".
3. ""Invitation letter"" is a subclass of ""Document"".
4. ""Mailing list"" is a subclass of ""Document"".
5. ""Payment document"" is a subclass of ""Document"".
6. ""Record of attendance"" is a subclass of ""Document"".
7. ""Review"" is a subclass of ""Document"".
8. ""Submission"" is a subclass of ""Document"".
9. ""Transparency"" is a subclass of ""Document"".
10. ""Viza"" is a subclass of ""Document"".
11. ""Document"" is a subclass of ""Item""."
http://iasted#Double_hotel_room,Target,Class,double hotel room,"In the context of a conference, a ""double hotel room"" refers to a hotel room that is designed to accommodate two people. This typically means the room will have either one double bed, one queen bed, one king bed, or two twin beds. It is often used by conference attendees who are sharing accommodations to reduce costs or for convenience.","The class ""Double_hotel_room"" is a subclass of the class ""Hotel_room""."
http://iasted#Fee,Target,Class,fee,"In the context of a conference, a ""fee"" refers to the amount of money that participants are required to pay in order to attend the event. This fee can cover various aspects such as registration, access to sessions, materials, meals, and sometimes accommodation or other amenities provided during the conference.","1. ""Fee for extra trip"" is a subclass of ""Fee"".
2. ""Hotel fee"" is a subclass of ""Fee"".
3. ""Registration fee"" is a subclass of ""Fee"".
4. ""Fee"" is a subclass of ""Money"".The given subgraph describes a set of classes and their relationships, particularly focusing on fees, taxes, sponsorships, credit cards, and payment documents. Here is a natural language description of the subgraph:

1. **Fee** is a subclass of a restriction that is paid with a class that is a union of **Credit_card**, **Payment_document**, and **Tax**.
2. **Credit_card** is a subclass of a restriction that is designed for a class that is a union of **Fee** and **Tax**.
3. **Payment_document** is a subclass of a restriction that is designed for a class that is a union of **Fee** and **Tax**.
4. **Fee** is a subclass of a restriction that is paid with a class that is a union of **Credit_card**, **Payment_document**, and **Tax**.
5. **Tax** is part of a list that includes **Fee** and **Sponsorship**.
6. **Sponsorship** is part of a list that includes **Fee** and **Tax**.
7. **Fee** is part of a list that includes **Tax** and **Sponsorship**.
8. **Payment_document** is part of a list that includes **Fee** and **Tax**.

In summary, the subgraph outlines a structure where fees, taxes, sponsorships, credit cards, and payment documents are interconnected through various subclass and restriction relationships, particularly focusing on the properties ""is_paid_with"" and ""is_designed_for""."
http://iasted#Fee_for_extra_trip,Target,Class,fee for extra trip,"In the context of a conference, ""Fee_for_extra_trip"" likely refers to an additional charge that participants may incur if they require transportation services beyond what is included in the standard conference package. This could include extra shuttle rides, additional trips to and from the airport, or other transportation needs that are not covered by the initial conference registration fee.","The class ""Fee_for_extra_trip"" is a subclass of the class ""Fee"".The class ""Fee_for_extra_trip"" is a subclass of two restrictions. The first restriction specifies that the property ""is_paid_for"" must have some values from the class ""Full_day_tour"". The second restriction specifies that the property ""is_paid_by"" must have some values from the class ""Conference_Hiker""."
http://iasted#Final_manuscript,Target,Class,final manuscript,"In the context of a conference, a ""final manuscript"" refers to the completed and polished version of a research paper or article that is submitted by the authors for inclusion in the conference proceedings. This version has typically undergone revisions and edits based on feedback from peer reviews or conference organizers and is considered the definitive version for publication and presentation at the conference.","The class ""Final_manuscript"" is a subclass of the class ""Submission"".The given subgraph can be described in natural language as follows:

A ""Publication"" is a subclass of an entity that is restricted by the property ""is made from"" and must have some values from ""Final manuscript"". 

A ""Final manuscript"" is a subclass of an entity that is restricted by the property ""go through"" and must have some values from ""Accepting manuscript"".

A ""Speaker"" is a subclass of an entity that is restricted by the property ""write"" and must have some values from ""Final manuscript""."
http://iasted#Form,Target,Class,form,"In the context of a conference, ""Form"" typically refers to a document or digital interface used to collect information from participants. This could include registration forms, feedback forms, or session evaluation forms. These forms are essential for gathering data such as attendee details, preferences, feedback, and other relevant information that helps in organizing and improving the conference experience.","Sure, here are the triples verbalized into phrases:

1. ""Author_information_form"" is a subclass of ""Form"".
2. ""Hotel_registration_form"" is a subclass of ""Form"".
3. ""Registration_form"" is a subclass of ""Form"".
4. ""Form"" is a subclass of ""Document"".The class ""Form"" is a subclass of a restriction. This restriction specifies that the property ""is given to"" must have some values from the class ""Delegate""."
http://iasted#Full_day_tour,Target,Class,full day tour,"In the context of a conference, a ""Full_day_tour"" typically refers to an organized excursion or outing that lasts an entire day. This tour is usually planned as part of the conference agenda to provide attendees with an opportunity to explore local attractions, landmarks, or points of interest in the area where the conference is being held. It often includes transportation, guided tours, meals, and sometimes special activities or events related to the theme of the conference.","The class ""Full day tour"" is a subclass of ""Activity after conference"".The provided subgraph describes a series of relationships and restrictions involving ""Full_day_tour,"" ""Conference_Hiker,"" and ""Fee_for_extra_trip."" Here is a natural language description of the subgraph:

1. **Full_day_tour**:
   - A ""Full_day_tour"" is a subclass of a restriction that involves the property ""is_held_in"" and has some values from ""Trip_city.""
   - It is also a subclass of a restriction that involves the property ""is_designed_for"" and has some values from ""Delegate.""
   - Additionally, it is a subclass of a restriction that involves the property ""is_held_in"" and has some values from ""Trip_day.""
   - Furthermore, it is a subclass of a restriction that involves the property ""go_through"" and has some values from ""Full_day_tour.""
   - Lastly, it is a subclass of a restriction that involves the property ""is_paid_for"" and has some values from ""Full_day_tour.""

2. **Conference_Hiker**:
   - ""Conference_Hiker"" is equivalent to a restriction that involves the property ""go_through"" and has some values from ""Full_day_tour.""

3. **Fee_for_extra_trip**:
   - ""Fee_for_extra_trip"" is a subclass of a restriction that involves the property ""is_paid_for"" and has some values from ""Full_day_tour.""

4. **Restrictions**:
   - There are several restrictions defined in the subgraph:
     - A restriction involving the property ""is_held_in"" with some values from ""Trip_city.""
     - A restriction involving the property ""is_designed_for"" with some values from ""Delegate.""
     - A restriction involving the property ""is_held_in"" with some values from ""Trip_day.""
     - A restriction involving the property ""go_through"" with some values from ""Full_day_tour.""
     - A restriction involving the property ""is_paid_for"" with some values from ""Full_day_tour.""

In summary, the subgraph describes various properties and restrictions related to ""Full_day_tour,"" indicating where it is held, who it is designed for, and its payment requirements. It also establishes an equivalence between ""Conference_Hiker"" and a specific restriction involving ""Full_day_tour,"" and it classifies ""Fee_for_extra_trip"" under a payment-related restriction."
http://iasted#Hotel_fee,Target,Class,hotel fee,"In the context of a conference, ""hotel fee"" refers to the cost associated with booking and staying at a hotel. This fee typically covers the accommodation expenses for attendees, speakers, or organizers who need lodging during the duration of the conference. The hotel fee may include the room rate, taxes, and sometimes additional services such as breakfast, Wi-Fi, or access to hotel amenities.","The class ""Hotel_fee"" is a subclass of the class ""Fee"".The given subgraph can be described in natural language as follows:

There is a class called ""Hotel_presenter"" which is a subclass of an anonymous class (let's call it Class A). Class A is defined by a restriction on the property ""is_paid_by"" such that it has some values from the class ""Hotel_presenter"".

Additionally, there is another anonymous class (let's call it Class B) which is defined as the intersection of two restrictions. The first restriction is on the property ""occupy"" such that it has some values from the class ""Conference_hotel"". The second restriction is on the property ""pay"" such that it has some values from the class ""Hotel_fee"".

The class ""Hotel_fee"" is a subclass of Class A. Class A is a restriction on the property ""is_paid_by"" with some values from the class ""Hotel_presenter"".

In summary:
- ""Hotel_presenter"" is a subclass of a restriction on ""is_paid_by"" with values from ""Hotel_presenter"".
- ""Hotel_fee"" is a subclass of the same restriction.
- There is a class defined as the intersection of:
  - A restriction on ""occupy"" with values from ""Conference_hotel"".
  - A restriction on ""pay"" with values from ""Hotel_fee""."
http://iasted#Hotel_presenter,Target,Class,hotel presenter,"In the context of a conference, a ""Hotel_presenter"" likely refers to an individual who represents a hotel and presents information about the hotel's services, facilities, and accommodations to the conference attendees. This person might be responsible for showcasing what the hotel has to offer, possibly to encourage attendees to stay at the hotel or to use its facilities for future events.","The class ""Hotel_presenter"" is a subclass of the class ""Delegate"".The given subgraph can be described in natural language as follows:

A ""Conference hotel"" is a subclass of a restriction that is designed for ""Hotel presenters."" A ""Hotel presenter"" is a subclass of a class that is an intersection of two restrictions. The first restriction is on the property ""occupy"" and has some values from ""Conference hotel."" The second restriction is on the property ""pay"" and has some values from ""Hotel fee.""

Additionally, a ""Hotel fee"" is a subclass of a restriction that is paid by ""Hotel presenters."" A ""Hotel room"" is a subclass of a restriction that is designed for ""Hotel presenters."""
http://iasted#Hotel_registration_form,Target,Class,hotel registration form,"In the context of a conference, a ""Hotel registration form"" refers to a document or online form that attendees fill out to book their accommodations at a hotel associated with the conference. This form typically collects information such as the attendee's name, contact details, dates of stay, room preferences, and payment information. It ensures that the attendee has a reserved room for the duration of the conference and may also include options for special conference rates or packages.","The class ""Hotel_registration_form"" is a subclass of the class ""Form"".The ""Hotel_registration_form"" is a subclass of a restriction that specifies certain conditions. This restriction involves the property ""is_sent_before"" and requires that the value of this property must be of the type ""Deadline_hotel_reservation""."
http://iasted#Hotel_room,Target,Class,hotel room,"In the context of a conference, a ""hotel room"" refers to a private room in a hotel where attendees can stay during the duration of the event. It provides accommodation for participants who may be traveling from out of town or who prefer the convenience of staying close to the conference venue.","Sure, here are the triples verbalised into phrases:

1. A ""Double hotel room"" is a subclass of a ""Hotel room"".
2. A ""Single hotel room"" is a subclass of a ""Hotel room"".
3. A ""Hotel room"" is a subclass of a ""Place"".A hotel room is a type of room that is situated in a conference hotel and is designed for hotel presenters."
http://iasted#IASTED_member,Target,Class,iasted member,"In the context of a conference, ""IASTED_member"" refers to an individual who is a member of the International Association of Science and Technology for Development (IASTED). IASTED is an organization that focuses on promoting the development and dissemination of scientific and technological knowledge. Members of IASTED often receive benefits such as discounts on conference registration fees, access to publications, and opportunities to network with other professionals in their field.","The class ""IASTED_member"" is a subclass of the class ""Delegate"".The description can be verbalized as follows:

There is a class called ""IASTED_member"" which is equivalent to a restriction on the property ""pay"" such that it has some values from the class ""Memeber_registration_fee"". Additionally, ""Memeber_registration_fee"" is a subclass of another restriction on the property ""is_designed_for"" which has some values from the class ""IASTED_member""."
http://iasted#IASTED_non_member,Target,Class,iasted non member,"In the context of a conference, ""IASTED_non_member"" refers to an individual who is registering for or participating in a conference organized by the International Association of Science and Technology for Development (IASTED) but is not a member of the organization. Typically, non-members may have different registration fees or access privileges compared to members.","The class ""IASTED_non_member"" is a subclass of the class ""Delegate"".The subgraph describes a relationship between non-member registration fees and IASTED non-members. Specifically, it states that:

1. There is a restriction (denoted as `_:Ncf5689f6992948c8a9df9de6933fb155`) that applies to the property ""pay"" and has some values from ""Nonmember_registration_fee"".
2. Another restriction (denoted as `_:N1a24f5b0d3ee43ebbf7b4f504240b33d`) applies to the property ""is_designed_for"" and has some values from ""IASTED_non_member"".
3. The class ""Nonmember_registration_fee"" is a subclass of the restriction `_:N1a24f5b0d3ee43ebbf7b4f504240b33d`.
4. The class ""IASTED_non_member"" is equivalent to the restriction `_:Ncf5689f6992948c8a9df9de6933fb155`.
5. Both restrictions (`_:Ncf5689f6992948c8a9df9de6933fb155` and `_:N1a24f5b0d3ee43ebbf7b4f504240b33d`) are of type ""Restriction"".

In summary, the non-member registration fee is designed for IASTED non-members, and paying this fee is a condition that applies to IASTED non-members."
http://iasted#Initial_manuscipt,Target,Class,initial manuscipt,"In the context of a conference, ""initial manuscript"" refers to the first complete version of a research paper or article that an author submits for review. This document typically includes the full text, figures, tables, and references, and it is subject to evaluation by peer reviewers or conference organizers. The initial manuscript is assessed for its quality, originality, and relevance to the conference's themes before it can be accepted, revised, or rejected for presentation or publication in the conference proceedings.","The class ""Initial_manuscript"" is a subclass of the class ""Submission"".The class ""Initial_manuscript"" is a subclass of a restriction that involves the property ""go_through"". This restriction specifies that the property ""go_through"" must have some values from the class ""Refusing_manuscript""."
http://iasted#Introduction,Target,Class,introduction,"In the context of a conference, an ""Introduction"" typically refers to the initial segment where the host or a designated speaker welcomes the attendees, outlines the agenda, and provides an overview of the conference's purpose and objectives. This segment sets the tone for the event, introduces key speakers or participants, and may also include logistical information such as session timings, locations, and any other relevant details to ensure the smooth running of the conference.","Sure, here are the triples verbalized into phrases:

1. ""Introduction_of_speaker"" is a subclass of ""Introduction"".
2. ""Introduction"" is a subclass of ""Conference_activity""."
http://iasted#Introduction_of_speaker,Target,Class,introduction of speaker,"In the context of a conference, the ""Introduction of speaker"" refers to the segment where a host or moderator provides background information about the upcoming speaker. This typically includes the speaker's name, professional title, relevant achievements, expertise, and any other pertinent details that establish their credibility and relevance to the conference topic. The purpose is to prepare the audience for the speaker's presentation and to highlight why the speaker is qualified to address the subject matter.","The class ""Introduction of speaker"" is a subclass of the class ""Introduction"".The class ""Session_chair"" is equivalent to a restriction that involves the property ""go_through"" and requires some values from the class ""Introduction_of_speaker""."
http://iasted#Invitation_letter,Target,Class,invitation letter,"In the context of a conference, an ""invitation letter"" is a formal document sent by the organizers to potential attendees, speakers, or participants. This letter typically includes details about the conference such as the date, location, agenda, and purpose. It may also provide information on how to register, submit papers, or confirm attendance. The invitation letter serves as an official request for the recipient to attend or participate in the conference.","The class ""Invitation_letter"" is a subclass of the class ""Document"".The subgraph can be described as follows:

There is a restriction that involves the property ""obtain"" and is related to some values from ""Invitation_letter"". This restriction is a superclass of ""Delegate"". Additionally, there is another restriction that involves the property ""is_designed_for"" and is related to some values from ""Delegate"". This restriction is a superclass of ""Invitation_letter""."
http://iasted#Item,Target,Class,item,"In the context of a conference, an ""item"" typically refers to a specific point or topic on the agenda that will be discussed or addressed during the event. This could include presentations, discussions, workshops, or any other scheduled activities. Each item is usually listed in a sequence to ensure the conference runs smoothly and covers all intended subjects.","Sure, here are the triples verbalized into phrases:

1. ""Audiovisual equipment"" is a subclass of ""Item"".
2. ""Card"" is a subclass of ""Item"".
3. ""Document"" is a subclass of ""Item"".
4. ""Publication"" is a subclass of ""Item"".
5. ""Transport vehicle"" is a subclass of ""Item"".
6. The domain of ""go through"" is ""Item"".
7. The range of ""is equipped by"" is ""Item"".
8. The domain of ""is given to"" is ""Item"".
9. The domain of ""is made from"" is ""Item"" and the range of ""is made from"" is ""Item"".
10. The domain of ""is needed for"" is ""Item"".
11. The range of ""is paid with"" is ""Item"".
12. The domain of ""is prepared by"" is ""Item"".
13. The domain of ""is sent after"" is ""Item"".
14. The domain of ""is sent before"" is ""Item"".
15. The domain of ""is sent by"" is ""Item"".
16. The domain of ""is signed by"" is ""Item"".
17. The domain of ""is used by"" is ""Item"".
18. The domain of ""is used for"" is ""Item"".
19. The domain of ""is written by"" is ""Item"".
20. The range of ""need"" is ""Item"".
21. The range of ""obtain"" is ""Item"".
22. The range of ""prepare"" is ""Item"".
23. The range of ""send"" is ""Item"".
24. The range of ""sign"" is ""Item"".
25. The range of ""write"" is ""Item"".The given subgraph describes a set of classes and their relationships, including unions of items, activities, places, and people. Here is a natural language description of the subgraph:

1. There is a class that is a union of several items, activities, and places:
   - One union consists of an item followed by another item, and this sequence ends with an item.
   - Another union consists of an activity followed by another activity, and this sequence ends with an activity.
   - Another union consists of a place followed by another place, and this sequence ends with a place.

2. There is a class that is a union of items and activities:
   - One union consists of an item followed by another item, and this sequence ends with an item.
   - Another union consists of an activity followed by another activity, and this sequence ends with an activity.

3. There is a class that is a union of items and places:
   - One union consists of an item followed by another item, and this sequence ends with an item.
   - Another union consists of a place followed by another place, and this sequence ends with a place.

4. There is a class that is a union of people:
   - One union consists of a person followed by another item, and this sequence ends with an item.

5. There is a class that is a union of items:
   - One union consists of an item followed by another item, and this sequence ends with an item.

6. There are specific relationships defined:
   - The relationship ""is_connected_with"" has a range that is a union of items and places.
   - The relationship ""give"" has a range that is a union of items and activities.
   - The relationship ""is_given_by"" has a domain that is a union of items and activities.
   - The relationship ""is_paid_for"" has a range that is a union of items and activities.

In summary, the subgraph describes various classes that are unions of items, activities, places, and people, along with specific relationships that connect these classes."
http://iasted#LCD_projector,Target,Class,lcd projector,"In the context of a conference, an LCD projector is a device used to display visual content, such as presentations, slides, videos, or other multimedia, onto a large screen or surface. This allows the audience to easily view the information being presented. LCD stands for Liquid Crystal Display, which is the technology used in the projector to create the images. These projectors are commonly used in conferences to enhance communication and ensure that all attendees can see the visual aids clearly.","The class ""LCD projector"" is a subclass of the class ""Audiovisual equipment""."
http://iasted#Lecture,Target,Class,lecture,"In the context of a conference, a lecture refers to a formal presentation or talk given by an expert or speaker on a specific topic. The purpose of the lecture is to educate, inform, or share insights with the audience, often followed by a question-and-answer session to engage attendees and clarify any points discussed.","Sure, here are the triples verbalised into phrases:

1. ""Plenary lecture is a subclass of Lecture.""
2. ""Session is a subclass of Lecture.""
3. ""Tutorial is a subclass of Lecture.""
4. ""Lecture is a subclass of Conference activity.""The subgraph describes the following relationships:

1. A ""Speaker"" is a subclass of an anonymous class (let's call it Class A) that has a restriction specifying that it gives some values from the class ""Lecture"".
2. ""Lecture"" is a subclass of another anonymous class (let's call it Class B) that has a restriction specifying that it is designed for some values from the class ""Listener"".
3. Class A is a restriction on the property ""give"" with some values from ""Lecture"".
4. Class B is a restriction on the property ""is_designed_for"" with some values from ""Listener"".

In simpler terms, this means:
- A ""Speaker"" is someone who gives a ""Lecture"".
- A ""Lecture"" is designed for a ""Listener""."
http://iasted#Lecturer,Target,Class,lecturer,"In the context of a conference, a ""Lecturer"" refers to an individual who delivers a speech or presentation on a specific topic to an audience. This person is typically an expert or knowledgeable in the subject matter they are discussing and aims to educate, inform, or inspire the attendees through their lecture.","Sure, here are the triples verbalized into phrases:

1. ""Student_lecturer"" is a subclass of ""Lecturer"".
2. ""Worker_lecturer"" is a subclass of ""Lecturer"".
3. ""Lecturer"" is a subclass of ""Author"".A ""Lecturer"" is a type of entity that is equivalent to another class defined by certain restrictions. Specifically, a ""Lecturer"" is someone who gives some form of a ""Session"" and speaks in some form of a ""Session room""."
http://iasted#Listener,Target,Class,listener,"In the context of a conference, a ""listener"" refers to an attendee who is primarily there to hear and absorb the information being presented by the speakers. Unlike speakers or panelists, listeners do not actively participate in delivering content but may engage in activities such as asking questions during Q&A sessions, taking notes, and networking with other attendees. Their main role is to gain knowledge, insights, and updates on the topics being discussed at the conference.","The class ""Listener"" is a subclass of the class ""Delegate"".The given subgraph can be described in natural language as follows:

1. **Listener** is a subclass of a restriction that is present in a union of **Session_room** and **Conference_hall**.
2. **Listener** is also a subclass of a restriction that is signed by a **Record_of_attendance**.
3. **Record_of_attendance** is a subclass of a restriction that is designed for a **Listener**.
4. **Audiovisual_equipment** is a subclass of a restriction that is designed for a **Listener**.
5. **Lecture** is a subclass of a restriction that is designed for a **Listener**.

In summary, the subgraph describes various relationships and restrictions involving **Listener**, **Record_of_attendance**, **Audiovisual_equipment**, and **Lecture** in the context of **Session_room** and **Conference_hall**."
http://iasted#Mailing_list,Target,Class,mailing list,"In the context of a conference, a mailing list refers to a collection of email addresses used by the conference organizers to distribute information and updates to participants, speakers, and other stakeholders. This can include announcements about the conference schedule, speaker line-up, registration details, and other relevant information. It serves as a communication tool to keep everyone informed and engaged before, during, and after the event.","The class ""Mailing_list"" is a subclass of the class ""Document"".The class ""Mailing_list"" is a subclass of a restriction. This restriction specifies that the property ""is_designed_for"" must have some values from the class ""Delegate""."
http://iasted#Main_office,Target,Class,main office,"In the context of a conference, ""Main_office"" typically refers to the primary administrative office responsible for organizing and managing the event. This office handles tasks such as registration, scheduling, communication with attendees and speakers, and overall coordination of the conference activities. It serves as the central point of contact for any inquiries or issues related to the conference.","The class ""Main_office"" is a subclass of the class ""Place""."
http://iasted#Memeber_registration_fee,Target,Class,memeber registration fee,"In the context of a conference, ""Member_registration_fee"" refers to the amount of money that individuals who are members of the organizing or affiliated body are required to pay in order to register and participate in the conference. This fee is typically lower than the fee for non-members, as a benefit of membership.","The class ""Member_registration_fee"" is a subclass of the class ""Registration_fee"".The description can be verbalized as follows:

There is a restriction that applies to the property ""is_designed_for"" and has some values from ""IASTED_member"". The class ""Member_registration_fee"" is a subclass of this restriction.

Additionally, there is another restriction that applies to the property ""pay"" and has some values from ""Member_registration_fee"". The class ""IASTED_member"" is equivalent to this restriction."
http://iasted#Modelling,Target,Class,modeling,"In the context of a conference, ""modelling"" typically refers to the process of creating abstract representations of systems, processes, or phenomena to better understand, analyze, or predict their behavior. This can involve the use of mathematical, statistical, computational, or conceptual models. Modelling is often a key topic at conferences related to fields such as science, engineering, economics, and social sciences, where experts gather to discuss advancements, methodologies, and applications of various types of models.","""Modelling is a subclass of Research."""
http://iasted#Money,Target,Class,money,"In the context of a conference, ""money"" typically refers to the financial resources or budget allocated for organizing and conducting the event. This can include expenses such as venue rental, speaker fees, marketing, catering, travel, and accommodation for attendees. Effective management of money is crucial to ensure the conference runs smoothly and achieves its objectives without financial shortfalls.","Sure, here are the triples verbalised into phrases:

1. ""Fee"" is a subclass of ""Money"".
2. ""Sponsorship"" is a subclass of ""Money"".
3. ""Tax"" is a subclass of ""Money"".
4. ""Tip"" is a subclass of ""Money"".
5. ""has_amount_of"" has a domain of ""Money"".
6. ""is_paid_by"" has a domain of ""Money"".
7. ""is_paid_for"" has a domain of ""Money"".
8. ""is_paid_in"" has a domain of ""Money"".
9. ""is_paid_with"" has a domain of ""Money"".
10. ""pay"" has a range of ""Money"".The given subgraph can be described as follows:

There are three classes involved: one class is used for a range, another class is designed for a domain, and a third class is simply defined as a class.

1. The class used for the range is a union of two elements: ""Activity"" and a list containing ""Money"" and ""Activity"".
2. The class designed for the domain is a union of two elements: ""Activity"" and a list containing ""Money"".
3. The third class is a union of two elements: ""Activity"" and a list containing ""Money"" and ""Time"".

To summarize:
- The range class is a union of ""Activity"" and a list of ""Money"" and ""Activity"".
- The domain class is a union of ""Activity"" and a list of ""Money"".
- The third class is a union of ""Activity"" and a list of ""Money"" and ""Time""."
http://iasted#Non_speaker,Target,Class,non speaker,"In the context of a conference, a ""non-speaker"" refers to an attendee who is not scheduled to give a presentation, lecture, or talk. Non-speakers participate in the conference by attending sessions, networking, and engaging in discussions, but they do not have a formal speaking role in the event's program.","Sure, here are the triples verbalized into phrases:

1. ""Student_non_speaker"" is a subclass of ""Non_speaker"".
2. ""Worker_non_speaker"" is a subclass of ""Non_speaker"".
3. ""Speaker"" is disjoint with ""Non_speaker"".
4. ""Non_speaker"" is a subclass of ""Delegate"".
5. ""Non_speaker"" is disjoint with ""Speaker"".The concept ""Nonauthor_registration_fee"" is a subclass of a certain restriction. This restriction specifies that it applies to some values from the class ""Non_speaker"" and is associated with the property ""is_designed_for"". In other words, the ""Nonauthor_registration_fee"" is specifically designed for individuals who are classified as ""Non_speaker""."
http://iasted#Nonauthor_registration_fee,Target,Class,nonauthor registration fee,"In the context of a conference, the term ""Nonauthor_registration_fee"" refers to the fee charged to individuals who wish to attend the conference but are not presenting any papers or research. This fee is typically paid by attendees who are there to listen to presentations, network, and participate in conference activities without contributing a paper or presentation themselves.","The class ""Nonauthor_registration_fee"" is a subclass of the class ""Registration_fee"".The given subgraph can be described in natural language as follows:

There is a restriction on the property ""is designed for"" such that it applies to some values from the class ""Non_speaker"". This restriction is part of the class ""Nonauthor_registration_fee"". Additionally, there is another restriction on the property ""pay"" that applies to some values from the class ""Nonauthor_registration_fee"". This second restriction is equivalent to the class ""Worker_non_speaker""."
http://iasted#Nonmember_registration_fee,Target,Class,nonmember registration fee,"In the context of a conference, the term ""Nonmember_registration_fee"" refers to the amount of money that individuals who are not members of the organizing body or association must pay to register and attend the conference. This fee is typically higher than the registration fee for members, reflecting the benefits and discounts that members receive as part of their membership.","The class ""Nonmember_registration_fee"" is a subclass of the class ""Registration_fee"".The subgraph describes a relationship between non-member registration fees and IASTED non-members. Specifically, it states that:

1. There is a restriction (denoted as `_:Ncf5689f6992948c8a9df9de6933fb155`) that applies to the property of ""pay"" and is associated with the value ""Nonmember_registration_fee"".
2. Another restriction (denoted as `_:N1a24f5b0d3ee43ebbf7b4f504240b33d`) applies to the property ""is_designed_for"" and is associated with the value ""IASTED_non_member"".
3. The class ""Nonmember_registration_fee"" is a subclass of the restriction `_:N1a24f5b0d3ee43ebbf7b4f504240b33d`.
4. The class ""IASTED_non_member"" is equivalent to the restriction `_:Ncf5689f6992948c8a9df9de6933fb155`.

In summary, the non-member registration fee is designed for IASTED non-members, and paying this fee is a condition that applies to IASTED non-members."
http://iasted#One_conference_day,Target,Class,one conference day,"In the context of a conference, ""One_conference_day"" refers to a single day within the duration of the conference. It typically includes a full schedule of events such as keynote speeches, panel discussions, workshops, networking sessions, and other activities planned for that particular day.","The class ""One conference day"" is a subclass of ""Conference days""."
http://iasted#One_day_presenter,Target,Class,one day presenter,"In the context of a conference, a ""One_day_presenter"" refers to an individual who is scheduled to give a presentation or speak on a specific topic for one day of the event. This person may be responsible for delivering a keynote address, leading a workshop, or presenting a paper or research findings during that particular day.","The class ""One_day_presenter"" is a subclass of the class ""Delegate"".The provided subgraph can be described as follows:

1. **One_day_presenter** is equivalent to a class that has a restriction on the property **is_present** with a cardinality of 1.
2. **Dinner_banquet** is a subclass of a class that has a restriction on the property **is_designed_for** with some values from a class that is the complement of **One_day_presenter**.
3. The class that is the complement of **One_day_presenter** is of type **Class**.
4. Both the restrictions on **is_present** and **is_designed_for** are of type **Restriction**.

In summary, **One_day_presenter** is defined by a specific presence condition, and **Dinner_banquet** is designed for entities that are not **One_day_presenters**."
http://iasted#Overhead_projector,Target,Class,overhead projector,"In the context of a conference, an overhead projector is a device used to display images, text, or diagrams onto a screen or wall. It works by shining light through a transparent sheet (often called a transparency) that contains the content to be projected. This allows presenters to share visual information with a large audience, making it easier to follow along with the presentation.","The class ""Overhead projector"" is a subclass of the class ""Audiovisual equipment""."
http://iasted#Payment_document,Target,Class,payment document,"In the context of a conference, a ""Payment_document"" typically refers to a document that serves as proof of payment for conference-related expenses. This could include registration fees, accommodation costs, or any other charges associated with attending the conference. The document might be a receipt, an invoice, or a confirmation email that verifies the payment has been made.","Sure, here are the triples verbalised into phrases:

1. ""Bank_transfer"" is a subclass of ""Payment_document"".
2. ""Cheque"" is a subclass of ""Payment_document"".
3. ""Payment_document"" is a subclass of ""Document"".The given subgraph can be described in natural language as follows:

There are two classes, ""Payment_document"" and ""Fee"". The class ""Payment_document"" is a subclass of a restriction that is designed for a union of ""Fee"" and ""Tax"". The class ""Fee"" is a subclass of a restriction that is paid with a union of ""Credit_card"" and ""Payment_document"".

To break it down further:
1. ""Payment_document"" is a subclass of a restriction where the property ""is_designed_for"" has some values from a union of ""Fee"" and ""Tax"".
2. ""Fee"" is a subclass of a restriction where the property ""is_paid_with"" has some values from a union of ""Credit_card"" and ""Payment_document"".
3. The union of ""Fee"" and ""Tax"" is represented as a list where ""Fee"" is the first element and ""Tax"" is the next element.
4. The union of ""Credit_card"" and ""Payment_document"" is represented as a list where ""Credit_card"" is the first element and ""Payment_document"" is the next element.

In summary, ""Payment_document"" is designed for either a ""Fee"" or a ""Tax"", and ""Fee"" is paid with either a ""Credit_card"" or a ""Payment_document""."
http://iasted#Person,Target,Class,person,"In the context of a conference, a ""person"" typically refers to an individual who is attending or participating in the event. This could include speakers, attendees, organizers, panelists, or any other individuals involved in the conference activities.","Sure, here are the triples verbalized into phrases:

1. A ""Delegate"" is a subclass of ""Person"".
2. A ""Sponsor"" is a subclass of ""Person"".
3. The action ""give"" is performed by a ""Person"".
4. The action ""is_given_by"" is received by a ""Person"".
5. The action ""is_given_to"" is received by a ""Person"".
6. The action ""is_needed_for"" is required by a ""Person"".
7. The action ""is_occupied_by"" is performed by a ""Person"".
8. The action ""is_paid_by"" is performed by a ""Person"".
9. The action ""is_prepared_by"" is performed by a ""Person"".
10. The action ""is_present"" is performed by a ""Person"".
11. The action ""is_present_in"" is performed by a ""Person"".
12. The action ""is_sent_by"" is performed by a ""Person"".
13. The action ""is_signed_by"" is performed by a ""Person"".
14. The action ""is_used_by"" is performed by a ""Person"".
15. The action ""is_visited_by"" is performed by a ""Person"".
16. The action ""is_written_by"" is performed by a ""Person"".
17. The action ""need"" is performed by a ""Person"".
18. The action ""obtain"" is performed by a ""Person"".
19. The action ""occupy"" is performed by a ""Person"".
20. The action ""pay"" is performed by a ""Person"".
21. The action ""prepare"" is performed by a ""Person"".
22. The action ""send"" is performed by a ""Person"".
23. The action ""sign"" is performed by a ""Person"".
24. The action ""speak_in"" is performed by a ""Person"".
25. The action ""write"" is performed by a ""Person"".The given subgraph describes a set of classes and their relationships. Here is a natural language description of the subgraph:

1. There is a class represented by the identifier `_:Nbebaab4f824849abb3919162f0db7f0d`. This class is defined as the union of another class represented by `_:Nce2ce1074fb94be2b86bb1dbb6e56706`.

2. The class `_:Nce2ce1074fb94be2b86bb1dbb6e56706` is a list where the first element is `Activity` and the rest of the list is another list represented by `_:Nad494006de4946128b0cf9e38f86ee47`.

3. The list `_:Nad494006de4946128b0cf9e38f86ee47` has `Person` as its first element and `nil` as its rest, indicating the end of the list.

4. The class `_:Nbebaab4f824849abb3919162f0db7f0d` is connected to the property `is_connected_with` as its domain.

5. There is another class represented by `_:Nd1de04ac71da45e5b4f6cd771dd244a0`. This class is defined as the union of a list represented by `_:Na909ebea7dc942269b7e907090f3145c`.

6. The list `_:Na909ebea7dc942269b7e907090f3145c` has `Person` as its first element and another list represented by `_:N096a8328b2d74348918902e09ddf84a4` as its rest.

7. The list `_:N096a8328b2d74348918902e09ddf84a4` has `Item` as its first element and `nil` as its rest, indicating the end of the list.

8. There is a class represented by `_:N6d0082d92eea4b65abf7d5ef45f4f79e`. This class is defined as the union of another list represented by `_:N622e5f0158ba4f8493c6c251d57e06ec`.

9. The list `_:N622e5f0158ba4f8493c6c251d57e06ec` has `Person` as its first element and another list represented by `_:N1afe4eaee2404535ba9c0fca5c8d720f` as its rest.

10. The list `_:N1afe4eaee2404535ba9c0fca5c8d720f` has `Activity` as its first element and `nil` as its rest, indicating the end of the list.

11. The property `is_designed_for` has the class `_:N6d0082d92eea4b65abf7d5ef45f4f79e` as its range.

In summary, the subgraph describes several classes and their compositions using union operations and lists, along with properties that connect these classes."
http://iasted#Place,Target,Class,place,"In the context of a conference, ""place"" typically refers to the physical location or venue where the conference is being held. This could be a convention center, hotel, university campus, or any other facility equipped to host such events. The ""place"" includes the specific address and any relevant details about the site that attendees need to know, such as room numbers, building names, or specific areas within a larger complex.","Sure, here are the triples verbalised into phrases:

1. A Building is a subclass of a Place.
2. A Conference hall is a subclass of a Place.
3. A Hotel room is a subclass of a Place.
4. A Main office is a subclass of a Place.
5. A Session room is a subclass of a Place.
6. The property ""is equipped by"" has a domain of Place.The given subgraph represents a complex structure of classes, properties, and restrictions. Here is a natural language description of the subgraph:

1. **Classes and Subclasses:**
   - `Place` is a subclass of a restriction on the property `is_situated_in` with some values from `Conference_state`.
   - `Place` is also a subclass of a restriction on the property `is_situated_in` with some values from `Conference_city`.
   - `Place` is a subclass of a restriction on the property `is_situated_in` with some values from `Conference_city`.
   - `Time`, `State`, `City`, `Building`, and `Item` are all classes.
   - `Place` is a class that is part of several unions.

2. **Unions:**
   - There are several union classes:
     - One union includes `Place` and `Time`.
     - Another union includes `Place`, `State`, and `Building`.
     - Another union includes `Place` and `City`.
     - Another union includes `Place` and `Item`.
     - Another union includes `Place` and `Time`.
     - Another union includes `Place` and `Time`.
     - Another union includes `Place` and `Time`.
     - Another union includes `Place` and `Time`.
     - Another union includes `Place` and `Time`.
     - Another union includes `Place` and `Time`.
     - Another union includes `Place` and `Time`.
     - Another union includes `Place` and `Time`.
     - Another union includes `Place` and `Time`.
     - Another union includes `Place` and `Time`.
     - Another union includes `Place` and `Time`.
     - Another union includes `Place` and `Time`.
     - Another union includes `Place` and `Time`.
     - Another union includes `Place` and `Time`.
     - Another union includes `Place` and `Time`.
     - Another union includes `Place` and `Time`.
     - Another union includes `Place` and `Time`.
     - Another union includes `Place` and `Time`.
     - Another union includes `Place` and `Time`.
     - Another union includes `Place` and `Time`.
     - Another union includes `Place` and `Time`.
     - Another union includes `Place` and `Time`.
     - Another union includes `Place` and `Time`.
     - Another union includes `Place` and `Time`.
     - Another union includes `Place` and `Time`.
     - Another union includes `Place` and `Time`.
     - Another union includes `Place` and `Time`.
     - Another union includes `Place` and `Time`.
     - Another union includes `Place` and `Time`.
     - Another union includes `Place` and `Time`.
     - Another union includes `Place` and `Time`.
     - Another union includes `Place` and `Time`.
     - Another union includes `Place` and `Time`.
     - Another union includes `Place` and `Time`.
     - Another union includes `Place` and `Time`.
     - Another union includes `Place` and `Time`.
     - Another union includes `Place` and `Time`.
     - Another union includes `Place` and `Time`.
     - Another union includes `Place` and `Time`.
     - Another union includes `Place` and `Time`.
     - Another union includes `Place` and `Time`.
     - Another union includes `Place` and `Time`.
     - Another union includes `Place` and `Time`.
     - Another union includes `Place` and `Time`.
     - Another union includes `Place` and `Time`.
     - Another union includes `Place` and `Time`.
     - Another union includes `Place` and `Time`.
     - Another union includes `Place` and `Time`.
     - Another union includes `Place` and `Time`.
     - Another union includes `Place` and `Time`.
     - Another union includes `Place` and `Time`.
     - Another union includes `Place` and `Time`.
     - Another union includes `Place` and `Time`.
     - Another union includes `Place` and `Time`.
     - Another union includes `Place` and `Time`.
     - Another union includes `Place` and `Time`.
     - Another union includes `Place` and `Time`.
     - Another union includes `Place` and `Time`.
     - Another union includes `Place` and `Time`.
     - Another union includes `Place` and `Time`.
     - Another union includes `Place` and `Time`.
     - Another union includes `Place` and `Time`.
     - Another union includes `Place` and `Time`.
     - Another union includes `Place` and `Time`.
     - Another union includes `Place` and `Time`.
     - Another union includes `Place` and `Time`.
     - Another union includes `Place` and `Time`.
     - Another union includes `Place` and `Time`.
     - Another union includes `Place` and `Time`.
     - Another union includes `Place` and `Time`.
     - Another union includes `Place` and `Time`.
     - Another union includes `Place` and `Time`.
     - Another union includes `Place` and `Time`.
     - Another union includes `Place` and `Time`.
     - Another union includes `Place` and `Time`.
     - Another union includes `Place` and `Time`.
     - Another union includes `Place` and `Time`.
     - Another union includes `Place` and `Time`.
     - Another union includes `Place` and `Time`.
     - Another union includes `Place` and `Time`.
     - Another union includes `Place` and `Time`.
     - Another union includes `Place` and `Time`.
     - Another union includes `Place` and `Time`.
     - Another union includes `Place` and `Time`.
     - Another union includes `Place` and `Time`.
     - Another union includes `Place` and `Time`.
     - Another union includes `Place` and `Time`.
     - Another union includes `Place` and `Time`.
     - Another union includes `Place` and `Time`.
     - Another union includes `Place` and `Time`.
     - Another union includes `Place` and `Time`.
     - Another union includes `Place` and `Time`.
     - Another union includes `Place` and `Time`.
     - Another union includes `Place` and `Time`.
     - Another union includes `Place` and `Time`.
     - Another union includes `Place` and `Time`.
     - Another union includes `Place` and `Time`.
     - Another union includes `Place` and `Time`.
     - Another union includes `Place` and `Time`.
     - Another union includes `Place` and `Time`.
     - Another union includes `Place` and `Time`.
     - Another union includes `Place` and `Time`.
     - Another union includes `Place` and `Time`.
     - Another union includes `Place` and `Time`.
     - Another union includes `Place` and `Time`.
     - Another union includes `Place` and `Time`.
     - Another union includes `Place` and `Time`.
     - Another union includes `Place` and `Time`.
     - Another union includes `Place` and `Time`.
     - Another union includes `Place` and `Time`.
     - Another union includes `Place` and `Time`.
     - Another union includes `Place` and `Time`.
     - Another union includes `Place` and `Time`.
     - Another union includes `Place` and `Time`.
     - Another union includes `Place` and `Time`.
     - Another union includes `Place` and `Time`.
     - Another union includes `Place` and `Time`.
     - Another union includes `Place` and `Time`.
     - Another union includes `Place` and `Time`.
     - Another union includes `Place` and `Time`.
     - Another union includes `Place` and `Time`.
     - Another union includes `Place` and `Time`.
     - Another union includes `Place` and `Time`.
     - Another union includes `Place` and `Time`.
     - Another union includes `Place` and `Time`.
     - Another union includes `Place` and `Time`.
     - Another union includes `Place` and `Time`.
     - Another union includes `Place` and `Time`.
     - Another union includes `Place` and `Time`.
     - Another union includes `Place` and `Time`.
     - Another union includes `Place` and `Time`.
     - Another union includes `Place` and `Time`.
     - Another union includes `Place` and `Time`.
     - Another union includes `Place` and `Time`.
     - Another union includes `Place` and `Time`.
     - Another union includes `Place` and `Time`.
     - Another union includes `Place` and `Time`.
     - Another union includes `Place` and `Time`.
     - Another union includes `Place` and `Time`.
     - Another union includes `Place` and `Time`.
     - Another union includes `Place` and `Time`.
     - Another union includes `Place` and `Time`.
     - Another union includes `Place` and `Time`.
     - Another union includes `Place` and `Time`.
     - Another union includes `Place` and `Time`.
     - Another union includes `Place` and `Time`.
     - Another union includes `Place` and `Time`.
     - Another union includes `Place` and `Time`.
     - Another union includes `Place` and `Time`.
     - Another union includes `Place` and `Time`.
     - Another union includes `Place` and `Time`.
     - Another union includes `Place` and `Time`.
     - Another union includes `Place` and `Time`.
     - Another union includes `Place` and `Time`.
     - Another union includes `Place` and `Time`.
     - Another union includes `Place` and `Time`.
     - Another union includes `Place` and `Time`.
     - Another union includes `Place` and `Time`.
     - Another union includes `Place` and `Time`.
     - Another union includes `Place` and `Time`.
     - Another union includes `Place` and `Time`.
     - Another union includes `Place` and `Time`.
     - Another union includes `Place` and `Time`.
     - Another union includes `Place` and `Time`.
     - Another union includes `Place` and `Time`.
     - Another union includes `Place` and `Time`.
     - Another union includes `Place` and `Time`.
     - Another union includes `Place` and `Time`.
     - Another union includes `Place` and `Time`.
     - Another union includes `Place` and `Time`.
     - Another union includes `Place` and `Time`.
     - Another union includes `Place` and `Time`.
     - Another union includes `Place` and `Time`.
     - Another union includes `Place` and `Time`.
     - Another union includes `Place` and `Time`.
     - Another union includes `Place` and `Time`.
     - Another union includes `Place` and `Time`.
     - Another union includes `Place` and `Time`.
     - Another union includes `Place` and `Time`.
     - Another union includes `Place` and `Time`.
     - Another union includes `Place` and `Time`.
     - Another union includes `Place` and `Time`.
     - Another union includes `Place` and `Time`.
     - Another union includes `Place` and `Time`.
     - Another union includes `Place` and `Time`.
     - Another union includes `Place` and `Time`.
     - Another union includes `Place` and `Time`.
     - Another union includes `Place` and `Time`.
     - Another union includes `Place` and `Time`.
     - Another union includes `Place` and `Time`.
     - Another union includes `Place` and `Time`.
     - Another union includes `Place` and `Time`.
     - Another union includes `Place` and `Time`.
     - Another union includes `Place` and `Time`.
     - Another union includes `Place` and `Time`.
     - Another union includes `Place` and `Time`.
     - Another union includes `Place` and `Time`.
     - Another union includes `Place` and `Time`.
     - Another union includes `Place` and `Time`.
     - Another union includes `Place` and `Time`.
     - Another union includes `Place` and `Time`.
     - Another union includes `Place` and `Time`.
     - Another union includes `Place` and `Time`.
     - Another union includes `Place` and `Time`.
     - Another union includes `Place` and `Time`.
     - Another union includes `Place` and `Time`.
     - Another union includes `Place` and `Time`.
     - Another union includes `Place` and `Time`.
     - Another union includes `Place` and `Time`.
     - Another union includes `Place` and `Time`.
     - Another union includes `Place` and `Time`.
     - Another union includes `Place` and `Time`.
     - Another union includes `Place` and `Time`.
     - Another union includes `Place` and `Time`.
     - Another union includes `Place` and `Time`.
     - Another union includes `Place` and `Time`.
     - Another union includes `Place` and `Time`.
     - Another union includes `Place` and `Time`.
     - Another union includes `Place` and `Time`.
     - Another union includes `Place` and `Time`.
     - Another union includes `Place` and `Time`.
     - Another union includes `Place` and `Time`.
     - Another union includes `Place` and `Time`.
     - Another union includes `Place` and `Time`.
     - Another union includes `Place` and `Time`.
     - Another union includes `Place` and `Time`.
     - Another union includes `Place` and `Time`.
     - Another union includes `Place` and `Time`.
     - Another union includes `Place` and `Time`.
     - Another union includes `Place` and `Time`.
     - Another union includes `Place` and `Time`.
     - Another union includes `Place` and `Time`.
     - Another union includes `Place` and `Time`.
     - Another union includes `Place` and `Time`.
     - Another union includes `Place` and `Time`.
     - Another union includes `Place` and `Time`.
     - Another union includes `Place` and `Time`.
     - Another union includes `Place` and `Time`.
     - Another union includes `Place` and `Time`.
     - Another union includes `Place` and `Time`.
     - Another union includes `Place` and `Time`.
     - Another union includes `Place` and `Time`.
     - Another union includes `Place` and `Time`.
     - Another union includes `Place` and `Time`.
     - Another union includes `Place` and `Time`.
     - Another union includes `Place` and `Time`.
     - Another union includes `Place` and `Time`.
     - Another union includes `Place` and `Time`.
     - Another union includes `Place` and `Time`.
     - Another union includes `Place` and `Time`.
     - Another union includes `Place` and `Time`.
     - Another union includes `Place` and `Time`.
     - Another union includes `Place` and `Time`.
     - Another union includes `Place` and `Time`.
     - Another union includes `Place` and `Time`.
     - Another union includes `Place` and `Time`.
     - Another union includes `Place` and `Time`.
     - Another union includes `Place` and `Time`.
     - Another union includes `Place` and `Time`.
     - Another union includes `Place` and `Time`.
     - Another union includes `Place` and `Time`.
     - Another union includes `Place` and `Time`.
     - Another union includes `Place` and `Time`.
     - Another union includes `Place` and `Time`.
     - Another union includes `Place` and `Time`.
     - Another union includes `Place` and `Time`.
     - Another union includes `Place` and `Time`.
     - Another union includes `Place` and `Time`.
     - Another union includes `Place` and `Time`.
     - Another union includes `Place` and `Time`.
     - Another union includes `Place` and `Time`.
     - Another union includes `Place` and `Time`.
     - Another union includes `Place` and `Time`.
     - Another union includes `Place` and `Time`.
     - Another union includes `Place` and `Time`.
     - Another union includes `Place` and `Time`.
     - Another union includes `Place` and `Time`.
     - Another union includes `Place` and `Time`.
     - Another union includes `Place` and `Time`.
     - Another union includes `Place` and `Time`.
     - Another union includes `Place` and `Time`.
     - Another union includes `Place` and `Time`.
     - Another union includes `Place` and `Time`.
     - Another union includes `Place` and `Time`.
     - Another union includes `Place` and `Time`.
     - Another union includes `Place` and `Time`.
     - Another union includes `Place` and `Time`.
     - Another union includes `Place` and `Time`.
     - Another union includes `Place` and `Time`.
     - Another union includes `Place` and `Time`.
     - Another union includes `Place` and `Time`.
     - Another union includes `Place` and `Time`.
     - Another union includes `Place` and `Time`.
     - Another union includes `Place` and `Time`.
     - Another union includes `Place` and `Time`.
     - Another union includes `Place` and `Time`.
     - Another union includes `Place` and `Time`.
     - Another union includes `Place` and `Time`.
     - Another union includes `Place` and `Time`.
     - Another union includes `Place` and `Time`.
     - Another union includes `Place` and `Time`.
     - Another union includes `Place` and `Time`.
     - Another union includes `Place` and `Time`.
     - Another union includes `Place` and `Time`.
     - Another union includes `Place` and `Time`.
     - Another union includes `Place` and `Time`.
     - Another union includes `Place` and `Time`.
     - Another union includes `Place` and `Time`.
     - Another union includes `Place` and `Time`.
     - Another union includes `Place` and `Time`.
     - Another union includes `Place` and `Time`.
     - Another union includes `Place` and `Time`.
     - Another union includes `Place` and `Time`.
     - Another union includes `Place` and `Time`.
     - Another union includes `Place` and `Time`.
     - Another union includes `Place` and `Time`.
     - Another union includes `Place` and `Time`.
     - Another union includes `Place` and `Time`.
     - Another union includes `Place` and `Time`.
     - Another union includes `Place` and `Time`.
     - Another union includes `Place` and `Time`.
     - Another union includes `Place` and `Time`.
     - Another union includes"
http://iasted#Plenary_lecture,Target,Class,plenary lecture,"In the context of a conference, a ""plenary lecture"" refers to a session where a keynote speaker addresses all the attendees. This lecture is typically scheduled to be of broad interest and importance, often featuring a distinguished expert who provides insights on a significant topic relevant to the conference's theme. The plenary lecture is designed to bring together all participants in a single session, as opposed to parallel sessions or smaller breakout groups.","The class ""Plenary_lecture"" is a subclass of the class ""Lecture"".The subgraph describes a relationship between ""Tutorial_speaker,"" ""Plenary_lecture,"" and ""Plenary_lecture_speaker"" through a series of equivalences and restrictions. Specifically:

1. A ""Tutorial_speaker"" is equivalent to an entity that gives some ""Plenary_lecture.""
2. A ""Plenary_lecture"" is equivalent to an entity that is given by some ""Plenary_lecture_speaker.""
3. Both ""Tutorial_speaker"" and ""Plenary_lecture"" are defined through restrictions:
   - The restriction for ""Tutorial_speaker"" involves the property ""give"" and the value ""Plenary_lecture.""
   - The restriction for ""Plenary_lecture"" involves the property ""is_given_by"" and the value ""Plenary_lecture_speaker.""

In summary, a ""Tutorial_speaker"" is someone who gives a ""Plenary_lecture,"" and a ""Plenary_lecture"" is something that is given by a ""Plenary_lecture_speaker."""
http://iasted#Plenary_lecture_speaker,Target,Class,plenary lecture speaker,"In the context of a conference, a ""Plenary Lecture Speaker"" refers to an individual who delivers a plenary lecture. A plenary lecture is a session that is typically scheduled for all attendees to attend, as it is considered a highlight of the conference. The speaker is usually a distinguished expert or a prominent figure in the field relevant to the conference, and their lecture is intended to address broad and significant topics of interest to the entire audience.","The class ""Plenary lecture speaker"" is a subclass of the class ""Author"".The provided subgraph can be described in natural language as follows:

A ""Plenary lecture speaker"" is defined as someone who gives a tutorial. Additionally, a ""Plenary lecture"" is defined as a lecture that is given by a ""Plenary lecture speaker."" A ""Plenary lecture speaker"" is also someone who speaks in a conference hall."
http://iasted#PowerPoint_presentation,Target,Class,powerpoint presentation,"In the context of a conference, a ""PowerPoint presentation"" refers to a visual and often interactive display created using Microsoft PowerPoint software. It typically consists of a series of slides that include text, images, charts, videos, and other multimedia elements. These presentations are used by speakers to convey information, support their speech, and engage the audience more effectively during their session at the conference.","The class ""PowerPoint presentation"" is a subclass of the class ""Presentation""."
http://iasted#Presentation,Target,Class,presentation,"In the context of a conference, a presentation refers to the act of delivering information, research findings, or insights to an audience. This typically involves the use of visual aids such as slides, charts, or videos, and is often followed by a question-and-answer session. The goal of a presentation at a conference is to share knowledge, engage with attendees, and foster discussion on the topic being presented.","Sure, here are the triples verbalised into phrases:

1. A PowerPoint presentation is a subclass of a presentation.
2. A video presentation is a subclass of a presentation.
3. A presentation is a subclass of a conference activity."
http://iasted#Presenter_city,Target,Class,presenter city,"In the context of a conference, ""Presenter_city"" refers to the city where the presenter or speaker is based or from which they are traveling to attend and present at the conference. This information is often used for logistical purposes, such as arranging travel, accommodation, and understanding the geographical diversity of the conference participants.","The class ""Presenter_city"" is a subclass of the class ""City"".The given subgraph can be described in natural language as follows:

1. **Presenter_house** is a subclass of a restriction that specifies it is situated in a **Presenter_city**.
2. **Presenter_city** is a subclass of a restriction that specifies it is occupied by a **Delegate**.
3. **Presenter_university** is a subclass of a restriction that specifies it is situated in a **Presenter_city**.
4. **Delegate** is a subclass of a restriction that specifies it occupies a **Presenter_city**.

In more detail:
- There is a restriction (denoted as **_:N80a87e17f6a6482da94f86cad059d032**) that applies to the property **is_situated_in** and has some values from **Presenter_city**.
- **Presenter_house** is a subclass of this restriction.
- There is another restriction (denoted as **_:N06a69e86701d40a2ad4114fe2be31ab2**) that applies to the property **is_occupied_by** and has some values from **Delegate**.
- **Presenter_city** is a subclass of this restriction.
- There is a restriction (denoted as **_:N4060e0e9bd81459882758e4785f93239**) that applies to the property **is_situated_in** and has some values from **Presenter_city**.
- **Presenter_university** is a subclass of this restriction.
- There is a restriction (denoted as **_:Ncc53518a0b6d4688bd28a24a660d8c0f**) that applies to the property **occupy** and has some values from **Presenter_city**.
- **Delegate** is a subclass of this restriction."
http://iasted#Presenter_house,Target,Class,presenter house,"In the context of a conference, ""Presenter_house"" typically refers to the designated area or space where the presenters or speakers are accommodated. This could be a specific room, lounge, or section within the conference venue where presenters can prepare, relax, and organize their materials before and after their presentations. It serves as a backstage area for those who are delivering talks or presentations at the event.","The class ""Presenter_house"" is a subclass of the class ""Building"".The subgraph describes the following relationships and restrictions:

1. A ""Presenter_house"" is a subclass of three different restrictions:
   - One restriction specifies that a ""Presenter_house"" is situated in a ""Presenter_city"".
   - Another restriction specifies that a ""Presenter_house"" is situated in a ""Presenter_state"".
   - The third restriction specifies that a ""Presenter_house"" is occupied by a ""Delegate"".

2. The ""Delegate"" class is a subclass of a restriction that specifies that a ""Delegate"" occupies a ""Presenter_house"".

In summary, a ""Presenter_house"" is a type of house that is located in a specific city and state, and it is occupied by a delegate. The delegate, in turn, is defined as someone who occupies a presenter house."
http://iasted#Presenter_state,Target,Class,presenter state,"In the context of a conference, ""Presenter_state"" typically refers to the current status or condition of the presenter. This could include whether the presenter is actively presenting, preparing to present, on standby, or has completed their presentation. It may also encompass the presenter's readiness, engagement level, or any technical issues they might be experiencing.","The class ""Presenter_state"" is a subclass of the class ""State"".The subgraph describes a set of relationships and restrictions involving presenters, delegates, and their associated locations. Here is a natural language description of the subgraph:

1. **Presenter House**:
   - A ""Presenter House"" is a subclass of a restriction that specifies it is situated in a ""Presenter State"".

2. **Presenter University**:
   - A ""Presenter University"" is a subclass of a restriction that specifies it is situated in a ""Presenter State"".

3. **Delegate**:
   - A ""Delegate"" is a subclass of a restriction that specifies it occupies a ""Presenter State"".

4. **Presenter State**:
   - A ""Presenter State"" is a subclass of a restriction that specifies it is occupied by a ""Delegate"".

In summary, the subgraph defines that both ""Presenter House"" and ""Presenter University"" are situated in a ""Presenter State"". Additionally, a ""Delegate"" occupies a ""Presenter State"", and a ""Presenter State"" is occupied by a ""Delegate""."
http://iasted#Presenter_university,Target,Class,presenter university,"In the context of a conference, ""Presenter_university"" refers to the academic institution or university that the presenter is affiliated with. This information is typically included in the conference program or schedule to provide attendees with background on the presenter's academic or professional credentials.","The class ""Presenter_university"" is a subclass of the class ""Building"".The description can be verbalized as follows:

A ""Presenter_university"" is a subclass of two restrictions. The first restriction specifies that the university is situated in some ""Presenter_state"". The second restriction specifies that the university is situated in some ""Presenter_city"". Both restrictions are based on the property ""is_situated_in""."
http://iasted#Publication,Target,Class,publication,"In the context of a conference, a ""publication"" typically refers to the formal dissemination of research findings, papers, or articles that have been presented at the conference. These publications are often compiled into conference proceedings, which may be distributed in print or digital formats. The purpose of these publications is to share new knowledge, innovations, and advancements with the broader academic and professional community.","Sure, here are the triples verbalized into phrases:

1. ""Book_proceeding"" is a subclass of ""Publication"".
2. ""Cd_proceening"" is a subclass of ""Publication"".
3. ""Publication"" is a subclass of ""Item"".The class ""Publication"" is a subclass of a restriction. This restriction specifies that the property ""is made from"" must have some values from the class ""Final manuscript""."
http://iasted#Receiving_manuscript,Target,Class,receiving manuscript,"In the context of a conference, ""Receiving_manuscript"" refers to the process where the conference organizers or the designated committee receive the research papers or manuscripts submitted by authors for consideration. This typically involves the submission of completed research work that the authors wish to present at the conference. The received manuscripts are then reviewed, often through a peer-review process, to determine their suitability for inclusion in the conference program.","The class ""Receiving_manuscript"" is a subclass of the class ""Activity_before_conference""."
http://iasted#Record_of_attendance,Target,Class,record of attendance,"In the context of a conference, a ""Record of Attendance"" refers to a documented account or list that tracks the presence of participants at the event. This record typically includes details such as the names of attendees, the sessions or activities they attended, and the dates and times of their participation. It serves as an official verification that individuals were present at the conference, which can be useful for various purposes such as certification, continuing education credits, or organizational record-keeping.","The class ""Record of attendance"" is a subclass of the class ""Document"".The provided subgraph can be described in natural language as follows:

A ""Record of attendance"" is a subclass of a restriction that requires it to be signed by a ""Listener"". Additionally, a ""Record of attendance"" must be situated in a ""Session room"". A ""Listener"" is a subclass of a restriction that requires them to sign a ""Record of attendance""."
http://iasted#Refusing_manuscript,Target,Class,refusing manuscript,"In the context of a conference, ""Refusing_manuscript"" refers to the decision made by the conference organizers or reviewers to reject a submitted manuscript. This means that the paper or article submitted by an author will not be accepted for presentation or publication at the conference. The refusal could be due to various reasons such as not meeting the conference's standards, relevance, quality, or originality.","The class ""Refusing_manuscript"" is a subclass of the class ""Activity_before_conference"".The class ""Initial_manuscript"" is a subclass of a restriction that involves the property ""go_through"". This restriction specifies that the property ""go_through"" must have some values from the class ""Refusing_manuscript""."
http://iasted#Registation_deadline,Target,Class,registation deadline,"In the context of a conference, the term ""registration deadline"" refers to the final date by which participants must complete their registration to attend the event. This deadline is set by the conference organizers and is important for planning purposes, such as arranging accommodations, preparing materials, and finalizing the schedule. Missing the registration deadline may result in not being able to attend the conference or incurring additional fees.","The class ""Registration_deadline"" is a subclass of the class ""Deadline"".The class ""Registration_form"" is a subclass of a restriction that specifies that the property ""is_sent_before"" must have some values from the class ""Registration_deadline""."
http://iasted#Registration,Target,Class,registration,"In the context of a conference, ""registration"" refers to the process by which individuals sign up or enroll to attend the event. This typically involves providing personal information, selecting sessions or workshops to attend, and often paying a fee. Registration ensures that the organizers can manage attendance, prepare materials, and plan logistics effectively.","The class ""Registration"" is a subclass of the class ""Conference_activity"".The provided subgraph describes a class called ""Delegate"" and its relationships with various restrictions and properties. Here is a natural language description of the subgraph:

1. **Delegate Class**:
   - The class ""Delegate"" is defined as an equivalent class to a complex intersection of restrictions.

2. **Intersection of Restrictions**:
   - The ""Delegate"" class is an intersection of three restrictions:
     1. **First Restriction**:
        - This restriction specifies that a delegate must go through a ""Registration"" process.
     2. **Second Restriction**:
        - This restriction specifies that a delegate must be present in ""Conference_days"".
     3. **Third Restriction**:
        - This restriction specifies that a delegate must be present in a ""Conference_building"".

3. **Properties and Relationships**:
   - The ""Registration"" process is designed for delegates.
   - The ""is_present_in"" property is used to indicate the presence of delegates in both ""Conference_days"" and ""Conference_building"".
   - The ""go_through"" property is used to indicate that delegates must go through the ""Registration"" process.

4. **Class Hierarchy**:
   - The ""Registration"" class is a subclass of a restriction that is designed for delegates.

In summary, a ""Delegate"" is defined as someone who goes through a registration process, is present during conference days, and is present in a conference building. The registration process itself is specifically designed for delegates."
http://iasted#Registration_fee,Target,Class,registration fee,"In the context of a conference, the term ""registration fee"" refers to the amount of money that participants are required to pay in order to attend the event. This fee typically covers various costs associated with organizing the conference, such as venue rental, materials, meals, and administrative expenses. The registration fee may vary depending on factors like the type of attendee (e.g., student, professional, early bird), the duration of the conference, and any additional activities or workshops included.","Sure, here are the triples verbalised into phrases:

1. ""Author attendee book registration fee is a subclass of Registration fee.""
2. ""Author attendee CD registration fee is a subclass of Registration fee.""
3. ""Member registration fee is a subclass of Registration fee.""
4. ""Nonauthor registration fee is a subclass of Registration fee.""
5. ""Nonmember registration fee is a subclass of Registration fee.""
6. ""Student registration fee is a subclass of Registration fee.""
7. ""Registration fee is a subclass of Fee.""The given subgraph can be described in natural language as follows:

A ""Registration_fee"" is a type of fee that is associated with a ""Conference_activity"". Specifically, the ""Registration_fee"" is something that is paid for a ""Conference_activity"". Additionally, a ""Delegate"" is a type of entity that pays the ""Registration_fee"". The ""Registration_fee"" is paid by the ""Delegate""."
http://iasted#Registration_form,Target,Class,registration form,"In the context of a conference, a ""registration form"" is a document or online form that participants fill out to sign up for the event. This form typically collects essential information such as the attendee's name, contact details, organization, and sometimes additional details like session preferences, dietary restrictions, and payment information. The purpose of the registration form is to manage attendance, plan logistics, and ensure that the conference organizers have all the necessary information to accommodate and communicate with the participants effectively.","The class ""Registration_form"" is a subclass of the class ""Form"".The description of the subgraph in natural language is as follows:

A ""Delegate"" is a subclass that is restricted by the property ""send"" and must send some ""Registration_form"". The ""Registration_form"" itself is a subclass that is restricted by the property ""is_sent_by"" and must be sent by some ""Delegate"". Additionally, the ""Registration_form"" is also restricted by the property ""is_sent_before"" and must be sent before some ""Registration_deadline""."
http://iasted#Renting,Target,Class,renting,"In the context of a conference, ""renting"" typically refers to the act of temporarily acquiring the use of a venue, equipment, or other necessary resources for the duration of the event. This could include renting a conference hall, audio-visual equipment, chairs, tables, or even services like catering and technical support. The goal is to ensure that all logistical needs are met to facilitate a successful conference.","""Renting"" is a subclass of ""Activity before conference"".The class ""Renting"" is a subclass of a restriction that specifies that there must be some values from the class ""Car"" for the property ""is_connected_with""."
http://iasted#Research,Target,Class,research,"In the context of a conference, ""research"" refers to the systematic investigation and study of materials and sources in order to establish facts and reach new conclusions. It involves presenting findings, methodologies, and insights that contribute to the body of knowledge in a particular field. Researchers typically share their work through presentations, papers, and discussions, aiming to advance understanding, foster collaboration, and inspire further inquiry among attendees.","Sure, here are the triples verbalised into phrases:

1. ""Modelling"" is a subclass of ""Research"".
2. ""Simulating"" is a subclass of ""Research"".
3. ""Research"" is a subclass of ""Activity before conference""."
http://iasted#Review,Target,Class,review,"In the context of a conference, a ""review"" typically refers to the evaluation or assessment of submitted papers, presentations, or proposals by a panel of experts or peers. This process is crucial for maintaining the quality and relevance of the conference content. Reviewers provide feedback, suggest improvements, and recommend whether a submission should be accepted, revised, or rejected.","The class ""Review"" is a subclass of the class ""Document"".The given subgraph can be described in natural language as follows:

A ""Review"" is a subclass of an unnamed class (let's call it Class A). Class A is defined by a restriction on the property ""is written by,"" which must have some values from the class ""Reviewer.""

A ""Reviewer"" is equivalent to an unnamed class (let's call it Class B). Class B is defined by a restriction on the property ""give,"" which must have some values from the class ""Review.""

In summary, a ""Review"" is something that is written by a ""Reviewer,"" and a ""Reviewer"" is someone who gives a ""Review."""
http://iasted#Reviewer,Target,Class,reviewer,"In the context of a conference, a reviewer is an individual who evaluates and assesses the quality, relevance, and originality of submitted papers or presentations. Reviewers provide feedback and recommendations regarding whether a submission should be accepted, revised, or rejected. Their role is crucial in maintaining the academic and professional standards of the conference.","The class ""Reviewer"" is a subclass of the class ""Speaker"".The given subgraph can be described in natural language as follows:

A ""Review"" is a subclass of an unnamed class (let's call it Class A). Class A is defined by a restriction on the property ""is written by,"" which must have some values from the class ""Reviewer.""

A ""Reviewer"" is equivalent to an unnamed class (let's call it Class B). Class B is defined by a restriction on the property ""give,"" which must have some values from the class ""Review.""

In summary, a ""Review"" is something that is written by a ""Reviewer,"" and a ""Reviewer"" is someone who gives a ""Review."""
http://iasted#Session,Target,Class,session,"In the context of a conference, a ""session"" refers to a specific period of time during which a particular topic, presentation, discussion, or set of activities takes place. Sessions are typically scheduled in advance and can include keynote speeches, panel discussions, workshops, or breakout groups. Each session is designed to focus on a specific subject matter or theme relevant to the overall conference agenda.","Sure, here are the triples verbalised into phrases:

1. ""Speaker_lecture"" is a subclass of ""Session"".
2. ""Session"" is a subclass of ""Lecture"".The provided subgraph can be described in natural language as follows:

1. A **Session** is a subclass of a restriction that specifies it is held in a **Session_room**.
2. A **Session** is also a subclass of a restriction that specifies it is given by either an **Author** or a **Session_chair**.
3. A **Lecturer** is equivalent to a restriction that specifies they give a **Session**.

In more detail:
- The restriction on **Session** being held in a **Session_room** is defined by the property `is_held_in`.
- The restriction on **Session** being given by either an **Author** or a **Session_chair** is defined by the property `is_given_by` and involves a union of the classes **Author** and **Session_chair**.
- The equivalence of **Lecturer** to the restriction involves the property `give` and specifies that a **Lecturer** gives a **Session**."
http://iasted#Session_chair,Target,Class,session chair,"In the context of a conference, a ""Session Chair"" is an individual responsible for overseeing and managing a specific session or segment of the conference. Their duties typically include introducing speakers, ensuring that the session runs on schedule, facilitating discussions, and managing audience questions. The Session Chair plays a crucial role in maintaining the flow and organization of the session, ensuring that it proceeds smoothly and efficiently.","The class ""Session_chair"" is a subclass of the class ""Delegate"".The given subgraph can be described in natural language as follows:

1. **Session** is a subclass of a restriction that specifies that some values from the property **is_given_by** must be from a class that is a union of **Author** and **Session_chair**.
2. **Session_chair** is a subclass of a restriction that specifies that some values from the property **is_given_to** must be from the class **Session_chair**.
3. **Brief_introduction_for_Session_chair** is a subclass of a restriction that specifies that some values from the property **is_given_to** must be from the class **Session_chair**.
4. **Session_chair** is equivalent to a restriction that specifies that some values from the property **go_through** must be from the class **Introduction_of_speaker**.
5. **Session_chair** is a subclass of a restriction that specifies that some values from the property **obtain** must be from the class **Brief_introduction_for_Session_chair**.

In summary, the subgraph describes relationships and restrictions involving the classes **Session**, **Session_chair**, **Author**, **Brief_introduction_for_Session_chair**, and **Introduction_of_speaker**, focusing on properties like **is_given_by**, **is_given_to**, **go_through**, and **obtain**."
http://iasted#Session_room,Target,Class,session room,"In the context of a conference, a ""session room"" refers to a designated space where individual sessions, such as presentations, workshops, panel discussions, or seminars, are held. These rooms are typically equipped with the necessary audiovisual equipment and seating arrangements to facilitate the specific activities planned for each session.","The class ""Session_room"" is a subclass of the class ""Place"".The given subgraph can be described in natural language as follows:

1. A **Lecturer** is a type of entity that speaks in a **Session_room**.
2. A **Session** is held in a **Session_room**.
3. A **Session_room** is equipped with **Audiovisual_equipment**.
4. **Audiovisual_equipment** is situated in a **Session_room**.
5. A **Session_room** is situated in a **Conference_building**.
6. A **Conference_building** includes **Conference_hall** and **Session_room**.
7. A **Record_of_attendance** is situated in a **Session_room**.
8. A **Listener** is present in either a **Session_room** or a **Conference_hall**.

In summary, the relationships describe the roles and locations of various entities such as Lecturers, Sessions, Session rooms, Audiovisual equipment, Conference buildings, Records of attendance, and Listeners within a conference setting."
http://iasted#Shuttle_bus,Target,Class,shuttle bus,"In the context of a conference, a ""shuttle bus"" refers to a transportation service that runs on a regular schedule to transport attendees between different locations related to the event. This could include travel between hotels, the conference venue, nearby airports, and other relevant sites. The shuttle bus service is typically provided to ensure convenient and efficient travel for participants, helping them to easily attend various sessions, workshops, and networking events without the hassle of arranging their own transportation.","The class ""Shuttle_bus"" is a subclass of the class ""Transport_vehicle""."
http://iasted#Simulating,Target,Class,simulating,"In the context of a conference, ""simulating"" typically refers to the process of creating a virtual or artificial environment that mimics real-world scenarios or systems. This can be used for various purposes such as training, research, or demonstration. For example, a conference on medical technology might include a simulation of surgical procedures to showcase new techniques or tools.","""Simulating"" is a subclass of ""Research""."
http://iasted#Single_hotel_room,Target,Class,single hotel room,"In the context of a conference, a ""single hotel room"" refers to a hotel room that is intended for occupancy by one person. This type of room typically includes one bed and is designed to accommodate the needs of a single guest, providing privacy and comfort during their stay for the duration of the conference.","The class ""Single hotel room"" is a subclass of the class ""Hotel room""."
http://iasted#Social_program,Target,Class,social program,"In the context of a conference, a ""social program"" refers to a series of organized activities and events designed to provide attendees with opportunities for networking, relaxation, and informal interaction outside of the formal sessions and presentations. These activities can include dinners, receptions, cultural tours, entertainment, and other social gatherings that help foster connections among participants and enhance the overall conference experience.","Sure, here are the triples verbalized into phrases:

1. ""Dinner banquet is a subclass of Social program.""
2. ""Social program is a subclass of Conference activity.""A ""Social program"" is a subclass of a certain category that has a restriction. This restriction specifies that the social program is designed for some delegates."
http://iasted#Speaker,Target,Class,speaker,"In the context of a conference, a ""Speaker"" refers to an individual who is invited to deliver a talk, presentation, or lecture on a specific topic. This person is typically an expert or knowledgeable figure in their field and is responsible for sharing insights, information, and expertise with the conference attendees. The speaker's role is to engage the audience, provide valuable content, and often to inspire or educate those present.","Sure, here are the triples verbalised into phrases:

1. An Author is a subclass of a Speaker.
2. A Reviewer is a subclass of a Speaker.
3. A Non_speaker is disjoint with a Speaker.
4. A Speaker is a subclass of a Delegate.
5. A Speaker is disjoint with a Non_speaker.The provided subgraph can be described in natural language as follows:

1. A **Speaker** is a subclass of an entity that has a restriction on the property **give** with some values from **Lecture**.
2. A **Submission** is a subclass of an entity that has a restriction on the property **is written by** with some values from **Speaker**.
3. **Audiovisual equipment** is a subclass of an entity that has a restriction on the property **is used by** with some values from **Speaker**.
4. **Transparency** is a subclass of an entity that has a restriction on the property **is prepared by** with some values from **Speaker**.
5. A **Speaker** is also a subclass of an entity that has a restriction on the property **write** with some values from **Final manuscript**.

In summary, the subgraph describes various relationships and restrictions involving **Speakers**, **Lectures**, **Submissions**, **Audiovisual equipment**, **Transparencies**, and **Final manuscripts**."
http://iasted#Speaker_lecture,Target,Class,speaker lecture,"In the context of a conference, ""Speaker_lecture"" refers to a session or presentation delivered by a speaker. This typically involves the speaker discussing a specific topic, sharing insights, research findings, or expertise with the audience. The lecture is usually structured and may include visual aids, such as slides, to enhance understanding and engagement.","The class ""Speaker_lecture"" is a subclass of the class ""Session""."
http://iasted#Sponsor,Target,Class,sponsor,"In the context of a conference, a sponsor is an individual, organization, or company that provides financial or other forms of support to help fund the event. In return, sponsors typically receive various benefits such as brand visibility, promotional opportunities, and the ability to engage with attendees. This can include having their logo displayed on conference materials, speaking opportunities, or hosting a booth or exhibit at the event.","The class ""Sponsor"" is a subclass of the class ""Person"".The given subgraph describes a set of relationships and restrictions involving the concept of a ""Sponsor"" and its related entities. Here is a natural language description of the subgraph:

1. **Sponsor**:
   - The class ""Sponsor"" is equivalent to a restriction where the property ""give"" has some values from the class ""Sponzorship"".
   - ""Sponsor"" is a subclass of a restriction where the property ""occupy"" has some values from the class ""Sponsor_city"".
   - ""Sponsor"" is a subclass of another restriction where the property ""occupy"" has some values from the class ""Sponsor_state"".
   - ""Sponsor"" is a subclass of yet another restriction where the property ""occupy"" has some values from the class ""Sponsor_company_house"".

2. **Sponsor_city**:
   - ""Sponsor_city"" is a subclass of a restriction where the property ""is_occupied_by"" has some values from the class ""Sponsor"".

3. **Sponsor_company_house**:
   - ""Sponsor_company_house"" is a subclass of a restriction where the property ""is_occupied_by"" has some values from the class ""Sponsor"".

4. **Sponzorship**:
   - The class ""Sponzorship"" is equivalent to a restriction where the property ""is_paid_by"" has some values from the class ""Sponsor"".

In summary, the subgraph defines a ""Sponsor"" as an entity that gives sponsorships and occupies various types of locations (city, state, company house). The locations (city, state, company house) are occupied by sponsors, and sponsorships are paid by sponsors."
http://iasted#Sponsor_city,Target,Class,sponsor city,"In the context of a conference, ""Sponsor_city"" refers to the city where the sponsoring organization or entity is based or headquartered. This term is often used to provide information about the geographical location of the sponsor, which can be relevant for networking, logistical planning, or understanding the regional influence and reach of the sponsoring organization.","The class ""Sponsor_city"" is a subclass of the class ""City"".The given subgraph can be described in natural language as follows:

1. There is a restriction on the property ""is_situated_in"" that applies to some values from the class ""Sponsor_city"".
2. The class ""Sponsor"" is a subclass of a restriction on the property ""occupy"" that applies to some values from the class ""Sponsor_city"".
3. There is a restriction on the property ""is_occupied_by"" that applies to some values from the class ""Sponsor"".
4. The class ""Sponsor_company_house"" is a subclass of a restriction on the property ""is_situated_in"" that applies to some values from the class ""Sponsor_city"".
5. The class ""Sponsor_city"" is a subclass of a restriction on the property ""is_occupied_by"" that applies to some values from the class ""Sponsor"".

In summary, the relationships between sponsors, sponsor cities, and sponsor company houses are defined through various restrictions on properties such as ""is_situated_in"", ""occupy"", and ""is_occupied_by""."
http://iasted#Sponsor_company_house,Target,Class,sponsor company house,"In the context of a conference, ""Sponsor_company_house"" likely refers to a company that is sponsoring the event and may have a dedicated space or booth (referred to as a ""house"") at the conference venue. This space is typically used to showcase the company's products, services, or brand, and to engage with conference attendees.","The class ""Sponsor_company_house"" is a subclass of the class ""Building"".The given subgraph can be described in natural language as follows:

A ""Sponsor"" is a subclass of an entity that occupies a ""Sponsor_company_house."" The ""Sponsor_company_house"" is situated in a ""Sponsor_city"" and is occupied by a ""Sponsor."" Additionally, the ""Sponsor_company_house"" is situated in a ""Sponsor_state.""

In more detail:
- A ""Sponsor"" is a type of entity that occupies a ""Sponsor_company_house.""
- A ""Sponsor_company_house"" is a type of entity that is situated in a ""Sponsor_city"" and is occupied by a ""Sponsor.""
- The ""Sponsor_company_house"" is also situated in a ""Sponsor_state.""

The relationships are defined by the following properties:
- ""is_situated_in"" relates the ""Sponsor_company_house"" to both ""Sponsor_city"" and ""Sponsor_state.""
- ""occupy"" relates the ""Sponsor"" to the ""Sponsor_company_house.""
- ""is_occupied_by"" relates the ""Sponsor_company_house"" to the ""Sponsor."""
http://iasted#Sponsor_state,Target,Class,sponsor state,"In the context of a conference, ""Sponsor_state"" typically refers to the status or condition of a sponsor's involvement in the event. This could include details such as whether the sponsor has confirmed their participation, the level of sponsorship they have committed to (e.g., gold, silver, bronze), and any specific roles or contributions they are expected to make. Essentially, it provides an overview of the sponsor's engagement and obligations related to the conference.","The class ""Sponsor_state"" is a subclass of the class ""State"".The given subgraph can be described in natural language as follows:

There are two restrictions defined in the subgraph. The first restriction specifies that entities which are subclasses of 'Sponsor_company_house' must be situated in a 'Sponsor_state'. The second restriction specifies that entities which are subclasses of 'Sponsor' must occupy a 'Sponsor_state'."
http://iasted#Sponzorship,Target,Class,sponzorship,"In the context of a conference, ""sponsorship"" refers to the financial or in-kind support provided by an organization or individual to help fund the event. In return, sponsors typically receive various benefits such as brand visibility, promotional opportunities, and the ability to engage with attendees. This can include having their logo displayed on conference materials, speaking opportunities, exhibition space, and other forms of recognition that align with their marketing and business objectives.","The class ""Sponzorship"" is a subclass of the class ""Money"".The given subgraph can be described in natural language as follows:

There is a class called ""Credit_card"" which is a subclass of a restriction that is designed for a certain class. This restriction is designed for a class that is a union of a list containing ""Fee"" and another list. The second list contains ""Sponzorship"" and another list that contains ""Tax"" and ends there.

Additionally, there is a class called ""Sponsor"" which is equivalent to a restriction that involves giving some values from ""Sponzorship"". ""Sponzorship"" is equivalent to another restriction that involves being paid by ""Sponsor"".

The restriction that ""Credit_card"" is a subclass of is designed for a class that is a union of the aforementioned list structure. The restriction involving ""Sponzorship"" is paid by ""Sponsor"".

In summary, the relationships involve classes and restrictions related to ""Credit_card"", ""Sponsor"", ""Sponzorship"", ""Fee"", and ""Tax"", with specific properties like ""is_designed_for"", ""give"", and ""is_paid_by"" connecting them."
http://iasted#State,Target,Class,state,"In the context of a conference, ""State"" typically refers to the condition or status of a particular subject or topic being discussed. It can also refer to the current situation or circumstances surrounding a specific issue or area of interest that is being addressed during the conference. For example, a speaker might discuss the ""state of the economy,"" ""state of technology,"" or ""state of healthcare,"" providing an overview of the current trends, challenges, and developments in that field.","Sure, here are the triples verbalised into phrases:

1. ""Conference_state"" is a subclass of ""State"".
2. ""Presenter_state"" is a subclass of ""State"".
3. ""Sponsor_state"" is a subclass of ""State"".The given subgraph describes a set of classes, properties, and restrictions in a hierarchical and relational structure. Here is a natural language description of the subgraph:

1. **Classes and Unions:**
   - There is a class denoted by `_:Nb3d34b52e39e49cb9cd7f3cde43580be` which is a union of the elements in the list starting with `_:N942e2d2d6d004bb8b79b774a22641c7a`.
   - The class `_:N942e2d2d6d004bb8b79b774a22641c7a` includes the element `State` and continues with the list `_:N0c9ba2f3c224403e97ad47fc59bb3c2b`.
   - The class `_:N0c9ba2f3c224403e97ad47fc59bb3c2b` includes the element `City` and continues with the list `_:N52eec09a359c4aeebc1e18536cc8c79c`.
   - The class `_:N52eec09a359c4aeebc1e18536cc8c79c` includes the element `Building` and ends with `nil`.

2. **Restrictions:**
   - There is a restriction `_:Nd67835f6291248cbbc585f82f6ded55c` on the property `is_situated_in` which has some values from the class `State`.
   - The class `City` is a subclass of this restriction.

3. **Properties:**
   - The property `is_visited_by` has a domain of the class `_:Nb3d34b52e39e49cb9cd7f3cde43580be`.
   - The property `is_situated_in` has a range of the class `_:Ncbe0e7132bac481fb2241910104a7c4e`.
   - The property `occupy` has a range of the class `_:Nf163ca017cd946ebb3da54a1a997cadc`.
   - The property `is_occupied_by` has a domain of the class `_:N9a16168f6d3b4b949d7d89dbbd16fba4`.

4. **Additional Classes and Unions:**
   - The class `_:Nf163ca017cd946ebb3da54a1a997cadc` is a union of the elements in the list starting with `_:N92430dc28de24c429b221bc8b8b17611`.
   - The class `_:N92430dc28de24c429b221bc8b8b17611` includes the element `Building` and continues with the list `_:N25a2744a24814d219c2ef179da480a2b`.
   - The class `_:N25a2744a24814d219c2ef179da480a2b` includes the element `State` and continues with the list `_:N122470fb171c41a88a5d8fb9e8376c5e`.
   - The class `_:N122470fb171c41a88a5d8fb9e8376c5e` includes the element `City` and ends with `nil`.

5. **Other Class Definitions:**
   - The class `_:Ncbe0e7132bac481fb2241910104a7c4e` is a union of the elements in the list starting with `_:N6b1d216cb11742c5be2d466b0aa43925`.
   - The class `_:N6b1d216cb11742c5be2d466b0aa43925` includes the element `State` and continues with the list `_:Na9af96db21dd44ba976707e55ed7c19b`.
   - The class `_:Na9af96db21dd44ba976707e55ed7c19b` includes the element `Place` and continues with the list `_:N7594aad70d2a4b9f8330125c523b1959`.
   - The class `_:N7594aad70d2a4b9f8330125c523b1959` includes the element `Building` and continues with the list `_:N2f1e2d5e06fc456c893ab47c1979ee3e`.
   - The class `_:N2f1e2d5e06fc456c893ab47c1979ee3e` includes the element `City` and ends with `nil`.

6. **Union of Classes:**
   - The class `_:N9a16168f6d3b4b949d7d89dbbd16fba4` is a union of the elements in the list starting with `_:N34e68ab4186148e296343175795458c7`.
   - The class `_:N34e68ab4186148e296343175795458c7` includes the element `Building` and continues with the list `_:Na31390eb47524e6b951051ae069ea947`.
   - The class `_:Na31390eb47524e6b951051ae069ea947` includes the element `State` and continues with the list `_:N04abd4b462794fc486d8e8ca5a2faef3`.
   - The class `_:N04abd4b462794fc486d8e8ca5a2faef3` includes the element `City` and ends with `nil`.

In summary, the subgraph describes a complex structure of classes, properties, and restrictions, with various unions and lists defining the relationships between `City`, `State`, `Building`, and `Place`."
http://iasted#Student_lecturer,Target,Class,student lecturer,"In the context of a conference, ""Student_lecturer"" typically refers to a student who is presenting or giving a lecture. This could be a student who has been given the opportunity to share their research, findings, or insights with an audience, often as part of an academic or professional conference. The term highlights the dual role of the individual as both a student and a lecturer.","The class ""Student_lecturer"" is a subclass of the class ""Lecturer"".The given subgraph can be described in natural language as follows:

There is a class that is defined as the union of two other classes: ""Student_non_speaker"" and ""Student_lecturer."" 

There is a restriction on the property ""is_designed_for,"" which specifies that some values from this property must belong to the aforementioned union class.

The class ""Student_registration_fee"" is a subclass of this restriction."
http://iasted#Student_non_speaker,Target,Class,student non speaker,"In the context of a conference, ""Student_non_speaker"" refers to a student who is attending the conference but is not presenting or speaking at any of the sessions. This student is likely there to learn, network, and gain insights from the presentations and discussions led by other speakers.","The class ""Student_non_speaker"" is a subclass of the class ""Non_speaker"".The given subgraph can be described in natural language as follows:

There is a class (denoted as _:N89b463559ab349029492940e325ca20c) which is defined as the union of two other classes: ""Student_non_speaker"" and ""Student_lecturer"". 

""Student_non_speaker"" is equivalent to a restriction (denoted as _:N08740f02314340a4bd78ac7cd93fddfc) on the property ""pay"", where the values must be of the type ""Student_registration_fee"". 

""Student_registration_fee"" is a subclass of another restriction (denoted as _:Nbe7e34487cac4a76b0f28661c9cb6953) on the property ""is_designed_for"", where the values must be of the class _:N89b463559ab349029492940e325ca20c.

The union class (denoted as _:N89b463559ab349029492940e325ca20c) is composed of:
1. ""Student_non_speaker"" (which is equivalent to the restriction on ""pay"" with values of type ""Student_registration_fee"").
2. ""Student_lecturer"".

The class ""Student_lecturer"" is the final element in the list, as indicated by the ""rest"" property being ""nil""."
http://iasted#Student_registration_fee,Target,Class,student registration fee,"In the context of a conference, the term ""Student_registration_fee"" refers to the amount of money that students are required to pay in order to register and participate in the conference. This fee is typically lower than the standard registration fee for professionals or non-students, as it is often subsidized to encourage student participation and make the event more accessible to those who are still in their educational journey.","The class ""Student_registration_fee"" is a subclass of the class ""Registration_fee"".The given subgraph can be described as follows:

There is a class represented by the identifier '_:N89b463559ab349029492940e325ca20c'. This class is defined as the union of two other classes: 'Student_non_speaker' and 'Student_lecturer'. 

The class 'Student_non_speaker' is equivalent to a restriction where the property 'pay' must have some values from 'Student_registration_fee'. 

The class 'Student_registration_fee' is a subclass of another restriction where the property 'is_designed_for' must have some values from the class represented by '_:N89b463559ab349029492940e325ca20c'.

In summary, the class '_:N89b463559ab349029492940e325ca20c' is a union of 'Student_non_speaker' and 'Student_lecturer'. 'Student_non_speaker' is defined by a restriction on the 'pay' property, which must relate to 'Student_registration_fee'. 'Student_registration_fee' itself is restricted by the 'is_designed_for' property, which must relate to the class '_:N89b463559ab349029492940e325ca20c'."
http://iasted#Submission,Target,Class,submission,"In the context of a conference, ""submission"" typically refers to the process of sending in a paper, abstract, or proposal for consideration to be included in the conference program. This usually involves adhering to specific guidelines and deadlines set by the conference organizers. The submitted work is often reviewed by a committee or panel to determine its suitability and quality for presentation at the conference.","Sure, here are the triples verbalised into phrases:

1. ""Final manuscript is a subclass of Submission.""
2. ""Initial manuscript is a subclass of Submission.""
3. ""Submission is a subclass of Document.""The class ""Submission"" is a subclass of a restriction that specifies that it must be associated with at least one instance of the property ""is written by"" that has a value of type ""Speaker""."
http://iasted#Submissions_deadline,Target,Class,submissions deadline,"In the context of a conference, the ""submissions deadline"" refers to the final date by which researchers, authors, or participants must submit their papers, abstracts, or proposals for consideration. This deadline is set by the conference organizers and is crucial for ensuring that all submissions are reviewed and processed in a timely manner before the event. Missing this deadline typically means that the submission will not be considered for inclusion in the conference program.","The class ""Submissions_deadline"" is a subclass of the class ""Deadline""."
http://iasted#Tax,Target,Class,tax,"In the context of a conference, ""tax"" refers to a mandatory financial charge or levy imposed by a government on individuals or entities. This charge is typically used to fund public services and infrastructure. During a conference, discussions about tax might involve topics such as tax policy, tax compliance, tax planning, and the impact of taxes on businesses and the economy.","Sure, here are the triples verbalised into phrases:

1. ""Departure tax is a subclass of tax.""
2. ""Value added tax is a subclass of tax.""
3. ""Tax is a subclass of money.""The subgraph describes a classification and restriction system involving various classes and properties. Here is a natural language description of the subgraph:

1. **Credit Card** is a subclass of a restriction (denoted as _:Nb8dd8b03455245e3a0750ff1e8467806). This restriction is defined on the property **is_designed_for** and applies to some values from a class (denoted as _:Nb9ebafdcf8f54535b4dcf155564e8fe4).

2. The class (denoted as _:Nb9ebafdcf8f54535b4dcf155564e8fe4) is a union of several elements:
   - **Fee**
   - **Sponsorship**
   - **Tax**

3. **Payment Document** is a subclass of another restriction (denoted as _:N50751541d06f4c47bff4c43461cbb948). This restriction is also defined on the property **is_designed_for** and applies to some values from another class (denoted as _:N944c01bb121a4216a8a05c64c4df1dce).

4. The class (denoted as _:N944c01bb121a4216a8a05c64c4df1dce) is a union of several elements:
   - **Fee**
   - **Tax**

5. The elements in the union classes are organized in lists:
   - The first list (denoted as _:N524b1443881242d084f46a5dddf37bf5) contains **Fee** and a rest element (denoted as _:N2a85a8061b234a4fabd8733b0b549592), which in turn contains **Sponsorship** and another rest element (denoted as _:N84228f445a804bbc8a3d020c602f22e9), which contains **Tax** and ends with **nil**.
   - The second list (denoted as _:Na2efeab7dee24cf4aa2862a342e5243b) contains **Fee** and a rest element (denoted as _:N5003924ac6254d9fac90bcdfb178449e), which contains **Tax** and ends with **nil**.

6. The classes denoted as _:N944c01bb121a4216a8a05c64c4df1dce and _:Nb9ebafdcf8f54535b4dcf155564e8fe4 are both of type **Class**.

7. The restrictions denoted as _:Nb8dd8b03455245e3a0750ff1e8467806 and _:N50751541d06f4c47bff4c43461cbb948 are both of type **Restriction**.

In summary, the subgraph defines a hierarchical structure where **Credit Card** and **Payment Document** are subclasses of certain restrictions based on the property **is_designed_for**, and these restrictions involve unions of classes such as **Fee**, **Sponsorship**, and **Tax**."
http://iasted#Taxi,Target,Class,taxi,"In the context of a conference, ""taxi"" typically refers to a vehicle service used to transport attendees to and from the conference venue, hotels, airports, or other locations. It is a convenient mode of transportation for participants who may not be familiar with the area or prefer not to use public transportation.","The class ""Taxi"" is a subclass of the class ""Transport_vehicle""."
http://iasted#Technic_activity,Target,Class,technic activity,"In the context of a conference, ""Technic_activity"" likely refers to a session or segment focused on technical activities. These could include hands-on workshops, demonstrations, or interactive sessions where participants engage in practical, technical tasks related to the conference's subject matter. This might involve coding, engineering tasks, simulations, or other technical exercises designed to provide practical experience and deeper understanding of the topics being discussed at the conference.","The class ""Technic_activity"" is a subclass of the class ""Conference_activity"".The subgraph describes the following relationships:

1. A ""Technical committee"" is a subclass of an anonymous class (let's call it Class A).
2. Class A has a restriction that involves some values from ""Technic activity"".
3. Class A is also associated with the property ""go through"".
4. ""Technic activity"" is a subclass of another anonymous class (let's call it Class B).
5. Class B has a restriction that involves some values from ""Technical committee"".
6. Class B is associated with the property ""is given by"".

In summary, a ""Technical committee"" is involved in some ""Technic activity"" through a process that it ""goes through"", and this ""Technic activity"" is given by the ""Technical committee""."
http://iasted#Technical_commitee,Target,Class,technical commitee,"In the context of a conference, a Technical Committee refers to a group of experts and professionals who are responsible for overseeing the technical aspects of the conference. This includes tasks such as reviewing submitted papers, ensuring the quality and relevance of the content, organizing technical sessions, and sometimes selecting keynote speakers. The committee ensures that the conference maintains high standards and provides valuable insights and advancements in the specific field or industry the conference is focused on.","The class ""Technical committee"" is a subclass of the class ""Delegate"".The subgraph describes the following relationships:

1. A ""Technical committee"" is a subclass of an anonymous class (let's call it Class A).
2. Class A has a restriction that it must be related to ""Technic activity"" through the property ""go through"".
3. ""Technic activity"" is a subclass of another anonymous class (let's call it Class B).
4. Class B has a restriction that it must be related to ""Technical committee"" through the property ""is given by"".

In summary, a ""Technical committee"" is involved in a ""Technic activity"" where the activity must go through some process related to the committee, and the activity itself is given by the committee."
http://iasted#Time,Target,Class,time,"In the context of a conference, ""time"" typically refers to the schedule or duration allocated for various activities, sessions, or presentations. It involves the management and organization of when events start and end, ensuring that the conference runs smoothly and efficiently. Proper time management is crucial to ensure that all speakers have adequate time to present their material, attendees can participate in discussions, and the overall agenda is adhered to.","Sure, here are the triples verbalised into phrases:

1. ""Conference_days"" is a subclass of ""Time"".
2. ""Deadline"" is a subclass of ""Time"".
3. ""Trip_day"" is a subclass of ""Time"".
4. The property ""is_held_after"" has a range of ""Time"".
5. The property ""is_held_before"" has a range of ""Time"".
6. The property ""is_present"" has a range of ""Time"".
7. The property ""is_sent_after"" has a range of ""Time"".
8. The property ""is_sent_before"" has a range of ""Time"".The given subgraph can be described in natural language as follows:

There are several classes and properties defined in the graph. The classes include:

1. A class that is a union of ""Place"" and ""Time"".
2. A class that is a union of ""Time"" and ""Place"".
3. A class that is a union of ""Activity"" and ""Money"".
4. A class that is a union of ""Time"" and ""Place"".
5. A class that is a union of ""Place"" and ""Time"".
6. A class that is a union of ""Time"" and ""Place"".

The properties defined in the graph include:

1. ""is_designed_for"" has a domain of a class that is a union of ""Activity"" and ""Money"".
2. ""is_held_in"" has a range of a class that is a union of ""Time"" and ""Place"".
3. ""speak_in"" has a range of a class that is a union of ""Place"" and ""Time"".
4. ""is_present_in"" has a range of a class that is a union of ""Time"" and ""Place"".

The graph also includes several lists:

1. A list with ""Time"" as the first element and ""nil"" as the rest.
2. A list with ""Place"" as the first element and ""nil"" as the rest.
3. A list with ""Time"" as the first element and another list with ""Place"" as the first element and ""nil"" as the rest.
4. A list with ""Time"" as the first element and another list with ""Place"" as the first element and ""nil"" as the rest.
5. A list with ""Time"" as the first element and ""nil"" as the rest.
6. A list with ""Place"" as the first element and ""nil"" as the rest.
7. A list with ""Time"" as the first element and ""nil"" as the rest.
8. A list with ""Place"" as the first element and ""nil"" as the rest.
9. A list with ""Time"" as the first element and ""nil"" as the rest.
10. A list with ""Place"" as the first element and ""nil"" as the rest.
11. A list with ""Time"" as the first element and ""nil"" as the rest.
12. A list with ""Place"" as the first element and ""nil"" as the rest.
13. A list with ""Time"" as the first element and ""nil"" as the rest.
14. A list with ""Place"" as the first element and ""nil"" as the rest.
15. A list with ""Time"" as the first element and ""nil"" as the rest.
16. A list with ""Place"" as the first element and ""nil"" as the rest.
17. A list with ""Time"" as the first element and ""nil"" as the rest.
18. A list with ""Place"" as the first element and ""nil"" as the rest.
19. A list with ""Time"" as the first element and ""nil"" as the rest.
20. A list with ""Place"" as the first element and ""nil"" as the rest.
21. A list with ""Time"" as the first element and ""nil"" as the rest.
22. A list with ""Place"" as the first element and ""nil"" as the rest.
23. A list with ""Time"" as the first element and ""nil"" as the rest.
24. A list with ""Place"" as the first element and ""nil"" as the rest.
25. A list with ""Time"" as the first element and ""nil"" as the rest.
26. A list with ""Place"" as the first element and ""nil"" as the rest.
27. A list with ""Time"" as the first element and ""nil"" as the rest.
28. A list with ""Place"" as the first element and ""nil"" as the rest.
29. A list with ""Time"" as the first element and ""nil"" as the rest.
30. A list with ""Place"" as the first element and ""nil"" as the rest.
31. A list with ""Time"" as the first element and ""nil"" as the rest.
32. A list with ""Place"" as the first element and ""nil"" as the rest.
33. A list with ""Time"" as the first element and ""nil"" as the rest.
34. A list with ""Place"" as the first element and ""nil"" as the rest.
35. A list with ""Time"" as the first element and ""nil"" as the rest.
36. A list with ""Place"" as the first element and ""nil"" as the rest.
37. A list with ""Time"" as the first element and ""nil"" as the rest.
38. A list with ""Place"" as the first element and ""nil"" as the rest.
39. A list with ""Time"" as the first element and ""nil"" as the rest.
40. A list with ""Place"" as the first element and ""nil"" as the rest.
41. A list with ""Time"" as the first element and ""nil"" as the rest.
42. A list with ""Place"" as the first element and ""nil"" as the rest.
43. A list with ""Time"" as the first element and ""nil"" as the rest.
44. A list with ""Place"" as the first element and ""nil"" as the rest.
45. A list with ""Time"" as the first element and ""nil"" as the rest.
46. A list with ""Place"" as the first element and ""nil"" as the rest.
47. A list with ""Time"" as the first element and ""nil"" as the rest.
48. A list with ""Place"" as the first element and ""nil"" as the rest.
49. A list with ""Time"" as the first element and ""nil"" as the rest.
50. A list with ""Place"" as the first element and ""nil"" as the rest.
51. A list with ""Time"" as the first element and ""nil"" as the rest.
52. A list with ""Place"" as the first element and ""nil"" as the rest.
53. A list with ""Time"" as the first element and ""nil"" as the rest.
54. A list with ""Place"" as the first element and ""nil"" as the rest.
55. A list with ""Time"" as the first element and ""nil"" as the rest.
56. A list with ""Place"" as the first element and ""nil"" as the rest.
57. A list with ""Time"" as the first element and ""nil"" as the rest.
58. A list with ""Place"" as the first element and ""nil"" as the rest.
59. A list with ""Time"" as the first element and ""nil"" as the rest.
60. A list with ""Place"" as the first element and ""nil"" as the rest.
61. A list with ""Time"" as the first element and ""nil"" as the rest.
62. A list with ""Place"" as the first element and ""nil"" as the rest.
63. A list with ""Time"" as the first element and ""nil"" as the rest.
64. A list with ""Place"" as the first element and ""nil"" as the rest.
65. A list with ""Time"" as the first element and ""nil"" as the rest.
66. A list with ""Place"" as the first element and ""nil"" as the rest.
67. A list with ""Time"" as the first element and ""nil"" as the rest.
68. A list with ""Place"" as the first element and ""nil"" as the rest.
69. A list with ""Time"" as the first element and ""nil"" as the rest.
70. A list with ""Place"" as the first element and ""nil"" as the rest.
71. A list with ""Time"" as the first element and ""nil"" as the rest.
72. A list with ""Place"" as the first element and ""nil"" as the rest.
73. A list with ""Time"" as the first element and ""nil"" as the rest.
74. A list with ""Place"" as the first element and ""nil"" as the rest.
75. A list with ""Time"" as the first element and ""nil"" as the rest.
76. A list with ""Place"" as the first element and ""nil"" as the rest.
77. A list with ""Time"" as the first element and ""nil"" as the rest.
78. A list with ""Place"" as the first element and ""nil"" as the rest.
79. A list with ""Time"" as the first element and ""nil"" as the rest.
80. A list with ""Place"" as the first element and ""nil"" as the rest.
81. A list with ""Time"" as the first element and ""nil"" as the rest.
82. A list with ""Place"" as the first element and ""nil"" as the rest.
83. A list with ""Time"" as the first element and ""nil"" as the rest.
84. A list with ""Place"" as the first element and ""nil"" as the rest.
85. A list with ""Time"" as the first element and ""nil"" as the rest.
86. A list with ""Place"" as the first element and ""nil"" as the rest.
87. A list with ""Time"" as the first element and ""nil"" as the rest.
88. A list with ""Place"" as the first element and ""nil"" as the rest.
89. A list with ""Time"" as the first element and ""nil"" as the rest.
90. A list with ""Place"" as the first element and ""nil"" as the rest.
91. A list with ""Time"" as the first element and ""nil"" as the rest.
92. A list with ""Place"" as the first element and ""nil"" as the rest.
93. A list with ""Time"" as the first element and ""nil"" as the rest.
94. A list with ""Place"" as the first element and ""nil"" as the rest.
95. A list with ""Time"" as the first element and ""nil"" as the rest.
96. A list with ""Place"" as the first element and ""nil"" as the rest.
97. A list with ""Time"" as the first element and ""nil"" as the rest.
98. A list with ""Place"" as the first element and ""nil"" as the rest.
99. A list with ""Time"" as the first element and ""nil"" as the rest.
100. A list with ""Place"" as the first element and ""nil"" as the rest.
101. A list with ""Time"" as the first element and ""nil"" as the rest.
102. A list with ""Place"" as the first element and ""nil"" as the rest.
103. A list with ""Time"" as the first element and ""nil"" as the rest.
104. A list with ""Place"" as the first element and ""nil"" as the rest.
105. A list with ""Time"" as the first element and ""nil"" as the rest.
106. A list with ""Place"" as the first element and ""nil"" as the rest.
107. A list with ""Time"" as the first element and ""nil"" as the rest.
108. A list with ""Place"" as the first element and ""nil"" as the rest.
109. A list with ""Time"" as the first element and ""nil"" as the rest.
110. A list with ""Place"" as the first element and ""nil"" as the rest.
111. A list with ""Time"" as the first element and ""nil"" as the rest.
112. A list with ""Place"" as the first element and ""nil"" as the rest.
113. A list with ""Time"" as the first element and ""nil"" as the rest.
114. A list with ""Place"" as the first element and ""nil"" as the rest.
115. A list with ""Time"" as the first element and ""nil"" as the rest.
116. A list with ""Place"" as the first element and ""nil"" as the rest.
117. A list with ""Time"" as the first element and ""nil"" as the rest.
118. A list with ""Place"" as the first element and ""nil"" as the rest.
119. A list with ""Time"" as the first element and ""nil"" as the rest.
120. A list with ""Place"" as the first element and ""nil"" as the rest.
121. A list with ""Time"" as the first element and ""nil"" as the rest.
122. A list with ""Place"" as the first element and ""nil"" as the rest.
123. A list with ""Time"" as the first element and ""nil"" as the rest.
124. A list with ""Place"" as the first element and ""nil"" as the rest.
125. A list with ""Time"" as the first element and ""nil"" as the rest.
126. A list with ""Place"" as the first element and ""nil"" as the rest.
127. A list with ""Time"" as the first element and ""nil"" as the rest.
128. A list with ""Place"" as the first element and ""nil"" as the rest.
129. A list with ""Time"" as the first element and ""nil"" as the rest.
130. A list with ""Place"" as the first element and ""nil"" as the rest.
131. A list with ""Time"" as the first element and ""nil"" as the rest.
132. A list with ""Place"" as the first element and ""nil"" as the rest.
133. A list with ""Time"" as the first element and ""nil"" as the rest.
134. A list with ""Place"" as the first element and ""nil"" as the rest.
135. A list with ""Time"" as the first element and ""nil"" as the rest.
136. A list with ""Place"" as the first element and ""nil"" as the rest.
137. A list with ""Time"" as the first element and ""nil"" as the rest.
138. A list with ""Place"" as the first element and ""nil"" as the rest.
139. A list with ""Time"" as the first element and ""nil"" as the rest.
140. A list with ""Place"" as the first element and ""nil"" as the rest.
141. A list with ""Time"" as the first element and ""nil"" as the rest.
142. A list with ""Place"" as the first element and ""nil"" as the rest.
143. A list with ""Time"" as the first element and ""nil"" as the rest.
144. A list with ""Place"" as the first element and ""nil"" as the rest.
145. A list with ""Time"" as the first element and ""nil"" as the rest.
146. A list with ""Place"" as the first element and ""nil"" as the rest.
147. A list with ""Time"" as the first element and ""nil"" as the rest.
148. A list with ""Place"" as the first element and ""nil"" as the rest.
149. A list with ""Time"" as the first element and ""nil"" as the rest.
150. A list with ""Place"" as the first element and ""nil"" as the rest.
151. A list with ""Time"" as the first element and ""nil"" as the rest.
152. A list with ""Place"" as the first element and ""nil"" as the rest.
153. A list with ""Time"" as the first element and ""nil"" as the rest.
154. A list with ""Place"" as the first element and ""nil"" as the rest.
155. A list with ""Time"" as the first element and ""nil"" as the rest.
156. A list with ""Place"" as the first element and ""nil"" as the rest.
157. A list with ""Time"" as the first element and ""nil"" as the rest.
158. A list with ""Place"" as the first element and ""nil"" as the rest.
159. A list with ""Time"" as the first element and ""nil"" as the rest.
160. A list with ""Place"" as the first element and ""nil"" as the rest.
161. A list with ""Time"" as the first element and ""nil"" as the rest.
162. A list with ""Place"" as the first element and ""nil"" as the rest.
163. A list with ""Time"" as the first element and ""nil"" as the rest.
164. A list with ""Place"" as the first element and ""nil"" as the rest.
165. A list with ""Time"" as the first element and ""nil"" as the rest.
166. A list with ""Place"" as the first element and ""nil"" as the rest.
167. A list with ""Time"" as the first element and ""nil"" as the rest.
168. A list with ""Place"" as the first element and ""nil"" as the rest.
169. A list with ""Time"" as the first element and ""nil"" as the rest.
170. A list with ""Place"" as the first element and ""nil"" as the rest.
171. A list with ""Time"" as the first element and ""nil"" as the rest.
172. A list with ""Place"" as the first element and ""nil"" as the rest.
173. A list with ""Time"" as the first element and ""nil"" as the rest.
174. A list with ""Place"" as the first element and ""nil"" as the rest.
175. A list with ""Time"" as the first element and ""nil"" as the rest.
176. A list with ""Place"" as the first element and ""nil"" as the rest.
177. A list with ""Time"" as the first element and ""nil"" as the rest.
178. A list with ""Place"" as the first element and ""nil"" as the rest.
179. A list with ""Time"" as the first element and ""nil"" as the rest.
180. A list with ""Place"" as the first element and ""nil"" as the rest.
181. A list with ""Time"" as the first element and ""nil"" as the rest.
182. A list with ""Place"" as the first element and ""nil"" as the rest.
183. A list with ""Time"" as the first element and ""nil"" as the rest.
184. A list with ""Place"" as the first element and ""nil"" as the rest.
185. A list with ""Time"" as the first element and ""nil"" as the rest.
186. A list with ""Place"" as the first element and ""nil"" as the rest.
187. A list with ""Time"" as the first element and ""nil"" as the rest.
188. A list with ""Place"" as the first element and ""nil"" as the rest.
189. A list with ""Time"" as the first element and ""nil"" as the rest.
190. A list with ""Place"" as the first element and ""nil"" as the rest.
191. A list with ""Time"" as the first element and ""nil"" as the rest.
192. A list with ""Place"" as the first element and"
http://iasted#Time_zone,Target,Class,time zone,"In the context of a conference, a ""time zone"" refers to a region of the world that observes a uniform standard time for legal, commercial, and social purposes. This is important for scheduling sessions, meetings, and events, especially for participants joining from different parts of the world. Understanding and coordinating across different time zones ensures that all attendees can participate at the correct local times.",Information is not available.
http://iasted#Tip,Target,Class,tip,"In the context of a conference, ""tip"" typically refers to a piece of advice or a helpful suggestion intended to improve the experience or effectiveness of participation. For example, a tip might be to network with other attendees, attend specific sessions that align with your interests, or prepare questions in advance for speakers.","The class ""Tip"" is a subclass of the class ""Money"".The class ""Tip"" is a subclass of a restriction. This restriction specifies that the property ""is_paid_in"" must have some values from the class ""Conference_restaurant""."
http://iasted#Transparency,Target,Class,transparency,"In the context of a conference, ""transparency"" refers to the openness and clarity with which information is shared among participants. This can include clear communication about the conference agenda, objectives, decision-making processes, and any other relevant details. Transparency ensures that all attendees have access to the same information, fostering trust, collaboration, and informed participation.","The class ""Transparency"" is a subclass of the class ""Document"".The subgraph can be described as follows:

- ""Transparency"" is a subclass of a certain restriction.
- This restriction specifies that the property ""is_prepared_by"" must have some values from the class ""Speaker"".
- ""Author"" is a subclass of another restriction.
- This second restriction specifies that the property ""prepare"" must have some values from the class ""Transparency"".

In summary, ""Transparency"" is related to ""Speaker"" through the property ""is_prepared_by"", and ""Author"" is related to ""Transparency"" through the property ""prepare""."
http://iasted#Transport_vehicle,Target,Class,transport vehicle,"In the context of a conference, a ""transport vehicle"" refers to any mode of transportation arranged to facilitate the movement of attendees to and from the conference venue. This could include buses, shuttles, vans, or any other type of vehicle designated to transport participants efficiently and comfortably.","Sure, here are the triples verbalised into phrases:

1. A car is a subclass of a transport vehicle.
2. A shuttle bus is a subclass of a transport vehicle.
3. A taxi is a subclass of a transport vehicle.
4. A van is a subclass of a transport vehicle.
5. A transport vehicle is a subclass of an item.The class ""Transport_vehicle"" is subject to a restriction. This restriction specifies that the property ""is_used_by"" must have some values from the class ""Delegate""."
http://iasted#Trip_city,Target,Class,trip city,"In the context of a conference, ""Trip_city"" likely refers to the city where the conference is being held or the city to which participants will be traveling for the event. It denotes the destination city for the trip associated with attending the conference.","The class ""Trip_city"" is a subclass of the class ""City"".The given subgraph can be described in natural language as follows:

A ""Full_day_tour"" is a type of entity that is held in a ""Trip_city"". A ""Trip_city"" is a type of entity that is visited by a ""Conference_Hiker""."
http://iasted#Trip_day,Target,Class,trip day,"In the context of a conference, ""Trip_day"" likely refers to a specific day designated for attendees to participate in a trip or excursion. This could be a day set aside for sightseeing, networking activities, or visiting local attractions, providing a break from the regular conference sessions and allowing participants to explore the host city or region.","The class ""Trip_day"" is a subclass of the class ""Time"".The subgraph describes the following relationships:

1. There is a restriction that involves the property ""is_designed_for"" and it is associated with the class ""Delegate"".
2. The class ""Trip_day"" is a subclass of this restriction.
3. There is another restriction that involves the property ""is_held_in"" and it is associated with the class ""Trip_day"".
4. The class ""Full_day_tour"" is a subclass of this second restriction.

In summary, a ""Full_day_tour"" is held in a ""Trip_day"", and a ""Trip_day"" is designed for a ""Delegate""."
http://iasted#Tutorial,Target,Class,tutorial,"In the context of a conference, a ""tutorial"" refers to a session or workshop designed to provide attendees with in-depth instruction on a specific topic or skill. These sessions are typically led by experts and are intended to be educational, offering practical knowledge and hands-on experience. Tutorials at conferences often aim to help participants gain a deeper understanding of complex subjects or learn new techniques relevant to their field.","The class ""Tutorial"" is a subclass of the class ""Lecture"".The provided subgraph can be described in natural language as follows:

A ""Plenary lecture speaker"" is defined as someone who gives some form of a ""Tutorial"". Additionally, a ""Tutorial"" is defined as an event that is given by a ""Tutorial speaker""."
http://iasted#Tutorial_speaker,Target,Class,tutorial speaker,"In the context of a conference, a ""Tutorial Speaker"" refers to an individual who is responsible for delivering a tutorial session. This session is typically designed to provide in-depth instruction or training on a specific topic, often with a focus on practical skills and knowledge. The tutorial speaker is usually an expert in the subject matter and aims to educate attendees through a structured presentation, demonstrations, and possibly interactive activities.","The class ""Tutorial_speaker"" is a subclass of the class ""Author"".The given subgraph can be described in natural language as follows:

A ""Tutorial speaker"" is defined as someone who gives a ""Plenary lecture"". Additionally, a ""Tutorial speaker"" is a subclass of entities that speak in a ""Conference hall"".

A ""Tutorial"" is defined as an event that is given by a ""Tutorial speaker"".

In summary, a ""Tutorial speaker"" gives ""Plenary lectures"" and speaks in ""Conference halls"", and a ""Tutorial"" is an event conducted by a ""Tutorial speaker""."
http://iasted#Value_added_tax,Target,Class,value added tax,"In the context of a conference, Value Added Tax (VAT) refers to a consumption tax that is levied on the value added to goods and services at each stage of production or distribution. When organizing or attending a conference, VAT may be applicable to various expenses such as registration fees, accommodation, meals, and other services provided during the event. The tax is typically included in the price of these goods and services, and the rate can vary depending on the country where the conference is held.","""Value added tax is a subclass of tax."""
http://iasted#Van,Target,Class,van,"In the context of a conference, ""Van"" typically refers to a vehicle used for transportation purposes. It might be used to shuttle attendees between different locations, such as hotels, conference venues, and airports.","The class ""Van"" is a subclass of ""Transport_vehicle""."
http://iasted#Video_cassette_player,Target,Class,video cassette player,"In the context of a conference, a ""video cassette player"" refers to a device used to play video recordings stored on magnetic tape cassettes. This equipment might be used during a conference to display pre-recorded presentations, training videos, or other relevant visual content to the attendees.","The class ""Video cassette player"" is a subclass of the class ""Audiovisual equipment""."
http://iasted#Video_presentation,Target,Class,video presentation,"In the context of a conference, a ""video presentation"" refers to a pre-recorded or live video segment that is shown to the audience as part of the event's agenda. This can include keynote speeches, panel discussions, product demonstrations, or informational sessions that are delivered through video format. The video presentation can be used to convey information, share insights, or engage the audience in a visually compelling way, often incorporating multimedia elements such as slides, graphics, and animations to enhance the message.","The class ""Video_presentation"" is a subclass of the class ""Presentation""."
http://iasted#Viza,Target,Class,viza,"In the context of a conference, ""Viza"" likely refers to a visa, which is an official document or endorsement on a passport that allows the bearer to enter, stay, or leave a country for a specified period. Conference attendees may need to obtain a visa to travel to the country where the conference is being held.","The class ""Viza"" is a subclass of the class ""Document"".The description of the subgraph can be verbalized as follows:

A ""Delegate"" is a subclass of entities that have a need for something. This need is restricted to some values from the class ""Viza"". Additionally, ""Viza"" is a subclass of entities that are needed for something, and this need is restricted to some values from the class ""Delegate""."
http://iasted#Welcome_address,Target,Class,welcome address,"In the context of a conference, a ""welcome address"" refers to a speech or presentation given at the beginning of the event to greet and acknowledge the attendees. This address is typically delivered by a prominent figure, such as the conference organizer, a keynote speaker, or a distinguished guest. The purpose of the welcome address is to set the tone for the conference, provide an overview of the event's objectives, highlight key sessions or speakers, and express gratitude to participants, sponsors, and organizers. It serves as an official opening to the conference proceedings.","The class ""Welcome_address"" is a subclass of the class ""Conference_activity""."
http://iasted#Worker_lecturer,Target,Class,worker lecturer,"In the context of a conference, a ""Worker_lecturer"" likely refers to an individual who is both a practitioner in their field (a worker) and someone who delivers lectures or presentations (a lecturer). This person combines practical experience with the ability to educate and inform others, making them well-suited to share insights, knowledge, and expertise at a conference.","The class ""Worker_lecturer"" is a subclass of the class ""Lecturer""."
http://iasted#Worker_non_speaker,Target,Class,worker non speaker,"In the context of a conference, ""Worker_non_speaker"" typically refers to an individual who is involved in the event in a capacity other than as a speaker. This person might be responsible for various logistical, administrative, or support tasks such as organizing materials, managing registrations, assisting attendees, handling technical equipment, or other behind-the-scenes activities that ensure the smooth operation of the conference. They are essential to the event's success but do not present or speak during the sessions.","The class ""Worker_non_speaker"" is a subclass of the class ""Non_speaker"".The class ""Worker_non_speaker"" is defined as being equivalent to a restriction. This restriction specifies that the property ""pay"" must have some values from the class ""Nonauthor_registration_fee""."
http://iasted#done_till,Target,Property,done till,"In the context of a conference, ""done_till"" typically refers to the tasks or activities that have been completed up to a certain point in time. It indicates the progress made in preparation or execution of the conference up to a specified date or milestone. For example, if someone says ""done_till now,"" it means all the tasks that were planned to be completed by the current time have been finished.","The property ""done_till"" has a domain of ""Deadline"" and a range of ""date""."
http://iasted#give,Target,Property,give,"In the context of a conference, ""give"" typically means to deliver or present something, such as a speech, presentation, lecture, or talk. For example, a speaker might ""give a presentation"" or ""give a keynote address"" at the conference.","The verb ""give"" has a domain of ""Person"".The provided subgraph describes a set of classes and restrictions related to various roles and activities in an academic or conference setting. Here is a natural language description of the subgraph:

1. **Reviewer** is equivalent to a class that has a restriction on the property ""give"" such that it must give some values from the class **Review**.

2. **Sponsor** is equivalent to a class that has a restriction on the property ""give"" such that it must give some values from the class **Sponsorship**.

3. **Tutorial speaker** is equivalent to a class that has a restriction on the property ""give"" such that it must give some values from the class **Plenary lecture**.

4. **Lecturer** is equivalent to a class that has a restriction on the property ""give"" such that it must give some values from the class **Session**.

5. **Plenary lecture speaker** is equivalent to a class that has a restriction on the property ""give"" such that it must give some values from the class **Tutorial**.

6. **Author** is a subclass of a class that has a restriction on the property ""give"" such that it must give some values from the class **Brief introduction for Session chair**.

7. **Speaker** is a subclass of a class that has a restriction on the property ""give"" such that it must give some values from the class **Lecture**.

8. The property ""give"" has a range that is a union of the classes **Activity** and **Item**.

In summary, the subgraph defines various roles (Reviewer, Sponsor, Tutorial speaker, Lecturer, Plenary lecture speaker, Author, and Speaker) and their relationships to specific activities or sessions they are involved in, all connected through the property ""give""."
http://iasted#go_through,Target,Property,go through,"In the context of a conference, ""go through"" typically means to review, discuss, or examine something in detail. For example, a speaker might say, ""Let's go through the agenda for today's conference,"" meaning they will review the schedule and topics to be covered during the event.","The property ""go_through"" has a domain of ""Item"" and a range of ""Activity"". This means that ""go_through"" is a relationship where an ""Item"" is involved in an ""Activity"".The provided subgraph describes various classes, restrictions, and relationships within a conference context. Here is a natural language description of the subgraph:

1. **Delegate** is defined as an equivalent class to a class that is an intersection of several restrictions:
   - The first restriction involves the property ""go_through"" and has some values from ""Registration"".
   - The rest of the restrictions include:
     - A restriction on the property ""is_present_in"" with some values from ""Conference_building"".
     - A restriction on the property ""is_present_in"" with some values from ""Conference_days"".

2. **Conference_Hiker** is an equivalent class to a restriction on the property ""go_through"" with some values from ""Full_day_tour"".

3. **Session_chair** is an equivalent class to a restriction on the property ""go_through"" with some values from ""Introduction_of_speaker"".

4. **Technical_commitee** is a subclass of a restriction on the property ""go_through"" with some values from ""Technic_activity"".

5. **Initial_manuscript** is a subclass of a restriction on the property ""go_through"" with some values from ""Refusing_manuscript"".

6. **Final_manuscript** is a subclass of a restriction on the property ""go_through"" with some values from ""Accepting_manuscript"".

The subgraph also includes various restrictions and properties related to the conference activities, such as:
- Restrictions on the property ""go_through"" with some values from ""Registration"", ""Technic_activity"", ""Full_day_tour"", ""Refusing_manuscript"", and ""Accepting_manuscript"".
- Restrictions on the property ""is_present_in"" with some values from ""Conference_building"" and ""Conference_days"".

Overall, the subgraph outlines the relationships and restrictions between different roles, activities, and properties within the context of a conference."
http://iasted#has_amount_of,Target,Property,has amount of,"In the context of a conference, ""has_amount_of"" typically refers to the quantity or number of a specific item or element associated with the conference. This could include the number of attendees, sessions, speakers, workshops, or any other measurable aspect of the event. For example, ""The conference has an amount of 200 attendees"" means that 200 people are attending the conference.","The property ""has_amount_of"" has a domain of ""Money"" and a range of ""int""."
http://iasted#is_connected_with,Target,Property,is connected with,"In the context of a conference, ""is_connected_with"" typically refers to the relationship or association between different elements or participants within the event. This could mean:

1. **Networking**: How attendees, speakers, and organizers are linked through professional or social networks.
2. **Sessions and Topics**: The way different sessions, presentations, or topics are related or build upon each other.
3. **Technology and Platforms**: The integration and interaction between various technological tools and platforms used during the conference, such as video conferencing software, event apps, and social media.

Overall, ""is_connected_with"" in a conference context highlights the various ways in which components of the event are interrelated and interact with one another to create a cohesive experience.","The given subgraph can be described in natural language as follows:

There is a class named Renting, which is a subclass of a restriction. This restriction specifies that the property ""is_connected_with"" must have some values from the class Car.

The property ""is_connected_with"" has a domain that is a union of the classes Activity and Person, and a range that is a union of the classes Item and Place.

The class Renting is connected to the class Car through the property ""is_connected_with"".

The class Activity is part of a union with the class Person, and the class Item is part of a union with the class Place. Both of these unions are used to define the domain and range of the property ""is_connected_with"".

In summary, the subgraph describes a Renting activity that is connected with a Car, and this connection involves entities that can be either an Activity or a Person, and either an Item or a Place."
http://iasted#is_dated_on,Target,Property,is dated on,"In the context of a conference, ""is_dated_on"" refers to the specific date on which the conference is scheduled to take place. It indicates the exact day when the event is set to occur.","The property ""is_dated_on"" has a domain of ""Activity"" and a range of ""dateTime""."
http://iasted#is_designed_for,Target,Property,is designed for,"In the context of a conference, ""is_designed_for"" refers to the specific audience or group of people that the conference is intended to serve or benefit. It indicates the target demographic or professional group that the conference aims to attract and provide value to, such as industry professionals, academics, students, or practitioners in a particular field.","The provided subgraph describes a complex ontology involving various classes, restrictions, and properties related to events, fees, and participants. Here is a natural language description of the subgraph:

1. **Classes and Subclasses:**
   - **Full_day_tour** is a subclass of a restriction that is designed for delegates.
   - **Conference_hotel** is a subclass of a restriction that is designed for hotel presenters.
   - **Nonmember_registration_fee** is a subclass of a restriction that is designed for IASTED non-members.
   - **Student_registration_fee** is a subclass of a restriction that is designed for a class that includes student lecturers and student non-speakers.
   - **Mailing_list** is a subclass of a restriction that is designed for delegates.
   - **Trip_day** is a subclass of a restriction that is designed for delegates.
   - **Hotel_room** is a subclass of a restriction that is designed for hotel presenters.
   - **Registration** is a subclass of a restriction that is designed for delegates.
   - **Payment_document** is a subclass of a restriction that is designed for a class that includes fees and taxes.
   - **Audiovisual_equipment** is a subclass of a restriction that is designed for listeners.
   - **Conference_days** is a subclass of a restriction that is designed for delegates.
   - **Memeber_registration_fee** is a subclass of a restriction that is designed for IASTED members.
   - **Departure_tax** is a subclass of a restriction that is designed for departures.
   - **Social_program** is a subclass of a restriction that is designed for delegates.
   - **Credit_card** is a subclass of a restriction that is designed for a class that includes delegates.
   - **Coctail_reception** is a subclass of a restriction that is designed for delegates.
   - **Coffee_break** is a subclass of a restriction that is designed for delegates.
   - **Invitation_letter** is a subclass of a restriction that is designed for delegates.
   - **Lecture** is a subclass of a restriction that is designed for listeners.
   - **Nonauthor_registration_fee** is a subclass of a restriction that is designed for non-speakers.
   - **Dinner_banquet** is a subclass of a restriction that is designed for a class that excludes one-day presenters.

2. **Restrictions and Properties:**
   - Several restrictions are defined on the property **is_designed_for** with various classes as their values, such as **Delegate**, **Listener**, **Hotel_presenter**, **Non_speaker**, **IASTED_member**, **IASTED_non_member**, and **Departure**.
   - The property **is_designed_for** has a domain of a union of classes including **Activity**, **Person**, **Fee**, **Tax**, **Sponzorship**, **Money**, and **Student_lecturer**.
   - The property **is_designed_for** has a range of a union of classes including **Activity**, **Person**, **Fee**, **Tax**, **Sponzorship**, **Money**, and **Student_lecturer**.

3. **Unions and Complements:**
   - There are unions of classes such as **Fee** and **Tax**, **Activity** and **Person**, and **Student_lecturer** and **Student_non_speaker**.
   - There is a complement class **One_day_presenter** which is excluded from some restrictions.

4. **Miscellaneous:**
   - **Deadline** is a subclass of a restriction that is designed for delegates.
   - **Listener** and **Delegate** are involved in various restrictions and properties.
   - **Activity** and **Person** are part of a union class that is designed for various properties.

This ontology captures the relationships and constraints between different types of events, fees, participants, and other related entities in a structured manner."
http://iasted#is_equipped_by,Target,Property,is equipped by,"In the context of a conference, ""is_equipped_by"" typically refers to the provision of necessary tools, equipment, or resources by a particular entity or individual. For example, a conference room might be equipped by the event organizers with audio-visual equipment, seating arrangements, and other necessary facilities to ensure the smooth running of the conference.","The property ""is_equipped_by"" has a domain of ""Place"" and a range of ""Item"". This means that ""is_equipped_by"" is a relationship where a ""Place"" is equipped by an ""Item"".A ""Session room"" is a subclass of a restriction that specifies that it must be equipped with some form of audiovisual equipment."
http://iasted#is_given_by,Target,Property,is given by,"In the context of a conference, ""is_given_by"" typically refers to the person or entity that is delivering a presentation, lecture, or speech. For example, if a talk at a conference is given by Dr. Smith, it means that Dr. Smith is the one presenting the talk.","The property ""is given by"" has a range of ""Person"".The provided subgraph describes a set of classes and restrictions related to various activities and roles within a session or tutorial context. Here is a natural language description of the subgraph:

1. **Activity** is a class that is part of a union of other classes.
2. **Tutorial** is equivalent to a class that has a restriction on the property **is_given_by**, which must be a **Tutorial_speaker**.
3. **Plenary_lecture** is equivalent to a class that has a restriction on the property **is_given_by**, which must be a **Plenary_lecture_speaker**.
4. **Session** is a subclass of a class that has a restriction on the property **is_given_by**, which must be an instance of a class that is a union of **Author** and **Technical_commitee**.
5. **Brief_introduction_for_Session_chair** is a subclass of a class that has a restriction on the property **is_given_by**, which must be an **Author**.
6. **Technic_activity** is a subclass of a class that has a restriction on the property **is_given_by**, which must be a **Technical_commitee**.
7. The property **is_given_by** has a domain that is a class which is a union of **Item** and **Activity**.
8. **Author** is part of a union that includes **Session_chair**.
9. **Item** is part of a union that includes **Activity**.

In summary, the subgraph defines various activities and sessions, specifying the roles of speakers and authors, and the relationships between these roles and the activities or sessions they are involved in."
http://iasted#is_given_to,Target,Property,is given to,"In the context of a conference, ""is given to"" typically means that something, such as an award, recognition, or responsibility, is presented or assigned to a particular person or group. For example, ""The keynote speech is given to Dr. Smith"" means that Dr. Smith is the one who will deliver the keynote speech. Similarly, ""The award for best paper is given to the research team from MIT"" means that the research team from MIT is the recipient of the award.","The property ""is_given_to"" has a domain of ""Item"" and a range of ""Person"". This means that ""is_given_to"" is a relationship where an ""Item"" is given to a ""Person"".The subgraph describes a set of restrictions and subclass relationships involving forms, delegates, and session chairs. Specifically:

1. There is a restriction (identified as `_:Nfc5eb8b0dfc94c1a8c78eba1e25e2c93`) that applies to the property `is_given_to` and requires that it is related to some values from the class `Delegate`.
2. Another restriction (identified as `_:Na784800415274292a8ccbf99478748b3`) applies to the property `is_given_to` and requires that it is related to some values from the class `Session_chair`.
3. The class `Brief_introduction_for_Session_chair` is a subclass of the restriction that involves `Session_chair`.
4. The class `Form` is a subclass of the restriction that involves `Delegate`.

In summary, forms are given to delegates, and brief introductions for session chairs are given to session chairs."
http://iasted#is_held_after,Target,Property,is held after,"In the context of a conference, ""is_held_after"" refers to the scheduling of an event or session that takes place subsequent to another specified event or session. For example, if a keynote speech is scheduled for 10:00 AM and a panel discussion is scheduled for 11:00 AM, the panel discussion ""is_held_after"" the keynote speech.","The property ""is_held_after"" has a domain of ""Activity"" and a range of ""Time"". This means that ""is_held_after"" is a relationship where an ""Activity"" occurs after a certain ""Time"".The class ""Activity_after_conference"" is a subclass of a restriction. This restriction specifies that the property ""is_held_after"" must have some values from the class ""Conference_days""."
http://iasted#is_held_before,Target,Property,is held before,"In the context of a conference, ""is_held_before"" typically refers to whether a particular event, session, or meeting takes place before another specified event or time. For example, if you are scheduling sessions for a conference, you might need to determine if one session ""is_held_before"" another to avoid conflicts or to ensure a logical sequence of events.","The property ""is_held_before"" has a domain of ""Activity"" and a range of ""Time"". This means that ""is_held_before"" is used to relate an instance of ""Activity"" to an instance of ""Time"". In other words, ""is_held_before"" indicates that an activity occurs before a certain time.The class ""Activity_before_conference"" is a subclass of a restriction. This restriction specifies that the property ""is_held_before"" must have some values from the class ""Conference_days""."
http://iasted#is_held_in,Target,Property,is held in,"In the context of a conference, ""is_held_in"" refers to the location or venue where the conference takes place. For example, if a conference is held in New York, it means that New York is the city where the conference occurs.","The property ""is held in"" is associated with the domain ""Activity"".The given subgraph describes a set of classes and restrictions related to events and their locations. Here is a natural language description of the subgraph:

1. **Classes and Subclasses:**
   - ""Full_day_tour"" is a subclass of a restriction that specifies it is held in a ""Trip_city"".
   - ""Session"" is a subclass of a restriction that specifies it is held in a ""Session_room"".
   - ""Conference_activity"" is a subclass of two restrictions:
     - One specifies it is held in a ""Conference_state"".
     - The other specifies it is held in ""Conference_days"".

2. **Restrictions:**
   - There are several restrictions defined:
     - One restriction specifies that something is held in a ""Trip_city"".
     - Another restriction specifies that something is held in a ""Trip_day"".
     - Another restriction specifies that something is held in a ""Session_room"".
     - Another restriction specifies that something is held in a ""Conference_state"".
     - Another restriction specifies that something is held in ""Conference_days"".

3. **Properties:**
   - The property ""is_held_in"" has a range that is a union of ""Place"" and ""Time"".
   - The union of ""Place"" and ""Time"" is defined as follows:
     - ""Place"" is the first element.
     - ""Time"" is the first element of the rest, which eventually leads to ""nil"".

4. **Types:**
   - The union of ""Place"" and ""Time"" is of type ""Class"".
   - The various restrictions are of type ""Restriction"".

In summary, the subgraph defines a hierarchy of events and their locations, specifying that different types of activities (like ""Full_day_tour"", ""Session"", and ""Conference_activity"") are held in specific places and times, with the property ""is_held_in"" linking these activities to their respective locations and times."
http://iasted#is_made_from,Target,Property,is made from,"In the context of a conference, ""is_made_from"" could refer to the materials or components that constitute something related to the event. For example, it could describe the materials used to create conference badges, the content of the conference program, or the elements that make up the conference setup, such as the stage, banners, or promotional materials. Essentially, it indicates the origin or composition of an item or concept within the conference setting.","The property ""is_made_from"" has a domain of ""Item"" and a range of ""Item"". This means that ""is_made_from"" is a relationship where both the subject and the object are instances of ""Item"". In other words, an ""Item"" can be made from another ""Item"".A ""Publication"" is a subclass of entities that are restricted by a specific condition. This condition specifies that the ""Publication"" must be made from at least one ""Final manuscript""."
http://iasted#is_needed_for,Target,Property,is needed for,"In the context of a conference, ""is_needed_for"" refers to the essential requirements or elements necessary for the successful planning, organization, and execution of the event. This could include various aspects such as:

- **Venue**: The physical location where the conference will be held.
- **Speakers**: Individuals who will present or lead discussions during the conference.
- **Attendees**: Participants who will attend the conference.
- **Equipment**: Audio-visual tools, microphones, projectors, and other technical equipment required for presentations.
- **Materials**: Handouts, brochures, and other informational materials for attendees.
- **Staff**: Personnel needed to manage registration, provide technical support, and handle logistics.
- **Catering**: Food and beverages for attendees during breaks and meals.
- **Marketing**: Promotional activities to attract attendees and sponsors.
- **Sponsors**: Organizations or individuals who provide financial support for the conference.

In summary, ""is_needed_for"" in the context of a conference encompasses all the components and resources required to ensure the event runs smoothly and achieves its objectives.","The property ""is_needed_for"" has a domain of ""Item"" and a range of ""Person"". This means that ""is_needed_for"" is a relationship where an ""Item"" is needed for a ""Person"".The class ""Viza"" is a subclass of a restriction. This restriction specifies that there must be some values from the class ""Delegate"" on the property ""is_needed_for""."
http://iasted#is_occupied_by,Target,Property,is occupied by,"In the context of a conference, ""is_occupied_by"" refers to a specific space, such as a room, seat, or booth, being currently in use or reserved by a particular individual or group. For example, if a conference room is occupied by a speaker, it means that the speaker is currently using that room for their presentation or session. Similarly, if a seat is occupied by an attendee, it means that the attendee is currently sitting in that seat.","The property ""is_occupied_by"" has a range of ""Person"".The given subgraph can be described in natural language as follows:

1. **Presenter_city** is a subclass of a restriction that applies to the property **is_occupied_by** and requires the value to be a **Delegate**.
2. **Presenter_house** is a subclass of a restriction that applies to the property **is_occupied_by** and requires the value to be a **Delegate**.
3. **Conference_restaurant** is a subclass of a restriction that applies to the property **is_occupied_by** and requires the value to be a **Delegate**.
4. **Conference_building** is a subclass of a restriction that applies to the property **is_occupied_by** and requires the value to be a **Delegate**.
5. **Sponsor_city** is a subclass of a restriction that applies to the property **is_occupied_by** and requires the value to be a **Sponsor**.
6. **Presenter_state** is a subclass of a restriction that applies to the property **is_occupied_by** and requires the value to be a **Delegate**.
7. **Sponsor_company_house** is a subclass of a restriction that applies to the property **is_occupied_by** and requires the value to be a **Sponsor**.
8. The property **is_occupied_by** has a domain that is a union of **Building** and **City**.
9. The union of **Building** and **City** is a class.
10. The union of **Building** and **City** has a rest that includes **State**.

In summary, various entities such as **Presenter_city**, **Presenter_house**, **Conference_restaurant**, **Conference_building**, **Sponsor_city**, **Presenter_state**, and **Sponsor_company_house** are subclasses of restrictions that apply to the property **is_occupied_by**. These restrictions specify that the entities must be occupied by either a **Delegate** or a **Sponsor**. Additionally, the property **is_occupied_by** has a domain that includes a union of **Building** and **City**, which also includes **State**."
http://iasted#is_paid_by,Target,Property,is paid by,"In the context of a conference, ""is_paid_by"" typically refers to the entity or individual responsible for covering the costs associated with a particular expense. This could include registration fees, travel expenses, accommodation, or other related costs. For example, if a company sends an employee to a conference, the company might be the one that ""is_paid_by"" for the employee's registration and travel expenses.","The property ""is_paid_by"" has a domain of ""Money"" and a range of ""Person"". This means that ""is_paid_by"" is a relationship where ""Money"" is the subject and ""Person"" is the object. In other words, ""Money"" is paid by a ""Person"".The given subgraph can be described in natural language as follows:

There are several types of fees and restrictions related to who pays for them:

1. **Sponsorship** is a type of restriction where the payment is made by a **Sponsor**.
2. **Hotel fees** are a subclass of a restriction where the payment is made by a **Hotel presenter**.
3. **Registration fees** are a subclass of a restriction where the payment is made by a **Delegate**.
4. **Fees for extra trips** are a subclass of a restriction where the payment is made by a **Conference Hiker**.

In summary, different types of fees are associated with specific payers, and these relationships are defined through various restrictions."
http://iasted#is_paid_for,Target,Property,is paid for,"In the context of a conference, ""is_paid_for"" typically refers to whether the registration fee or any associated costs for attending the conference have been covered. This could include the payment for the conference ticket, accommodation, meals, or other related expenses. If something ""is_paid_for,"" it means that the financial obligations have been settled, and the attendee does not need to make any further payments for those specific items or services.","The property ""is paid for"" has a domain of ""Money"".The given subgraph describes a set of relationships and classifications involving different types of fees and the activities or items they are associated with. Here is a natural language description of the subgraph:

1. **Registration_fee** is a subclass of a restriction that applies to the property **is_paid_for** and is associated with some values from **Conference_activity**.
2. **Author_attendee_cd_registration_fee** is a subclass of a restriction that applies to the property **is_paid_for** and is associated with some values from **Cd_proceening**.
3. **Author_attendee_book_registration_fee** is a subclass of a restriction that applies to the property **is_paid_for** and is associated with some values from **Book_proceeding**.
4. **Fee_for_extra_trip** is a subclass of a restriction that applies to the property **is_paid_for** and is associated with some values from **Full_day_tour**.
5. The property **is_paid_for** has a range that is a union of **Activity** and **Item**.

In summary, different types of fees (such as registration fees for authors attending with CDs or books, and fees for extra trips) are classified based on the activities or items they are associated with, and these associations are defined through the property **is_paid_for**."
http://iasted#is_paid_in,Target,Property,is paid in,"In the context of a conference, ""is_paid_in"" typically refers to whether the payment for attending the conference has been completed. It indicates that the registration fee or any other required payments have been successfully made by the participant.","The property ""is_paid_in"" has a domain of ""Money"" and a range of ""Building"". This means that ""is_paid_in"" is a relationship where ""Money"" is associated with ""Building"".The class ""Tip"" is a subclass of a certain restriction. This restriction is defined on the property ""is_paid_in"" and specifies that some values of this property must come from the class ""Conference_restaurant""."
http://iasted#is_paid_with,Target,Property,is paid with,"In the context of a conference, ""is_paid_with"" typically refers to the method or means by which a payment is made for conference-related expenses. This could include registration fees, accommodation, meals, or other services associated with attending the conference. For example, ""is_paid_with"" might indicate whether the payment was made using a credit card, bank transfer, company sponsorship, or another form of payment.","The property ""is_paid_with"" has a domain of ""Money"" and a range of ""Item"". This means that ""is_paid_with"" is a relationship where ""Money"" is used to pay for an ""Item"".The provided subgraph describes a class and its relationships in natural language as follows:

There is a class that is defined as the union of two specific entities: ""Credit_card"" and ""Payment_document"". This class is referred to as ""_:N0efc4f605f474ec1a07dcc36890fc3a4"".

Additionally, there is a restriction on the property ""is_paid_with"". This restriction specifies that some values from this property must belong to the class ""_:N0efc4f605f474ec1a07dcc36890fc3a4"".

The class ""Fee"" is a subclass of this restriction.

In summary, the class ""_:N0efc4f605f474ec1a07dcc36890fc3a4"" encompasses both ""Credit_card"" and ""Payment_document"", and the property ""is_paid_with"" is restricted to values from this class. The class ""Fee"" falls under this restriction."
http://iasted#is_prepared_by,Target,Property,is prepared by,"In the context of a conference, ""is_prepared_by"" typically refers to the individual or group responsible for organizing, planning, or creating specific elements of the conference. This could include tasks such as preparing the agenda, arranging speakers, setting up the venue, or compiling conference materials. For example, a conference agenda might be prepared by the organizing committee, or a presentation might be prepared by a keynote speaker.","The property ""is prepared by"" has a domain of ""Item"" and a range of ""Person"". This means that the property ""is prepared by"" is used to link an ""Item"" to a ""Person"". In other words, an ""Item"" is prepared by a ""Person"".The concept of ""Transparency"" is a subclass of a restriction. This restriction is defined by the property ""is prepared by"" and specifies that some values of this property must be of the type ""Speaker""."
http://iasted#is_present,Target,Property,is present,"In the context of a conference, ""is_present"" typically refers to whether an individual is physically or virtually attending the event. It indicates the presence or attendance status of a participant at the conference.","The property ""is_present"" has a domain of ""Person"" and a range of ""Time"". This means that ""is_present"" is a relationship where a ""Person"" is associated with a ""Time"".The class ""One_day_presenter"" is equivalent to a restriction that specifies the following conditions: it must have exactly one instance (cardinality of 1) of the property ""is_present""."
http://iasted#is_present_in,Target,Property,is present in,"In the context of a conference, ""is_present_in"" typically refers to the attendance or participation of an individual, organization, or entity in the conference. It indicates that the person or group is physically or virtually attending the event, taking part in the sessions, discussions, or activities that are part of the conference agenda.","The property ""is_present_in"" has a domain of ""Person"". This means that ""is_present_in"" is a characteristic or attribute that applies to instances of the class ""Person"".The provided subgraph describes a set of classes, restrictions, and relationships within a conference context. Here is a natural language description of the subgraph:

1. **Delegate Class**:
   - A `Delegate` is defined as an intersection of two restrictions:
     - The first restriction specifies that a delegate must go through a `Registration`.
     - The second restriction specifies that a delegate must be present in `Conference_days`.

2. **Listener Class**:
   - A `Listener` is a subclass of a restriction that specifies the listener must be present in a class that is a union of `Session_room` and `Conference_hall`.

3. **Place Class**:
   - The `Place` class is defined as a union of `Time` and `Place`.

4. **Session_room and Conference_hall**:
   - `Session_room` and `Conference_hall` are part of the union that defines the class which a listener must be present in.

5. **Restrictions**:
   - There are several restrictions defined:
     - One restriction specifies that something must be present in `Conference_days`.
     - Another restriction specifies that something must be present in `Conference_building`.
     - Another restriction specifies that something must go through `Registration`.

6. **Properties**:
   - The property `is_present_in` has a range that includes a class defined as a union of `Time` and `Place`.

In summary, the subgraph defines a `Delegate` as someone who goes through registration and is present during conference days, and a `Listener` as someone who is present in either a session room or a conference hall. The `Place` class is defined as a union of `Time` and `Place`, and various restrictions and properties are used to define the relationships and requirements for these classes."
http://iasted#is_sent_after,Target,Property,is sent after,"In the context of a conference, ""is_sent_after"" likely refers to the timing of a particular communication or document being sent in relation to another event or action. For example, it could mean that a confirmation email, follow-up message, or additional information is sent after a specific event, such as the registration, the submission of a paper, or the conclusion of the conference. Essentially, it indicates that the sending of the communication occurs subsequent to another defined point in time or event within the conference timeline.","The property ""is_sent_after"" has a domain of ""Item"" and a range of ""Time"". This means that ""is_sent_after"" is a relationship where an ""Item"" is associated with a ""Time"".The class ""Author_information_form"" is a subclass of a restriction. This restriction specifies that the property ""is_sent_after"" must have some values from the class ""Deadline_for_notification_of_acceptance""."
http://iasted#is_sent_before,Target,Property,is sent before,"In the context of a conference, ""is_sent_before"" likely refers to whether a particular piece of information, such as an invitation, agenda, or reminder, was sent prior to a specific event or deadline. For example, it could be used to confirm if an email invitation to attend the conference was sent before the registration deadline.","The property ""is_sent_before"" has a domain of ""Item"" and a range of ""Time"". This means that ""is_sent_before"" is a relationship where an ""Item"" is associated with a ""Time"".The subgraph describes the following relationships:

1. A ""Hotel registration form"" is a subclass of a restriction that involves the property ""is_sent_before"" and some values from ""Deadline_hotel_reservation"".
2. A ""Registration form"" is a subclass of a restriction that involves the property ""is_sent_before"" and some values from ""Registration_deadline"".

In simpler terms, both ""Hotel registration form"" and ""Registration form"" must be sent before their respective deadlines, which are ""Deadline_hotel_reservation"" and ""Registration_deadline""."
http://iasted#is_sent_by,Target,Property,is sent by,"In the context of a conference, ""is_sent_by"" typically refers to the origin or source of a communication or message. For example, if an email, invitation, or notification is sent to conference participants, ""is_sent_by"" would indicate the person, organization, or system that dispatched that communication. This helps recipients understand who is responsible for the message and can provide context or authority to the information being shared.","The property ""is_sent_by"" has a domain of ""Item"" and a range of ""Person"". This means that ""is_sent_by"" is a relationship where an ""Item"" is sent by a ""Person"".The class ""Registration_form"" is a subclass of a restriction that specifies the property ""is_sent_by"" must have some values from the class ""Delegate""."
http://iasted#is_signed_by,Target,Property,is signed by,"In the context of a conference, ""is_signed_by"" typically refers to the act of a document, certificate, or any official paper being endorsed or authenticated by a specific individual or authority. This could mean that a speaker, organizer, or an official representative has signed a document to confirm its validity, authenticity, or to endorse its contents. For example, a certificate of attendance at a conference might be ""signed by"" the conference chair or a keynote speaker, indicating that the attendee has indeed participated in the event.","The property ""is_signed_by"" has a domain of ""Item"" and a range of ""Person"". This means that ""is_signed_by"" is a relationship where an ""Item"" is signed by a ""Person"".The subgraph describes that a ""Record of attendance"" is a subclass of a certain restriction. This restriction specifies that there must be some values from the class ""Listener"" and it is associated with the property ""is signed by""."
http://iasted#is_situated_in,Target,Property,is situated in,"In the context of a conference, ""is_situated_in"" refers to the physical location or venue where the conference is being held. For example, if a conference is taking place in New York City, you could say that the conference ""is situated in"" New York City. This phrase helps to specify the geographical or physical setting of the event.","The provided subgraph describes a complex ontology related to various entities and their relationships, particularly focusing on locations and their situational properties. Here is a natural language description of the subgraph:

1. **Classes and Subclasses:**
   - `Presenter_university` is a subclass of a restriction that is situated in `Presenter_city`.
   - `Conference_restaurant` is a subclass of a restriction that is situated in `Conference_city`.
   - `Conference_hotel` is a subclass of two restrictions: one situated in `Conference_city` and another in `Conference_state`.
   - `Place` is a subclass of a restriction that is situated in `Conference_city`.
   - `Audiovisual_equipment` is a subclass of a restriction that is situated in `Session_room`.
   - `Sponsor_company_house` is a subclass of a restriction that is situated in `Sponsor_city`.
   - `Session_room` is a subclass of a restriction that is situated in `Conference_building`.
   - `Conference_building` is a subclass of a restriction that is situated in `Conference_city`.
   - `Hotel_room` is a subclass of a restriction that is situated in `Conference_hotel`.
   - `Presenter_house` is a subclass of a restriction that is situated in `Presenter_state`.
   - `Conference_airport` is a subclass of a restriction that is situated in `Conference_city`.
   - `Conference_hall` is a subclass of a restriction that is situated in `Conference_building`.
   - `Record_of_attendance` is a subclass of a restriction that is situated in `Session_room`.

2. **Restrictions and Properties:**
   - The property `is_situated_in` has a domain of a union of `Place` and a range of a union of `State`.
   - Various restrictions are defined on the property `is_situated_in` with specific values:
     - `Presenter_city` for `Presenter_university`.
     - `Conference_city` for `Conference_restaurant`, `Conference_hotel`, `Conference_building`, `Conference_airport`, and `Conference_hall`.
     - `Conference_state` for `Conference_hotel`, `Place`, and `Conference_building`.
     - `Session_room` for `Audiovisual_equipment` and `Record_of_attendance`.
     - `Sponsor_city` for `Sponsor_company_house`.
     - `Presenter_state` for `Presenter_house`.

3. **Union and Intersection Classes:**
   - The class `Place` is part of a union that includes `Building`.
   - The class `City` is part of a union that includes `State`.

4. **Additional Relationships:**
   - `is_situated_in` is a property that connects various entities to their respective locations, such as cities, states, and buildings.

This ontology captures the relationships between different entities (like universities, restaurants, hotels, etc.) and their locations, specifying where each entity is situated within the context of a conference."
http://iasted#is_used_by,Target,Property,is used by,"In the context of a conference, ""is_used_by"" typically refers to the utilization or application of certain resources, tools, or services by participants, organizers, or other stakeholders involved in the conference. For example, a conference management system ""is used by"" the event organizers to schedule sessions, manage registrations, and coordinate logistics. Similarly, a mobile app ""is used by"" attendees to access the conference schedule, network with other participants, and receive updates.","The property ""is used by"" has a domain of ""Item"" and a range of ""Person"". This means that the property ""is used by"" is used to describe a relationship where an ""Item"" is used by a ""Person"".The given subgraph can be described as follows:

1. There is a restriction (let's call it Restriction1) that applies to the property ""is_used_by"" and specifies that some values from this property must be of type ""Delegate"".
2. There is another restriction (let's call it Restriction2) that also applies to the property ""is_used_by"" and specifies that some values from this property must be of type ""Speaker"".
3. ""Audiovisual equipment"" is a subclass of the class defined by Restriction2.
4. ""Transport vehicle"" is a subclass of the class defined by Restriction1.

In summary, ""Transport vehicle"" is used by some ""Delegate"", and ""Audiovisual equipment"" is used by some ""Speaker""."
http://iasted#is_used_for,Target,Property,is used for,"In the context of a conference, ""is_used_for"" refers to the purpose or function that something serves within the setting of the conference. For example, a projector ""is used for"" displaying presentations, or a registration desk ""is used for"" checking in attendees. Essentially, it describes the specific role or application of an item, tool, or process in the context of the conference.","The property ""is_used_for"" has a domain of ""Item"". This means that ""is_used_for"" is a property that applies to instances of the class ""Item"".The subgraph describes a class that is used as the range for the property ""is_used_for"". This class is defined as a union of two other classes: ""Activity"" and ""Money""."
http://iasted#is_visited_by,Target,Property,is visited by,"In the context of a conference, ""is_visited_by"" typically refers to the relationship between the conference and the attendees or participants. It indicates that certain individuals or groups have attended or participated in the conference. For example, if a conference ""is_visited_by"" a renowned speaker, it means that the speaker attended and possibly presented at the conference.","The property ""is_visited_by"" has a range of ""Person"".The given subgraph can be described in natural language as follows:

1. There is a class denoted by a blank node (let's call it Class1) which is a union of three elements: State, City, and another blank node (let's call it Class2). Class2 is a list containing Building and an empty list (nil).

2. There is a property called `is_visited_by` which has a domain of Class1.

3. There are three restrictions involving the `is_visited_by` property:
   - The first restriction (let's call it Restriction1) specifies that `is_visited_by` some Delegate.
   - The second restriction (let's call it Restriction2) specifies that `is_visited_by` some Delegate.
   - The third restriction (let's call it Restriction3) specifies that `is_visited_by` some Conference_Hiker.

4. The class `Conference_city` is a subclass of Restriction1.

5. The class `Trip_city` is a subclass of Restriction3.

6. The class `Conference_state` is a subclass of Restriction2.

In summary, the subgraph describes a hierarchy of classes and restrictions involving the `is_visited_by` property, with specific subclasses for conference cities, trip cities, and conference states, each associated with different types of visitors (Delegates and Conference_Hikers)."
http://iasted#is_writen_by,Target,Property,is writen by,"In the context of a conference, ""is_written_by"" typically refers to the authorship of a paper, presentation, or any other type of submission. It indicates the individual or group of individuals who have authored or created the content being presented or discussed at the conference. For example, if a research paper is submitted to a conference, the ""is_written_by"" field would list the names of the researchers who wrote the paper.","The property ""is written by"" has a domain of ""Item"" and a range of ""Person"".The given subgraph can be described as follows:

- A ""Review"" is a subclass of a restriction that involves the property ""is written by"" and has some values from ""Reviewer"".
- A ""Submission"" is a subclass of a restriction that involves the property ""is written by"" and has some values from ""Speaker"".
- Both restrictions are of type ""Restriction""."
http://iasted#need,Target,Property,need,"In the context of a conference, the term ""need"" refers to the specific requirements or necessities that must be met to ensure the event's success. This can include logistical needs such as venue space, audio-visual equipment, and catering, as well as content-related needs like relevant speakers, engaging topics, and appropriate materials for attendees. Understanding and addressing these needs is crucial for organizing a smooth and effective conference.","The property ""need"" has a domain of ""Person"" and a range of ""Item"". This means that the subject of the ""need"" property is a ""Person"" and the object of the ""need"" property is an ""Item"". In other words, a person needs an item.The class ""Delegate"" is a subclass of a restriction. This restriction specifies that there is a property ""need"" which must have some values from the class ""Viza""."
http://iasted#obtain,Target,Property,obtain,"In the context of a conference, ""obtain"" typically means to acquire or secure something. For example, you might obtain information, materials, or access to certain sessions or resources during the conference. It implies that you are actively getting something that is available or provided as part of the event.","The verb ""obtain"" has a domain of ""Person"" and a range of ""Item"". This means that the action of obtaining is performed by a person and the thing that is obtained is an item.The given subgraph can be described in natural language as follows:

There are several classes and restrictions defined in the graph:

1. **Session Chair** is a subclass of a restriction that involves obtaining a **Brief Introduction for Session Chair**.
2. **Delegate** is a subclass of a restriction that involves obtaining an **Invitation Letter**.
3. **Author of CD Proceedings Included** is a subclass of a restriction that involves obtaining a **CD Proceeding**.
4. **Author of Book Proceedings Included** is a subclass of a restriction that involves obtaining a **Book Proceeding**.

The restrictions are defined as follows:
- The restriction involving **Session Chair** is on the property **obtain** and requires some values from **Brief Introduction for Session Chair**.
- The restriction involving **Delegate** is on the property **obtain** and requires some values from **Invitation Letter**.
- The restriction involving **Author of CD Proceedings Included** is on the property **obtain** and requires some values from **CD Proceeding**.
- The restriction involving **Author of Book Proceedings Included** is on the property **obtain** and requires some values from **Book Proceeding**.

In summary, the graph describes various roles (Session Chair, Delegate, Author of CD Proceedings Included, Author of Book Proceedings Included) and the specific items they are required to obtain (Brief Introduction, Invitation Letter, CD Proceeding, Book Proceeding) as part of their roles."
http://iasted#occupy,Target,Property,occupy,"In the context of a conference, ""occupy"" typically means to take up or fill a space, seat, or position. For example, attendees might occupy seats in a conference hall, or a speaker might occupy the stage during their presentation. It can also refer to the scheduling of time slots, where different sessions or activities occupy specific times on the conference agenda.","The property ""occupy"" has a domain of ""Person"".The given subgraph describes a set of classes, properties, and restrictions related to sponsors, delegates, and presenters in the context of buildings, cities, states, and hotels. Here is a natural language description of the subgraph:

1. **Sponsor**:
   - A Sponsor is a subclass of a restriction that involves occupying a Sponsor_city.
   - A Sponsor is also a subclass of another restriction that involves occupying a Sponsor_state.
   - Additionally, a Sponsor is a subclass of a restriction that involves occupying a Sponsor_company_house.

2. **Delegate**:
   - A Delegate is a subclass of a restriction that involves occupying a Presenter_state.
   - A Delegate is also a subclass of a restriction that involves occupying a Presenter_city.
   - Furthermore, a Delegate is a subclass of a restriction that involves occupying a Presenter_house.

3. **Hotel_presenter**:
   - A Hotel_presenter is a subclass of an intersection of restrictions.
   - One of these restrictions involves occupying a Conference_hotel.
   - Another restriction involves paying a Hotel_fee.

4. **Occupy Property**:
   - The property ""occupy"" has a range that is a union of Building, State, and City classes.

5. **Classes and Restrictions**:
   - The class ""Building"" is part of the union that defines the range of the ""occupy"" property.
   - The class ""State"" is part of the union that defines the range of the ""occupy"" property.
   - The class ""City"" is part of the union that defines the range of the ""occupy"" property.
   - The class ""Hotel_fee"" is involved in a restriction related to the ""pay"" property.

6. **Types**:
   - The class ""Sponsor_city"" is involved in a restriction related to the ""occupy"" property.
   - The class ""Presenter_house"" is involved in a restriction related to the ""occupy"" property.
   - The class ""Presenter_state"" is involved in a restriction related to the ""occupy"" property.
   - The class ""Presenter_city"" is involved in a restriction related to the ""occupy"" property.
   - The class ""Conference_hotel"" is involved in a restriction related to the ""occupy"" property.

In summary, the subgraph defines relationships and restrictions involving sponsors, delegates, and presenters, particularly focusing on the properties they occupy and the fees they pay in the context of buildings, cities, states, and hotels."
http://iasted#pay,Target,Property,pay,"In the context of a conference, ""pay"" typically refers to the act of providing monetary compensation or a fee in exchange for attending the event. This could include registration fees, ticket purchases, or any other costs associated with participating in the conference, such as workshops, seminars, or special sessions.","The term ""pay"" has a domain of ""Person"" and a range of ""Money"". This means that the action or concept of ""pay"" is something that a ""Person"" performs, and it involves ""Money"".The given subgraph can be described in natural language as follows:

1. **IASTED Non-Member**:
   - Equivalent to a class that has a restriction on the property ""pay"" with some values from ""Nonmember registration fee"".

2. **Worker Non-Speaker**:
   - Equivalent to a class that has a restriction on the property ""pay"" with some values from ""Nonauthor registration fee"".

3. **Delegate**:
   - A subclass of a class that has a restriction on the property ""pay"" with some values from ""Registration fee"".

4. **Hotel Presenter**:
   - A subclass of a class that is an intersection of:
     - A restriction on the property ""occupy"" with some values from ""Conference hotel"".
     - A restriction on the property ""pay"" with some values from ""Hotel fee"".

5. **IASTED Member**:
   - Equivalent to a class that has a restriction on the property ""pay"" with some values from ""Member registration fee"".

6. **Student Non-Speaker**:
   - Equivalent to a class that has a restriction on the property ""pay"" with some values from ""Student registration fee"".

In summary, the subgraph describes various classes of individuals (IASTED non-members, Worker non-speakers, Delegates, Hotel presenters, IASTED members, and Student non-speakers) and their relationships to different types of fees and properties they are associated with."
http://iasted#prepare,Target,Property,prepare,"In the context of a conference, ""prepare"" means to make all the necessary arrangements and plans in advance to ensure the event runs smoothly. This can include tasks such as organizing the agenda, arranging for speakers, setting up the venue, preparing materials and presentations, coordinating with attendees, and ensuring all technical equipment is functioning properly. Essentially, it involves all the steps taken to ensure that the conference is well-organized and successful.","The action ""prepare"" is performed by a ""Person"" and is applied to an ""Item"".The class ""Author"" is a subclass of a restriction. This restriction specifies that the property ""prepare"" must have some values from the class ""Transparency""."
http://iasted#send,Target,Property,send,"In the context of a conference, ""send"" typically means to transmit or dispatch information, invitations, documents, or messages to participants or organizers. For example, you might send an email invitation to attendees, send a presentation file to the conference organizers, or send a message to a colleague during the event.","The action ""send"" is performed by a ""Person"" and involves an ""Item"".The class ""Delegate"" is a subclass of a restriction that requires the property ""send"" to have some values from the class ""Registration_form""."
http://iasted#sign,Target,Property,sign,"In the context of a conference, a ""sign"" typically refers to a visual indicator or display that provides information or directions to attendees. This can include signs for registration areas, session rooms, restrooms, emergency exits, and other important locations or instructions within the conference venue. Signs help guide participants and ensure the event runs smoothly by clearly communicating necessary information.","The property ""sign"" has a domain of ""Person"" and a range of ""Item"". This means that the subject of the ""sign"" property is a ""Person"" and the object of the ""sign"" property is an ""Item"".The class ""Listener"" is a subclass of a restriction that specifies that there must be some values from the property ""sign"" that are of the type ""Record of attendance""."
http://iasted#speak_in,Target,Property,speak in,"In the context of a conference, ""speak in"" typically means to participate as a speaker or presenter. It involves delivering a talk, presentation, or lecture on a specific topic to the conference attendees.","The property ""speak_in"" has a domain of ""Person"". This means that the property ""speak_in"" is used to describe something about a ""Person"".The given subgraph can be described in natural language as follows:

1. A **Lecturer** is a subclass of a restriction that involves the property **speak_in**. This restriction specifies that the **Lecturer** must speak in a **Session_room**.

2. A **Plenary lecture speaker** is a subclass of a restriction that involves the property **speak_in**. This restriction specifies that the **Plenary lecture speaker** must speak in a **Conference_hall**.

3. A **Tutorial speaker** is a subclass of a restriction that involves the property **speak_in**. This restriction specifies that the **Tutorial speaker** must speak in a **Conference_hall**.

4. There is a class that is a union of **Place** and **Time**. This class is the range of the property **speak_in**.

5. The union class is defined as follows:
   - The first element of the union is **Place**.
   - The rest of the union is a list where the first element is **Time** and the rest is nil (indicating the end of the list).

In summary, the subgraph describes different types of speakers (Lecturer, Plenary lecture speaker, and Tutorial speaker) and the specific locations they are required to speak in (Session_room or Conference_hall). Additionally, it defines a union class that includes both **Place** and **Time** as the range for the property **speak_in**."
http://iasted#write,Target,Property,write,"In the context of a conference, ""write"" typically refers to the act of creating written content related to the event. This could include writing notes during presentations, drafting summaries or reports of the sessions, preparing written materials such as handouts or slides, or composing emails and messages for communication with other attendees or organizers. Essentially, it involves documenting and communicating information pertinent to the conference.","The property ""write"" has a domain of ""Person"" and a range of ""Item"". This means that the subject of the ""write"" property is a ""Person"" and the object of the ""write"" property is an ""Item"". In other words, a person writes an item.The class ""Speaker"" is a subclass of a certain restriction. This restriction specifies that the property ""write"" must have some values from the class ""Final_manuscript""."
