entity,source_or_target,entity_type,syntactic_matching,lexical_matching,semantic_matching
http://www.w3.org/2004/02/skos/core#ConceptScheme,Source,Class,concept scheme,"In digital humanities (and linked data), a ConceptScheme is a structured collection of related Concepts—typically terms, themes, or subjects—organized to define their meanings and relationships. It’s a SKOS construct used to group concepts (with labels, definitions, and links like broader/narrower/related) into a coherent vocabulary such as a thesaurus, taxonomy, or subject ontology, enabling consistent annotation, discovery, and interoperability across datasets.",Information is not available.
https://vocabs.dariah.eu/tadirah/abstractThinking,Source,Class,abstract thinking,"Abstract thinking, in the context of digital humanities and per Wikidata item Q25501084, refers to the cognitive ability to conceptualize ideas that are not tied to concrete, immediate objects or experiences—working with general concepts, patterns, relationships, and symbolic representations. In digital humanities, this enables modeling cultural, historical, or textual phenomena (e.g., ontologies, categories, networks) beyond their specific instances.","- “Abstract Thinking” is broader than “Teorización”.
- “Teorización” has narrower concept “Abstract Thinking”."
https://vocabs.dariah.eu/tadirah/abstractThinking,Source,Class,abstract thinking,"Abstract thinking (Wikidata: Q25501084) is the cognitive ability to conceptualize ideas beyond concrete, immediate objects or experiences—handling concepts like categories, systems, relationships, and symbolism. In digital humanities, it underpins modeling cultural data, designing ontologies, interpreting patterns across media, and translating complex humanistic concepts into computational representations.","- “Abstract Thinking” is a broader concept of “Teorización”.
- “Teorización” is a narrower concept of “Abstract Thinking”."
https://vocabs.dariah.eu/tadirah/academicPublishing,Source,Class,academic publishing,"Academic publishing is the subfield of publishing that distributes academic research and scholarship—such as journal articles, monographs, and edited volumes—within scholarly communities. In digital humanities, it encompasses both traditional and digital forms (e.g., online journals, digital editions, datasets, and multimodal projects) that communicate research outputs and methods.","- “Academic Publishing” is a broader concept of “Veröffentlichen”.  
- “Veröffentlichen” has the narrower concept “Academic Publishing”."
https://vocabs.dariah.eu/tadirah/academicPublishing,Source,Class,academic publishing,"In digital humanities, academic publishing is the subfield of publishing that distributes academic research and scholarship—such as articles, monographs, datasets, and editions—produced by scholars, typically via peer-reviewed journals, books, and digital platforms.","- “Academic Publishing” is a broader concept of “Veröffentlichen”.
- “Veröffentlichen” has the narrower concept “Academic Publishing”."
https://vocabs.dariah.eu/tadirah/adding,Source,Class,adding,"In digital humanities, “adding” refers to the arithmetic operation of addition—combining two or more numerical values to get a sum—used in computational analyses of cultural data (e.g., summing word counts, frequencies, or metadata values). (Source: Wikidata Q32043, arithmetic operation)","- “Adding” is a broader concept of “Bearbeiten”.
- “Bearbeiten” is a narrower concept of “Adding”."
https://vocabs.dariah.eu/tadirah/adding,Source,Class,adding,"In digital humanities, “adding” refers to the arithmetic operation of summation—combining two or more numeric values to produce a total (as defined in Wikidata Q32043). Practically, it’s used to aggregate counts or measurements in cultural data (e.g., summing word frequencies, totals of annotations, item counts in collections, or combined metrics across datasets).","- “Adding” is broader than “Bearbeiten”.
- “Bearbeiten” has narrower concept “Adding”."
https://vocabs.dariah.eu/tadirah/aggregating,Source,Class,aggregating,"Aggregating (in digital humanities) is the act of collecting together physical or conceptual objects—such as datasets, texts, images, metadata, or other resources—into a unified whole for analysis, access, or preservation.","- “Aggregating” is broader than “Sammeln”.
- “Sammeln” is narrower than “Aggregating”."
https://vocabs.dariah.eu/tadirah/aggregating,Source,Class,aggregating,"In digital humanities, aggregating means the act of collecting together physical or conceptual objects—such as datasets, texts, images, or metadata—into a unified set for access, analysis, or curation (Wikidata Q23007394).","- “Aggregating” is broader than “Sammeln”.
- “Sammeln” is narrower than “Aggregating”."
https://vocabs.dariah.eu/tadirah/analyzing,Source,Class,an lisis,"In digital humanities, “Análisis” means examining data from collections to identify recurring phenomena, units, elements, patterns, and groupings—covering structural, formal, or semantic aspects of the data.","- “Análise espacial” is a broader concept of “Análisis”.
- “Análise relacional” is a broader concept of “Análisis”.
- “Netzwerkanalyse” is a broader concept of “Análisis”.
- “Structural Analysis” is a broader concept of “Análisis”.
- “Stylistic Analysis” is a broader concept of “Análisis”.
- “TaDiRAH” has top concept “Análisis”.
- “Visualización” is a broader concept of “Análisis”.
- “Анализа садржаја” is a broader concept of “Análisis”.
- “Análisis” closely matches “index.php?tema=25”.
- “Análisis” has the narrower concept “Análise espacial”.
- “Análisis” has the narrower concept “Análise relacional”.
- “Análisis” has the narrower concept “Netzwerkanalyse”.
- “Análisis” has the narrower concept “Structural Analysis”.
- “Análisis” has the narrower concept “Stylistic Analysis”.
- “Análisis” has the narrower concept “Visualización”.
- “Análisis” has the narrower concept “Анализа садржаја”.
- “Análisis” is the top concept of “TaDiRAH”."
https://vocabs.dariah.eu/tadirah/analyzing,Source,Class,an lisis,"In digital humanities, “Análisis” is the systematic examination of data collections to identify recurring phenomena, units, elements, patterns, and groupings, encompassing structural, formal, or semantic aspects of the data.","- “Análise espacial” is a broader concept of “Análisis”.
- “Análise relacional” is a broader concept of “Análisis”.
- “Netzwerkanalyse” is a broader concept of “Análisis”.
- “Structural Analysis” is a broader concept of “Análisis”.
- “Stylistic Analysis” is a broader concept of “Análisis”.
- “TaDiRAH” has top concept “Análisis”.
- “Visualización” is a broader concept of “Análisis”.
- “Анализа садржаја” is a broader concept of “Análisis”.
- “Análisis” closely matches “index.php?tema=25”.
- “Análise espacial” is a narrower concept of “Análisis”.
- “Análise relacional” is a narrower concept of “Análisis”.
- “Netzwerkanalyse” is a narrower concept of “Análisis”.
- “Structural Analysis” is a narrower concept of “Análisis”.
- “Stylistic Analysis” is a narrower concept of “Análisis”.
- “Visualización” is a narrower concept of “Análisis”.
- “Анализа садржаја” is a narrower concept of “Análisis”.
- “Análisis” is a top concept of “TaDiRAH”."
https://vocabs.dariah.eu/tadirah/annotating,Source,Class,annotation,"In digital humanities, annotation is the act of making information about a digital object explicit by adding notes, metadata, keywords, tags, or links to its digital representation or an associated annotation file. This can include explanatory comments and context, structural or linguistic markup, linked open data to express machine-readable relationships, and general metadata describing the object as a whole.","- Arricchimento has narrower concept Annotation.
- Associating has broader concept Annotation.
- Audio Annotation has broader concept Annotation.
- Contextualizing has broader concept Annotation.
- Encoding has broader concept Annotation.
- Georeferencing has broader concept Annotation.
- Highlighting has broader concept Annotation.
- Linked Open Data has broader concept Annotation.
- Named Entity Recognition has broader concept Annotation.
- POS-Tagging has broader concept Annotation.
- Segmenting has broader concept Annotation.
- Tagging has broader concept Annotation.
- Visual Annotation has broader concept Annotation.
- Annotation has broader concept Arricchimento.
- Annotation has close match annotating.
- Annotation has narrower concept Associating.
- Annotation has narrower concept Audio Annotation.
- Annotation has narrower concept Contextualizing.
- Annotation has narrower concept Encoding.
- Annotation has narrower concept Georeferencing.
- Annotation has narrower concept Highlighting.
- Annotation has narrower concept Linked Open Data.
- Annotation has narrower concept Named Entity Recognition.
- Annotation has narrower concept POS-Tagging.
- Annotation has narrower concept Segmenting.
- Annotation has narrower concept Tagging.
- Annotation has narrower concept Visual Annotation."
https://vocabs.dariah.eu/tadirah/annotating,Source,Class,annotation,"In digital humanities, annotation is the act of making information about a digital object explicit by adding notes, metadata, keywords, tags, or links to its digital representation or an associated annotation file. Annotations can explain or contextualize passages, mark structural or linguistic features, express machine-readable relationships (linked open data), or supply general metadata about the object as a whole.","- “Arricchimento” has narrower concept “Annotation”.
- “Associating” is a broader concept of “Annotation”.
- “Audio Annotation” is a broader concept of “Annotation”.
- “Contextualizing” is a broader concept of “Annotation”.
- “Encoding” is a broader concept of “Annotation”.
- “Georeferencing” is a broader concept of “Annotation”.
- “Highlighting” is a broader concept of “Annotation”.
- “Linked Open Data” is a broader concept of “Annotation”.
- “Named Entity Recognition” is a broader concept of “Annotation”.
- “POS-Tagging” is a broader concept of “Annotation”.
- “Segmenting” is a broader concept of “Annotation”.
- “Tagging” is a broader concept of “Annotation”.
- “Visual Annotation” is a broader concept of “Annotation”.
- “Annotation” has broader concept “Arricchimento”.
- “Annotation” has close match “annotating”.
- “Annotation” has narrower concept “Associating”.
- “Annotation” has narrower concept “Audio Annotation”.
- “Annotation” has narrower concept “Contextualizing”.
- “Annotation” has narrower concept “Encoding”.
- “Annotation” has narrower concept “Georeferencing”.
- “Annotation” has narrower concept “Highlighting”.
- “Annotation” has narrower concept “Linked Open Data”.
- “Annotation” has narrower concept “Named Entity Recognition”.
- “Annotation” has narrower concept “POS-Tagging”.
- “Annotation” has narrower concept “Segmenting”.
- “Annotation” has narrower concept “Tagging”.
- “Annotation” has narrower concept “Visual Annotation”."
https://vocabs.dariah.eu/tadirah/archiving,Source,Class,archiving,"In digital humanities, archiving is the process of moving data and other resources (e.g., texts, images, code, metadata) into a designated, managed space for retention and future access. When aimed at long-term retention, it also involves data preservation activities (e.g., ensuring integrity, usability, and sustainability over time).","- Cataloging is a broader concept of Archiving.
- Collecting is a broader concept of Archiving.
- Conservazione is a narrower concept of Archiving.
- Data Ingestion is a broader concept of Archiving.
- Sammeln is a narrower concept of Archiving.
- Scanning is a broader concept of Archiving.
- Web Scraping is a broader concept of Archiving.
- Archiving is a broader concept of Conservazione.
- Archiving is a broader concept of Sammeln.
- Archiving closely matches archiving.
- Archiving is a narrower concept of Cataloging.
- Archiving is a narrower concept of Collecting.
- Archiving is a narrower concept of Data Ingestion.
- Archiving is a narrower concept of Scanning.
- Archiving is a narrower concept of Web Scraping."
https://vocabs.dariah.eu/tadirah/archiving,Source,Class,archiving,"In digital humanities, archiving is the process of moving data and other digital resources (e.g., texts, images, datasets, code) to a dedicated space for organized retention and access. When aimed at long-term retention, it also involves preservation activities to ensure ongoing usability, integrity, and authenticity over time.","- Cataloging is broader than Archiving.
- Collecting is broader than Archiving.
- Conservazione is narrower than Archiving.
- Data Ingestion is broader than Archiving.
- Sammeln is narrower than Archiving.
- Scanning is broader than Archiving.
- Web Scraping is broader than Archiving.
- Archiving is broader than Conservazione.
- Archiving is broader than Sammeln.
- Archiving closely matches “archiving”.
- Archiving is narrower than Cataloging.
- Archiving is narrower than Collecting.
- Archiving is narrower than Data Ingestion.
- Archiving is narrower than Scanning.
- Archiving is narrower than Web Scraping."
https://vocabs.dariah.eu/tadirah/associate,Source,Class,associate,"In digital humanities, “Associate” refers to the professional title “Associate Professor” (Wikidata item Q2868277), an academic rank above Assistant Professor and below full Professor.","- “Associate” is a broader concept’s subordinate to “Contextualizing.”
- “Contextualizing” has the narrower concept “Associate.”"
https://vocabs.dariah.eu/tadirah/associate,Source,Class,associate,"In digital humanities (per Wikidata item Q2868277), an Associate is a rank or position below Fellow, typically indicating a member or affiliate of an organization, project, or professional body who contributes or participates without holding the highest level of membership.","- “Associate” is broader concept of “Contextualizing”.
- “Contextualizing” has narrower concept “Associate”."
https://vocabs.dariah.eu/tadirah/associating,Source,Class,associating,"In digital humanities, “Associating” refers to creating a link between two or more entities (e.g., concepts, people, places, texts, data items) to indicate a meaningful relationship. In Wikidata terms (per Q98847960), it denotes the action of connecting items through statements so they are related within a knowledge graph.","- Annotation has narrower concept Associating.
- Associating has broader concept Annotation."
https://vocabs.dariah.eu/tadirah/associating,Source,Class,associating,"In digital humanities, “associating” refers to creating a link between entities (e.g., people, places, works, concepts) so they can be related, compared, or analyzed together—often via metadata or identifiers. In Wikidata terms (see Q98847960), it involves connecting items through properties to express relationships that enable integrated querying and analysis.","- Annotation has narrower concept Associating.
- Associating has broader concept Annotation."
https://vocabs.dariah.eu/tadirah/audioAnnotation,Source,Class,audio annotation,"In digital humanities, “Audio Annotation” refers to adding descriptive, interpretive, or structural metadata to audio materials—such as time-aligned notes, tags, transcripts, comments, or classifications—to enhance analysis, retrieval, and scholarship. (See Wikidata item Q98847703.)","- “Annotation” has narrower concept “Audio Annotation”.
- “Audio Annotation” has broader concept “Annotation”."
https://vocabs.dariah.eu/tadirah/audioAnnotation,Source,Class,audio annotation,"Audio annotation (in digital humanities) is the practice of adding structured metadata, labels, or commentary to audio recordings to describe, interpret, or analyze their content—such as speakers, topics, events, linguistic features, or time-aligned segments—so the audio can be searched, studied, and reused. (See: Wikidata item Q98847703.)","- ""Annotation"" has narrower concept ""Audio Annotation"".
- ""Audio Annotation"" has broader concept ""Annotation""."
https://vocabs.dariah.eu/tadirah/audioConferencing,Source,Class,audio conferencing,"Audio conferencing is a real-time communication method where multiple participants at different locations connect by voice over telecommunication networks (e.g., telephone or internet) to conduct meetings or collaborative discussions. In digital humanities, it supports remote scholarly collaboration, seminars, and project coordination without physical co-presence.

Source: Wikidata contributors, “Q58199,” Wikidata, https://www.wikidata.org/w/index.php?title=Q58199&oldid=1228360894 (accessed September 4, 2020).","- “Audio Conferencing” is a broader concept of “Kommunizieren”. → Incorrect per SKOS:broader means Audio Conferencing has broader concept Kommunizieren.
- Correct verbalizations:
  - “Audio Conferencing” has broader concept “Kommunizieren”.
  - “Kommunizieren” has narrower concept “Audio Conferencing”."
https://vocabs.dariah.eu/tadirah/audioConferencing,Source,Class,audio conferencing,"Audio conferencing is a real-time communication method where multiple participants connect by voice over telecommunication networks or the internet to conduct meetings or discussions without being co-located. In digital humanities, it facilitates remote scholarly collaboration, seminars, and project coordination by enabling synchronous voice-based interaction across institutions and regions.

Source: Wikidata, Q58199 (Audio conferencing).","- “Audio Conferencing” is a broader concept’s narrower term under “Kommunizieren.”
- “Kommunizieren” has the narrower concept “Audio Conferencing.”"
https://vocabs.dariah.eu/tadirah/audioRecording,Source,Class,audio recording,"In digital humanities, an audio recording is a mechanical or digital record of a series of audio events—such as speech, music, or ambient sound—captured and stored for analysis, annotation, preservation, and dissemination. (Source: Wikidata Q3302947)","- “Audio Recording” is a broader concept than “Enregistrement”.
- “Enregistrement” has the narrower concept “Audio Recording”."
https://vocabs.dariah.eu/tadirah/audioRecording,Source,Class,audio recording,Audio recording: a mechanical or digital record of a series of audio events. (Wikidata Q3302947),"- “Audio Recording” is a broader concept of “Enregistrement”.
- “Enregistrement” has the narrower concept “Audio Recording”."
https://vocabs.dariah.eu/tadirah/authorshipAttribution,Source,Class,authorship attribution,"In digital humanities, authorship attribution is the theory and method of determining who wrote a given work—such as a text—by characterizing and analyzing its stylistic and thematic features.","- Authorship Attribution is a broader concept’s narrower term under Stylistic Analysis.
- Stylistic Analysis has the narrower concept Authorship Attribution."
https://vocabs.dariah.eu/tadirah/authorshipAttribution,Source,Class,authorship attribution,"In digital humanities, authorship attribution is the theory and method for determining who wrote a given work by analyzing stylistic and thematic features—often using computational techniques to characterize and compare texts.","- Authorship Attribution is a broader concept’s narrower term of Stylistic Analysis.
- Stylistic Analysis has narrower concept Authorship Attribution."
https://vocabs.dariah.eu/tadirah/bitStreamPreservation,Source,Class,bit stream preservation,"Bit Stream Preservation is the maintenance of the exact sequence of bits that make up a digital object over time, ensuring its integrity and authenticity without altering its content or format. In digital humanities, it focuses on safeguarding the original digital data (bit-level fidelity), typically through storage redundancy, fixity checks, and monitoring, but does not guarantee future usability or format migration.

Source: Wikidata, Q98847577 (accessed September 4, 2020).","- “Bit Stream Preservation” is broader concept: “Conservation”. → “Bit Stream Preservation” has broader “Conservation”.
- “Conservation” has narrower “Bit Stream Preservation”."
https://vocabs.dariah.eu/tadirah/bitStreamPreservation,Source,Class,bit stream preservation,"Bit stream preservation is the maintenance of the exact sequence of bits that make up a digital object over time, ensuring its integrity and authenticity without altering its content or format. In digital humanities, this focuses on storage, fixity checks, and backups to keep data unchanged, but does not guarantee future usability or rendering. (Source: Wikidata Q98847577)","- “Bit Stream Preservation” is a broader concept’s narrower term of “Conservation.”
- “Conservation” has the narrower concept “Bit Stream Preservation.”"
https://vocabs.dariah.eu/tadirah/blogging,Source,Class,blogging,"In digital humanities, blogging means the action of writing articles or maintaining a weblog—using a blog to share research, reflections, project updates, or commentary with public or scholarly audiences. (Source: Wikidata Q21124681)","- Blogging is broader than Veröffentlichen.
- Veröffentlichen has the narrower concept Blogging."
https://vocabs.dariah.eu/tadirah/blogging,Source,Class,blogging,"In digital humanities, blogging is the action of writing articles or maintaining a weblog—used to share research updates, reflections, resources, and engage publics and peers. (Source: Wikidata Q21124681)","- Blogging is a broader concept than Veröffentlichen.
- Veröffentlichen has the narrower concept Blogging."
https://vocabs.dariah.eu/tadirah/browsing,Source,Class,browsing,"In digital humanities, browsing means the exploratory use of an information system—navigating resources without a specific, predefined query to discover and make sense of information. (Wikidata Q516508)","- “Browsing” is a broader concept’s child of “Scoperta.”  
- “Scoperta” has the narrower concept “Browsing.”"
https://vocabs.dariah.eu/tadirah/browsing,Source,Class,browsing,"In digital humanities, “browsing” means the exploratory use of an information system—navigating through resources without a fixed query to discover relevant materials. (Source: Wikidata Q516508)","- “Browsing” is broader concept of “Scoperta”.
- “Scoperta” has narrower concept “Browsing”."
https://vocabs.dariah.eu/tadirah/capturing,Source,Class,acquisizione,"In digital humanities, “Acquisizione” means the capture and creation of digital surrogates or representations of existing objects and artifacts. It includes:
- Discovering/learning about resources
- Manual processes (e.g., transcription)
- Automated procedures (e.g., imaging, OCR/data recognition, recording)
- Aggregating resources, information, and data (gathering)","- “Converting” is a broader concept of “Acquisizione”.
- “Datenerkennung” is a broader concept of “Acquisizione”.
- “Enregistrement” is a broader concept of “Acquisizione”.
- “Extracting” is a broader concept of “Acquisizione”.
- “Gestione delle Immagini” is a broader concept of “Acquisizione”.
- “Sammeln” is a broader concept of “Acquisizione”.
- “Scoperta” is a broader concept of “Acquisizione”.
- “TaDiRAH” has top concept “Acquisizione”.
- “Transcribing” is a broader concept of “Acquisizione”.
- “Acquisizione” closely matches “index.php?tema=7”.
- “Acquisizione” has narrower concept “Converting”.
- “Acquisizione” has narrower concept “Datenerkennung”.
- “Acquisizione” has narrower concept “Enregistrement”.
- “Acquisizione” has narrower concept “Extracting”.
- “Acquisizione” has narrower concept “Gestione delle Immagini”.
- “Acquisizione” has narrower concept “Sammeln”.
- “Acquisizione” has narrower concept “Scoperta”.
- “Acquisizione” has narrower concept “Transcribing”.
- “Acquisizione” is a top concept of “TaDiRAH”."
https://vocabs.dariah.eu/tadirah/capturing,Source,Class,acquisizione,"In digital humanities, “Acquisizione” (Acquisition) means creating digital surrogates or representations of existing real-world artifacts and resources—by discovering, capturing, and bringing them into a digital form. It can be done manually (e.g., transcription), automatically (e.g., imaging, OCR, recording), and also includes aggregating resources, information, and data (gathering).","- Converting is a broader concept of Acquisizione.
- Datenerkennung is a broader concept of Acquisizione.
- Enregistrement is a broader concept of Acquisizione.
- Extracting is a broader concept of Acquisizione.
- Gestione delle Immagini is a broader concept of Acquisizione.
- Sammeln is a broader concept of Acquisizione.
- Scoperta is a broader concept of Acquisizione.
- TaDiRAH has top concept Acquisizione.
- Transcribing is a broader concept of Acquisizione.
- Acquisizione closely matches index.php?tema=7.
- Acquisizione has narrower concept Converting.
- Acquisizione has narrower concept Datenerkennung.
- Acquisizione has narrower concept Enregistrement.
- Acquisizione has narrower concept Extracting.
- Acquisizione has narrower concept Gestione delle Immagini.
- Acquisizione has narrower concept Sammeln.
- Acquisizione has narrower concept Scoperta.
- Acquisizione has narrower concept Transcribing.
- Acquisizione is a top concept of TaDiRAH."
https://vocabs.dariah.eu/tadirah/cataloging,Source,Class,cataloging,Cataloging (in digital humanities) is the process of listing information resources for inclusion in a database.,"- Archiving has the narrower concept Cataloging.
- Sammeln has the narrower concept Cataloging.
- Cataloging has the broader concept Archiving.
- Cataloging has the broader concept Sammeln."
https://vocabs.dariah.eu/tadirah/cataloging,Source,Class,cataloging,"In digital humanities, cataloging is the process of listing information resources for inclusion in a database—organizing and describing digital objects so they can be found, identified, and accessed. (Source: Wikidata Q3535655)","- Archiving has the narrower concept Cataloging.
- Sammeln has the narrower concept Cataloging.
- Cataloging has the broader concept Archiving.
- Cataloging has the broader concept Sammeln."
https://vocabs.dariah.eu/tadirah/clusterAnalysis,Source,Class,cluster analysis,"In digital humanities, cluster analysis is the task of grouping a set of objects (e.g., texts, authors, artworks, users) so that items in the same group (a cluster) are more similar to each other—by some chosen measure—than to those in other groups. This helps identify patterns or categories in cultural, textual, or historical data. (Source: Wikidata Q622825)","- “Análise relacional” has narrower concept “Cluster Analysis”.
- “Stylistic Analysis” has narrower concept “Cluster Analysis”.
- “Cluster Analysis” has broader concept “Análise relacional”.
- “Cluster Analysis” has broader concept “Stylistic Analysis”."
https://vocabs.dariah.eu/tadirah/clusterAnalysis,Source,Class,cluster analysis,"In digital humanities, cluster analysis is the task of grouping a set of objects (e.g., texts, authors, images, artifacts) so that items in the same group (a cluster) are more similar to each other than to those in other groups. This helps reveal patterns or categories in cultural data without predefined labels.","- “Análise relacional” has narrower concept “Cluster Analysis”.
- “Stylistic Analysis” has narrower concept “Cluster Analysis”.
- “Cluster Analysis” has broader concept “Análise relacional”.
- “Cluster Analysis” has broader concept “Stylistic Analysis”."
https://vocabs.dariah.eu/tadirah/coOccurrence,Source,Class,co occurrence,"In digital humanities, co-occurrence refers to the statistical-linguistic measure of how often at least two terms appear together in a specific order within a text corpus. Higher co-occurrence suggests greater semantic proximity or points to idiomatic/formulaic expressions.","- “Co-Occurrence” is a broader concept of “Contextualizing.” → Incorrect per triple; correct: “Co-Occurrence” has broader concept “Contextualizing.”
- “Contextualizing” has narrower concept “Co-Occurrence.”"
https://vocabs.dariah.eu/tadirah/coOccurrence,Source,Class,co occurrence,"In digital humanities, co-occurrence is the statistical-linguistic measure of how often at least two terms appear together in a specific order within a text corpus, used to infer semantic proximity or identify idiomatic expressions.","- “Co-Occurrence” is broader term of “Contextualizing”.  
- “Contextualizing” has narrower term “Co-Occurrence”."
https://vocabs.dariah.eu/tadirah/collaborating,Source,Class,colabora o,"In digital humanities, “Colaboração” means conducting research jointly with other researchers—often across different locations and times—supported by digital tools. It can occur within comprehensive digital research environments or around specific tasks like communication and resource sharing.","- “Discussing” is a broader concept than “Colaboração”.
- “Divulgazione” has a narrower concept “Colaboração”.
- “Organizzazione” is a broader concept than “Colaboração”.
- “Social Networking” is a broader concept than “Colaboração”.
- “Colaboração” is a broader concept than “Divulgazione”.
- “Colaboração” closely matches “collaboration”.
- “Colaboração” has the narrower concepts “Discussing”, “Organizzazione”, and “Social Networking”."
https://vocabs.dariah.eu/tadirah/collaborating,Source,Class,colabora o,Colaboração (in digital humanities) is the joint conduct of research activities by multiple researchers—often distributed across locations and time—supported by digital tools and environments. It includes working together in comprehensive digital research platforms as well as collaborating on specific tasks like communication and sharing resources.,"- “Discussing” is a broader concept than “Colaboração”.
- “Divulgazione” has a narrower concept: “Colaboração”.
- “Organizzazione” is a broader concept than “Colaboração”.
- “Social Networking” is a broader concept than “Colaboração”.
- “Colaboração” is a broader concept than “Divulgazione”.
- “Colaboração” closely matches “collaboration”.
- “Colaboração” has narrower concepts: “Discussing”, “Organizzazione”, and “Social Networking”."
https://vocabs.dariah.eu/tadirah/collating,Source,Class,collating,"In digital humanities, collating is the process of comparing two or more versions of written or spoken language data by aligning them—typically in alphabetical or numerical order—to identify similarities and differences.","- “Análise relacional” has a narrower concept “Collating”.
- “Sammeln” has a narrower concept “Collating”.
- “Collating” has a broader concept “Análise relacional”.
- “Collating” has a broader concept “Sammeln”."
https://vocabs.dariah.eu/tadirah/collating,Source,Class,collating,"In digital humanities, collating is the process of comparing two or more versions of written or spoken language data by aligning them—often in alphabetical or numerical order—to identify similarities and differences.","- “Análise relacional” has narrower concept “Collating”.
- “Sammeln” has narrower concept “Collating”.
- “Collating” has broader concept “Análise relacional”.
- “Collating” has broader concept “Sammeln”."
https://vocabs.dariah.eu/tadirah/collecting,Source,Class,collecting,"In digital humanities, collecting means purposefully gathering items—such as texts, images, datasets, or artifacts—for preservation, analysis, or curation. (cf. Wikidata Q208165)","- Archiving has narrower concept Collecting.
- Sammeln has narrower concept Collecting.
- Collecting has broader concept Archiving.
- Collecting has broader concept Sammeln."
https://vocabs.dariah.eu/tadirah/collecting,Source,Class,collecting,"Collecting (in digital humanities): the purposeful gathering of items. (Source: Wikidata Q208165, accessed Sept 4, 2020)","- Archiving has narrower concept Collecting.
- Sammeln has narrower concept Collecting.
- Collecting has broader concept Archiving.
- Collecting has broader concept Sammeln."
https://vocabs.dariah.eu/tadirah/collocationAnalysis,Source,Class,collocation analysis,"In digital humanities, Collocation Analysis is the study of statistically significant, recurrent co-occurrences of two or more words within a defined span in a text or corpus, used to reveal patterns of association, meaning, and discourse structure.","- “Collocation Analysis” is a broader concept’s narrower term of “Structural Analysis.”
- “Structural Analysis” has the narrower concept “Collocation Analysis.”"
https://vocabs.dariah.eu/tadirah/collocationAnalysis,Source,Class,collocation analysis,"In digital humanities, Collocation Analysis is the computational study of recurrent co-occurrences of two or more words within a defined span in a corpus, used to identify statistically significant word pairings or clusters that reveal patterns of meaning, discourse, or style.","- “Collocation Analysis” is a broader concept’s narrower term of “Structural Analysis”.
- “Structural Analysis” has the narrower concept “Collocation Analysis”."
https://vocabs.dariah.eu/tadirah/commenting,Source,Class,kommentieren,"In digital humanities, “Kommentieren” means adding comments to data or digital objects—attaching separate notes that provide opinions, contextual information, or facilitate communication and collaboration about the object.","- “Contextualizing” is broader than “Kommentieren”.
- “Divulgazione” has narrower concept “Kommentieren”.
- “Expressing Opinion” is broader than “Kommentieren”.
- “Kommentieren” is broader than “Divulgazione”.
- “Kommentieren” closely matches “commenting”.
- “Kommentieren” has narrower concepts “Contextualizing” and “Expressing Opinion”."
https://vocabs.dariah.eu/tadirah/commenting,Source,Class,kommentieren,"In digital humanities, “Kommentieren” means adding a separate note or annotation to a piece of data (e.g., a text, image, dataset). The comment is kept distinct from the original data and is used to express opinions, supply contextual or interpretive information, or enable communication and collaboration around the object.","- “Contextualizing” is a broader concept of “Kommentieren”.
- “Divulgazione” has “Kommentieren” as a narrower concept.
- “Expressing Opinion” is a broader concept of “Kommentieren”.
- “Kommentieren” is a broader concept of “Divulgazione”.
- “Kommentieren” closely matches “commenting”.
- “Kommentieren” has “Contextualizing” as a narrower concept.
- “Kommentieren” has “Expressing Opinion” as a narrower concept."
https://vocabs.dariah.eu/tadirah/communicating,Source,Class,kommunizieren,"In the digital humanities context, „Kommunizieren“ means the activity of exchanging ideas with others—primarily, but not exclusively, through linguistic means (e.g., spoken or written language)—to share, discuss, and develop knowledge.","- Audio Conferencing is a broader concept of Kommunizieren.
- Divulgazione has a narrower concept Kommunizieren.
- E-mailing is a broader concept of Kommunizieren.
- Instant Messaging is a broader concept of Kommunizieren.
- Microblogging is a broader concept of Kommunizieren.
- Text Messaging is a broader concept of Kommunizieren.
- Video Conference is a broader concept of Kommunizieren.
- Kommunizieren is a broader concept of Divulgazione.
- Kommunizieren closely matches communicating.
- Kommunizieren has narrower concepts: Audio Conferencing, E-mailing, Instant Messaging, Microblogging, Text Messaging, Video Conference."
https://vocabs.dariah.eu/tadirah/communicating,Source,Class,kommunizieren,"In digital humanities, Kommunizieren means engaging in the exchange of ideas with others—primarily, but not exclusively, through linguistic means (e.g., written, spoken, or digital discourse).","- Audio Conferencing is a broader concept of Kommunizieren.
- Divulgazione has narrower concept Kommunizieren.
- E-mailing is a broader concept of Kommunizieren.
- Instant Messaging is a broader concept of Kommunizieren.
- Microblogging is a broader concept of Kommunizieren.
- Text Messaging is a broader concept of Kommunizieren.
- Video Conference is a broader concept of Kommunizieren.
- Kommunizieren is a broader concept of Divulgazione.
- Kommunizieren closely matches communicating.
- Kommunizieren has narrower concepts: Audio Conferencing, E-mailing, Instant Messaging, Microblogging, Text Messaging, Video Conference."
https://vocabs.dariah.eu/tadirah/comparing,Source,Class,comparing,"In digital humanities, “Comparing” refers to the scholarly activity Q98845331 describes: analyzing two or more cultural, textual, or data objects side by side to identify similarities, differences, patterns, or relationships—often using computational methods (e.g., aligning texts, contrasting datasets, or comparing metadata) to generate interpretive insights.","- “Análise relacional” has narrower concept “Comparing”.
- “Comparing” has broader concept “Análise relacional”."
https://vocabs.dariah.eu/tadirah/comparing,Source,Class,comparing,"In digital humanities, “Comparing” refers to a methodological approach that systematically examines similarities and differences across cultural, textual, visual, or data-driven artifacts (e.g., editions, corpora, datasets, or media) to generate interpretive insight. As defined in Wikidata item Q98845331, it denotes the scholarly activity of juxtaposing sources or datasets—often using computational tools—to identify patterns, variations, and relationships that inform analysis and interpretation.","- “Análise relacional” has the narrower concept “Comparing”.
- “Comparing” has the broader concept “Análise relacional”."
https://vocabs.dariah.eu/tadirah/compiling,Source,Class,compiling,"Compiling is the process of translating code written in a higher-level programming language into a lower-level form (such as machine code or bytecode) so it can be executed by a computer. In digital humanities, compiling enables tools, scripts, or software used for text analysis, data processing, or visualization to run efficiently. (Source: Wikidata Q56248166)","- “Compiling” is a broader concept’s subordinate of “Converting.” (Compiling is narrower than Converting.)
- “Converting” has the narrower concept “Compiling.”"
https://vocabs.dariah.eu/tadirah/compiling,Source,Class,compiling,Compiling is the process of translating code written in a higher-level programming language into a lower-level form (such as machine code or bytecode) so it can be executed by a computer.,"- “Compiling” is broader concept: “Converting”.
- “Converting” has narrower concept: “Compiling”."
https://vocabs.dariah.eu/tadirah/conceptualizing,Source,Class,conceptualizing,"In digital humanities, conceptualizing is the simplification, specification, and formalization of an abstract idea, principle, or part of the world in mind, speech, text, or images. It is a design activity that first aims to build a shared understanding of projects, topics, objects, and elements and how they relate to one another.","- “Conceptualizing” is a broader concept than “Teorización.”
- “Teorización” has the narrower concept “Conceptualizing.”"
https://vocabs.dariah.eu/tadirah/conceptualizing,Source,Class,conceptualizing,"In digital humanities, conceptualizing is the simplification, specification, and formalization of an abstract idea, principle, or part of the world in mind, speech, text, or images. It is a design activity aimed at developing a shared understanding of projects, topics, objects, and elements, and clarifying their relationships to one another.","- “Conceptualizing” is a broader concept than “Teorización.”
- “Teorización” is a narrower concept than “Conceptualizing.”"
https://vocabs.dariah.eu/tadirah/concordance,Source,Class,concordance,"In digital humanities, a concordance is a list of words or terms occurring in a published text, typically with their frequencies and contexts (keyword-in-context), enabling analysis of language use and patterns.","- Concordance is a broader concept of Structural Analysis.
- Structural Analysis has the narrower concept Concordance."
https://vocabs.dariah.eu/tadirah/concordance,Source,Class,concordance,"In digital humanities, a concordance is a list of words or terms occurring in a published book (or corpus), typically with their frequencies and contexts (keyword-in-context), used for textual analysis.","- “Concordance” is a broader concept’s narrower concept of “Structural Analysis.”
- “Structural Analysis” has the narrower concept “Concordance.”"
https://vocabs.dariah.eu/tadirah/contentAnalysis,Source,Class,Анализа садржаја,"Анализа садржаја у дигиталним хуманистичким наукама је систематско проучавање садржаја (нпр. текстова, слика, медија) ради идентификовања и квантитативног/квалитативног описивања значењских јединица и појмова. Обухвата проналажење, кодирање и анализу концепата, тема, мотива или других смислених јединица у објектима да би се разумели обрасци значења, дискурси и интерпретације.","- “Análisis” has narrower concept “Анализа садржаја”.
- “Discourse Analysis” is a broader concept of “Анализа садржаја”.
- “Information Retrieval” is a broader concept of “Анализа садржаја”.
- “Machine Learning” is a broader concept of “Анализа садржаја”.
- “Named Entity Recognition” is a broader concept of “Анализа садржаја”.
- “Sentiment Analysis” is a broader concept of “Анализа садржаја”.
- “Tagging” is a broader concept of “Анализа садржаја”.
- “Topic Modeling” is a broader concept of “Анализа садржаја”.
- “Идентификовање” is a broader concept of “Анализа садржаја”.
- “Анализа садржаја” is a broader concept of “Análisis”.
- “Анализа садржаја” closely matches “content-analysis”.
- “Анализа садржаја” has narrower concepts “Discourse Analysis”, “Information Retrieval”, “Machine Learning”, “Named Entity Recognition”, “Sentiment Analysis”, “Tagging”, “Topic Modeling”, and “Идентификовање”."
https://vocabs.dariah.eu/tadirah/contentAnalysis,Source,Class,Анализа садржаја,"U digitalnim humanistikama, “анализа садржаја” је систематско проучавање садржаја kulturnih i digitalnih objekata (tekstova, slika, medija) radi identifikovanja i kvantitativnog/kvallitatvnog opisivanja njihovog značenja. To obuhvata prepoznavanje koncepata, tema i smislenih jedinica u podacima, njihovo kodiranje i upoređivanje kako bi se izvukli obrasci, odnosi i interpretacije.","- “Análisis” has narrower concept “Анализа садржаја”.
- “Discourse Analysis” is a broader concept of “Анализа садржаја”.
- “Information Retrieval” is a broader concept of “Анализа садржаја”.
- “Machine Learning” is a broader concept of “Анализа садржаја”.
- “Named Entity Recognition” is a broader concept of “Анализа садржаја”.
- “Sentiment Analysis” is a broader concept of “Анализа садржаја”.
- “Tagging” is a broader concept of “Анализа садржаја”.
- “Topic Modeling” is a broader concept of “Анализа садржаја”.
- “Идентификовање” is a broader concept of “Анализа садржаја”.
- “Анализа садржаја” has broader concept “Análisis”.
- “Анализа садржаја” closely matches “content-analysis”.
- “Анализа садржаја” has narrower concepts “Discourse Analysis”, “Information Retrieval”, “Machine Learning”, “Named Entity Recognition”, “Sentiment Analysis”, “Tagging”, “Topic Modeling”, and “Идентификовање”."
https://vocabs.dariah.eu/tadirah/contextualizing,Source,Class,contextualizing,"In digital humanities, contextualizing means linking the object you’re studying to other, better-understood objects that are geographically, temporally, or thematically close to it, in order to ascribe meaning to that object.","- “Annotation” has narrower concept “Contextualizing”.
- “Associate” has broader concept “Contextualizing”.
- “Co-Occurrence” has broader concept “Contextualizing”.
- “Integrating” has broader concept “Contextualizing”.
- “Interpretação” has narrower concept “Contextualizing”.
- “Kommentieren” has narrower concept “Contextualizing”.
- “Mapping” has broader concept “Contextualizing”.
- “Semantification” has broader concept “Contextualizing”.
- “Contextualizing” has broader concepts “Annotation”, “Interpretação”, and “Kommentieren”.
- “Contextualizing” is close match to “contextualizing”.
- “Contextualizing” has narrower concepts “Associate”, “Co-Occurrence”, “Integrating”, “Mapping”, and “Semantification”."
https://vocabs.dariah.eu/tadirah/contextualizing,Source,Class,contextualizing,"In digital humanities, contextualizing means linking the object of investigation to other, better-understood objects by geographical, temporal, or thematic proximity in order to ascribe meaning to it.","- “Annotation” has narrower concept “Contextualizing”.
- “Associate” has broader concept “Contextualizing”.
- “Co-Occurrence” has broader concept “Contextualizing”.
- “Integrating” has broader concept “Contextualizing”.
- “Interpretação” has narrower concept “Contextualizing”.
- “Kommentieren” has narrower concept “Contextualizing”.
- “Mapping” has broader concept “Contextualizing”.
- “Semantification” has broader concept “Contextualizing”.
- “Contextualizing” has broader concepts “Annotation”, “Interpretação”, and “Kommentieren”.
- “Contextualizing” has close match “contextualizing”.
- “Contextualizing” has narrower concepts “Associate”, “Co-Occurrence”, “Integrating”, “Mapping”, and “Semantification”."
https://vocabs.dariah.eu/tadirah/contrastiveAnalysis,Source,Class,contrastive analysis,"In digital humanities, Contrastive Analysis refers to the systematic comparison of two or more languages or cultural texts to identify similarities and differences in structure, usage, or meaning. Rooted in linguistics (cf. Wikidata Q614959), it is used to analyze patterns across corpora—e.g., comparing linguistic features, stylistic markers, or semantic tendencies between languages or datasets.","- Contrastive Analysis is a broader concept under Stylistic Analysis.
- Stylistic Analysis has the narrower concept Contrastive Analysis."
https://vocabs.dariah.eu/tadirah/contrastiveAnalysis,Source,Class,contrastive analysis,"In digital humanities, Contrastive Analysis refers to systematically comparing two or more languages, texts, or cultural artifacts to identify similarities and differences in structure, usage, or meaning—often to inform translation, language learning, or cross-cultural interpretation. (See Wikidata item Q614959 for Contrastive Analysis.)","- Contrastive Analysis is a broader concept’s narrower term of Stylistic Analysis.
- Stylistic Analysis has the narrower concept Contrastive Analysis."
https://vocabs.dariah.eu/tadirah/converting,Source,Class,converting,"In digital humanities, converting means changing an object from one format or schema to another. Examples:
- Media: e.g., converting a .wmv video to .mov, or transferring VHS to a digital file. This is not lossless and creates a new digital representation/object.
- Metadata: mapping one metadata schema to another (e.g., Dublin Core to MODS), producing a different metadata format.","- “Acquisizione” has narrower concept “Converting”.
- “Compiling” has broader concept “Converting”.
- “Lemmatizing” has broader concept “Converting”.
- “Natural Language Processing” has broader concept “Converting”.
- “Parsing” has broader concept “Converting”.
- “Transcoding” has broader concept “Converting”.
- “Converting” has broader concept “Acquisizione”.
- “Converting” has close match “conversion”.
- “Converting” has narrower concept “Compiling”.
- “Converting” has narrower concept “Lemmatizing”.
- “Converting” has narrower concept “Natural Language Processing”.
- “Converting” has narrower concept “Parsing”.
- “Converting” has narrower concept “Transcoding”."
https://vocabs.dariah.eu/tadirah/converting,Source,Class,converting,"In digital humanities, converting means changing an object from one format to another—for example, turning a .wmv video into a .mov file or transferring VHS to a digital format. Conversion is not lossless and produces a different data format, digital representation, or digital object. For metadata, converting can involve mapping one metadata schema to another.","- “Acquisizione” has narrower concept “Converting”.
- “Compiling” has broader concept “Converting”.
- “Lemmatizing” has broader concept “Converting”.
- “Natural Language Processing” has broader concept “Converting”.
- “Parsing” has broader concept “Converting”.
- “Transcoding” has broader concept “Converting”.
- “Converting” has broader concept “Acquisizione”.
- “Converting” closely matches “conversion”.
- “Converting” has narrower concepts “Compiling”, “Lemmatizing”, “Natural Language Processing”, “Parsing”, and “Transcoding”."
https://vocabs.dariah.eu/tadirah/correcting,Source,Class,correcting,"In digital humanities, “Correcting” refers to reviewing and fixing errors in transcribed or digitized texts/data to improve accuracy—often by comparing OCR or initial transcriptions against source materials and standardizing metadata. (See Wikidata item Q98848041.)","- “Bearbeiten” has narrower concept “Correcting”.
- “Pulizia” has narrower concept “Correcting”.
- “Correcting” has broader concepts “Bearbeiten” and “Pulizia”."
https://vocabs.dariah.eu/tadirah/correcting,Source,Class,correcting,"In digital humanities, “Correcting” refers to the activity of reviewing and fixing errors in digitized texts or data (e.g., OCR outputs, transcripts, metadata) to improve accuracy and reliability. This aligns with the Wikidata item Q98848041, which denotes the task of correcting content in digital projects.","- “Bearbeiten” has narrower concept “Correcting”.
- “Pulizia” has narrower concept “Correcting”.
- “Correcting” has broader concepts “Bearbeiten” and “Pulizia”."
https://vocabs.dariah.eu/tadirah/creating,Source,Class,creating,"In digital humanities, creating means producing original born-digital objects as a direct contribution. This includes authoring or translating texts, writing executable code, composing music, generating images, designing for any medium, and implementing designs (e.g., web development). It excludes outputs that result only from digitizing existing analog materials or merely enriching existing information.","- “Diseño” is broader term: “Creating”.
- “Programmazione” is broader term: “Creating”.
- “Sviluppo Web” is broader term: “Creating”.
- “TaDiRAH” has top concept: “Creating”.
- “Writing” is broader term: “Creating”.
- “Übersetzen” is broader term: “Creating”.
- “Creating” closely matches “2_creation”.
- “Creating” has narrower term: “Diseño”.
- “Creating” has narrower term: “Programmazione”.
- “Creating” has narrower term: “Sviluppo Web”.
- “Creating” has narrower term: “Writing”.
- “Creating” has narrower term: “Übersetzen”.
- “Creating” is top concept of “TaDiRAH”."
https://vocabs.dariah.eu/tadirah/creating,Source,Class,creating,"In digital humanities, creating means producing original born-digital objects as your own contribution. This includes authoring or translating texts, programming executable code, composing music, generating images, designing for any medium, and implementing designs (e.g., web development). It excludes merely digitizing existing analog materials or only enriching existing information.","- “Diseño” is a broader concept of “Creating”.
- “Programmazione” is a broader concept of “Creating”.
- “Sviluppo Web” is a broader concept of “Creating”.
- “TaDiRAH” has top concept “Creating”.
- “Writing” is a broader concept of “Creating”.
- “Übersetzen” is a broader concept of “Creating”.
- “Creating” closely matches “2_creation”.
- “Creating” has narrower concepts: “Diseño”, “Programmazione”, “Sviluppo Web”, “Writing”, “Übersetzen”.
- “Creating” is a top concept of “TaDiRAH”."
https://vocabs.dariah.eu/tadirah/cropping,Source,Class,cropping,"In digital humanities, cropping means removing unwanted outer parts of an image to focus on the desired content. (Wikidata Q785116)","- “Bearbeiten” has narrower concept “Cropping”.
- “Cropping” has broader concept “Bearbeiten”."
https://vocabs.dariah.eu/tadirah/cropping,Source,Class,cropping,Cropping in digital humanities means removing unwanted outer parts of an image to focus on the relevant content.,"- “Bearbeiten” has narrower concept “Cropping”.
- “Cropping” has broader concept “Bearbeiten”."
https://vocabs.dariah.eu/tadirah/crowdsourcing,Source,Class,crowdsourcing,"In digital humanities, crowdsourcing is the paradigm of gathering user‑generated content from an open, large, and continually growing group of contributors in a collaborative web environment, to support and advance DH research (e.g., transcriptions, annotations, classifications, or data enrichment).","- Divulgazione has narrower concept Crowdsourcing.
- Gamification has broader concept Crowdsourcing.
- User Generated Content has broader concept Crowdsourcing.
- Crowdsourcing has broader concept Divulgazione.
- Crowdsourcing has close match crowdsourcing.
- Crowdsourcing has narrower concepts Gamification and User Generated Content."
https://vocabs.dariah.eu/tadirah/crowdsourcing,Source,Class,crowdsourcing,"In digital humanities, crowdsourcing is the use of an open, large, and continually growing group of online contributors to create, enhance, or analyze research content collaboratively—leveraging user-generated contributions for tasks like transcription, annotation, data creation, and interpretation.","- “Crowdsourcing” is a narrower concept of “Divulgazione”.
- “Gamification” is a broader concept of “Crowdsourcing”.
- “User Generated Content” is a broader concept of “Crowdsourcing”.
- “Crowdsourcing” is a broader concept of “Divulgazione”.
- “Crowdsourcing” closely matches “crowdsourcing”.
- “Gamification” is a narrower concept of “Crowdsourcing”.
- “User Generated Content” is a narrower concept of “Crowdsourcing”."
https://vocabs.dariah.eu/tadirah/dataCleansing,Source,Class,pulizia,"In this digital humanities context, “Pulizia” means data cleansing: improving the quality of an existing digital object by correcting errors (e.g., fixing typos in texts, cleaning OCR mistakes, or debugging code).","- “Arricchimento” has narrower concept “Pulizia”.
- “Correcting” has broader concept “Pulizia”.
- “Debugging” has broader concept “Pulizia”.
- “Improving” has broader concept “Pulizia”.
- “Removing” has broader concept “Pulizia”.
- “Pulizia” has broader concept “Arricchimento”.
- “Pulizia” closely matches “cleanup”.
- “Pulizia” has narrower concept “Correcting”.
- “Pulizia” has narrower concept “Debugging”.
- “Pulizia” has narrower concept “Improving”.
- “Pulizia” has narrower concept “Removing”."
https://vocabs.dariah.eu/tadirah/dataCleansing,Source,Class,pulizia,"In this digital humanities context, “Pulizia” means data cleansing: improving the quality of an existing digital object by correcting errors (e.g., fixing typos in texts, cleaning OCR mistakes, or debugging code).","- “Arricchimento” has narrower concept “Pulizia”.
- “Correcting” is a broader concept of “Pulizia”.
- “Debugging” is a broader concept of “Pulizia”.
- “Improving” is a broader concept of “Pulizia”.
- “Removing” is a broader concept of “Pulizia”.
- “Pulizia” has broader concept “Arricchimento”.
- “Pulizia” is closely matched to “cleanup”.
- “Pulizia” has narrower concepts “Correcting”, “Debugging”, “Improving”, and “Removing”."
https://vocabs.dariah.eu/tadirah/dataIngestion,Source,Class,data ingestion,"In digital humanities, data ingestion is the process of bringing data from various sources (e.g., digitized texts, metadata, datasets from repositories like Wikidata) into a system or workflow for storage, processing, and analysis. It includes collecting, importing, and preparing data so it can be used in DH research.

Source: Wikidata contributors, “Q98847455,” Wikidata, https://www.wikidata.org/w/index.php?title=Q98847455&oldid=1270665713 (accessed September 4, 2020).","- “Archiving” has the narrower concept “Data Ingestion.”
- “Data Ingestion” has the broader concept “Archiving.”"
https://vocabs.dariah.eu/tadirah/dataIngestion,Source,Class,data ingestion,"In digital humanities, data ingestion is the process of collecting, importing, and preparing diverse cultural, historical, or scholarly data (e.g., texts, images, metadata) from various sources into a system or workflow so it can be managed, analyzed, and reused. It often involves normalization, transformation, and mapping to structured schemas or knowledge bases (e.g., aligning to entities like Wikidata item Q98847455) to ensure interoperability and research-ready data.","- Archiving has the narrower concept Data Ingestion.
- Data Ingestion has the broader concept Archiving."
https://vocabs.dariah.eu/tadirah/dataMapping,Source,Class,data mapping,"In digital humanities, data mapping is the process of linking data objects in distinct models—establishing correspondences between fields or entities across different data structures or schemas (cf. Wikidata Q2330408).","- “Data Mapping” is a broader concept’s narrower term of “Modelizzazione.”
- “Modelizzazione” has the narrower concept “Data Mapping.”"
https://vocabs.dariah.eu/tadirah/dataMapping,Source,Class,data mapping,"In digital humanities, data mapping is the process of linking data objects in distinct models—aligning fields, entities, or concepts from one schema or dataset to corresponding ones in another—to enable integration, comparison, and interoperability (cf. Wikidata Q2330408).","- “Data Mapping” is a broader concept of “Modelizzazione”. → Correction: “Data Mapping” has broader concept “Modelizzazione”.
- “Modelizzazione” has narrower concept “Data Mapping”."
https://vocabs.dariah.eu/tadirah/dataMining,Source,Class,data mining,"In digital humanities, data mining is the process of discovering patterns in large datasets using computational methods at the intersection of statistics, database systems, and machine learning.","- “Data Mining” is a broader concept of “Extracting.”
- “Extracting” has the narrower concept “Data Mining.”"
https://vocabs.dariah.eu/tadirah/dataMining,Source,Class,data mining,"In digital humanities, data mining is the computational process of discovering patterns in large datasets—drawing on statistics, database systems, and machine learning—to reveal meaningful trends, structures, or relationships in cultural and historical data.","- “Data Mining” is a broader concept of “Extracting.”
- “Extracting” has the narrower concept “Data Mining.”"
https://vocabs.dariah.eu/tadirah/dataRecognition,Source,Class,datenerkennung,"In digital humanities, Datenerkennung (data recognition) is the process of converting raw digital captures (e.g., scans of texts or music scores, images, video) into discrete, machine-readable units. Examples include OCR for text (yielding words), music recognition for notes, and detection/segmentation of elements in still or moving images.","- “Acquisizione” has narrower concept “Datenerkennung”.
- “Encoding” has broader concept “Datenerkennung”.
- “Optical Character Recognition” has broader concept “Datenerkennung”.
- “Optical Music Recognition” has broader concept “Datenerkennung”.
- “Preprocessing” has broader concept “Datenerkennung”.
- “Datenerkennung” has broader concept “Acquisizione”.
- “Datenerkennung” has close match “data-recognition”.
- “Datenerkennung” has narrower concepts “Encoding”, “Optical Character Recognition”, “Optical Music Recognition”, and “Preprocessing”."
https://vocabs.dariah.eu/tadirah/dataRecognition,Source,Class,datenerkennung,"In digital humanities, Datenerkennung (data recognition) is the process of converting raw digital captures (e.g., scans of texts, music scores, images, video) into discrete, machine-readable units. Examples include OCR for text (yielding words/characters), optical music recognition for scores (yielding notes), and computer vision methods for identifying elements in still or moving images.","- “Acquisizione” has narrower concept “Datenerkennung”.
- “Encoding” has broader concept “Datenerkennung”.
- “Optical Character Recognition” has broader concept “Datenerkennung”.
- “Optical Music Recognition” has broader concept “Datenerkennung”.
- “Preprocessing” has broader concept “Datenerkennung”.
- “Datenerkennung” has broader concept “Acquisizione”.
- “Datenerkennung” closely matches “data-recognition”.
- “Datenerkennung” has narrower concepts “Encoding”, “Optical Character Recognition”, “Optical Music Recognition”, and “Preprocessing”."
https://vocabs.dariah.eu/tadirah/dataVisualization,Source,Class,data visualization,"In digital humanities, data visualization means the creation and study of visual representations of data—using charts, maps, networks, timelines, and similar graphics—to explore, analyze, and communicate humanities data and findings. (Wikidata Q6504956)","- “Data Visualization” is a broader concept of “Visualización.”
- “Visualización” has the narrower concept “Data Visualization.”"
https://vocabs.dariah.eu/tadirah/dataVisualization,Source,Class,data visualization,"In digital humanities, data visualization means the creation and study of visual representations of data—using charts, maps, networks, timelines, and other graphics—to explore, analyze, and communicate humanities data and research findings.","- “Data Visualization” is broader than “Visualización”.
- “Visualización” is narrower than “Data Visualization”."
https://vocabs.dariah.eu/tadirah/debugging,Source,Class,debugging,"In digital humanities, debugging is the process of finding and resolving defects or problems within a computer program that prevent the correct operation of software or systems used in DH projects (e.g., scripts for text analysis, data processing pipelines, or interactive exhibits).","- “Debugging” is a broader concept than “Pulizia”.  
- “Pulizia” has the narrower concept “Debugging”."
https://vocabs.dariah.eu/tadirah/debugging,Source,Class,debugging,"In digital humanities, debugging is the process of finding and resolving defects or problems in code, software, or computational workflows used for research and analysis, so that the tools and systems operate correctly. (Source: Wikidata Q845566, accessed July 30, 2020)","- “Debugging” is a broader concept’s narrower term of “Pulizia”.
- “Pulizia” has the narrower concept “Debugging”."
https://vocabs.dariah.eu/tadirah/defining,Source,Class,defining,"In digital humanities, “defining” means providing a statement that attaches a specific meaning to a term. (Wikidata Q101072)","- “Defining” is broader than “Teorización”.
- “Teorización” is narrower than “Defining”."
https://vocabs.dariah.eu/tadirah/defining,Source,Class,defining,"In digital humanities, “defining” means providing a statement that attaches a specific meaning to a term. (Source: Wikidata Q101072)","- “Defining” is a broader concept than “Teorización”.
- “Teorización” has the narrower concept “Defining”."
https://vocabs.dariah.eu/tadirah/description,Source,Class,description,"In digital humanities, “Description” refers to the rhetorical mode that conveys what something is like—its attributes, qualities, and sensory or observable features—rather than narrating events or arguing a point. As one of the four rhetorical modes, description organizes and presents details to depict objects, texts, artifacts, spaces, or datasets so readers can apprehend their characteristics.","- “Conservation” has the narrower concept “Description”.
- “Description” has the broader concept “Conservation”."
https://vocabs.dariah.eu/tadirah/description,Source,Class,description,"In digital humanities, “description” refers to the rhetorical mode that depicts or characterizes people, places, objects, or phenomena through sensory and qualitative detail. As one of the four classical rhetorical modes (alongside narration, exposition, and argumentation), description in DH typically appears in:

- Metadata and paratexts that characterize digital objects (e.g., descriptive metadata fields).
- Annotations and project narratives that convey the qualities, context, or appearance of sources.
- Interface and visualization texts that help users imagine or apprehend the represented materials.

This aligns with the rhetorical mode “description” (Wikidata Q1200750): writing aimed at rendering what something is like, emphasizing attributes rather than argument or sequence.","- “Conservation” has narrower concept “Description”.
- “Description” has broader concept “Conservation”."
https://vocabs.dariah.eu/tadirah/designing,Source,Class,dise o,"In digital humanities, “Diseño” refers to the design of user and graphical interfaces and the overall user experience: creating interactive systems that support tasks and activities, focusing on user interaction, participation, and usability—ensuring utility, ease of use, efficiency, and alignment with users’ perceptions and needs.","- “Creating” has narrower concept “Diseño”.
- “Diagramming” has broader concept “Diseño”.
- “Drawing” has broader concept “Diseño”.
- “Wireframing” has broader concept “Diseño”.
- “Diseño” has broader concept “Creating”.
- “Diseño” closely matches “designing”.
- “Diseño” has narrower concepts “Diagramming”, “Drawing”, and “Wireframing”."
https://vocabs.dariah.eu/tadirah/designing,Source,Class,dise o,"In digital humanities, “Diseño” refers to the design of user and graphical interfaces and the overall user experience. It encompasses user interaction, participation, and usability—addressing users’ perceptions and needs around utility, ease of use, and system efficiency—so people can effectively perform tasks and activities.","- Creating has narrower concept Diseño.
- Diagramming has broader concept Diseño.
- Drawing has broader concept Diseño.
- Wireframing has broader concept Diseño.
- Diseño has broader concept Creating.
- Diseño closely matches designing.
- Diseño has narrower concepts Diagramming, Drawing, and Wireframing."
https://vocabs.dariah.eu/tadirah/diagramming,Source,Class,diagramming,"In digital humanities, Diagramming is the scholarly practice of constructing, analyzing, and using diagrams to model, interpret, and communicate complex relationships in cultural data—such as networks, processes, texts, or infrastructures—treating diagrams as analytical tools and knowledge artifacts (cf. Wikidata Q98845265).","- “Diagramming” is a broader concept under “Diseño”.
- “Diseño” has the narrower concept “Diagramming”."
https://vocabs.dariah.eu/tadirah/diagramming,Source,Class,diagramming,"In digital humanities, Diagramming refers to the practice of representing complex concepts, relationships, or processes through visual diagrams to aid analysis, interpretation, and communication of humanities data and theories. It involves structuring information graphically (e.g., networks, flows, schemas) to reveal patterns and support scholarly argumentation. (Source: Wikidata Q98845265)","- “Diagramming” is a broader concept of “Diseño”.  
- “Diseño” has the narrower concept “Diagramming”."
https://vocabs.dariah.eu/tadirah/digitalObjectIdentifier,Source,Class,digital object identifier,"A Digital Object Identifier (DOI) is a character string used as a permanent identifier for a digital object, in a format controlled by the International DOI Foundation.","- “Digital Object Identifier” is a broader concept of “Идентификовање”.
- “Идентификовање” has the narrower concept “Digital Object Identifier”."
https://vocabs.dariah.eu/tadirah/digitalObjectIdentifier,Source,Class,digital object identifier,"A Digital Object Identifier (DOI) is a character string used as a permanent identifier for a digital object, in a format controlled by the International DOI Foundation.","- “Digital Object Identifier” is a broader concept of “Идентификовање”.
- “Идентификовање” has the narrower concept “Digital Object Identifier”."
https://vocabs.dariah.eu/tadirah/digitalPublishing,Source,Class,digital publishing,"Digital publishing is the creation, editing, and dissemination of scholarly and cultural content in digital formats and platforms—such as e-books, online journals, databases, and multimedia—enabling enhanced accessibility, interactivity, and computational methods central to digital humanities. (Source: Wikidata Q1224844)","- “Digital Publishing” is a broader concept than “Veröffentlichen”.
- “Veröffentlichen” has the narrower concept “Digital Publishing”."
https://vocabs.dariah.eu/tadirah/digitalPublishing,Source,Class,digital publishing,"In digital humanities, digital publishing is the creation, dissemination, and preservation of scholarly content in digital formats—such as websites, e-books, online journals, databases, and multimedia—using networked technologies and standards to enable enhanced access, interactivity, and longevity. It encompasses workflows, platforms, and metadata practices that support open, reusable, and linkable scholarship (cf. Wikidata Q1224844).","- “Digital Publishing” is a broader concept of “Veröffentlichen”. → Incorrect per SKOS; correct: “Digital Publishing” has broader concept “Veröffentlichen”.
- “Veröffentlichen” has narrower concept “Digital Publishing”."
https://vocabs.dariah.eu/tadirah/discourseAnalysis,Source,Class,discourse analysis,"In digital humanities, Discourse Analysis is the study of how language is used to shape and reflect social, political, or historical meanings—examining social, language policy, or historiographical discourse—often with computational or digital methods to analyze texts and their contexts.","- “Discourse Analysis” has broader concept “Анализа садржаја”.
- “Анализа садржаја” has narrower concept “Discourse Analysis”."
https://vocabs.dariah.eu/tadirah/discourseAnalysis,Source,Class,discourse analysis,"In digital humanities, Discourse Analysis is a generic term for analyzing discourse phenomena—such as social discourse, language policy discourse, or historiographical discourse—by examining how language is used in texts and contexts to construct meaning, power relations, and narratives. (Source: Wikidata Q1129466)","- “Discourse Analysis” has broader concept “Анализа садржаја”.
- “Анализа садржаја” has narrower concept “Discourse Analysis”."
https://vocabs.dariah.eu/tadirah/discovering,Source,Class,scoperta,"In digital humanities, Scoperta means “discovery”: the process of finding and surfacing relevant research objects and information through advanced querying, simple searching, and serendipitous browsing across archives, library catalogs, journal indexes/abstracts, web directories, and databases to locate items useful to a given research interest.","- “Acquisizione” has narrower concept “Scoperta”.
- “Browsing” has broader concept “Scoperta”.
- “Exploration” has broader concept “Scoperta”.
- “Information Retrieval” has broader concept “Scoperta”.
- “Querying” has broader concept “Scoperta”.
- “Searching” has broader concept “Scoperta”.
- “Scoperta” has broader concept “Acquisizione”.
- “Scoperta” closely matches “discovering”.
- “Scoperta” has narrower concepts “Browsing”, “Exploration”, “Information Retrieval”, “Querying”, and “Searching”."
https://vocabs.dariah.eu/tadirah/discovering,Source,Class,scoperta,"Scoperta means discovery: the activity of finding useful research objects or information through advanced querying, simple searching, and serendipitous browsing across archives, library catalogs, journal indexes/abstracts, web directories, and databases in digital humanities contexts.","- “Acquisizione” has narrower concept “Scoperta”.
- “Browsing” has broader concept “Scoperta”.
- “Exploration” has broader concept “Scoperta”.
- “Information Retrieval” has broader concept “Scoperta”.
- “Querying” has broader concept “Scoperta”.
- “Searching” has broader concept “Scoperta”.
- “Scoperta” has broader concept “Acquisizione”.
- “Scoperta” is closely matched to “discovering”.
- “Scoperta” has narrower concepts “Browsing”, “Exploration”, “Information Retrieval”, “Querying”, and “Searching”."
https://vocabs.dariah.eu/tadirah/discussing,Source,Class,discussing,"In the context of digital humanities, “discussing” refers to engaging in collaborative dialogue—often online—about research materials, methods, interpretations, or project development. According to Wikidata item Q98847226, it denotes the act of exchanging viewpoints to evaluate, clarify, or refine understanding within DH communities (e.g., in forums, issue trackers, review platforms, or annotation environments).","- “Colaboração” has the narrower concept “Discussing”.
- “Discussing” has the broader concept “Colaboração”."
https://vocabs.dariah.eu/tadirah/discussing,Source,Class,discussing,"In the context of digital humanities, “Discussing” refers to engaging in scholarly conversation—sharing, debating, and interpreting ideas, data, methods, or findings—often in collaborative, networked environments. According to Wikidata item Q98847226, it denotes the activity of exchanging viewpoints to develop understanding or reach conclusions within research communities.","- “Colaboração” has the narrower concept “Discussing.”
- “Discussing” has the broader concept “Colaboração.”"
https://vocabs.dariah.eu/tadirah/disseminating,Source,Class,divulgazione,"In digital humanities, “Divulgazione” means dissemination: making research objects, results, software, and services available to other researchers or the public. It builds on storing and can include releasing/publishing and commenting, as well as sharing through collaboration, crowdsourcing, and communication, often using methods like linked open data.","- “Colaboração” is a broader concept of “Divulgazione”.
- “Crowdsourcing” is a broader concept of “Divulgazione”.
- “Kommentieren” is a broader concept of “Divulgazione”.
- “Kommunizieren” is a broader concept of “Divulgazione”.
- “Sharing” is a broader concept of “Divulgazione”.
- “TaDiRAH” has top concept “Divulgazione”.
- “Teaching” is a broader concept of “Divulgazione”.
- “Veröffentlichen” is a broader concept of “Divulgazione”.
- “Divulgazione” closely matches “7_dissemination”.
- “Divulgazione” has narrower concepts: “Colaboração”, “Crowdsourcing”, “Kommentieren”, “Kommunizieren”, “Sharing”, “Teaching”, “Veröffentlichen”.
- “Divulgazione” is a top concept of “TaDiRAH”."
https://vocabs.dariah.eu/tadirah/disseminating,Source,Class,divulgazione,"In digital humanities, “Divulgazione” means dissemination: the activity of making research objects, results, software, or services available to other researchers or the public. It builds on storing and can include releasing (publishing, commenting) and sharing (collaborating, crowdsourcing, communicating) data, often using methods like linked open data.","- “Colaboração” is a broader concept under “Divulgazione”.
- “Crowdsourcing” is a broader concept under “Divulgazione”.
- “Kommentieren” is a broader concept under “Divulgazione”.
- “Kommunizieren” is a broader concept under “Divulgazione”.
- “Sharing” is a broader concept under “Divulgazione”.
- “Teaching” is a broader concept under “Divulgazione”.
- “Veröffentlichen” is a broader concept under “Divulgazione”.
- “Divulgazione” is the top concept of “TaDiRAH”.
- “TaDiRAH” has top concept “Divulgazione”.
- “Divulgazione” has a close match with “7_dissemination”.
- “Divulgazione” has narrower concepts: “Colaboração”, “Crowdsourcing”, “Kommentieren”, “Kommunizieren”, “Sharing”, “Teaching”, and “Veröffentlichen”."
https://vocabs.dariah.eu/tadirah/distanceMeasures,Source,Class,distance measures,"In digital humanities, “distance measures” are quantitative definitions for how far apart two objects or events are—such as texts, authors, themes, or historical events—using formal metrics (e.g., Euclidean, cosine, edit distance). Drawing on the general notion of distance between objects or events in the universe (Wikidata Q1344778), these measures let researchers compare and cluster cultural artifacts by computing similarity/dissimilarity rather than relying solely on close reading.","- “Distance Measures” is a broader concept under “Stylistic Analysis.”
- “Stylistic Analysis” has the narrower concept “Distance Measures.”"
https://vocabs.dariah.eu/tadirah/distanceMeasures,Source,Class,distance measures,"In digital humanities, “distance measures” are quantitative ways to express how similar or different two objects or events are—such as texts, images, authors, or historical events—by assigning a numeric “distance” between them. In line with the general definition (distance between two objects or events in the universe, per Wikidata Q1344778), these measures model separation in a chosen feature space (e.g., word frequencies, metadata, dates, locations) to enable tasks like clustering, classification, and comparison.","- “Distance Measures” is a broader concept of “Stylistic Analysis.”  
- “Stylistic Analysis” has the narrower concept “Distance Measures.”"
https://vocabs.dariah.eu/tadirah/drawing,Source,Class,drawing,"In digital humanities, “Drawing” refers to a visual artwork created in a two-dimensional medium—traditionally with tools like pencil, ink, or charcoal, and digitally with stylus or software—classified as a 2D visual artwork (Wikidata Q93184).","- “Diseño” has the narrower concept “Drawing”.
- “Drawing” has the broader concept “Diseño”."
https://vocabs.dariah.eu/tadirah/drawing,Source,Class,drawing,"In digital humanities, “drawing” refers to a visual artwork created in a two-dimensional medium—such as lines, marks, or shading on a surface—treated as data or cultural artifact for analysis, curation, annotation, or digital representation. (See Wikidata Q93184: visual artwork in a two-dimensional medium.)","- “Diseño” has a narrower concept “Drawing”.
- “Drawing” has a broader concept “Diseño”."
https://vocabs.dariah.eu/tadirah/eMailing,Source,Class,e mailing,"E-mailing: creating and sending electronic mail messages over a network (the internet) to communicate digitally—often used in digital humanities for scholarly communication, collaboration, and dissemination of research. (Source: Wikidata Q386274)","- “E-mailing” is a broader concept’s child of “Kommunizieren.” → “E-mailing” is narrower than “Kommunizieren.”
- “Kommunizieren” has the narrower concept “E-mailing.” → “Kommunizieren” is broader than “E-mailing.”"
https://vocabs.dariah.eu/tadirah/eMailing,Source,Class,e mailing,"E-mailing is the process of creating, sending, receiving, and managing electronic mail messages over a network. In digital humanities, it serves as a core communication and coordination tool for collaboration, dissemination, and documentation across research teams and communities. (See Wikidata item Q386274 for “email.”)","- “E-mailing” is a broader concept under “Kommunizieren.” → Corrected: “E-mailing” is a narrower concept of “Kommunizieren.”
- “Kommunizieren” has the narrower concept “E-mailing.”"
https://vocabs.dariah.eu/tadirah/editing,Source,Class,bearbeiten,"In the digital humanities context, “Bearbeiten” (editing) means adding, correcting, condensing, organizing, or otherwise modifying information about a specific object to bring it toward completion, using structural, layout-related, semantic, or other scholarly explicit markup, either inline or stand-off.","- “Adding” is a broader concept of “Bearbeiten”.
- “Arricchimento” has a narrower concept “Bearbeiten”.
- “Correcting” is a broader concept of “Bearbeiten”.
- “Cropping” is a broader concept of “Bearbeiten”.
- “Formatting” is a broader concept of “Bearbeiten”.
- “Merging” is a broader concept of “Bearbeiten”.
- “Modifying” is a broader concept of “Bearbeiten”.
- “Subtracting” is a broader concept of “Bearbeiten”.
- “Supplementing” is a broader concept of “Bearbeiten”.
- “Video Editing” is a broader concept of “Bearbeiten”.
- “Bearbeiten” has a broader concept “Arricchimento”.
- “Bearbeiten” closely matches “editing”.
- “Bearbeiten” has the narrower concepts “Adding”, “Correcting”, “Cropping”, “Formatting”, “Merging”, “Modifying”, “Subtracting”, “Supplementing”, and “Video Editing”."
https://vocabs.dariah.eu/tadirah/editing,Source,Class,bearbeiten,"In digital humanities, Bearbeiten means the scholarly editing of an object by adding, correcting, condensing, organizing, or otherwise modifying its information to bring it toward completion, using structural, layout-related, semantic, or other explicit markup (inline or stand-off).","- “Adding” is a broader concept of “Bearbeiten”.
- “Arricchimento” has a narrower concept “Bearbeiten”.
- “Correcting” is a broader concept of “Bearbeiten”.
- “Cropping” is a broader concept of “Bearbeiten”.
- “Formatting” is a broader concept of “Bearbeiten”.
- “Merging” is a broader concept of “Bearbeiten”.
- “Modifying” is a broader concept of “Bearbeiten”.
- “Subtracting” is a broader concept of “Bearbeiten”.
- “Supplementing” is a broader concept of “Bearbeiten”.
- “Video Editing” is a broader concept of “Bearbeiten”.
- “Bearbeiten” is a broader concept of “Arricchimento”.
- “Bearbeiten” closely matches “editing”.
- “Bearbeiten” has the narrower concepts “Adding”, “Correcting”, “Cropping”, “Formatting”, “Merging”, “Modifying”, “Subtracting”, “Supplementing”, and “Video Editing”."
https://vocabs.dariah.eu/tadirah/emulation,Source,Class,emulation,"Emulation, in digital humanities, is the use of a system that imitates an original hardware or software environment so that digital artifacts (e.g., artworks, games, databases, websites) run and behave as the real, historical system would. Its goal is to preserve and provide authentic access by closely reproducing the original system’s behavior.","- Conservation has narrower concept Emulation.
- Emulation has broader concept Conservation."
https://vocabs.dariah.eu/tadirah/emulation,Source,Class,emulation,"In digital humanities, emulation is creating a system that imitates a real system so its behavior closely matches the original, allowing legacy software, environments, or digital artifacts to run and function as they originally did.","- Conservation has narrower concept Emulation.
- Emulation has broader concept Conservation."
https://vocabs.dariah.eu/tadirah/encoding,Source,Class,encoding,"In digital humanities, encoding is the process of creating a message for transmission—structuring or representing information (e.g., texts, metadata) in a formalized system so it can be stored, shared, and processed by computers.","- Annotation has narrower concept Encoding.
- Datenerkennung has narrower concept Encoding.
- Programmazione has narrower concept Encoding.
- Encoding has broader concept Annotation.
- Encoding has broader concept Datenerkennung.
- Encoding has broader concept Programmazione."
https://vocabs.dariah.eu/tadirah/encoding,Source,Class,encoding,"In digital humanities, encoding is the process of creating a message for transmission—structuring or representing information (e.g., text, data, metadata) in a formalized system so it can be stored, processed, and communicated.","- Annotation has narrower concept Encoding.
- Datenerkennung has narrower concept Encoding.
- Programmazione has narrower concept Encoding.
- Encoding has broader concept Annotation.
- Encoding has broader concept Datenerkennung.
- Encoding has broader concept Programmazione."
https://vocabs.dariah.eu/tadirah/enriching,Source,Class,arricchimento,"In digital humanities, “arricchimento” (enrichment) is the process of annotating, editing, or cleaning data about an object of inquiry to make its origin, nature, structure, meaning, or components explicit. It adds structured, interpretable information to enhance understanding and reuse.","- “Annotation” is a broader concept’s child of “Arricchimento”.
- “Bearbeiten” is a broader concept’s child of “Arricchimento”.
- “Pulizia” is a broader concept’s child of “Arricchimento”.
- “Arricchimento” is a top concept of “TaDiRAH”.
- “Arricchimento” closely matches “index.php?tema=21”.
- “Arricchimento” has the narrower concepts “Annotation”, “Bearbeiten”, and “Pulizia”.
- “TaDiRAH” has the top concept “Arricchimento”."
https://vocabs.dariah.eu/tadirah/enriching,Source,Class,arricchimento,"In digital humanities, “arricchimento” (enrichment) is the process of annotating, editing, or cleaning information about an object of enquiry to make its origin, nature, structure, meaning, or components explicit.","- “Annotation” is a broader concept of “Arricchimento”. (i.e., Annotation is narrower than Arricchimento.)
- “Bearbeiten” is a broader concept of “Arricchimento”. (i.e., Bearbeiten is narrower than Arricchimento.)
- “Pulizia” is a broader concept of “Arricchimento”. (i.e., Pulizia is narrower than Arricchimento.)
- “Arricchimento” is a top concept of “TaDiRAH”.
- “Arricchimento” closely matches “index.php?tema=21”.
- “Arricchimento” has narrower concepts: “Annotation”, “Bearbeiten”, “Pulizia”.
- “Arricchimento” is the top concept of “TaDiRAH”."
https://vocabs.dariah.eu/tadirah/explanation,Source,Class,explanation,"Explanation (in digital humanities): a set of statements constructed to describe a set of facts. (Source: Wikidata Q7958, accessed Sept. 4, 2020)","- “Explanation” is a broader concept of “Teorización”.
- “Teorización” has the narrower concept “Explanation”."
https://vocabs.dariah.eu/tadirah/explanation,Source,Class,explanation,"In digital humanities, an explanation is a set of statements constructed to describe a set of facts. (Source: Wikidata Q7958)","- “Explanation” is a broader concept than “Teorización”.
- “Teorización” has the narrower concept “Explanation”."
https://vocabs.dariah.eu/tadirah/exploration,Source,Class,exploration,"In digital humanities, exploration is the act of searching through or traversing digital terrains—such as datasets, archives, texts, or networks—for the purpose of discovery. (Wikidata Q6502154)","- “Exploration” is a broader concept than “Scoperta”.
- “Scoperta” has the narrower concept “Exploration”."
https://vocabs.dariah.eu/tadirah/exploration,Source,Class,exploration,"In digital humanities, exploration is the act of searching or navigating through digital terrains—such as datasets, texts, images, maps, or networks—for the purpose of discovery, insight, or pattern-finding. (Cf. Wikidata Q6502154: “act of searching or traveling around a terrain for the purpose of discovery.”)","- “Exploration” is broader than “Scoperta.”
- “Scoperta” is narrower than “Exploration.”"
https://vocabs.dariah.eu/tadirah/expressingOpinion,Source,Class,expressing opinion,"In digital humanities, expressing opinion is the act of conveying one’s feelings or thoughts—verbally or in writing—about cultural, historical, or digital artifacts, methods, or interpretations. It includes agreeing or disagreeing with existing views to stimulate discourse, often occurring through blogs, social media, annotations, forums, reviews, or collaborative platforms that facilitate critical dialogue and debate.","- “Expressing Opinion” is a broader concept of “Kommentieren.”
- “Kommentieren” has the narrower concept “Expressing Opinion.”"
https://vocabs.dariah.eu/tadirah/expressingOpinion,Source,Class,expressing opinion,"In digital humanities, expressing opinion means conveying one’s feelings or thoughts—verbally or in writing—about cultural, historical, or digital artifacts, methods, or interpretations. It includes agreeing or disagreeing with existing viewpoints to stimulate discourse and critical engagement within digitally mediated scholarship and communities.","- “Expressing Opinion” is a broader concept’s narrower concept of “Kommentieren.”
- “Kommentieren” has the narrower concept “Expressing Opinion.”"
https://vocabs.dariah.eu/tadirah/extracting,Source,Class,extracting,"In digital humanities, extracting is the process of distilling structured information from texts, images, or other machine-readable digital documents within a specific domain, often not in directly human-readable form. It overlaps methodologically with information/knowledge extraction, knowledge discovery, information mining, and data mining, and commonly involves processing human language using NLP.","- “Acquisizione” has narrower concept “Extracting”.
- “Data Mining” is a broader concept of “Extracting”.
- “Information Mining” is a broader concept of “Extracting”.
- “Knowledge Discovery” is a broader concept of “Extracting”.
- “Knowledge Extraction” is a broader concept of “Extracting”.
- “Extracting” is a broader concept of “Acquisizione”.
- “Extracting” has narrower concepts “Data Mining”, “Information Mining”, “Knowledge Discovery”, and “Knowledge Extraction”."
https://vocabs.dariah.eu/tadirah/extracting,Source,Class,extracting,"In digital humanities, extracting is the process of distilling structured information from machine-readable texts, images, or other digital documents within a domain. It often uses NLP and related methods (information/knowledge extraction, discovery, and data mining) to derive data that may not be immediately human-readable.","- “Acquisizione” has the narrower concept “Extracting”.
- “Data Mining” has the broader concept “Extracting”.
- “Information Mining” has the broader concept “Extracting”.
- “Knowledge Discovery” has the broader concept “Extracting”.
- “Knowledge Extraction” has the broader concept “Extracting”.
- “Extracting” has the broader concept “Acquisizione”.
- “Extracting” has the narrower concept “Data Mining”.
- “Extracting” has the narrower concept “Information Mining”.
- “Extracting” has the narrower concept “Knowledge Discovery”.
- “Extracting” has the narrower concept “Knowledge Extraction”."
https://vocabs.dariah.eu/tadirah/finding,Source,Class,finding,"In digital humanities, a “Finding” (Wikidata Q28195064) is a discrete research result or outcome derived from analysis—such as a conclusion, observation, or insight—typically produced by a study, experiment, or computational method and reported as evidence to support or answer a research question.","- “Finding” is a broader concept of “Organizzazione”.
- “Organizzazione” has the narrower concept “Finding”."
https://vocabs.dariah.eu/tadirah/finding,Source,Class,finding,"In digital humanities, a “Finding” (Wikidata item Q28195064) refers to a discrete research result or observation derived from analysis—such as an identified pattern, insight, or conclusion—produced by a study, dataset, or computational method. It encapsulates what the research discovered, distinct from methods or raw data.","- “Finding” is a broader concept than “Organizzazione”.
- “Organizzazione” has the narrower concept “Finding”."
https://vocabs.dariah.eu/tadirah/formatting,Source,Class,formatting,"In digital humanities, “formatting” is the process of arranging data, text, or media into a consistent, structured form to enable readability, analysis, interoperability, and preservation—such as standardizing file types, encoding (e.g., TEI), and layout so materials can be processed and compared across tools and platforms. (Source: Wikidata item Q98848248)","- “Bearbeiten” has narrower concept “Formatting”.
- “Formatting” has broader concept “Bearbeiten”."
https://vocabs.dariah.eu/tadirah/formatting,Source,Class,formatting,"In digital humanities, “formatting” is the process of structuring and styling digital text or data—using standards, markup, or layout conventions—so it can be consistently displayed, processed, and interpreted across tools and platforms (e.g., applying markup like XML/TEI, styles, or metadata schemas). (Source: Wikidata item Q98848248)","- “Bearbeiten” has narrower concept “Formatting”.
- “Formatting” has broader concept “Bearbeiten”."
https://vocabs.dariah.eu/tadirah/gamification,Source,Class,gamification,"In digital humanities, gamification means applying game thinking and game mechanics to non-game activities—such as research, teaching, or public engagement—to motivate participation and help users solve problems. (Wikidata Q1067402)","- Crowdsourcing has the narrower concept Gamification.
- Gamification has the broader concept Crowdsourcing."
https://vocabs.dariah.eu/tadirah/gamification,Source,Class,gamification,"In digital humanities, gamification means using game thinking and game mechanics in non-game contexts to engage users in solving problems. (Wikidata Q1067402)","- Gamification is a narrower concept of Crowdsourcing.
- Crowdsourcing is a broader concept of Gamification."
https://vocabs.dariah.eu/tadirah/gathering,Source,Class,sammeln,"In digital humanities, Sammeln means gathering: aggregating discovered resources in a structured way (e.g., compiling all papers on a topic for a literature review or extracting all works by a specific author from a digital collection for further analysis).","- “Acquisizione” has narrower concept “Sammeln”.
- “Aggregating” has broader concept “Sammeln”.
- “Archiving” has broader concept “Sammeln”.
- “Cataloging” has broader concept “Sammeln”.
- “Collating” has broader concept “Sammeln”.
- “Collecting” has broader concept “Sammeln”.
- “Conservation” has broader concept “Sammeln”.
- “Web Crawling” has broader concept “Sammeln”.
- “Web Scraping” has broader concept “Sammeln”.
- “Sammeln” has broader concept “Acquisizione”.
- “Sammeln” has close match “gathering”.
- “Sammeln” has narrower concepts “Aggregating”, “Archiving”, “Cataloging”, “Collating”, “Collecting”, “Conservation”, “Web Crawling”, “Web Scraping”."
https://vocabs.dariah.eu/tadirah/gathering,Source,Class,sammeln,"In digital humanities, “Sammeln” means gathering: aggregating discovered resources in a structured way—for example, assembling all papers on a specific topic for a literature review, or pulling all works by a particular author from a digital collection for further analysis.","- “Acquisizione” has a narrower concept “Sammeln”.
- “Aggregating” is a broader concept of “Sammeln”.
- “Archiving” is a broader concept of “Sammeln”.
- “Cataloging” is a broader concept of “Sammeln”.
- “Collating” is a broader concept of “Sammeln”.
- “Collecting” is a broader concept of “Sammeln”.
- “Conservation” is a broader concept of “Sammeln”.
- “Web Crawling” is a broader concept of “Sammeln”.
- “Web Scraping” is a broader concept of “Sammeln”.
- “Sammeln” has a broader concept “Acquisizione”.
- “Sammeln” closely matches “gathering”.
- “Sammeln” has narrower concepts “Aggregating”, “Archiving”, “Cataloging”, “Collating”, “Collecting”, “Conservation”, “Web Crawling”, and “Web Scraping”."
https://vocabs.dariah.eu/tadirah/genreRecognition,Source,Class,genre recognition,"In digital humanities, genre recognition is the use of computational methods to analyze artworks (such as literature, music, or film), extract salient features, and automatically or semi-automatically classify them into genres. It combines feature extraction (e.g., linguistic, stylistic, acoustic, or visual cues) with machine learning or rule-based models to assign or suggest genre labels.","- “Genre Recognition” is a broader concept of “Stylistic Analysis”.
- “Stylistic Analysis” has the narrower concept “Genre Recognition”."
https://vocabs.dariah.eu/tadirah/genreRecognition,Source,Class,genre recognition,"In digital humanities, genre recognition is the use of computational methods to analyze artworks (such as literature, music, or film), extract distinguishing features, and automatically or semi-automatically classify them into genres.","- “Genre Recognition” is broader concept of “Stylistic Analysis”.  
- “Stylistic Analysis” has narrower concept “Genre Recognition”."
https://vocabs.dariah.eu/tadirah/georeferencing,Source,Class,georeferencing,"Georeferencing is the process of identifying and linking data (e.g., texts, images, datasets) to specific locations in physical space.","- Annotation has narrower concept Georeferencing.
- Análise espacial has narrower concept Georeferencing.
- Georeferencing has broader concepts Annotation and Análise espacial."
https://vocabs.dariah.eu/tadirah/georeferencing,Source,Class,georeferencing,"Georeferencing is the process of identifying and linking data (e.g., texts, images, or historical records) to specific locations in physical space, enabling them to be mapped and analyzed geographically.","- Annotation has narrower concept Georeferencing.
- Análise espacial has narrower concept Georeferencing.
- Georeferencing has broader concepts Annotation and Análise espacial."
https://vocabs.dariah.eu/tadirah/graphicsProgramming,Source,Class,graphics programming,"Graphics programming: the practice of writing software to generate, manipulate, and display visual content (2D/3D) on computers—encompassing rendering, image processing, and visualization techniques. In digital humanities, it supports visualizing cultural data (e.g., maps, networks, diagrams) and creating interactive visual interfaces for analysis and presentation.

Source: Wikidata, Q98845304 (accessed Sept 4, 2020).","- “Graphics Programming” is a broader concept than “Programmazione”.
- “Programmazione” has the narrower concept “Graphics Programming”."
https://vocabs.dariah.eu/tadirah/graphicsProgramming,Source,Class,graphics programming,"In digital humanities, “Graphics Programming” refers to writing code to generate, process, and render visual content—such as images, charts, maps, and interactive visuals—to analyze, interpret, and present humanities data. (Source: Wikidata item Q98845304)","- “Graphics Programming” is a broader concept under “Programmazione”.  
- “Programmazione” has the narrower concept “Graphics Programming”."
https://vocabs.dariah.eu/tadirah/highlighting,Source,Class,highlighting,"In digital humanities, “Highlighting” refers to the visual emphasis of selected text or elements—typically by applying a background color or style—to draw attention, aid annotation, or support analysis and interpretation of digital texts and media (see Wikidata item Q98847905).","- “Annotation” has narrower concept “Highlighting”.
- “Highlighting” has broader concept “Annotation”."
https://vocabs.dariah.eu/tadirah/highlighting,Source,Class,highlighting,"In digital humanities, “Highlighting” refers to visually emphasizing selected text or elements (e.g., by changing background color) to draw attention, support annotation, comparison, or analysis within digital texts and interfaces. (Source: Wikidata item Q98847905)","- Annotation has narrower concept Highlighting.
- Highlighting has broader concept Annotation."
https://vocabs.dariah.eu/tadirah/identifier,Source,Class,identifier,"In digital humanities, an identifier is a name that identifies either a unique object or a unique class of objects (e.g., a stable reference for a text, artifact, person, or dataset).","- “Identifier” is a broader concept of “Идентификовање”.
- “Идентификовање” has a narrower concept “Identifier”."
https://vocabs.dariah.eu/tadirah/identifier,Source,Class,identifier,"In digital humanities, an identifier is a name or code that uniquely identifies either a single object (e.g., a manuscript, image, dataset) or a class of objects, ensuring precise reference and disambiguation across systems and datasets. (Source: Wikidata Q853614)","- “Identifier” is a broader concept than “Идентификовање”.
- “Идентификовање” has the narrower concept “Identifier”."
https://vocabs.dariah.eu/tadirah/identifying,Source,Class,Идентификовање,"In digital humanities, Идентификовање (Identifying) is the activity of naming and/or assigning (possibly unique and/or persistent) identifiers—such as words, numbers, letters, symbols, or their combinations—to objects of enquiry or to any kind of digital object.","- “Идентификовање” has narrower concept “Análise relacional”.
- “Идентификовање” has narrower concept “Conservazione”.
- “Идентификовање” has broader concept “Digital Object Identifier”.
- “Идентификовање” has broader concept “Identifier”.
- “Идентификовање” has broader concept “Naming Convention”.
- “Идентификовање” has narrower concept “Netzwerkanalyse”.
- “Идентификовање” has broader concept “Persistent Identifier”.
- “Идентификовање” has broader concept “Uniform Resource Identifier”.
- “Идентификовање” has narrower concept “Анализа садржаја”.
- “Идентификовање” is broader than “Análise relacional”.
- “Идентификовање” is broader than “Conservazione”.
- “Идентификовање” is broader than “Netzwerkanalyse”.
- “Идентификовање” is broader than “Анализа садржаја”.
- “Идентификовање” closely matches “identifying”.
- “Идентификовање” has narrower concept “Digital Object Identifier”.
- “Идентификовање” has narrower concept “Identifier”.
- “Идентификовање” has narrower concept “Naming Convention”.
- “Идентификовање” has narrower concept “Persistent Identifier”.
- “Идентификовање” has narrower concept “Uniform Resource Identifier”."
https://vocabs.dariah.eu/tadirah/identifying,Source,Class,Идентификовање,"In digital humanities, Идентификовање (Identifying) is the activity of naming and/or assigning identifiers—often unique and/or persistent ones (e.g., words, numbers, letters, symbols, or their combinations)—to objects of enquiry or any kind of digital object.","- “Análise relacional” is a narrower concept of “Идентификовање”.
- “Conservazione” is a narrower concept of “Идентификовање”.
- “Digital Object Identifier” is a broader concept of “Идентификовање”.
- “Identifier” is a broader concept of “Идентификовање”.
- “Naming Convention” is a broader concept of “Идентификовање”.
- “Netzwerkanalyse” is a narrower concept of “Идентификовање”.
- “Persistent Identifier” is a broader concept of “Идентификовање”.
- “Uniform Resource Identifier” is a broader concept of “Идентификовање”.
- “Анализа садржаја” is a narrower concept of “Идентификовање”.
- “Идентификовање” is a broader concept of “Análise relacional”.
- “Идентификовање” is a broader concept of “Conservazione”.
- “Идентификовање” is a broader concept of “Netzwerkanalyse”.
- “Идентификовање” is a broader concept of “Анализа садржаја”.
- “Идентификовање” closely matches “identifying”.
- “Идентификовање” is a narrower concept of “Digital Object Identifier”.
- “Идентификовање” is a narrower concept of “Identifier”.
- “Идентификовање” is a narrower concept of “Naming Convention”.
- “Идентификовање” is a narrower concept of “Persistent Identifier”.
- “Идентификовање” is a narrower concept of “Uniform Resource Identifier”."
https://vocabs.dariah.eu/tadirah/imaging,Source,Class,gestione delle immagini,"In digital humanities, “Gestione delle Immagini” (Image Management) means the end-to-end handling of imaging data: planning, acquiring, organizing, describing (metadata), processing, storing, preserving, and providing access to images produced by optical or acoustic capture (e.g., light, laser, infrared, ultrasound) of texts, images, artifacts, or spatial formations in 2D/3D. It focuses on stewardship of the image data itself rather than identifying discrete semantic or structural units like words or musical notes.","- “Acquisizione” has narrower concept “Gestione delle Immagini”.
- “Photographing” has broader concept “Gestione delle Immagini”.
- “Scanning” has broader concept “Gestione delle Immagini”.
- “Gestione delle Immagini” has broader concept “Acquisizione”.
- “Gestione delle Immagini” closely matches “imaging”.
- “Gestione delle Immagini” has narrower concepts “Photographing” and “Scanning”."
https://vocabs.dariah.eu/tadirah/imaging,Source,Class,gestione delle immagini,"In digital humanities, “Gestione delle Immagini” (Image Management) means the end-to-end handling of imaging data—planning, capturing, organizing, describing (metadata), storing, preserving, accessing, and disseminating images of texts, artworks, artifacts, or spatial formations. Here, imaging is the acquisition of 2D/3D data via optical or acoustic methods (e.g., light, laser, infrared, ultrasound) and typically does not segment data into semantic/structural units like words or musical notes. Image management focuses on workflows, standards, metadata, versioning, preservation, and delivery of these imaging files.","- “Gestione delle Immagini” is a narrower concept of “Acquisizione.”
- “Photographing” is a broader concept of “Gestione delle Immagini.”
- “Scanning” is a broader concept of “Gestione delle Immagini.”
- “Gestione delle Immagini” is a broader concept of “Acquisizione.”
- “Gestione delle Immagini” closely matches “imaging.”
- “Photographing” is a narrower concept of “Gestione delle Immagini.”
- “Scanning” is a narrower concept of “Gestione delle Immagini.”"
https://vocabs.dariah.eu/tadirah/improving,Source,Class,improving,"In digital humanities, “Improving” means the process of something moving from one state to a better state, typically through deliberate actions intended to achieve that better state.","- “Improving” is a broader concept than “Pulizia.”
- “Pulizia” is a narrower concept than “Improving.”"
https://vocabs.dariah.eu/tadirah/improving,Source,Class,improving,"In digital humanities, “improving” means the process of a thing moving from one state to another that is considered better, usually through deliberate actions intended to achieve that better state (per Wikidata Q21255975).","- “Improving” is a broader concept than “Pulizia.”
- “Pulizia” is a narrower concept than “Improving.”"
https://vocabs.dariah.eu/tadirah/informationMining,Source,Class,information mining,"In digital humanities, “information mining” refers to extracting structured information and patterns from large, often unstructured cultural or scholarly datasets (texts, images, metadata) using computational methods to support analysis and interpretation. (See: Wikidata item Q98847165.)","- Extracting has narrower concept Information Mining.
- Information Mining has broader concept Extracting."
https://vocabs.dariah.eu/tadirah/informationMining,Source,Class,information mining,"In digital humanities, “Information Mining” refers to computational methods for discovering, extracting, and analyzing patterns, relationships, and knowledge from large, heterogeneous cultural datasets (texts, images, metadata, etc.). It encompasses techniques like text/data mining, pattern recognition, and knowledge extraction to generate new insights from digitized cultural heritage and scholarly corpora. (Source: Wikidata item Q98847165)","- Extracting has narrower concept Information Mining.
- Information Mining has broader concept Extracting."
https://vocabs.dariah.eu/tadirah/informationRetrieval,Source,Class,information retrieval,"In digital humanities, Information Retrieval is the activity of obtaining information resources relevant to an information need from a collection of information resources. (Source: Wikidata Q816826, accessed July 30, 2020)","- “Scoperta” has the narrower concept “Information Retrieval”.
- “Анализа садржаја” has the narrower concept “Information Retrieval”.
- “Information Retrieval” has the broader concepts “Scoperta” and “Анализа садржаја”."
https://vocabs.dariah.eu/tadirah/informationRetrieval,Source,Class,information retrieval,"In digital humanities, Information Retrieval means the activity of obtaining information resources relevant to an information need from a collection of information resources. (Source: Wikidata Q816826, accessed July 30, 2020.)","- “Scoperta” has a narrower concept: “Information Retrieval”.
- “Анализа садржаја” has a narrower concept: “Information Retrieval”.
- “Information Retrieval” has a broader concept: “Scoperta”.
- “Information Retrieval” has a broader concept: “Анализа садржаја”."
https://vocabs.dariah.eu/tadirah/instantMessaging,Source,Class,instant messaging,"Instant Messaging (IM) is a form of communication over the Internet that enables real-time, text-based exchanges between users. In digital humanities, IM can serve as a tool for collaborative research, coordination, and community engagement. (Source: Wikidata Q58199)","- “Instant Messaging” is a broader concept of “Kommunizieren”. → Incorrect per SKOS.
- Correct verbalizations:
  - “Instant Messaging” has broader concept “Kommunizieren”.
  - “Kommunizieren” has narrower concept “Instant Messaging”."
https://vocabs.dariah.eu/tadirah/instantMessaging,Source,Class,instant messaging,"Instant messaging is a form of communication over the Internet that enables real-time text-based exchange between users, often supplemented with features like presence indicators, file sharing, and multimedia—used in digital humanities for rapid collaboration and coordination.","- “Instant Messaging” is a broader concept of “Kommunizieren”. → “Kommunizieren” is broader than “Instant Messaging”.
- “Kommunizieren” has the narrower concept “Instant Messaging”. → “Instant Messaging” is a narrower concept of “Kommunizieren”."
https://vocabs.dariah.eu/tadirah/integrating,Source,Class,integrating,"In digital humanities, “Integrating” refers to combining heterogeneous data, tools, or methods into a unified framework to enable cohesive analysis, interpretation, and access. Per Wikidata item Q98847635, it involves bringing together disparate digital resources (e.g., texts, metadata, images, datasets) and workflows so they interoperate for research and dissemination.","- ""Contextualizing"" has narrower concept ""Integrating"".
- ""Integrating"" has broader concept ""Contextualizing""."
https://vocabs.dariah.eu/tadirah/integrating,Source,Class,integrating,"In digital humanities, “Integrating” refers to combining heterogeneous digital resources—such as datasets, texts, metadata, tools, or methods—into a unified framework so they can interoperate and be analyzed together. (See Wikidata item Q98847635.)","- “Contextualizing” has narrower concept “Integrating”.
- “Integrating” has broader concept “Contextualizing”."
https://vocabs.dariah.eu/tadirah/interpreting,Source,Class,interpreta o,"In digital humanities, “Interpretação” is the activity of explaining and attributing meaning to phenomena identified through analysis. It typically follows analysis but also frames the hermeneutic stance of any method. It involves:
- Contextualization: opening findings to broader debate and contexts.
- Theorizing: using deductive and inductive reasoning to derive or test explanations.
- Modeling: formalizing specific aspects of the phenomenon.","- “Contextualizing” is a broader concept of “Interpretação”. (i.e., Interpretação is narrower than Contextualizing)
- “Modelizzazione” is a broader concept of “Interpretação”.
- “TaDiRAH” has top concept “Interpretação”.
- “Teorización” is a broader concept of “Interpretação”.
- “Interpretação” closely matches “5_interpretation”.
- “Interpretação” has the narrower concepts “Contextualizing”, “Modelizzazione”, and “Teorización”.
- “Interpretação” is a top concept of “TaDiRAH”."
https://vocabs.dariah.eu/tadirah/interpreting,Source,Class,interpreta o,"In digital humanities, Interpretação (interpretation) is the activity of explaining and assigning intended meaning to phenomena identified through analysis. It typically follows analysis and shapes the hermeneutic stance of any method. It involves:
- Contextualization: opening the phenomenon to wider debate.
- Theorizing: using deductive and inductive reasoning.
- Modeling: formalizing specific aspects of the phenomenon.","- “Contextualizing” is a broader concept’s narrower term under “Interpretação.”
- “Modelizzazione” is a narrower term under “Interpretação.”
- “Teorización” is a narrower term under “Interpretação.”
- “Interpretação” is a top concept of “TaDiRAH.”
- “TaDiRAH” has top concept “Interpretação.”
- “Interpretação” has a close match to “5_interpretation.”"
https://vocabs.dariah.eu/tadirah/knowledgeDiscovery,Source,Class,knowledge discovery,"In digital humanities, “Knowledge Discovery” refers to the process of extracting novel, meaningful patterns, relationships, or insights from large, complex cultural data (texts, images, metadata, networks), often using computational methods (e.g., data mining, NLP, network analysis). It emphasizes turning heterogeneous digital collections into actionable scholarly knowledge. (See Wikidata item Q98847144.)","- Extracting has narrower concept Knowledge Discovery.
- Knowledge Discovery has broader concept Extracting."
https://vocabs.dariah.eu/tadirah/knowledgeDiscovery,Source,Class,knowledge discovery,"In digital humanities, Knowledge Discovery refers to the computational process of uncovering new, meaningful patterns, relationships, or insights from large and complex cultural data (e.g., texts, images, metadata). It involves methods like data mining, machine learning, and visualization to generate and formalize knowledge. (Source: Wikidata Q98847144)","- Extracting has narrower concept Knowledge Discovery.
- Knowledge Discovery has broader concept Extracting."
https://vocabs.dariah.eu/tadirah/knowledgeExtraction,Source,Class,knowledge extraction,"In digital humanities, knowledge extraction is the process of creating structured knowledge from both structured and unstructured sources—identifying and formalizing entities, relationships, and facts from texts, datasets, images, etc.—so they can be represented in knowledge bases (e.g., Wikidata) and used for analysis, linking, and reuse.","- Extracting has narrower concept Knowledge Extraction.
- Knowledge Extraction has broader concept Extracting."
https://vocabs.dariah.eu/tadirah/knowledgeExtraction,Source,Class,knowledge extraction,"In digital humanities, knowledge extraction is the process of creating usable knowledge from both structured and unstructured sources—such as databases, texts, images, or metadata—by automatically identifying and organizing entities, relationships, and facts (e.g., into knowledge bases like Wikidata).","- Extracting has narrower concept Knowledge Extraction.
- Knowledge Extraction has broader concept Extracting."
https://vocabs.dariah.eu/tadirah/lemmatizing,Source,Class,lemmatizing,"Lemmatizing is the process of reducing a word to its lemma—its canonical dictionary form (e.g., “running,” “ran” → “run”)—using vocabulary and morphological analysis. In digital humanities, it standardizes word forms to improve text analysis, search, and comparison across variants. (Source: Wikidata Q2554325)","- “Converting” has narrower concept “Lemmatizing”.
- “Lemmatizing” has broader concept “Converting”."
https://vocabs.dariah.eu/tadirah/lemmatizing,Source,Class,lemmatizing,"Lemmatizing is the process of reducing inflected or derived word forms to their base or dictionary form (the “lemma”), such as mapping “running,” “ran,” and “runs” to “run.” In digital humanities, it standardizes word forms to improve text analysis, search, and comparison across documents. (Source: Wikidata Q2554325)","- Converting has narrower concept Lemmatizing.
- Lemmatizing has broader concept Converting."
https://vocabs.dariah.eu/tadirah/lettering,Source,Class,lettering,"In digital humanities, “lettering” refers to the creation of hand-drawn letters used in graphic design and typography—custom, non-font-based letterforms crafted for specific texts or visual compositions.","- Lettering is a broader concept’s narrower term: Writing is a broader concept of Lettering.
- Writing has the narrower concept Lettering."
https://vocabs.dariah.eu/tadirah/lettering,Source,Class,lettering,"In digital humanities, “lettering” refers to the creation of hand-drawn letters used in graphic design and typography—i.e., custom, non-mechanical letterforms crafted for a specific piece rather than set from a pre-existing font (Wikidata Q5538738).","- “Lettering” is a broader concept’s child of “Writing.”  
- “Writing” has the narrower concept “Lettering.”"
https://vocabs.dariah.eu/tadirah/linkedOpenData,Source,Class,linked open data,"Linked Open Data (LOD) in digital humanities refers to linked data published under an open license, enabling datasets (e.g., people, places, texts) to be connected across the web using shared identifiers and vocabularies, so they can be freely accessed, reused, and integrated. (Source: Wikidata Q18692990)","- Linked Open Data is a narrower concept of Annotation.
- Linked Open Data is a narrower concept of Veröffentlichen.
- Annotation is a broader concept of Linked Open Data.
- Veröffentlichen is a broader concept of Linked Open Data."
https://vocabs.dariah.eu/tadirah/linkedOpenData,Source,Class,linked open data,"Linked Open Data (in digital humanities): linked data that is published under an open license, enabling anyone to use, share, and connect datasets across the web. (Source: Wikidata Q18692990)","- “Linked Open Data” is a narrower concept of “Annotation”.
- “Linked Open Data” is a narrower concept of “Veröffentlichen”.
- “Annotation” is a broader concept of “Linked Open Data”.
- “Veröffentlichen” is a broader concept of “Linked Open Data”."
https://vocabs.dariah.eu/tadirah/machineLearning,Source,Class,machine learning,"In digital humanities, Machine Learning is a branch of statistics and computer science that studies algorithms and architectures that learn from observed facts—i.e., patterns in cultural, historical, or textual data—to make predictions, classifications, or discoveries without being explicitly programmed.","- “Análise relacional” is a narrower concept of “Machine Learning”.
- “Structural Analysis” is a narrower concept of “Machine Learning”.
- “Stylistic Analysis” is a narrower concept of “Machine Learning”.
- “Анализа садржаја” is a narrower concept of “Machine Learning”.
- “Machine Learning” is a broader concept of “Análise relacional”.
- “Machine Learning” is a broader concept of “Structural Analysis”.
- “Machine Learning” is a broader concept of “Stylistic Analysis”.
- “Machine Learning” is a broader concept of “Анализа садржаја”."
https://vocabs.dariah.eu/tadirah/machineLearning,Source,Class,machine learning,"In digital humanities, machine learning is a branch of statistics and computer science that studies algorithms and architectures which learn from observed data to detect patterns, make predictions, or classify cultural and historical materials. (Source: Wikidata Q2539, accessed July 30, 2020)","- “Análise relacional” is a narrower concept of “Machine Learning”.
- “Structural Analysis” is a narrower concept of “Machine Learning”.
- “Stylistic Analysis” is a narrower concept of “Machine Learning”.
- “Анализа садржаја” is a narrower concept of “Machine Learning”.
- “Machine Learning” is a broader concept of “Análise relacional”.
- “Machine Learning” is a broader concept of “Structural Analysis”.
- “Machine Learning” is a broader concept of “Stylistic Analysis”.
- “Machine Learning” is a broader concept of “Анализа садржаја”."
https://vocabs.dariah.eu/tadirah/managing,Source,Class,managing,"In digital humanities, managing means exercising influence or authority over, and directing the operation of, digital devices, systems, data, or workflows—i.e., organizing, coordinating, and controlling processes and resources to achieve project goals.","- “Managing” is broader concept of “Organizzazione”.
- “Organizzazione” has narrower concept “Managing”."
https://vocabs.dariah.eu/tadirah/managing,Source,Class,managing,"In digital humanities, “managing” means exercising influence or authority over resources, data, tools, or projects, and directing the operation of devices, systems, or processes involved—such as coordinating workflows, overseeing data and software, and guiding project execution.","- “Managing” is broader concept: “Organizzazione”.
- “Organizzazione” has narrower concept: “Managing”."
https://vocabs.dariah.eu/tadirah/mapping,Source,Class,mapping,"In digital humanities, a mapping is a binary relation from one set to another that is left-total—i.e., every element in the input set is associated with at least one element in the output set. (Source: Wikidata Q370502)","- “Contextualizing” has the narrower concept “Mapping”.
- “Visualización” has the narrower concept “Mapping”.
- “Mapping” has the broader concepts “Contextualizing” and “Visualización”."
https://vocabs.dariah.eu/tadirah/mapping,Source,Class,mapping,"In digital humanities, a mapping is a binary relation between two sets that is left-total—every element in the input set is associated with at least one element in the output set.","- “Contextualizing” has narrower concept “Mapping”.
- “Visualización” has narrower concept “Mapping”.
- “Mapping” has broader concept “Contextualizing”.
- “Mapping” has broader concept “Visualización”."
https://vocabs.dariah.eu/tadirah/merging,Source,Class,merging,"In digital humanities, “merging” refers to combining two or more duplicate or overlapping entity records into a single, consolidated record to eliminate redundancy and ensure consistent, accurate data—such as merging duplicate items in Wikidata (see Q98848337).","- “Bearbeiten” has narrower concept “Merging”.
- “Merging” has broader concept “Bearbeiten”."
https://vocabs.dariah.eu/tadirah/merging,Source,Class,merging,"In digital humanities, “Merging” refers to the process of combining duplicate or overlapping records/entities into a single, consolidated record to improve data consistency and reduce redundancy. In Wikidata (Q98848337), merging specifically means unifying two items that represent the same concept/person/thing into one item, preserving statements and references while redirecting the duplicate to the retained item.","- “Bearbeiten” has narrower concept “Merging”.
- “Merging” has broader concept “Bearbeiten”."
https://vocabs.dariah.eu/tadirah/microblogging,Source,Class,microblogging,"Microblogging is a broadcast medium where users post and share very short, frequent updates (text, links, images, etc.) to a public or semi-public audience. In digital humanities, it’s used to disseminate research snippets, live conference commentary, annotations, and community discussions on platforms like Twitter/X or Mastodon.","- “Microblogging” is a narrower concept of “Kommunizieren”.
- “Kommunizieren” is a broader concept of “Microblogging”."
https://vocabs.dariah.eu/tadirah/microblogging,Source,Class,microblogging,"Microblogging is a form of online broadcasting where users post very short, frequent updates—typically text, links, images, or video—to a public or semi-public audience. In digital humanities, it functions as a lightweight, rapid medium for sharing research notes, resources, event updates, and scholarly conversation (e.g., via platforms like Twitter/X), aligning with its characterization as a broadcast medium (Wikidata Q92438).","- Microblogging is a narrower concept of Kommunizieren.
- Kommunizieren is a broader concept of Microblogging."
https://vocabs.dariah.eu/tadirah/migration,Source,Class,migration,"In digital humanities, migration is the process of selecting, preparing, extracting, transforming, and permanently transferring data from one computer storage system to another. (Source: Wikidata Q1932543, accessed July 30, 2020)","- Migration is a narrower concept of Conservation.
- Conservation is a broader concept of Migration."
https://vocabs.dariah.eu/tadirah/migration,Source,Class,migration,"In digital humanities, migration is the process of selecting, preparing, extracting, and transforming data and permanently transferring it from one computer storage system to another. (Source: Wikidata Q1932543, accessed July 30, 2020.)","- Conservation has the narrower concept Migration.
- Migration has the broader concept Conservation."
https://vocabs.dariah.eu/tadirah/mindMapping,Source,Class,mind mapping,"In digital humanities, Mind Mapping is a visual method for organizing and exploring ideas, concepts, or sources by placing a central concept and connecting related nodes in a branching, non-linear structure. It supports brainstorming, conceptual modeling, and knowledge representation, often using digital tools to map relationships across texts, media, and data. (Source: Wikidata Q98846887)","- “Mind Mapping” is a broader concept of “Visualización”.  
- “Visualización” has the narrower concept “Mind Mapping”."
https://vocabs.dariah.eu/tadirah/mindMapping,Source,Class,mind mapping,"Mind mapping is a visual method of organizing information by placing a central concept in the middle and connecting related ideas as branching nodes, forming a network that supports idea generation, structuring knowledge, and exploratory analysis—an approach used in digital humanities to map concepts, sources, and relationships. (Source: Wikidata Q98846887)","- “Mind Mapping” is a broader concept of “Visualización”. (from: ""Mind Mapping"" skos:broader ""Visualización"")
- “Visualización” has the narrower concept “Mind Mapping”. (from: ""Visualización"" skos:narrower ""Mind Mapping"")"
https://vocabs.dariah.eu/tadirah/modeling,Source,Class,modelizzazione,"In digital humanities, “modelizzazione” is the process of creating an abstract, often machine-readable representation of a complex cultural or scholarly phenomenon. It involves:

- Designing an explicit schema that defines the elements and structure of the object of inquiry, enabling computation and, when applicable, simulation or interactive exploration.
- Transforming or manipulating digital objects so they conform to this pre-defined model or schema, ensuring consistency, interoperability, and analytical comparability.","- “Data Mapping” is a broader concept of “Modelizzazione”.
- “Interpretação” has a narrower concept “Modelizzazione”.
- “Transformation” is a broader concept of “Modelizzazione”.
- “Modelizzazione” is a broader concept of “Interpretação”.
- “Modelizzazione” closely matches “modeling”.
- “Modelizzazione” has narrower concepts “Data Mapping” and “Transformation”."
https://vocabs.dariah.eu/tadirah/modeling,Source,Class,modelizzazione,"In digital humanities, “modelizzazione” (modeling) is the creation of an abstract, often interactive, machine-readable representation of a complex phenomenon. It involves:

- Designing an explicit schema that defines the elements and structure of the object of inquiry.
- Making the representation computable (and possibly simulable).
- Transforming or manipulating digital objects so they conform to the previously constructed model or schema.","- “Data Mapping” is a broader concept of “Modelizzazione”.
- “Interpretação” is a narrower concept of “Modelizzazione”.
- “Transformation” is a broader concept of “Modelizzazione”.
- “Modelizzazione” is a broader concept of “Interpretação”.
- “Modelizzazione” closely matches “modeling”.
- “Modelizzazione” has narrower concepts “Data Mapping” and “Transformation”."
https://vocabs.dariah.eu/tadirah/modifying,Source,Class,modifying,"In digital humanities, “Modifying” refers to changing an existing digital object or dataset—such as editing, revising, or transforming content, metadata, or structure—without creating an entirely new, distinct work. (Source: Wikidata item Q98848358)","- “Bearbeiten” has narrower concept “Modifying”.
- “Modifying” has broader concept “Bearbeiten”."
https://vocabs.dariah.eu/tadirah/modifying,Source,Class,modifying,"In digital humanities (per Wikidata item Q98848358), “Modifying” refers to editing or altering existing digital content, data, or metadata—such as correcting, updating, or changing texts, annotations, datasets, or code within DH projects.","- “Bearbeiten” has a narrower concept “Modifying”.
- “Modifying” has a broader concept “Bearbeiten”."
https://vocabs.dariah.eu/tadirah/namedEntityRecognition,Source,Class,named entity recognition,"Named Entity Recognition (NER) is the extraction of named entity mentions in unstructured text and their classification into predefined categories (e.g., people, places, organizations), as defined in Wikidata item Q403574. In digital humanities, NER helps identify and structure references to entities across textual sources for analysis and linking.","- Annotation has the narrower concept Named Entity Recognition.
- Análise espacial has the narrower concept Named Entity Recognition.
- Netzwerkanalyse has the narrower concept Named Entity Recognition.
- Анализа садржаја has the narrower concept Named Entity Recognition.
- Named Entity Recognition is a broader concept of Annotation, Análise espacial, Netzwerkanalyse, and Анализа садржаја."
https://vocabs.dariah.eu/tadirah/namedEntityRecognition,Source,Class,named entity recognition,"Named Entity Recognition (NER) in digital humanities is the extraction of named entity mentions in unstructured text into pre-defined categories (e.g., persons, places, organizations), as described by Wikidata item Q403574.","- Annotation has narrower concept Named Entity Recognition.
- Análise espacial has narrower concept Named Entity Recognition.
- Netzwerkanalyse has narrower concept Named Entity Recognition.
- Анализа садржаја has narrower concept Named Entity Recognition.
- Named Entity Recognition has broader concepts: Annotation, Análise espacial, Netzwerkanalyse, Анализа садржаја."
https://vocabs.dariah.eu/tadirah/namingConvention,Source,Class,naming convention,"In digital humanities, a naming convention is a set of rules for consistently naming entities—such as files, datasets, variables, types, functions, or metadata fields—to ensure clarity, interoperability, and easier collaboration. (Cf. Wikidata Q461984: rules for naming variables, types, functions, etc.)","- “Naming Convention” is a broader concept of “Идентификовање”.
- “Идентификовање” has the narrower concept “Naming Convention”."
https://vocabs.dariah.eu/tadirah/namingConvention,Source,Class,naming convention,"In digital humanities, a naming convention is a set of rules for how to name things—such as variables, data fields, files, types, and functions—so they are consistent, readable, and interoperable across projects and tools (cf. Wikidata Q461984).","- “Naming Convention” is a broader concept’s narrower term of “Идентификовање”.
- “Идентификовање” has the narrower concept “Naming Convention”."
https://vocabs.dariah.eu/tadirah/naturalLanguageProcessing,Source,Class,natural language processing,"Natural Language Processing (NLP) is a field at the intersection of computer science and linguistics that enables computers to analyze, understand, and generate human languages. In digital humanities, it is used to process and interpret large corpora of texts—e.g., for tasks like text mining, topic modeling, sentiment analysis, named entity recognition, and semantic analysis—supporting scholarly research on language, literature, history, and culture. (Wikidata Q30642)","- Converting has the narrower concept Natural Language Processing.
- Natural Language Processing has the broader concept Converting."
https://vocabs.dariah.eu/tadirah/naturalLanguageProcessing,Source,Class,natural language processing,"In digital humanities, Natural Language Processing (NLP) is the field—at the intersection of computer science and linguistics—that develops computational methods to analyze, interpret, and generate human language, enabling tasks like text mining, annotation, classification, extraction, and modeling of large cultural and historical corpora. (Source: Wikidata Q30642)","- Converting has a narrower concept: Natural Language Processing.
- Natural Language Processing has a broader concept: Converting."
https://vocabs.dariah.eu/tadirah/networkAnalysis,Source,Class,netzwerkanalyse,"In the digital humanities, Netzwerkanalyse (network analysis) is a method for studying relationships among entities—such as real or fictional actors, texts, or institutions—within a mediated network (e.g., social or academic online networks, correspondence sets, or literary works). It represents entities as nodes and their relations as edges to analyze structure, connectivity, and patterns in the data.","- “Análisis” has narrower concept “Netzwerkanalyse”.
- “Named Entity Recognition” has broader concept “Netzwerkanalyse”.
- “Идентификовање” has broader concept “Netzwerkanalyse”.
- “Netzwerkanalyse” has broader concept “Análisis”.
- “Netzwerkanalyse” has close match “network-analysis”.
- “Netzwerkanalyse” has narrower concept “Named Entity Recognition”.
- “Netzwerканalyse” has narrower concept “Идентификовање”."
https://vocabs.dariah.eu/tadirah/networkAnalysis,Source,Class,netzwerkanalyse,"In den Digital Humanities bezeichnet Netzwerkanalyse eine Methode zur Untersuchung von Beziehungen zwischen Akteur:innen oder anderen Entitäten in einem vermittelten Netzwerk. Solche Netzwerke können z. B. soziale oder akademische Online-Netzwerke, Briefwechsel oder literarische Werke sein. Das resultierende Netzwerk besteht aus Knoten (Entitäten) und Kanten (Beziehungen) und dient dazu, Strukturen, Zentralitäten, Cluster und Verflechtungen sichtbar und analysierbar zu machen.","- “Análisis” has the narrower concept “Netzwerkanalyse”.
- “Named Entity Recognition” has the broader concept “Netzwerkanalyse”.
- “Идентификовање” has the broader concept “Netzwerkanalyse”.
- “Netzwerkanalyse” has the broader concept “Análisis”.
- “Netzwerkanalyse” closely matches “network-analysis”.
- “Netzwerkanalyse” has the narrower concepts “Named Entity Recognition” and “Идентификовање”."
https://vocabs.dariah.eu/tadirah/opticalCharacterRecognition,Source,Class,optical character recognition,"Optical Character Recognition (OCR) is the automated process of converting images of printed or handwritten text—such as scanned pages or photos—into machine-readable, editable text. In digital humanities, OCR enables large-scale digitization and text analysis of historical documents, books, and archives. (Source: Wikidata Q167555)","- “Datenerkennung” has narrower concept “Optical Character Recognition”.
- “Optical Character Recognition” has broader concept “Datenerkennung”."
https://vocabs.dariah.eu/tadirah/opticalCharacterRecognition,Source,Class,optical character recognition,"Optical Character Recognition (OCR) is the automated process of converting images of printed or handwritten text—such as scanned pages, photos, or PDFs—into machine-readable, editable text. In digital humanities, OCR enables the large-scale digitization and text analysis of historical documents. (Source: Wikidata Q167555)","- “Datenerkennung” has a narrower concept: “Optical Character Recognition”.
- “Optical Character Recognition” has a broader concept: “Datenerkennung”."
https://vocabs.dariah.eu/tadirah/opticalMusicRecognition,Source,Class,optical music recognition,"Optical Music Recognition (OMR) is the process of automatically detecting, interpreting, and converting notated music from images or scans of scores into machine-readable formats, enabling computational analysis and reuse in digital humanities. (Source: Wikidata Q1243229)","- “Datenerkennung” has narrower concept “Optical Music Recognition”.
- “Optical Music Recognition” has broader concept “Datenerkennung”."
https://vocabs.dariah.eu/tadirah/opticalMusicRecognition,Source,Class,optical music recognition,"Optical Music Recognition (OMR) is the process of automatically detecting, interpreting, and converting the notation in scanned or photographed music scores into machine-readable formats (e.g., symbolic representations like MusicXML), enabling digital analysis, editing, and playback. Sources: Wikidata Q1243229.","- “Datenerkennung” has narrower concept “Optical Music Recognition”.
- “Optical Music Recognition” has broader concept “Datenerkennung”."
https://vocabs.dariah.eu/tadirah/organizing,Source,Class,organizzazione,"In digital humanities, “Organizzazione” means arranging research materials (e.g., datasets, texts, images) so they can be easily found and used for analysis. It includes structuring and managing collections and creating or enhancing metadata to support discovery and subsequent research activities.","- Colaboração has narrower concept Organizzazione.
- Conservazione has narrower concept Organizzazione.
- Finding is a broader concept of Organizzazione.
- Managing is a broader concept of Organizzazione.
- Sharing is a broader concept of Organizzazione.
- Organizzazione has broader concepts Colaboração and Conservazione.
- Organizzazione has the close match organizing.
- Organizzazione has narrower concepts Finding, Managing, and Sharing."
https://vocabs.dariah.eu/tadirah/organizing,Source,Class,organizzazione,"In digital humanities, “Organizzazione” means arranging research materials (e.g., datasets, texts, images) to enable and streamline other research tasks. It also includes supporting discovery through creating and enhancing metadata, classification, and structures that make resources findable, accessible, and usable.","- “Colaboração” has narrower concept “Organizzazione”.
- “Conservazione” has narrower concept “Organizzazione”.
- “Finding” has broader concept “Organizzazione”.
- “Managing” has broader concept “Organizzazione”.
- “Sharing” has broader concept “Organizzazione”.
- “Organizzazione” has broader concepts “Colaboração” and “Conservazione”.
- “Organizzazione” has close match “organizing”.
- “Organizzazione” has narrower concepts “Finding”, “Managing”, and “Sharing”."
https://vocabs.dariah.eu/tadirah/parsing,Source,Class,parsing,"In digital humanities, parsing is the process of analyzing a string of symbols—such as text, code, or structured data—according to the rules of a formal grammar to identify its components and structure. This enables tasks like extracting metadata, tagging parts of speech, building syntactic trees, or converting texts into machine-readable formats for analysis.","- Converting has narrower concept Parsing.
- Parsing has broader concept Converting."
https://vocabs.dariah.eu/tadirah/parsing,Source,Class,parsing,"In digital humanities, parsing is the process of analyzing a string of symbols—such as text, code, or structured data—according to the rules of a formal grammar to determine its structure and meaning. This enables tasks like extracting entities, tagging parts of speech, or converting texts into machine-readable formats for analysis.","- Converting has narrower concept Parsing.
- Parsing has broader concept Converting."
https://vocabs.dariah.eu/tadirah/patternRecognition,Source,Class,pattern recognition,"Pattern recognition is a branch of machine learning focused on automatically identifying regularities, structures, or recurring features in data (e.g., text, images, audio) to classify or interpret it. In digital humanities, it supports tasks like detecting themes, styles, authorship, or visual/textual motifs across cultural datasets.","- “Análise relacional” has the narrower concept “Pattern Recognition”.
- “Pattern Recognition” has the broader concept “Análise relacional”."
https://vocabs.dariah.eu/tadirah/patternRecognition,Source,Class,pattern recognition,"Pattern recognition, in digital humanities, is the machine-learning task of automatically detecting and classifying recurring structures or regularities (e.g., motifs, features, or categories) in digital cultural data such as texts, images, audio, or networks, to support analysis and interpretation. (Per Wikidata Q378859: a branch of machine learning focused on recognizing patterns and regularities in data.)","- “Análise relacional” has a narrower concept: “Pattern Recognition”.
- “Pattern Recognition” has a broader concept: “Análise relacional”."
https://vocabs.dariah.eu/tadirah/persistentIdentifier,Source,Class,persistent identifier,"In digital humanities, a Persistent Identifier (PID) is a long-lasting digital name assigned to an entity (e.g., a dataset, text, image, or person) to ensure it can be reliably referenced and accessed over time, independent of changes to its location or metadata. (Cf. Wikidata item Q420330: “long-lasting digital name.”)","- “Persistent Identifier” is a broader concept’s narrower term of “Идентификовање”.
- “Идентификовање” has the narrower concept “Persistent Identifier”."
https://vocabs.dariah.eu/tadirah/persistentIdentifier,Source,Class,persistent identifier,"In digital humanities, a Persistent Identifier (PID) is a long-lasting digital name that reliably and permanently identifies a digital object, resource, or entity, ensuring it can be found and referenced over time regardless of changes to its location or metadata (e.g., a DOI or a stable Wikidata QID like Q420330).","- “Persistent Identifier” is a broader concept of “Идентификовање”.
- “Идентификовање” has the narrower concept “Persistent Identifier”."
https://vocabs.dariah.eu/tadirah/photographing,Source,Class,photographing,"Photographing, in the context of digital humanities, is the art, science, and practice of creating durable images by recording light or other electromagnetic radiation. It serves as a method for documenting, analyzing, and disseminating cultural, historical, and artistic materials in digital form.","- “Gestione delle Immagini” has narrower concept “Photographing”.
- “Photographing” has broader concept “Gestione delle Immagini”."
https://vocabs.dariah.eu/tadirah/photographing,Source,Class,photographing,"Photographing is the art, science, and practice of creating durable images by recording light or other electromagnetic radiation. In digital humanities, it encompasses producing and using such images (e.g., digitizing artifacts, documenting sites) as data and evidence for analysis, preservation, and interpretation.","- “Gestione delle Immagini” has narrower concept “Photographing”.
- “Photographing” has broader concept “Gestione delle Immagini”."
https://vocabs.dariah.eu/tadirah/plotting,Source,Class,plotting,"In digital humanities, plotting is the act of arranging narrative events into a structured sequence to form a plot—organizing happenings, actions, and their causal/temporal relationships to produce a coherent story (cf. Wikidata Q98846923).","- “Plotting” is a broader concept’s child of “Visualización”.
- “Visualización” has the narrower concept “Plotting”."
https://vocabs.dariah.eu/tadirah/plotting,Source,Class,plotting,"In digital humanities, “plotting” refers to visualizing data—turning quantitative or qualitative information (e.g., texts, metadata, networks, maps) into graphical representations such as charts, graphs, maps, or timelines to reveal patterns, trends, and relationships. (Source: Wikidata item Q98846923)","- “Plotting” is a broader concept under “Visualización”.
- “Visualización” has the narrower concept “Plotting”."
https://vocabs.dariah.eu/tadirah/posTagging,Source,Class,pos tagging,"In digital humanities, POS-tagging is the process of identifying the grammatical type (part of speech) of each word in a text (e.g., noun, verb, adjective).","- POS-Tagging is a narrower concept of Annotation.
- POS-Tagging is a narrower concept of Structural Analysis.
- Annotation is a broader concept of POS-Tagging.
- Structural Analysis is a broader concept of POS-Tagging."
https://vocabs.dariah.eu/tadirah/posTagging,Source,Class,pos tagging,"In digital humanities, POS-tagging (part-of-speech tagging) is the process of identifying the grammatical type of words in a text (e.g., noun, verb, adjective).","- POS-Tagging is a narrower concept of Annotation.
- POS-Tagging is a narrower concept of Structural Analysis.
- Annotation is a broader concept of POS-Tagging.
- Structural Analysis is a broader concept of POS-Tagging."
https://vocabs.dariah.eu/tadirah/posting,Source,Class,posting,"In digital humanities, “posting” means publishing user-generated content to an online platform—such as a social media site, forum, or blog—so it becomes publicly visible or shared with a selected audience (cf. Wikidata Q1453674).","- “Posting” is a broader concept’s child of “Sharing.” → “Posting” is a narrower concept than “Sharing.”
- “Sharing” has the narrower concept “Posting.”"
https://vocabs.dariah.eu/tadirah/posting,Source,Class,posting,"In digital humanities, “posting” refers to publishing content—such as text, images, links, or media—on an online platform (e.g., social media, forums, or blogs). It denotes the act of making a contribution publicly available in a networked space, aligning with Wikidata’s concept (Q1453674) of adding content to such platforms.","- “Posting” is broader conceptually related to “Sharing.” → “Posting” is a broader concept than “Sharing.”
- “Sharing” is narrower conceptually related to “Posting.” → “Sharing” is a narrower concept than “Posting.”"
https://vocabs.dariah.eu/tadirah/preprocessing,Source,Class,preprocessing,"In digital humanities, “preprocessing” is the set of preparatory steps applied to digital data (e.g., texts, images, audio) to make it suitable for analysis. This can include tasks like cleaning and normalizing text (removing noise, fixing OCR errors, tokenization, lemmatization), structuring metadata, and converting formats so that computational tools can be effectively used. (Source: Wikidata item Q28838080)","- “Datenerkennung” has narrower concept “Preprocessing”.
- “Preprocessing” has broader concept “Datenerkennung”."
https://vocabs.dariah.eu/tadirah/preprocessing,Source,Class,preprocessing,"In digital humanities, preprocessing is the set of steps taken to clean, normalize, and transform raw digital data (e.g., text, images, metadata) into a structured, consistent form suitable for analysis. This can include tasks like tokenization, OCR correction, removing noise, standardizing formats, and annotating or enriching data, as characterized in Wikidata item Q28838080.","- “Datenerkennung” has narrower concept “Preprocessing”.
- “Preprocessing” has broader concept “Datenerkennung”."
https://vocabs.dariah.eu/tadirah/preservationMetadata,Source,Class,preservation metadata,"In digital humanities, preservation metadata is the information that supports and documents acts of preservation on digital materials—recording what they are, how they were created, managed, and transformed over time to ensure their long-term accessibility (Wikidata contributors, “Q7241044,” accessed July 30, 2020).","- “Conservation” has the narrower concept “Preservation Metadata”.
- “Preservation Metadata” has the broader concept “Conservation”."
https://vocabs.dariah.eu/tadirah/preservationMetadata,Source,Class,preservation metadata,"In digital humanities, preservation metadata is the information that supports and documents acts of preservation on digital materials—i.e., the data recorded to ensure digital objects can be maintained, verified, and accessed over time (Wikidata Q7241044).","- Conservation has narrower concept Preservation Metadata.
- Preservation Metadata has broader concept Conservation."
https://vocabs.dariah.eu/tadirah/preserving,Source,Class,conservation,"In digital humanities, conservation means preserving digital content so it remains accurate, accessible, and reusable over time. It involves applying strategies, activities, and technologies that support sustainability and interoperability, ensuring research data, objects, and related resources can be reliably rendered and reused in the future.","- “Bit Stream Preservation” is a broader concept of “Conservation”.
- “Conservazione” has a narrower concept “Conservation”.
- “Description” is a broader concept of “Conservation”.
- “Emulation” is a broader concept of “Conservation”.
- “Migration” is a broader concept of “Conservation”.
- “Preservation Metadata” is a broader concept of “Conservation”.
- “Replication” is a broader concept of “Conservation”.
- “Sammeln” has a narrower concept “Conservation”.
- “Versioning” is a broader concept of “Conservation”.
- “Conservation” is a broader concept of “Conservazione” and “Sammeln”.
- “Conservation” closely matches “preservation”.
- “Conservation” has narrower concepts “Bit Stream Preservation”, “Description”, “Emulation”, “Migration”, “Preservation Metadata”, “Replication”, and “Versioning”."
https://vocabs.dariah.eu/tadirah/preserving,Source,Class,conservation,"In digital humanities, conservation means the ongoing protection and care of digital materials to ensure their longevity and integrity. It involves applying strategies, activities, and technologies to maintain an accurate rendering of digital content over time, enabling reuse of research data, objects, and related resources, and often addressing sustainability and interoperability.","- “Bit Stream Preservation” is a broader concept under “Conservation”.
- “Conservazione” has the narrower concept “Conservation”.
- “Description” is a broader concept under “Conservation”.
- “Emulation” is a broader concept under “Conservation”.
- “Migration” is a broader concept under “Conservation”.
- “Preservation Metadata” is a broader concept under “Conservation”.
- “Replication” is a broader concept under “Conservation”.
- “Sammeln” has the narrower concept “Conservation”.
- “Versioning” is a broader concept under “Conservation”.
- “Conservation” is a broader concept under “Conservazione”.
- “Conservation” is a broader concept under “Sammeln”.
- “Conservation” closely matches “preservation”.
- “Conservation” has the narrower concept “Bit Stream Preservation”.
- “Conservation” has the narrower concept “Description”.
- “Conservation” has the narrower concept “Emulation”.
- “Conservation” has the narrower concept “Migration”.
- “Conservation” has the narrower concept “Preservation Metadata”.
- “Conservation” has the narrower concept “Replication”.
- “Conservation” has the narrower concept “Versioning”."
https://vocabs.dariah.eu/tadirah/principalComponentAnalysis,Source,Class,principal component analysis,"Principal Component Analysis (PCA) is a method that converts a set of observations with possibly correlated variables into a set of linearly uncorrelated variables called principal components. In digital humanities, it’s used to reduce dimensionality and reveal dominant patterns or structures in complex cultural or textual datasets.","- “Análise relacional” has a narrower concept “Principal Component Analysis”.
- “Stylistic Analysis” has a narrower concept “Principal Component Analysis”.
- “Principal Component Analysis” has a broader concept “Análise relacional”.
- “Principal Component Analysis” has a broader concept “Stylistic Analysis”."
https://vocabs.dariah.eu/tadirah/principalComponentAnalysis,Source,Class,principal component analysis,"Principal Component Analysis (PCA) is a method that converts a set of observations with possibly correlated variables into a set of linearly uncorrelated variables called principal components. In digital humanities, it’s used to reduce dimensionality and reveal dominant patterns or trends in complex cultural or textual datasets. (Source: Wikidata Q2873)","- “Análise relacional” has narrower concept “Principal Component Analysis”.
- “Stylistic Analysis” has narrower concept “Principal Component Analysis”.
- “Principal Component Analysis” has broader concept “Análise relacional”.
- “Principal Component Analysis” has broader concept “Stylistic Analysis”."
https://vocabs.dariah.eu/tadirah/programming,Source,Class,programmazione,"In digital humanities, “Programmazione” (programming) is the process of designing and writing executable code—such as scripts or applications—to perform computational tasks on humanities data. It often involves drafting pseudocode, editing source code that implements algorithms, and using specific programming languages to analyze, process, visualize, or manage digital texts, images, or datasets.","- Creating has narrower concept Programmazione.
- Encoding has broader concept Programmazione.
- Graphics Programming has broader concept Programmazione.
- Pseudo Coding has broader concept Programmazione.
- Programmazione has broader concept Creating.
- Programmazione closely matches programming.
- Programmazione has narrower concepts Encoding, Graphics Programming, and Pseudo Coding."
https://vocabs.dariah.eu/tadirah/programming,Source,Class,programmazione,"In digital humanities, “Programmazione” (programming) is the process of creating executable computer code—such as scripts or application software—to perform tasks like data processing, analysis, or visualization. It often involves writing pseudocode, designing algorithms, and editing source code, with approaches varying by programming language.","- Creating has narrower concept Programmazione.
- Encoding has broader concept Programmazione.
- Graphics Programming has broader concept Programmazione.
- Pseudo Coding has broader concept Programmazione.
- Programmazione has broader concept Creating.
- Programmazione has close match programming.
- Programmazione has narrower concepts Encoding, Graphics Programming, and Pseudo Coding."
https://vocabs.dariah.eu/tadirah/pseudoCoding,Source,Class,pseudo coding,"In digital humanities, pseudo coding is the practice of outlining solutions to research or computational tasks in plain, human-readable steps. It breaks complex problems into modular algorithms and logical procedures without using a specific programming syntax, prioritizing clarity for planning, collaboration, and translation into code later.","- “Pseudo Coding” is a narrower concept of “Programmazione”.
- “Programmazione” is a broader concept of “Pseudo Coding”."
https://vocabs.dariah.eu/tadirah/pseudoCoding,Source,Class,pseudo coding,"In digital humanities, pseudo coding is the practice of outlining solutions to complex research or analysis tasks as clear, plain‑text steps. It breaks a problem into modular algorithms and logical procedures without using a specific programming language, prioritizing human readability to plan, communicate, and refine methods before implementation.","- “Programmazione” has narrower concept “Pseudo Coding”.
- “Pseudo Coding” has broader concept “Programmazione”."
https://vocabs.dariah.eu/tadirah/publishing,Source,Class,ver ffentlichen,"In digital humanities, Veröffentlichen (publishing) means making research objects, data, results, tools, or services formally available to the wider public. This can be done as closed or open access/open source, and in print or digital formats.","- Academic Publishing is a broader concept of Veröffentlichen. → Incorrect per SKOS; correct: Academic Publishing is a narrower concept of Veröffentlichen.
- Blogging is a narrower concept of Veröffentlichen.
- Digital Publishing is a narrower concept of Veröffentlichen.
- Divulgazione has the narrower concept Veröffentlichen. → Correct per triple: Divulgazione is broader than Veröffentlichen.
- Linked Open Data is a narrower concept of Veröffentlichen.
- Tweet is a narrower concept of Veröffentlichen.
- Veröffentlichen is a broader concept of Divulgazione. → Incorrect per triple; correct: Veröffentlichen is a narrower concept of Divulgazione.
- Veröffentlichen has the close match publishing.
- Veröffentlichen has the narrower concepts Academic Publishing, Blogging, Digital Publishing, Linked Open Data, Tweet."
https://vocabs.dariah.eu/tadirah/publishing,Source,Class,ver ffentlichen,"In digital humanities, Veröffentlichen means making research objects formally available to the wider public. This includes publishing research outputs, data, tools, or services, in print or digital form, via closed or open access/open source channels.","- Academic Publishing is a broader concept of Veröffentlichen.
- Blogging is a broader concept of Veröffentlichen.
- Digital Publishing is a broader concept of Veröffentlichen.
- Divulgazione is a narrower concept of Veröffentlichen.
- Linked Open Data is a broader concept of Veröffentlichen.
- Tweet is a broader concept of Veröffentlichen.
- Veröffentlichen is a broader concept of Divulgazione.
- Veröffentlichen closely matches publishing.
- Veröffentlichen has narrower concepts: Academic Publishing, Blogging, Digital Publishing, Linked Open Data, Tweet."
https://vocabs.dariah.eu/tadirah/querying,Source,Class,querying,"In digital humanities, “querying” is the process of formulating and executing structured requests to retrieve, filter, and analyze data from databases or knowledge bases (e.g., using SPARQL on Wikidata). It enables scholars to extract specific subsets of cultural, historical, or bibliographic data for research questions. (See: Wikidata item Q98847088.)","- “Querying” is broader concept’s narrower term? Wait—given triples:
  - ""Querying"" skos:broader ""Scoperta"".
  - ""Scoperta"" skos:narrower ""Querying"".

Verbalizations:
- “Querying” has broader concept “Scoperta”.
- “Scoperta” has narrower concept “Querying”."
https://vocabs.dariah.eu/tadirah/querying,Source,Class,querying,"In digital humanities, querying is the process of asking structured questions of datasets or knowledge bases (like Wikidata) to retrieve, filter, and analyze information. It typically involves using query languages (e.g., SPARQL) to extract specific data points, relationships, or patterns from large, linked data resources. (Source: Wikidata item Q98847088)","- “Querying” is broader term of “Scoperta”.  
- “Scoperta” has narrower term “Querying”."
https://vocabs.dariah.eu/tadirah/reasoning,Source,Class,reasoning,"Reasoning, in the context of digital humanities, is the type of thought process used to draw inferences, make interpretations, and form justified conclusions from evidence (texts, data, artifacts). It involves applying logical, critical, or computational methods to analyze cultural data and support arguments.","- “Reasoning” is a broader concept of “Teorización.”
- “Teorización” has the narrower concept “Reasoning.”"
https://vocabs.dariah.eu/tadirah/reasoning,Source,Class,reasoning,"In digital humanities, reasoning is a type of thought used to draw inferences, make interpretations, and support claims from data, texts, or artifacts—connecting evidence to conclusions through logical processes. (See: Wikidata Q1156402, “type of thought.”)","- “Reasoning” is broader than “Teorización”.
- “Teorización” is narrower than “Reasoning”."
https://vocabs.dariah.eu/tadirah/recording,Source,Class,enregistrement,"Enregistrement: the process of capturing audio and/or video to produce a digital file (e.g., WAV, MP3, MP4, QuickTime) that can be stored, manipulated, or analyzed in digital humanities workflows.","- “Acquisizione” has narrower concept “Enregistrement”.
- “Audio Recording” has broader concept “Enregistrement”.
- “Screencast” has broader concept “Enregistrement”.
- “Video Capture” has broader concept “Enregistrement”.
- “Enregistrement” has broader concept “Acquisizione”.
- “Enregistrement” closely matches “recording”.
- “Enregistrement” has narrower concepts “Audio Recording”, “Screencast”, and “Video Capture”."
https://vocabs.dariah.eu/tadirah/recording,Source,Class,enregistrement,"In digital humanities, “Enregistrement” means recording: the capture of audio and/or video to produce a digital file (e.g., WAV, MP3 for audio; MP4, QuickTime for video) that can be stored, manipulated, and analyzed.","- “Acquisizione” has narrower concept “Enregistrement”.
- “Audio Recording” has broader concept “Enregistrement”.
- “Screencast” has broader concept “Enregistrement”.
- “Video Capture” has broader concept “Enregistrement”.
- “Enregistrement” has broader concept “Acquisizione”.
- “Enregistrement” closely matches “recording”.
- “Enregistrement” has narrower concepts “Audio Recording”, “Screencast”, and “Video Capture”."
https://vocabs.dariah.eu/tadirah/relationalAnalysis,Source,Class,an lise relacional,"In digital humanities, “análise relacional” (relational analysis) refers to computational methods used to detect and measure relationships between multiple objects of study. In texts, this includes:
- Identifying overlaps or reuse (e.g., plagiarism detection)
- Comparing variants for completeness/correctness (collation)
- Measuring stylistic similarity (stylometry)

By analogy, similar techniques can relate other cultural artifacts (music, film, painting) by detecting shared patterns, features, or influences.","- “Análisis” has narrower concept “Análise relacional”.
- “Cluster Analysis” is a broader concept of “Análise relacional”.
- “Collating” is a broader concept of “Análise relacional”.
- “Comparing” is a broader concept of “Análise relacional”.
- “Machine Learning” is a broader concept of “Análise relacional”.
- “Pattern Recognition” is a broader concept of “Análise relacional”.
- “Principal Component Analysis” is a broader concept of “Análise relacional”.
- “Sequence Alignment” is a broader concept of “Análise relacional”.
- “Stylometry” is a broader concept of “Análise relacional”.
- “Идентификовање” is a broader concept of “Análise relacional”.
- “Análise relacional” is a broader concept of “Análisis”.
- “Análise relacional” has close match “relational-analysis”.
- “Análise relacional” has narrower concepts “Cluster Analysis”, “Collating”, “Comparing”, “Machine Learning”, “Pattern Recognition”, “Principal Component Analysis”, “Sequence Alignment”, “Stylometry”, and “Идентификовање”."
https://vocabs.dariah.eu/tadirah/relationalAnalysis,Source,Class,an lise relacional,"In digital humanities, “Análise relacional” (relational analysis) refers to computational methods that identify and measure relationships between multiple objects of study. In textual research, this includes:

- Detecting overlap or reuse between texts (e.g., plagiarism, text reuse)
- Comparing textual variants for completeness and correctness (collation)
- Measuring stylistic similarity across texts (stylometry)

By analogy, similar techniques can be applied to other cultural artifacts like music, film, or painting to uncover interrelations and similarities.","- “Análisis” has narrower concept “Análise relacional”.
- “Análise relacional” has broader concept “Análisis”.
- “Cluster Analysis” has broader concept “Análise relacional”.
- “Collating” has broader concept “Análise relacional”.
- “Comparing” has broader concept “Análise relacional”.
- “Machine Learning” has broader concept “Análise relacional”.
- “Pattern Recognition” has broader concept “Análise relacional”.
- “Principal Component Analysis” has broader concept “Análise relacional”.
- “Sequence Alignment” has broader concept “Análise relacional”.
- “Stylometry” has broader concept “Análise relacional”.
- “Идентификовање” has broader concept “Análise relacional”.
- “Análise relacional” has close match “relational-analysis”.
- “Análise relacional” has narrower concepts: “Cluster Analysis”, “Collating”, “Comparing”, “Machine Learning”, “Pattern Recognition”, “Principal Component Analysis”, “Sequence Alignment”, “Stylometry”, “Идентификовање”."
https://vocabs.dariah.eu/tadirah/removing,Source,Class,removing,"In digital humanities, “Removing” refers to the dissociation of an original object from its former part or context—i.e., moving an object to a distance that disconnects it—describing both the process of moving and the fact of being removed (per Wikidata Q23009442).","- “Pulizia” has the narrower concept “Removing”.
- “Removing” has the broader concept “Pulizia”."
https://vocabs.dariah.eu/tadirah/removing,Source,Class,removing,"In digital humanities, “Removing” means the dissociation of an original object from its old part—i.e., moving an object to a distance that disconnects it—describing either the process of moving or the fact of being removed (per Wikidata Q23009442).","- “Pulizia” has the narrower concept “Removing”.
- “Removing” has the broader concept “Pulizia”."
https://vocabs.dariah.eu/tadirah/replication,Source,Class,replication,"Replication (in digital humanities/computing): the process of sharing and maintaining copies of data or services across multiple systems to ensure consistency, reliability, and availability. (Source: Wikidata Q1332873)","- Conservation has the narrower concept Replication.
- Replication has the broader concept Conservation."
https://vocabs.dariah.eu/tadirah/replication,Source,Class,replication,"In digital humanities, replication means sharing or duplicating data and processes across systems to ensure consistency in computing—i.e., keeping identical copies synchronized so information remains reliable across locations. (Source: Wikidata Q1332873)","- Conservation has narrower concept Replication.
- Replication has broader concept Conservation."
https://vocabs.dariah.eu/tadirah/rhetoricalAnalysis,Source,Class,rhetorical analysis,"Rhetorical analysis is the systematic study of how texts, media, or artifacts persuade—examining strategies like audience, purpose, genre, style, argument structure, and use of ethos, pathos, and logos. In digital humanities, it applies these principles to digital objects (e.g., websites, social media, interactive media), often using computational and metadata-informed methods as referenced in Wikidata item Q98845926.","- Rhetorical Analysis is a broader concept under Stylistic Analysis.
- Stylistic Analysis has the narrower concept Rhetorical Analysis."
https://vocabs.dariah.eu/tadirah/rhetoricalAnalysis,Source,Class,rhetorical analysis,"Rhetorical analysis, in the context of digital humanities, is the systematic study of how digital texts, interfaces, or media persuade—examining strategies such as argument structure, audience address, style, modality (e.g., text, image, sound), and platform affordances. It evaluates how rhetorical appeals (ethos, pathos, logos) and design choices shape meaning and effect in digital artifacts. (Source: Wikidata item Q98845926)","- “Rhetorical Analysis” is a broader concept of “Stylistic Analysis”.  
- “Stylistic Analysis” has the narrower concept “Rhetorical Analysis”."
https://vocabs.dariah.eu/tadirah/scanning,Source,Class,scanning,"In digital humanities, “scanning” means the process of creating digital images with a scanner. (Source: Wikidata Q59155052)","- “Scanning” is a narrower concept of “Archiving”.
- “Scanning” is a narrower concept of “Gestione delle Immagini”.
- “Archiving” is a broader concept of “Scanning”.
- “Gestione delle Immagini” is a broader concept of “Scanning”."
https://vocabs.dariah.eu/tadirah/scanning,Source,Class,scanning,"In digital humanities, scanning is the process of creating digital images of physical materials using a scanner.","- Archiving has narrower concept Scanning.
- Gestione delle Immagini has narrower concept Scanning.
- Scanning has broader concept Archiving.
- Scanning has broader concept Gestione delle Immagini."
https://vocabs.dariah.eu/tadirah/screencast,Source,Class,screencast,"In digital humanities, a screencast is a digital recording of computer screen output.","- “Screencast” is a narrower concept of “Enregistrement.”
- “Enregistrement” is a broader concept of “Screencast.”"
https://vocabs.dariah.eu/tadirah/screencast,Source,Class,screencast,"In digital humanities, a screencast is a digital recording of computer screen output (i.e., a video capturing on-screen activity), often used to demonstrate tools, workflows, or tutorials.","- “Enregistrement” has a narrower concept: “Screencast”.
- “Screencast” has a broader concept: “Enregistrement”."
https://vocabs.dariah.eu/tadirah/searching,Source,Class,searching,"In digital humanities, “searching” means locating target data within a larger dataset—i.e., querying collections to find specific items or information. (Cf. Wikidata contributors, Q11540953: “search for target data from a set of data.”)","- “Scoperta” has narrower concept “Searching.”
- “Searching” has broader concept “Scoperta.”"
https://vocabs.dariah.eu/tadirah/searching,Source,Class,searching,"In digital humanities, searching means locating target data within a larger dataset or collection—systematically querying sources to find specific items, entities, or patterns. (Cf. Wikidata contributors, “Q11540953,” defining search as finding target data from a set of data.)","- “Scoperta” has a narrower concept “Searching”.
- “Searching” has a broader concept “Scoperta”."
https://vocabs.dariah.eu/tadirah/segmenting,Source,Class,segmenting,"In digital humanities, segmenting is the management process of dividing cultural, textual, visual, or auditory data into smaller, homogeneous units to enable clearer analysis and interpretation. Segmentation can be multi-dimensional—e.g., demographic, geographic, ethical, behavioral, visual, linguistic, or musical—so researchers can examine patterns, compare groups, and derive insights at finer granularity.","- Annotation has narrower concept Segmenting.
- Segmenting has broader concept Annotation."
https://vocabs.dariah.eu/tadirah/segmenting,Source,Class,segmenting,"In digital humanities, segmenting is the process of dividing complex cultural or textual data into smaller, homogeneous units to enable clearer analysis and interpretation. This can be applied across multiple dimensions—e.g., demographic, geographic, ethical, behavioral, visual, linguistic, or musical—often in combination, to better understand patterns, structures, and meanings within the object or topic of study.","- Annotation has narrower concept Segmenting.
- Segmenting has broader concept Annotation."
https://vocabs.dariah.eu/tadirah/semantification,Source,Class,semantification,"In digital humanities, semantification is the process of making data explicitly meaningful and machine-understandable by identifying entities and relationships, disambiguating terms, and formalizing implicit knowledge (e.g., via ontologies or linked data). This enables improved access, automatic analysis, and reuse of cultural and scholarly data.","- “Contextualizing” has narrower concept “Semantification.”
- “Semantification” has broader concept “Contextualizing.”"
https://vocabs.dariah.eu/tadirah/semantification,Source,Class,semantification,"In digital humanities, semantification is the process of making data machine-interpretable by identifying entities and relationships, disambiguating meanings, and formalizing implicit knowledge into explicit, structured representations (e.g., ontologies/linked data). The goal is to improve access, enable automatic analysis, and support data reuse across systems and projects.","- “Contextualizing” has the narrower concept “Semantification.”
- “Semantification” has the broader concept “Contextualizing.”"
https://vocabs.dariah.eu/tadirah/sentimentAnalysis,Source,Class,sentiment analysis,"In digital humanities, sentiment analysis is the use of natural language processing, text analysis, and computational linguistics to identify and extract subjective information—such as attitudes, opinions, and emotions—from source materials.","- “Sentiment Analysis” is a broader concept’s narrower: it is a narrower concept of “Анализа садржаја”.
- “Анализа садржаја” has a narrower concept: “Sentiment Analysis”."
https://vocabs.dariah.eu/tadirah/sentimentAnalysis,Source,Class,sentiment analysis,"In digital humanities, sentiment analysis is the use of natural language processing, text analysis, and computational linguistics to identify and extract subjective information—such as opinions, attitudes, and emotions—from source materials.","- “Sentiment Analysis” has broader concept “Анализа садржаја”.
- “Анализа садржаја” has narrower concept “Sentiment Analysis”."
https://vocabs.dariah.eu/tadirah/sequenceAlignment,Source,Class,sequence alignment,"In digital humanities, by analogy to bioinformatics, sequence alignment is the process of lining up sequences (e.g., texts, versions, or encoded strings) to identify equivalent positions/sites—i.e., correspondences, matches, insertions, deletions, or substitutions—so similarities, differences, and evolutionary or transmission relationships can be analyzed.","- “Análise relacional” has the narrower concept “Sequence Alignment”.
- “Sequence Alignment” has the broader concept “Análise relacional”."
https://vocabs.dariah.eu/tadirah/sequenceAlignment,Source,Class,sequence alignment,"In digital humanities, sequence alignment refers to the bioinformatics process of aligning molecular sequences to identify equivalent sites (positions that correspond across sequences), adapted conceptually to compare ordered symbolic data (e.g., texts, manuscripts, or coded features) by matching analogous elements across sequences.","- “Análise relacional” has a narrower concept “Sequence Alignment”.
- “Sequence Alignment” has a broader concept “Análise relacional”."
https://vocabs.dariah.eu/tadirah/sharing,Source,Class,sharing,"In digital humanities, sharing means making digital objects—such as data, documents, files, software, and other resources—publicly findable, accessible, interoperable, and reusable (FAIR) in the spirit of Open Science, by disseminating them via communication channels like blogs, code repositories (e.g., GitHub), social media, web services, and collaborative/networked platforms.","- “Divulgazione” has narrower concept “Sharing”.
- “Organizzazione” has narrower concept “Sharing”.
- “Posting” has broader concept “Sharing”.
- “Upload” has broader concept “Sharing”.
- “Sharing” has broader concepts “Divulgazione” and “Organizzazione”.
- “Sharing” closely matches “sharing”.
- “Sharing” has narrower concepts “Posting” and “Upload”."
https://vocabs.dariah.eu/tadirah/sharing,Source,Class,sharing,"In digital humanities, sharing means making digital objects—such as data, documents, files, and software—publicly findable, accessible, interoperable, and reusable (FAIR) in the spirit of open science, by distributing them through communication channels like blogs, GitHub and other code repositories, social media, web services, and collaborative/networked applications.","- “Divulgazione” has narrower concept “Sharing”.
- “Organizzazione” has narrower concept “Sharing”.
- “Posting” has broader concept “Sharing”.
- “Upload” has broader concept “Sharing”.
- “Sharing” has broader concepts “Divulgazione” and “Organizzazione”.
- “Sharing” closely matches “sharing”.
- “Sharing” has narrower concepts “Posting” and “Upload”."
https://vocabs.dariah.eu/tadirah/socialNetworking,Source,Class,social networking,"In digital humanities, social networking is the process of building and maintaining one’s group of personal or professional contacts, often through digital platforms, to share information, collaborate, and engage in scholarly or community activities. (Source: Wikidata Q19368491)","- “Colaboração” has a narrower concept: “Social Networking”.
- “Social Networking” has a broader concept: “Colaboração”."
https://vocabs.dariah.eu/tadirah/socialNetworking,Source,Class,social networking,"In digital humanities, social networking is the process of building and maintaining one’s group of personal or professional contacts through digital platforms, enabling connection, collaboration, and information exchange across scholarly and public communities. (Wikidata Q19368491)","- “Colaboração” has the narrower concept “Social Networking”.
- “Social Networking” has the broader concept “Colaboração”."
https://vocabs.dariah.eu/tadirah/spatialAnalysis,Source,Class,an lise espacial,"In digital humanities, “Análise espacial” (spatial analysis) is the process of discovering trends or patterns in data with spatial or geographical aspects—often leading to visualizations or models such as maps to interpret and communicate those patterns.","- “Análise espacial” is a narrower concept of “Análisis”.
- “Georeferencing” is a broader concept of “Análise espacial”.
- “Named Entity Recognition” is a broader concept of “Análise espacial”.
- “Análise espacial” is a broader concept of “Análisis”.
- “Análise espacial” closely matches “spatial-analysis”.
- “Análise espacial” has the narrower concepts “Georeferencing” and “Named Entity Recognition”."
https://vocabs.dariah.eu/tadirah/spatialAnalysis,Source,Class,an lise espacial,"Análise espacial, nas humanidades digitais, é o conjunto de métodos para identificar e interpretar padrões, relações e tendências em dados com dimensão geográfica/espacial. Esses resultados geralmente se traduzem em visualizações ou modelos — especialmente mapas — para explorar e comunicar fenômenos no espaço.","- “Análise espacial” is a narrower concept of “Análisis”.
- “Georeferencing” is a broader concept of “Análise espacial”.
- “Named Entity Recognition” is a broader concept of “Análise espacial”.
- “Análise espacial” is a broader concept of “Análisis”.
- “Análise espacial” closely matches “spatial-analysis”.
- “Análise espacial” has the narrower concepts “Georeferencing” and “Named Entity Recognition”."
https://vocabs.dariah.eu/tadirah/speechRecognizing,Source,Class,speech recognizing,"Speech recognizing (speech recognition) in digital humanities refers to converting spoken language into machine-readable text to transcribe, analyze, and make audio sources (e.g., interviews, oral histories, broadcasts) searchable and usable for research and curation. (See Wikidata item Q98846987.)","- “Speech Recognizing” is a broader concept than “Transcribing”.  
- “Transcribing” has the narrower concept “Speech Recognizing”."
https://vocabs.dariah.eu/tadirah/speechRecognizing,Source,Class,speech recognizing,"In digital humanities, “speech recognizing” refers to automatic speech recognition (ASR): the computational process of detecting and transcribing spoken language into text for analysis, annotation, or retrieval. (Source: Wikidata item Q98846987)","- “Speech Recognizing” is a broader concept of “Transcribing”.
- “Transcribing” has the narrower concept “Speech Recognizing”."
https://vocabs.dariah.eu/tadirah/storing,Source,Class,conservazione,"In digital humanities, Conservazione means the long-term preservation of digital resources—creating and maintaining durable digital copies of sources, research results, software, services, and other media so they remain accessible over time. It includes organizing and managing these assets and identifying the resources (metadata), and may involve archiving without necessarily making them publicly available.","- Archiving is broader term of Conservazione.  
- Conservation is broader term of Conservazione.  
- Organizzazione is broader term of Conservazione.  
- TaDiRAH has top concept Conservazione.  
- Идентификовање is broader term of Conservazione.  
- Conservazione closely matches 6_storage.  
- Conservazione has narrower term Archiving.  
- Conservazione has narrower term Conservation.  
- Conservazione has narrower term Organizzazione.  
- Conservazione has narrower term Идентификовање.  
- Conservazione is top concept of TaDiRAH."
https://vocabs.dariah.eu/tadirah/storing,Source,Class,conservazione,"In digital humanities, Conservazione means the long-term preservation of digital resources—creating and maintaining durable digital copies of objects of inquiry, research outputs, software, services, and other media so they remain accessible over time. It includes organizing and managing these resources, identifying them properly, and archiving them without necessarily making them publicly available.","- Archiving is broader term of Conservazione.
- Conservation is broader term of Conservazione.
- Organizzazione is broader term of Conservazione.
- TaDiRAH has top concept Conservazione.
- Идентификовање is broader term of Conservazione.
- Conservazione closely matches 6_storage.
- Archiving is a narrower term of Conservazione.
- Conservation is a narrower term of Conservazione.
- Organizzazione is a narrower term of Conservazione.
- Идентификовање is a narrower term of Conservazione.
- Conservazione is the top concept of TaDiRAH."
https://vocabs.dariah.eu/tadirah/structuralAnalysis,Source,Class,structural analysis,"In digital humanities, structural analysis means examining a language system by analyzing how its structural elements relate to one another—focusing on dimensions like morphology (word forms) and syntax (sentence structure)—to uncover patterns, rules, and relationships within texts.","- Análisis has narrower concept Structural Analysis.
- Collocation Analysis has broader concept Structural Analysis.
- Concordance has broader concept Structural Analysis.
- Machine Learning has broader concept Structural Analysis.
- POS-Tagging has broader concept Structural Analysis.
- Tree-Tagging has broader concept Structural Analysis.
- Structural Analysis has broader concept Análisis.
- Structural Analysis has close match structural-analysis.
- Structural Analysis has narrower concepts Collocation Analysis, Concordance, Machine Learning, POS-Tagging, and Tree-Tagging."
https://vocabs.dariah.eu/tadirah/structuralAnalysis,Source,Class,structural analysis,"In digital humanities, structural analysis is the study of a language system by examining how its structural elements relate to one another—focusing on dimensions like morphology (word forms) and syntax (sentence structure)—to reveal patterns, rules, and relationships within texts.","- “Análisis” has the narrower concept “Structural Analysis”.
- “Collocation Analysis” has the broader concept “Structural Analysis”.
- “Concordance” has the broader concept “Structural Analysis”.
- “Machine Learning” has the broader concept “Structural Analysis”.
- “POS-Tagging” has the broader concept “Structural Analysis”.
- “Tree-Tagging” has the broader concept “Structural Analysis”.
- “Structural Analysis” has the broader concept “Análisis”.
- “Structural Analysis” has the close match “structural-analysis”.
- “Structural Analysis” has the narrower concepts “Collocation Analysis”, “Concordance”, “Machine Learning”, “POS-Tagging”, and “Tree-Tagging”."
https://vocabs.dariah.eu/tadirah/stylisticAnalysis,Source,Class,stylistic analysis,"In digital humanities, stylistic analysis is the systematic identification and comparison of stylistic or formal features in digital objects—such as language, artifacts, paintings, music, or films—to characterize varieties, authorship, genres, or periods. Computational stylistic analysis typically applies this to texts, using linguistic features (e.g., vocabulary, syntax, frequency patterns) to detect stylistic patterns.","- “Análisis” has narrower concept “Stylistic Analysis”.
- “Stylistic Analysis” is broader concept of “Authorship Attribution”.
- “Stylistic Analysis” is broader concept of “Cluster Analysis”.
- “Stylistic Analysis” is broader concept of “Contrastive Analysis”.
- “Stylistic Analysis” is broader concept of “Distance Measures”.
- “Stylistic Analysis” is broader concept of “Genre Recognition”.
- “Stylistic Analysis” is broader concept of “Machine Learning”.
- “Stylistic Analysis” is broader concept of “Principal Component Analysis”.
- “Stylistic Analysis” is broader concept of “Rhetorical Analysis”.
- “Stylistic Analysis” is broader concept of “Stylometry”.
- “Stylistic Analysis” is broader concept of “Text Categorization”.
- “Stylistic Analysis” is broader concept of “Análisis”.
- “Stylistic Analysis” closely matches “stylistic-analysis”.
- “Authorship Attribution” is narrower concept of “Stylistic Analysis”.
- “Cluster Analysis” is narrower concept of “Stylistic Analysis”.
- “Contrastive Analysis” is narrower concept of “Stylistic Analysis”.
- “Distance Measures” is narrower concept of “Stylistic Analysis”.
- “Genre Recognition” is narrower concept of “Stylistic Analysis”.
- “Machine Learning” is narrower concept of “Stylistic Analysis”.
- “Principal Component Analysis” is narrower concept of “Stylistic Analysis”.
- “Rhetorical Analysis” is narrower concept of “Stylistic Analysis”.
- “Stylometry” is narrower concept of “Stylistic Analysis”.
- “Text Categorization” is narrower concept of “Stylistic Analysis”."
https://vocabs.dariah.eu/tadirah/stylisticAnalysis,Source,Class,stylistic analysis,"In digital humanities, stylistic analysis is the identification and study of stylistic or formal features that characterize a particular variety of digital objects—such as language, physical artifacts, paintings, music, or movies. Computational stylistic analysis typically focuses on texts, using linguistic features to analyze style.","- “Análisis” has narrower concept “Stylistic Analysis”.
- “Authorship Attribution” is a broader concept of “Stylistic Analysis”.
- “Cluster Analysis” is a broader concept of “Stylistic Analysis”.
- “Contrastive Analysis” is a broader concept of “Stylistic Analysis”.
- “Distance Measures” is a broader concept of “Stylistic Analysis”.
- “Genre Recognition” is a broader concept of “Stylistic Analysis”.
- “Machine Learning” is a broader concept of “Stylistic Analysis”.
- “Principal Component Analysis” is a broader concept of “Stylistic Analysis”.
- “Rhetorical Analysis” is a broader concept of “Stylistic Analysis”.
- “Stylometry” is a broader concept of “Stylistic Analysis”.
- “Text Categorization” is a broader concept of “Stylistic Analysis”.
- “Stylistic Analysis” is a broader concept of “Análisis”.
- “Stylistic Analysis” closely matches “stylistic-analysis”.
- “Stylistic Analysis” has narrower concepts “Authorship Attribution”, “Cluster Analysis”, “Contrastive Analysis”, “Distance Measures”, “Genre Recognition”, “Machine Learning”, “Principal Component Analysis”, “Rhetorical Analysis”, “Stylometry”, and “Text Categorization”."
https://vocabs.dariah.eu/tadirah/stylometry,Source,Class,stylometry,"In digital humanities, stylometry is the use of statistical methods to analyze and compare writing styles—examining features like word frequencies, sentence length and complexity, common words, and spelling patterns—to characterize texts and estimate authorship.","- “Análise relacional” has the narrower concept “Stylometry”.
- “Stylistic Analysis” has the narrower concept “Stylometry”.
- “Stylometry” has the broader concepts “Análise relacional” and “Stylistic Analysis”."
https://vocabs.dariah.eu/tadirah/stylometry,Source,Class,stylometry,"In digital humanities, stylometry is the quantitative analysis of writing style to characterize and compare texts—often to infer or verify authorship—using statistical measures such as word-frequency patterns, sentence length and complexity, frequent function words, spelling variants, and similar features.","- “Análise relacional” has narrower concept “Stylometry”.
- “Stylistic Analysis” has narrower concept “Stylometry”.
- “Stylometry” has broader concept “Análise relacional”.
- “Stylometry” has broader concept “Stylistic Analysis”."
https://vocabs.dariah.eu/tadirah/subtracting,Source,Class,subtracting,"In the context of digital humanities, “Subtracting” refers to the computational operation of removing or deducting one set of data, values, or features from another to reveal differences, absences, or change—e.g., subtracting one text’s token counts from another, or removing elements from a dataset to isolate what remains. (Source: Wikidata item Q98848418)","- “Bearbeiten” has narrower concept “Subtracting”.
- “Subtracting” has broader concept “Bearbeiten”."
https://vocabs.dariah.eu/tadirah/subtracting,Source,Class,subtracting,"In the context of digital humanities, “subtracting” refers to a computational operation that removes or excludes elements from a dataset, corpus, or set of features—effectively performing a set difference or quantitative reduction to isolate what remains after specified items are taken away. (Source: Wikidata item Q98848418)","- “Bearbeiten” has the narrower concept “Subtracting”.
- “Subtracting” has the broader concept “Bearbeiten”."
https://vocabs.dariah.eu/tadirah/supplementing,Source,Class,supplementing,"In digital humanities, “Supplementing” refers to adding new information, context, or materials to existing digital resources to enhance or complete them—such as appending annotations, metadata, references, or related content. (See Wikidata item Q98848097.)","- “Bearbeiten” has narrower concept “Supplementing”.
- “Supplementing” has broader concept “Bearbeiten”."
https://vocabs.dariah.eu/tadirah/supplementing,Source,Class,supplementing,"In digital humanities, “Supplementing” refers to adding information that fills gaps left by source material or prior analysis—extending, enriching, or completing existing data, texts, or interpretations without replacing them. (See: Wikidata item Q98848097.)","- “Bearbeiten” has the narrower concept “Supplementing”.
- “Supplementing” has the broader concept “Bearbeiten”."
https://vocabs.dariah.eu/tadirah/tagging,Source,Class,tagging,"In digital humanities, tagging is the act of labeling a piece of data or content with a short string to express some metadata (e.g., keywords or categories) that aid description, organization, and retrieval.","- “Annotation” has narrower concept “Tagging”.
- “Анализа садржаја” has narrower concept “Tagging”.
- “Tagging” has broader concept “Annotation”.
- “Tagging” has broader concept “Анализа садржаја”."
https://vocabs.dariah.eu/tadirah/tagging,Source,Class,tagging,"In digital humanities, tagging is the act of labeling a piece of data or content with a short string (tag) to express metadata about it.","- ""Annotation"" has narrower concept ""Tagging"".
- ""Анализа садржаја"" has narrower concept ""Tagging"".
- ""Tagging"" has broader concept ""Annotation"".
- ""Tagging"" has broader concept ""Анализа садржаја""."
https://vocabs.dariah.eu/tadirah/teaching,Source,Class,teaching,"In digital humanities, teaching is the activity of actively imparting knowledge, competences, or skills related to the use of digital methods, tools, and critical approaches to study, interpret, and present humanities materials and questions.","- “Divulgazione” has a narrower concept: “Teaching”.
- “Teaching” has a broader concept: “Divulgazione”."
https://vocabs.dariah.eu/tadirah/teaching,Source,Class,teaching,"In digital humanities, teaching is the activity of actively imparting knowledge, competences, or skills related to the use, critique, and creation of digital methods and tools for humanities inquiry—such as data curation, text encoding, computational analysis, visualization, and ethical digital practices—so learners can apply them to humanistic questions.","- “Divulgazione” has narrower concept “Teaching”.
- “Teaching” has broader concept “Divulgazione”."
https://vocabs.dariah.eu/tadirah/textCategorization,Source,Class,text categorization,"In digital humanities, Text Categorization is the process of automatically assigning texts (e.g., documents, articles, or literary works) to predefined categories based on their content. According to Wikidata item Q57771142, it involves using computational methods to classify texts into thematic, topical, or functional groups, enabling large-scale organization, retrieval, and analysis of textual corpora.","- “Text Categorization” is a narrower concept of “Stylistic Analysis”.
- “Stylistic Analysis” is a broader concept of “Text Categorization”."
https://vocabs.dariah.eu/tadirah/textCategorization,Source,Class,text categorization,"Text categorization (also called text classification) is the process of automatically assigning texts to predefined categories based on their content. In digital humanities, it is used to group documents (e.g., literary works, historical records, articles) by themes, genres, topics, authorship, or other scholarly-relevant labels using computational methods. [Source: Wikidata item Q57771142]","- “Text Categorization” is a narrower concept of “Stylistic Analysis”.
- “Stylistic Analysis” is a broader concept of “Text Categorization”."
https://vocabs.dariah.eu/tadirah/textMessaging,Source,Class,text messaging,"In digital humanities, text messaging refers to the act of typing and sending a brief, digital message—typically via mobile devices or messaging platforms—as a form of digital communication and data that can be created, exchanged, and analyzed.","- “Kommunizieren” has the narrower concept “Text Messaging”.
- “Text Messaging” has the broader concept “Kommunizieren”."
https://vocabs.dariah.eu/tadirah/textMessaging,Source,Class,text messaging,"In digital humanities, text messaging refers to the act of typing and sending a brief, digital message—typically via mobile devices or messaging platforms—to communicate succinctly, as defined by Wikidata (Q17166101).","- “Kommunizieren” has the narrower concept “Text Messaging”.
- “Text Messaging” has the broader concept “Kommunizieren”."
https://vocabs.dariah.eu/tadirah/theorizing,Source,Class,teorizaci n,"Teorización (theorizing) in digital humanities is the method of systematically relating multiple elements (e.g., texts, data, practices, technologies) into a coherent framework grounded in general principles, to explain observed phenomena and enable testable claims. It can take varied forms; theories may be implemented as models, and models can prompt the formulation of new theories.","- Abstract Thinking is a broader concept of Teorización.
- Conceptualizing is a broader concept of Teorización.
- Defining is a broader concept of Teorización.
- Explanation is a broader concept of Teorización.
- Interpretação is a narrower concept of Teorización.
- Reasoning is a broader concept of Teorización.
- Teorización is a broader concept of Interpretação.
- Teorización closely matches theorizing.
- Teorización is a narrower concept of Abstract Thinking.
- Teorización is a narrower concept of Conceptualizing.
- Teorización is a narrower concept of Defining.
- Teorización is a narrower concept of Explanation.
- Teorización is a narrower concept of Reasoning."
https://vocabs.dariah.eu/tadirah/theorizing,Source,Class,teorizaci n,"Teorización, en humanidades digitales, es el proceso de construir marcos explicativos que articulan múltiples elementos (datos, prácticas, tecnologías, fenómenos culturales) en un sistema coherente basado en principios generales, capaz de explicar observaciones y de ser contrastado. Puede adoptar formas diversas; a veces se implementa como un modelo computacional, y a veces un modelo conduce a formular una teoría más amplia.","- “Abstract Thinking” is broader concept: “Teorización”.
- “Conceptualizing” is broader concept: “Teorización”.
- “Defining” is broader concept: “Teorización”.
- “Explanation” is broader concept: “Teorización”.
- “Interpretação” is narrower concept: “Teorización”.
- “Reasoning” is broader concept: “Teorización”.
- “Teorización” is broader concept: “Interpretação”.
- “Teorización” closely matches “theorizing”.
- “Teorización” has the narrower concepts: “Abstract Thinking”, “Conceptualizing”, “Defining”, “Explanation”, “Reasoning”."
https://vocabs.dariah.eu/tadirah/topicModeling,Source,Class,topic modeling,Topic modeling is a set of computational techniques (from computational linguistics and related fields) used in digital humanities to automatically discover and group latent “topics” (recurring themes or subjects) in large text collections by identifying patterns of word co-occurrence.,"- “Topic Modeling” is a broader concept’s narrower term of “Анализа садржаја”.
- “Анализа садржаја” has the narrower concept “Topic Modeling”."
https://vocabs.dariah.eu/tadirah/topicModeling,Source,Class,topic modeling,"Topic modeling is a set of computational linguistics techniques that automatically discover latent themes (“topics”) in large text collections, representing documents as mixtures of these topics and topics as distributions over words—widely used in digital humanities to explore and interpret corpora at scale.","- “Topic Modeling” is a broader concept’s narrower: it is narrower than “Анализа садржаја”.
- “Анализа садржаја” has the narrower concept “Topic Modeling”."
https://vocabs.dariah.eu/tadirah/transcoding,Source,Class,transcoding,"In digital humanities, transcoding means the direct digital-to-digital conversion of data from one encoding format to another.","- “Converting” has narrower concept “Transcoding”.
- “Transcoding” has broader concept “Converting”."
https://vocabs.dariah.eu/tadirah/transcoding,Source,Class,transcoding,"In digital humanities, transcoding is the direct digital-to-digital conversion of data from one encoding format to another.","- Converting has narrower concept Transcoding.
- Transcoding has broader concept Converting."
https://vocabs.dariah.eu/tadirah/transcribing,Source,Class,transcribing,"In digital humanities, transcribing is the process of creating a structured representation of a source—such as a manuscript or an audio/video recording. For recordings, this is typically a textual rendering of spoken content organized by features like speech turns. Transcriptions can also include multimodal details (e.g., gestures, events) and multimedia metadata, such as time-aligned segments and links to the original media files.","- “Acquisizione” has narrower concept “Transcribing”.
- “Speech Recognizing” has broader concept “Transcribing”.
- “Transcribing” has broader concept “Acquisizione”.
- “Transcribing” has close match “transcription”.
- “Transcribing” has narrower concept “Speech Recognizing”."
https://vocabs.dariah.eu/tadirah/transcribing,Source,Class,transcribing,"In digital humanities, transcribing is the process of creating a structured representation of a manuscript or of audio/video recordings. Typically, it produces a textual rendering of verbal content (e.g., organized by speech turns), and it can include multimodal details such as gestures or events, as well as multimedia elements like time synchronization and links to media files.","- “Acquisizione” has narrower concept “Transcribing”.
- “Speech Recognizing” has broader concept “Transcribing”.
- “Transcribing” has broader concept “Acquisizione”.
- “Transcribing” has close match “transcription”.
- “Transcribing” has narrower concept “Speech Recognizing”."
https://vocabs.dariah.eu/tadirah/transformation,Source,Class,transformation,"In digital humanities, transformation is the process involving change into a qualitatively different form—for example, converting data, texts, or media so their structure or representation is fundamentally altered. (Wikidata Q65757353)","- “Modelizzazione” has narrower concept “Transformation”.
- “Transformation” has broader concept “Modelizzazione”."
https://vocabs.dariah.eu/tadirah/transformation,Source,Class,transformation,"In digital humanities, transformation is the process involving change into a qualitatively different form—for example, converting data, texts, or media into new formats or structures that enable different kinds of analysis or interpretation.","- “Modelizzazione” has narrower concept “Transformation”.
- “Transformation” has broader concept “Modelizzazione”."
https://vocabs.dariah.eu/tadirah/translating,Source,Class,bersetzen,"In this digital humanities context, Übersetzen means producing a new linguistic object from a source text in one natural language and rendering it in a different natural language (i.e., translation).","- “Übersetzen” is a narrower concept of “Creating”.
- “Creating” is a broader concept of “Übersetzen”.
- “Übersetzen” closely matches “translation”."
https://vocabs.dariah.eu/tadirah/translating,Source,Class,bersetzen,"In digital humanities, Übersetzen means translation: generating a new linguistic object from a natural-language source document, but written in a different language than the source.","- “Creating” has narrower concept “Übersetzen”.
- “Übersetzen” has broader concept “Creating”.
- “Übersetzen” closely matches “translation”."
https://vocabs.dariah.eu/tadirah/treeTagging,Source,Class,tree tagging,"In digital humanities, Tree-Tagging refers to syntactic annotation that adds part-of-speech tags and parses sentences into hierarchical (tree) structures, typically using the TreeTagger tool, to support linguistic analysis of texts.","- “Structural Analysis” has narrower concept “Tree-Tagging”.
- “Tree-Tagging” has broader concept “Structural Analysis”."
https://vocabs.dariah.eu/tadirah/treeTagging,Source,Class,tree tagging,"Tree-Tagging is the process of assigning part-of-speech tags and syntactic structure (a parse tree) to text, producing a tree representation of grammatical relations. In digital humanities, it supports linguistic analysis by automatically annotating texts with hierarchical syntactic information. (Source: Wikidata Q98845582)","- Structural Analysis has narrower concept Tree-Tagging.
- Tree-Tagging has broader concept Structural Analysis."
https://vocabs.dariah.eu/tadirah/tweet,Source,Class,tweet,"In digital humanities, a “Tweet” is an individual post on the Twitter microblogging service (Wikidata Q56119332).","- “Tweet” is broader concept of “Veröffentlichen”.
- “Veröffentlichen” has narrower concept “Tweet”."
https://vocabs.dariah.eu/tadirah/tweet,Source,Class,tweet,"In digital humanities, a “Tweet” is an individual post on the Twitter microblogging service. (Source: Wikidata Q56119332)","- “Tweet” is a broader concept than “Veröffentlichen.” (Tweet skos:broader Veröffentlichen)
- “Veröffentlichen” has the narrower concept “Tweet.” (Veröffentlichen skos:narrower Tweet)"
https://vocabs.dariah.eu/tadirah/uniformResourceIdentifier,Source,Class,uniform resource identifier,A Uniform Resource Identifier (URI) is a string of characters used to identify the name of a resource on a network such as the internet.,"- “Uniform Resource Identifier” is a broader concept of “Идентификовање”.
- “Идентификовање” has the narrower concept “Uniform Resource Identifier”."
https://vocabs.dariah.eu/tadirah/uniformResourceIdentifier,Source,Class,uniform resource identifier,"A Uniform Resource Identifier (URI) is a string of characters used to identify a resource’s name on a network (such as the internet), enabling consistent referencing and linking of digital resources in digital humanities.","- “Uniform Resource Identifier” is a broader concept’s narrower term of “Идентификовање”.
- “Идентификовање” has the narrower concept “Uniform Resource Identifier”."
https://vocabs.dariah.eu/tadirah/upload,Source,Class,upload,"Upload: the sending of data from a local system to a remote system (e.g., transferring files from a researcher’s computer to an online repository or platform).","- “Sharing” has a narrower concept “Upload”.
- “Upload” has a broader concept “Sharing”."
https://vocabs.dariah.eu/tadirah/upload,Source,Class,upload,"In digital humanities, “upload” means sending data from a local system to a remote system (e.g., transferring files from your computer to a server or repository).","- “Sharing” has narrower concept “Upload”.
- “Upload” has broader concept “Sharing”."
https://vocabs.dariah.eu/tadirah/userGeneratedContent,Source,Class,user generated content,"In digital humanities, User Generated Content (UGC) refers to online content created and contributed by users rather than by institutions or professional producers—for example, edits and entries by Wikidata contributors (see Wikidata item Q579716).","- “User Generated Content” is a narrower concept of “Crowdsourcing.”
- “Crowdsourcing” is a broader concept of “User Generated Content.”"
https://vocabs.dariah.eu/tadirah/userGeneratedContent,Source,Class,user generated content,"User Generated Content (UGC) in digital humanities refers to online content created and contributed by users rather than by institutions or professionals. Examples include edits, annotations, or data entries made by community participants, such as contributions by Wikidata users (see Wikidata item Q579716).","- “User Generated Content” is a narrower concept of “Crowdsourcing.”
- “Crowdsourcing” is a broader concept of “User Generated Content.”"
https://vocabs.dariah.eu/tadirah/versioning,Source,Class,versioning,"In digital humanities, versioning is the systematic management of successive versions of a work—such as documents, datasets, websites, or software—by archiving each release, referencing specific versions, and documenting the changes and improvements between them. This ensures traceability, reproducibility, and clarity about what changed, when, and why.","- “Conservation” has the narrower concept “Versioning.”
- “Versioning” has the broader concept “Conservation.”"
https://vocabs.dariah.eu/tadirah/versioning,Source,Class,versioning,"In digital humanities, versioning is the systematic management of successive versions of a work—such as documents, datasets, websites, or software—by archiving each release, referencing specific versions, and documenting changes. It ensures that improvements and optimizations are tracked, reproducible, and citable over time.","- “Conservation” has the narrower concept “Versioning”.
- “Versioning” has the broader concept “Conservation”."
https://vocabs.dariah.eu/tadirah/videoCapture,Source,Class,video capture,"In digital humanities, “video capture” refers to the process of recording or digitizing moving image signals—such as from a camera, screen, or analog source—into a digital file for analysis, preservation, or dissemination. (See Wikidata item Q2778015.)","- “Enregistrement” has the narrower concept “Video Capture”.
- “Video Capture” has the broader concept “Enregistrement”."
https://vocabs.dariah.eu/tadirah/videoCapture,Source,Class,video capture,"In digital humanities, “video capture” refers to the process of converting a video signal (analog or digital) into a digital file that can be stored, processed, analyzed, or archived on a computer. This aligns with Wikidata Q2778015 (video capture), which denotes the acquisition of video data from a source device (e.g., camera, tape, screen) into a digital format.","- “Enregistrement” has narrower concept “Video Capture”.
- “Video Capture” has broader concept “Enregistrement”."
https://vocabs.dariah.eu/tadirah/videoConference,Source,Class,video conference,"In digital humanities, a video conference is a synchronous, networked meeting where participants use audio‑video communication tools to engage in scholarly activities—such as lectures, workshops, collaborations, or conferences—without sharing a physical location. (See Wikidata Q238354: “video conference,” a type of conference conducted via video communication technology.)","- “Kommunizieren” has the narrower concept “Video Conference”.
- “Video Conference” has the broader concept “Kommunizieren”."
https://vocabs.dariah.eu/tadirah/videoConference,Source,Class,video conference,"In digital humanities, a video conference is a type of conference (Wikidata Q238354) conducted via networked audio‑video technologies that allow participants in different locations to communicate in real time, enabling remote presentations, discussions, and collaboration without physical co-presence.","- “Kommunizieren” has narrower concept “Video Conference”.
- “Video Conference” has broader concept “Kommunizieren”."
https://vocabs.dariah.eu/tadirah/videoEditing,Source,Class,video editing,"In digital humanities, “video editing” is the process of selecting, arranging, and modifying video (and associated audio, text, and graphics) to construct or refine meaning, narratives, and arguments for research, teaching, or public scholarship. This includes workflows from recorded footage to outputs used in analysis, interpretation, and dissemination. It also encompasses editing for live television and video production (per Wikidata Q1154312), where material is mixed and cut in real time to shape content and context.","- “Bearbeiten” has the narrower concept “Video Editing”.
- “Video Editing” has the broader concept “Bearbeiten”."
https://vocabs.dariah.eu/tadirah/videoEditing,Source,Class,video editing,"Video editing is the process of selecting, arranging, and modifying recorded moving-image material to create a coherent, meaningful sequence. In digital humanities, it supports analysis and communication by shaping audiovisual narratives from archival footage, interviews, or born-digital media. It includes techniques used in live television and video production, where edits may be performed in real time (e.g., switching between camera feeds) as well as in post-production to refine content, structure, and interpretation.","- “Bearbeiten” has the narrower concept “Video Editing”.
- “Video Editing” has the broader concept “Bearbeiten”."
https://vocabs.dariah.eu/tadirah/visualAnalysis,Source,Class,visualizaci n,"In digital humanities, “Visualización” is the visual analysis of large or complex datasets by aggregating and graphically representing patterns, structures, trends, or points of interest. It uses methods of automatic data analysis to make data analytically useful and visually explorable in static, dynamic, or interactive forms (e.g., images, maps, timelines, charts, tables, 2D/3D).","- “Análisis” has narrower concept “Visualización”.
- “Data Visualization” has broader concept “Visualización”.
- “Mapping” has broader concept “Visualización”.
- “Mind Mapping” has broader concept “Visualización”.
- “Plotting” has broader concept “Visualización”.
- “Visualización” has broader concept “Análisis”.
- “Visualización” closely matches “visualization”.
- “Visualización” has narrower concepts “Data Visualization”, “Mapping”, “Mind Mapping”, and “Plotting”."
https://vocabs.dariah.eu/tadirah/visualAnalysis,Source,Class,visualizaci n,"In digital humanities, “Visualización” is the visual analysis of large or complex data by aggregating and graphically representing patterns, structures, trends, or points of interest—using automatic data-analysis methods—to make the data analytically useful and visually explorable. It can take static, dynamic, or interactive forms (e.g., images, maps, timelines, charts, tables, 2D/3D).","- “Análisis” has narrower concept “Visualización”.
- “Data Visualization” has broader concept “Visualización”.
- “Mapping” has broader concept “Visualización”.
- “Mind Mapping” has broader concept “Visualización”.
- “Plotting” has broader concept “Visualización”.
- “Visualización” has broader concept “Análisis”.
- “Visualización” closely matches “visualization”.
- “Visualización” has narrower concepts “Data Visualization”, “Mapping”, “Mind Mapping”, and “Plotting”."
https://vocabs.dariah.eu/tadirah/visualAnnotation,Source,Class,visual annotation,"In digital humanities, “Visual Annotation” refers to adding structured notes, tags, or commentary directly onto visual media (e.g., images, maps, artworks) to enrich them with interpretive, descriptive, or analytical information. It links specific regions or features within the visual object to metadata, commentary, or external references, enabling scholarly analysis, discovery, and reuse. (Source: Wikidata item Q98847784)","- ""Annotation"" has the narrower concept ""Visual Annotation"".
- ""Visual Annotation"" has the broader concept ""Annotation""."
https://vocabs.dariah.eu/tadirah/visualAnnotation,Source,Class,visual annotation,"In digital humanities, “Visual Annotation” refers to adding interpretive, descriptive, or analytical notes directly onto visual media (e.g., images, maps, artworks, diagrams) to enrich them with metadata, commentary, links, or tags. According to Wikidata item Q98847784, it denotes practices and tools that let users mark regions of an image or visual artifact and attach structured annotations, supporting scholarly analysis, citation, and sharing.","- Annotation has narrower concept Visual Annotation.
- Visual Annotation has broader concept Annotation."
https://vocabs.dariah.eu/tadirah/webCrawling,Source,Class,web crawling,"In digital humanities, web crawling means the systematic, automated access and retrieval of resources across the web (e.g., programmatically visiting pages and collecting their content and metadata), as defined in Wikidata item Q61466324.","- “Web Crawling” is a narrower concept of “Sammeln”.
- “Sammeln” is a broader concept of “Web Crawling”."
https://vocabs.dariah.eu/tadirah/webCrawling,Source,Class,web crawling,"In digital humanities, web crawling is the systematic access of resources across the web—automated programs (crawlers) traverse websites to discover, collect, and index content for analysis or archiving (cf. Wikidata Q61466324).","- “Web Crawling” is a narrower concept of “Sammeln”.
- “Sammeln” is a broader concept of “Web Crawling”."
https://vocabs.dariah.eu/tadirah/webDevelopment,Source,Class,sviluppo web,"“Sviluppo Web” means “Web Development.” In digital humanities, it refers to creating websites and browser-based applications by:

- Writing HTML/CSS and other scripting languages
- Building or configuring platforms/CMS/frameworks (e.g., Drupal, WordPress, Bootstrap, Omeka)
- Creating digital assets for browser-based applications (e.g., interactive visuals, media, UI components)","- “Creating” has narrower concept “Sviluppo Web”.
- “Sviluppo Web” has broader concept “Creating”.
- “Sviluppo Web” closely matches “web-development”."
https://vocabs.dariah.eu/tadirah/webDevelopment,Source,Class,sviluppo web,"Sviluppo Web means Web Development. In digital humanities, it refers to creating websites and browser-based applications for research, teaching, and public engagement by:

- Writing HTML/CSS and other scripting languages
- Building or configuring platforms/CMS/frameworks like Drupal, WordPress, Bootstrap, or Omeka
- Creating digital assets (e.g., data visualizations, interactive media) for use in the browser","- “Creating” has narrower concept “Sviluppo Web”.
- “Sviluppo Web” has broader concept “Creating”.
- “Sviluppo Web” closely matches “web-development”."
https://vocabs.dariah.eu/tadirah/webScraping,Source,Class,web scraping,"In digital humanities, web scraping (data scraping) is the automated extraction of data from websites—such as collecting structured information (e.g., from Wikidata) for research and analysis.","- Archiving has narrower concept Web Scraping.
- Sammeln has narrower concept Web Scraping.
- Web Scraping has broader concept Archiving.
- Web Scraping has broader concept Sammeln."
https://vocabs.dariah.eu/tadirah/webScraping,Source,Class,web scraping,"Web scraping is data scraping used for extracting data from websites—automating the collection of online content (e.g., texts, metadata) for analysis in digital humanities. (See Wikidata item Q665452.)","- “Web Scraping” is a narrower concept of “Archiving”.
- “Web Scraping” is a narrower concept of “Sammeln”.
- “Archiving” has the narrower concept “Web Scraping”.
- “Sammeln” has the narrower concept “Web Scraping”.
- “Web Scraping” is a broader concept of “Archiving”.
- “Web Scraping” is a broader concept of “Sammeln”."
https://vocabs.dariah.eu/tadirah/wireframing,Source,Class,wireframing,"In digital humanities, wireframing is the process of creating a simplified, schematic layout of a digital project’s interface (e.g., a website, digital edition, or visualization) to plan structure, navigation, and functionality before full design and development. It outlines placement of elements and user flows without final graphics or content.","- “Wireframing” is a narrower concept of “Diseño”.
- “Diseño” is a broader concept of “Wireframing”."
https://vocabs.dariah.eu/tadirah/wireframing,Source,Class,wireframing,"In digital humanities, wireframing is the practice of creating simplified, schematic layouts that map the structure and functionality of a digital project (e.g., a website, database interface, or visualization) before full design and development. It outlines content placement, navigation, and user interactions without final styling, helping plan user experience and project requirements. (Source: Wikidata Q98845203)","- “Wireframing” is a narrower concept of “Diseño.”
- “Diseño” is a broader concept of “Wireframing.”"
https://vocabs.dariah.eu/tadirah/writing,Source,Class,writing,"In digital humanities, writing means the activity of creating new texts—primarily research papers and reports, but potentially other text-focused outputs—rather than merely capturing or transcribing existing text.","- Creating has narrower concept Writing.
- Lettering has broader concept Writing.
- Writing has broader concept Creating.
- Writing has close match writing.
- Writing has narrower concept Lettering."
https://vocabs.dariah.eu/tadirah/writing,Source,Class,writing,"In digital humanities, “Writing” means the activity of creating new texts—primarily research papers and reports, but also other text-focused outputs—rather than capturing or transcribing existing text.","- Creating has narrower concept Writing.
- Lettering has broader concept Writing.
- Writing has broader concept Creating.
- Writing closely matches writing.
- Writing has narrower concept Lettering."
http://vocabularies.unesco.org/thesaurus/concept10013,Target,Class,informaci n ambiental,"In digital humanities, “información ambiental” refers to environmental information: data and knowledge about the natural environment (air, water, soil, biodiversity, climate, pollution, land use) and its governance (laws, policies, impacts). It includes datasets, documents, maps, sensor readings, satellite imagery, and metadata used to analyze, visualize, and interpret human–environment interactions, often emphasizing open access, interoperability, and ethical use.","- “Información ambiental” is a broader concept within “Scientific information”. (Alternate: “Información ambiental” has broader “Scientific information”.)
- “Información ambiental” is related to “concept10009”.
- “Información ambiental” is related to “concept55”.
- “Scientific information” has the narrower concept “Información ambiental”."
http://vocabularies.unesco.org/thesaurus/concept10103,Target,Class,Оборудование для микроформ,"It means “equipment for microforms” — i.e., tools used to read, view, scan, or preserve microfilm and microfiche in digital humanities workflows.","- “Equipo fotográfico” has narrower concept “Оборудование для микроформ”.
- “Оборудование для микроформ” is a broader concept of “Equipo fotográfico”.
- “Microforme” is related to “Оборудование для микроформ”.
- “Microphotography” is related to “Оборудование для микроформ”.
- “Оборудование для микроформ” is related to “Microforme” and “Microphotography”."
http://vocabularies.unesco.org/thesaurus/concept1022,Target,Class,استخلاص,"In digital humanities, ""استخلاص"" (istikhlaas) means extraction—identifying and pulling out specific information or features from data (e.g., extracting entities, keywords, metadata, or patterns from texts, images, or archives).","- “Análisis documental” has narrower concept “استخلاص”.
- “مسـتخلصات” is related to “استخلاص”.
- “استخلاص” has broader concept “Análisis documental” and is related to “مسـتخلصات”."
http://vocabularies.unesco.org/thesaurus/concept1024,Target,Class,مسـتخلصات,المستخلصات: ملخصات غير نقدية لمحتوى الوثائق/الأعمال العلمية أو الأدبية، تُقدّم عرضًا موجزًا للموضوع لمساعدة المستخدم على تقدير الصلة وتحديد الفئة أو الملاءمة.,"- “Revista bibliográfica” has narrower concept “مسـتخلصات”.
- “Servicio bibliográfico” is related to “مسـتخلصات”.
- “استخلاص” is related to “مسـتخلصات”.
- “مسـتخلصات” has broader concept “Revista bibliográfica”.
- “مسـتخلصات” is related to “Servicio bibliográfico”.
- “مسـتخلصات” is related to “استخلاص”."
http://vocabularies.unesco.org/thesaurus/concept1028,Target,Class,servicio bibliogr fico,"In digital humanities, “Servicio bibliográfico” typically refers to a bibliographic service: a unit or platform that compiles, organizes, and provides access to scholarly references and metadata (e.g., catalogs, indexes, citations), often supporting search, discovery, citation management, and sometimes digitization or linking to full texts. It underpins research workflows by curating and maintaining bibliographic information and tools.","- “Bibliographic databases” is related to “Servicio bibliográfico”.
- “Bibliographie” is related to “Servicio bibliográfico”.
- “Clearing houses” is related to “Servicio bibliográfico”.
- “Compilación bibliográfica” is related to “Servicio bibliográfico”.
- “Diffusion sélective de l'information” is related to “Servicio bibliográfico”.
- “Scientific information systems” is related to “Servicio bibliográfico”.
- “Sistema de información” is narrower than “Servicio bibliográfico”.
- “Информационные службы и услуги” is related to “Servicio bibliográfico”.
- “فهارس” is related to “Servicio bibliográfico”.
- “كشافات” is related to “Servicio bibliográfico”.
- “مسـتخلصات” is related to “Servicio bibliográfico”.
- “Servicio bibliográfico” is broader than “Sistema de información”.
- “Servicio bibliográfico” is related to “Bibliographic databases”, “Bibliographie”, “Clearing houses”, “Compilación bibliográfica”, “Diffusion sélective de l'information”, “Scientific information systems”, “Информационные службы и услуги”, “فهارس”, “كشافات”, “مسـتخلصات”."
http://vocabularies.unesco.org/thesaurus/concept10297,Target,Class,search strategies,"In digital humanities, “search strategies” are the analysis and formulation of the optimal methods by which a retrieval system can answer a specific research question.","- “Search strategies” is broader than “بحث على الخط المباشر”.
- “بحث على الخط المباشر” is narrower than “Search strategies”."
http://vocabularies.unesco.org/thesaurus/concept10326,Target,Class,دراسات المستفيدين من المعلومات,"في سياق الإنسانيات الرقمية، ""دراسات المستفيدين من المعلومات"" تعني دراسة سلوك واحتياجات واستخدامات الجمهور المستفيد من الموارد المعلوماتية الرقمية (مثل قواعد البيانات، الأرشيفات الرقمية، المكتبات الرقمية، المنصات البحثية). تركّز على:
- من هم المستخدمون (باحثون، طلاب، جمهور عام)؟
- ما احتياجاتهم المعلوماتية وكيف يبحثون ويسترجعون البيانات؟
- كيف يتفاعلون مع الواجهات والأدوات الخوارزمية؟
- ما العوائق والتفضيلات وتأثير ذلك على تصميم الأنظمة وخدمات الإتاحة؟","- “Information needs” is related to “دراسات المستفيدين من المعلومات”.
- “Library users” is related to “دراسات المستفيدين من المعلومات”.
- “Usuario de información” has narrower concept “دراسات المستفيدين من المعلومات”.
- “توجيه المستفيد من المعلومات” is related to “دراسات المستفيدين من المعلومات”.
- “دراسات المستفيدين من المعلومات” has broader concept “Usuario de información”.
- “دراسات المستفيدين من المعلومات” is related to “Information needs”.
- “دراسات المستفيدين من المعلومات” is related to “Library users”.
- “دراسات المستفيدين من المعلومات” is related to “توجيه المستفيد من المعلومات”."
http://vocabularies.unesco.org/thesaurus/concept10493,Target,Class,Оценка записей,"In digital humanities, “Оценка записей” (Russian) means “evaluation of records/entries.” It refers to assessing metadata or data entries—e.g., checking quality, relevance, completeness, accuracy, or usefulness of catalog records, annotations, or dataset items.","- “Gestión de documentos” has narrower concept “Оценка записей”.
- “Оценка записей” has broader concept “Gestión de documentos”."
http://vocabularies.unesco.org/thesaurus/concept10502,Target,Class,Оценка информационных систем,"In digital humanities, “Оценка информационных систем” means the evaluation of information systems—assessing how well digital platforms, databases, tools, or infrastructures support research and cultural heritage work. It typically covers:

- Functionality and usability for scholars and the public
- Data quality, interoperability, and standards compliance
- Performance, reliability, and scalability
- Sustainability, preservation, and documentation
- Ethical/legal aspects (access, rights, privacy)
- Impact and value for research, teaching, and outreach","- “Información/biblioteca, administración” has narrower concept “Оценка информационных систем”.
- “Sistema de información” is related to “Оценка информационных систем”.
- “استرجاع المعلومات” is related to “Оценка информационных систем”.
- “Оценка информационных систем” has broader concept “Información/biblioteca, administración”.
- “Оценка информационных систем” is related to “Sistema de información”.
- “Оценка информационных систем” is related to “استرجاع المعلومات”."
http://vocabularies.unesco.org/thesaurus/concept10574,Target,Class,library exhibitions,"In digital humanities, “library exhibitions” are curated presentations—often online, sometimes physical—of library-held materials (manuscripts, archives, images, datasets) that use digital tools to select, contextualize, interpret, and display collections for research, teaching, and public engagement. They typically include metadata, narrative framing, scholarly interpretation, and interactive features (e.g., timelines, maps, text analysis, IIIF viewers), and may invite user participation or link to full digital collections and datasets.","- “Library exhibitions” is a broader concept of “توسع مكتبي”.
- “Library exhibitions” is related to “concept360”.
- “توسع مكتبي” has the narrower concept “Library exhibitions”."
http://vocabularies.unesco.org/thesaurus/concept1060,Target,Class,مكتبات اكاديمية,"In digital humanities, “مكتبات أكاديمية” means academic libraries—libraries at universities and research institutions that provide scholarly resources, digital collections, data services, and research support (e.g., digitization, repositories, data curation, text mining support) for humanities research.","- “مكتبات اكاديمية” is a narrower concept of “Bibliothèque”.
- “Bibliothèque scolaire” is related to “مكتبات اكاديمية”.
- “مكتبات اكاديمية” is a broader concept of “Bibliothèque”.
- “مكتبات اكاديمية” is related to “Bibliothèque scolaire”, “concept1055”, “concept1061”, and “concept45”."
http://vocabularies.unesco.org/thesaurus/concept10618,Target,Class,Отчеты о командировках,"“Отчеты о командировках” means “business trip reports” or “travel reports” — documented accounts of research/fieldwork trips (purposes, activities, findings, expenses) within a digital humanities context.","- «Монографии» has narrower concept «Отчеты о командировках».
- «وثائق اولية» is related to «Отчеты о командировках».
- «Отчеты о командировках» has broader concept «Монографии».
- «Отчеты о командировках» is related to «concept6416».
- «Отчеты о командировках» is related to «وثائق اولية»."
http://vocabularies.unesco.org/thesaurus/concept10648,Target,Class,expresi n oral,"In digital humanities, “expresión oral” refers to the practice and study of spoken communication—how ideas are articulated, performed, recorded, analyzed, and disseminated as audio. It includes:

- Production: podcasts, oral histories, interviews, lectures, spoken-word performances.
- Analysis: transcription, speech-to-text, prosody/tone analysis, discourse/rhetorical study using digital tools.
- Preservation/Access: digitizing, annotating, archiving, and publishing oral materials.
- Pedagogy/Public Humanities: training in effective speaking for digital platforms and engaging audiences through voice-based media.","- “Expresión oral” is broader concept: Speech. (skos:broader)
- “Expresión oral” is related to concept2992. (skos:related)
- “Expresión oral” is related to concept5831. (skos:related)
- “Speech” has narrower concept: Expresión oral. (skos:narrower)"
http://vocabularies.unesco.org/thesaurus/concept10777,Target,Class,mujer periodista,"In the context of digital humanities, “Mujer periodista” refers to the figure and study of the woman journalist—both as a subject and creator—examined through digital methods and archives. It often involves:

- Documenting and analyzing women’s contributions to journalism (historical and contemporary) via digitized newspapers, databases, and metadata.
- Mapping networks, visibility, and influence of women journalists across time and regions.
- Addressing gendered bias in media corpora, authorship attribution, and representation using computational analysis.","- “Mujer periodista” has broader concept “صحفيون”.
- “صحفيون” has narrower concept “Mujer periodista”."
http://vocabularies.unesco.org/thesaurus/concept1080,Target,Class,biblioth que scolaire,"In a digital humanities context, “Bibliothèque scolaire” refers to a school library—often a digitally supported or digitized library environment within a school—providing access to educational resources (texts, media, databases) and tools for information literacy, research, and cultural learning.","- “Bibliothèque” has narrower concept “Bibliothèque scolaire”.
- “مكتبات اكاديمية” is related to “Bibliothèque scolaire”.
- “Bibliothèque scolaire” has broader concept “Bibliothèque”.
- “Bibliothèque scolaire” is related to “concept3352”.
- “Bibliothèque scolaire” is related to “concept3672”.
- “Bibliothèque scolaire” is related to “concept3854”.
- “Bibliothèque scolaire” is related to “concept46”.
- “Bibliothèque scolaire” is related to “concept98”.
- “Bibliothèque scolaire” is related to “concept99”.
- “Bibliothèque scolaire” is related to “مكتبات اكاديمية”."
http://vocabularies.unesco.org/thesaurus/concept10826,Target,Class,film m dias,"In digital humanities, “Film (médias)” refers to film as a media object studied, curated, and analyzed using digital methods and tools—e.g., digitized films, metadata, annotations, computational analysis (shot detection, text/visual recognition), and platforms for archival, preservation, and scholarly interpretation of cinematic works.","- “Cinta de película” is a broader concept of “Film (médias)”.
- “Microforme” is a broader concept of “Film (médias)”.
- “Média d'information” has a narrower concept “Film (médias)”.
- “Film (médias)” is a broader concept of “Média d'information”.
- “Film (médias)” has narrower concepts “Cinta de película” and “Microforme”."
http://vocabularies.unesco.org/thesaurus/concept10838,Target,Class,منتجو التلفزيون/الاذاعة,في سياق الإنسانيات الرقمية، منتجو التلفزيون/الإذاعة هم الجهات أو الأفراد الذين يخططون ويُنسّقون ويُنشئون محتوى سمعي-بصري أو صوتي (برامج، وثائقيات، بودكاست) باستخدام وسائل رقمية، ويتولّون جوانب التحرير، الإنتاج، وإدارة النشر والتوزيع عبر المنصات الرقمية والبث.,"- “Production de télévision” is related to “منتجو التلفزيون/الاذاعة”.
- “TV/radio personnel” has the narrower concept “منتجو التلفزيون/الاذاعة”.
- “منتجو التلفزيون/الاذاعة” has the broader concept “TV/radio personnel”.
- “منتجو التلفزيون/الاذاعة” is related to “Production de télévision”.
- “منتجو التلفزيون/الاذاعة” is related to “concept3098”."
http://vocabularies.unesco.org/thesaurus/concept11104,Target,Class,توجيه المستفيد من المعلومات,"في سياق الإنسانيات الرقمية، “توجيه المستفيد من المعلومات” يعني إرشاد المستخدمين (باحثين، طلبة، جمهور عام) إلى كيفية الوصول للمصادر الرقمية المناسبة، واستخدام الأدوات والمنصات بفعالية، وفهم سياقات البيانات ومحدودياتها. يشمل ذلك:
- تعليم مهارات البحث والاستكشاف في المستودعات الرقمية وقواعد البيانات.
- توضيح معايير التقييم والتحقق من موثوقية البيانات والنصوص الرقمية.
- دعم اختيار الأدوات (تحليل نصي، تصور بيانات، نظم ترميز) الأنسب لأسئلة البحث.
- تقديم ممارسات أخلاقية وقانونية لاستخدام البيانات المفتوحة وحقوق النشر.
- تمكين المستخدم من تفسير النتائج رقمياً ضمن إطار إنسانيات نقدي.","- “Information needs” is related to “توجيه المستفيد من المعلومات”.
- “Library users” is related to “توجيه المستفيد من المعلومات”.
- “Orientación para la lectura” is related to “توجيه المستفيد من المعلومات”.
- “Usuario de información” has the narrower concept “توجيه المستفيد من المعلومات”.
- “دراسات المستفيدين من المعلومات” is related to “توجيه المستفيد من المعلومات”.
- “توجيه المستفيد من المعلومات” is a broader concept of “Usuario de información”.
- “توجيه المستفيد من المعلومات” is related to “Information needs”.
- “توجيه المستفيد من المعلومات” is related to “Library users”.
- “توجيه المستفيد من المعلومات” is related to “Orientación para la lectura”.
- “توجيه المستفيد من المعلومات” is related to “دراسات المستفيدين من المعلومات”."
http://vocabularies.unesco.org/thesaurus/concept11166,Target,Class,fotograf as,"In digital humanities, “Fotografías” (Spanish) means “photographs” — visual images used as sources or data for analysis, archiving, interpretation, or visualization.","- “Diapositive photographique” is a broader concept of “Fotografías”. (broader)
- “Support visuel” has the narrower concept “Fotografías”. (narrower)
- “Fotografías” is a narrower concept of “Support visuel”. (broader)
- “Fotografías” has the broader concept “Diapositive photographique”. (narrower)
- “Fotografías” is related to “concept345”. (related)"
http://vocabularies.unesco.org/thesaurus/concept1129,Target,Class,acceso a la informaci n,"In digital humanities, “acceso a la información” refers to the ability for researchers, students, and the public to find, retrieve, and use digital data and resources (texts, images, datasets, metadata) through open repositories, interoperable standards, clear licensing, and usable interfaces—ensuring openness, transparency, and equitable participation in scholarly work.","- Communication control has narrower concept Acceso a la información.
- Datos abiertos has broader concept Acceso a la información.
- Information needs is related to Acceso a la información.
- Internet universality is related to Acceso a la información.
- Libre circulation de l'information is related to Acceso a la información.
- Transferencia de información is related to Acceso a la información.
- oткрытый доступ has broader concept Acceso a la información.
- برمجيات مفتوحة المصدر is related to Acceso a la información.
- حماية البيانات is related to Acceso a la información.
- Acceso a la información has broader concept Communication control.
- Acceso a la información has narrower concept Datos abiertos.
- Acceso a la información has narrower concept oткрытый доступ.
- Acceso a la información is related to Information needs.
- Acceso a la información is related to Internet universality.
- Acceso a la información is related to Libre circulation de l'information.
- Acceso a la información is related to Transferencia de información.
- Acceso a la información is related to concept1146.
- Acceso a la información is related to concept1149.
- Acceso a la información is related to concept1152.
- Acceso a la información is related to concept1153.
- Acceso a la información is related to concept1154.
- Acceso a la información is related to concept16994.
- Acceso a la información is related to concept17077.
- Acceso a la información is related to concept17093.
- Acceso a la información is related to concept17126.
- Acceso a la información is related to برمجيات مفتوحة المصدر.
- Acceso a la información is related to حماية البيانات."
http://vocabularies.unesco.org/thesaurus/concept1132,Target,Class,Произвольный доступ,"In digital humanities (and computing), “Произвольный доступ” means “random access” — the ability to read or write data at any position directly, without sequentially traversing preceding data (e.g., random-access memory or files supporting direct addressing).","- “Organización de ficheros” has narrower concept “Произвольный доступ”.
- “Произвольный доступ” has broader concept “Organización de ficheros”."
http://vocabularies.unesco.org/thesaurus/concept1147,Target,Class,حماية البيانات,"In digital humanities, حماية البيانات means “data protection”: the practices, policies, and technologies used to keep research data secure, private, and compliant (e.g., controlling access, anonymizing sensitive information, secure storage/backup, and ethical/legal compliance).","- “Acceso a la información” is related to “حماية البيانات”.
- “Communication legislation” has narrower concept “حماية البيانات”.
- “حماية البيانات” is broader than “Communication legislation”.
- “حماية البيانات” is related to “Acceso a la información”.
- “حماية البيانات” is related to “concept1146”.
- “حماية البيانات” is related to “concept5307”."
http://vocabularies.unesco.org/thesaurus/concept1148,Target,Class,libre circulation de l information,"In digital humanities, “libre circulation de l’information” means the free flow of information: the principle that data, research outputs, and knowledge should move openly and easily across platforms, disciplines, and borders. It emphasizes open access, interoperable formats, minimal legal/technical barriers, and sharing practices that enable reuse, verification, and collaboration.","- “Acceso a la información” is related to “Libre circulation de l'information”.
- “Communication control” has narrower concept “Libre circulation de l'information”.
- “Transferencia de información” is related to “Libre circulation de l'information”.
- “Libre circulation de l'information” has broader concept “Communication control”.
- “Libre circulation de l'information” is related to “Acceso a la información”.
- “Libre circulation de l'information” is related to “Transferencia de información”.
- “Libre circulation de l'information” is related to “concept1154”."
http://vocabularies.unesco.org/thesaurus/concept1150,Target,Class,information needs,"In digital humanities, information needs are the specific gaps in knowledge or data that researchers must fill to pursue a question or task. They arise from research goals and are shaped by methods and tools (e.g., text mining, GIS, network analysis). An information need might be for particular datasets, metadata, versions, annotations, ontologies, or contextual sources, and it guides what is sought, how it’s searched, and how results are evaluated within computational-humanistic workflows.","- “Acceso a la información” is related to “Information needs”.
- “Library users” is related to “Information needs”.
- “Usuario de información” has narrower concept “Information needs”.
- “توجيه المستفيد من المعلومات” is related to “Information needs”.
- “دراسات المستفيدين من المعلومات” is related to “Information needs”.
- “Information needs” has broader concept “Usuario de información”.
- “Information needs” is related to “Acceso a la información”.
- “Information needs” is related to “Library users”.
- “Information needs” is related to “توجيه المستفيد من المعلومات”.
- “Information needs” is related to “دراسات المستفيدين من المعلومات”."
http://vocabularies.unesco.org/thesaurus/concept1151,Target,Class,transferencia de informaci n,"In digital humanities, “transferencia de información” refers to the processes and methods by which data and knowledge are moved, shared, or translated across formats, platforms, disciplines, and audiences—e.g., digitizing archives, converting file formats, migrating databases, interoperating metadata, and communicating research outputs to scholars and the public. It emphasizes ensuring accessibility, interoperability, preservation, and reuse.","- “Acceso a la información” is related to “Transferencia de información”.
- “Circulation de l'information” is broader than “Transferencia de información”.
- “Información” is related to “Transferencia de información”.
- “Información y desarrollo” is related to “Transferencia de información”.
- “Information exchange” is related to “Transferencia de información”.
- “Libre circulation de l'information” is related to “Transferencia de información”.
- “Publicité” is related to “Transferencia de información”.
- “Source d'information” is related to “Transferencia de información”.
- “Коммуникационный процесс” is narrower than “Transferencia de información”.
- “Распространение информации” is related to “Transferencia de información”.
- “Телематика” is related to “Transferencia de información”.
- “تكنولوجيا المعلومات” is related to “Transferencia de información”.
- “Transferencia de información” is broader than “Коммуникационный процесс”.
- “Transferencia de información” is narrower than “Circulation de l'information”.
- “Transferencia de información” is related to “Acceso a la información”.
- “Transferencia de información” is related to “Información”.
- “Transferencia de información” is related to “Información y desarrollo”.
- “Transferencia de información” is related to “Information exchange”.
- “Transferencia de información” is related to “Libre circulation de l'information”.
- “Transferencia de información” is related to “Publicité”.
- “Transferencia de información” is related to “Source d'information”.
- “Transferencia de información” is related to “concept2600”.
- “Transferencia de información” is related to “concept8017”.
- “Transferencia de información” is related to “Распространение информации”.
- “Transferencia de información” is related to “Телематика”.
- “Transferencia de información” is related to “تكنولوجيا المعلومات”."
http://vocabularies.unesco.org/thesaurus/concept1156,Target,Class,accessions lists,"In digital humanities, “Accessions lists” means lists of new acquisitions issued periodically—i.e., regularly published lists of newly added items to a collection.","- “Комплектование” is related to “Accessions lists”.
- “Accessions lists” is related to “Комплектование”.
- “وثائق ثانوية” has a narrower concept “Accessions lists”.
- “Accessions lists” has a broader concept “وثائق ثانوية”."
http://vocabularies.unesco.org/thesaurus/concept11605,Target,Class,graphe,"In digital humanities, graphe (from Greek “graphē,” writing) typically refers to the written form or graphical representation of language—i.e., the script/characters and their visual encoding. It’s used when distinguishing levels like:

- Phoneme (sound) vs. grapheme (written unit)
- Text as linguistic content vs. its graphetic/graphic realization (fonts, scripts, letterforms)

So “graphe” points to the material/visual aspects of writing that DH may analyze (scripts, glyphs, layout, encoding).","- Graphe is a broader concept under Support visuel.  
- Graphe is related to concept17105.  
- Support visuel has narrower concept Graphe."
http://vocabularies.unesco.org/thesaurus/concept11691,Target,Class,guide de voyage,"In a digital humanities context, “Guide de voyage” (French for “travel guide”) refers to curated, often interactive, resources that map, narrate, and contextualize places—combining text, images, maps, datasets, and metadata to guide users through geographic, historical, or cultural landscapes. It can be a born-digital guide (web/app) or a digitized scholarly guide that links places with sources, timelines, and interpretation.","- “Guide de voyage” is a broader concept’s narrower term of “Руководства”.
- “Guide de voyage” is related to “concept370”.
- “Guide de voyage” is related to “concept661”.
- “Руководства” has the narrower concept “Guide de voyage”."
http://vocabularies.unesco.org/thesaurus/concept11704,Target,Class,Практические пособия,"In the digital humanities context, “Практические пособия” means “practical guides” or “hands-on manuals”—resources that teach how to apply methods and tools (e.g., text mining, GIS, network analysis) through step-by-step instructions and examples.","- «Практические пособия» является более частным понятием, чем «Руководства».
- «Руководства» включает более узкое понятие «Практические пособия»."
http://vocabularies.unesco.org/thesaurus/concept11719,Target,Class,h bito de lectura,"In digital humanities, “hábito de lectura” (reading habit) refers to the patterns, frequency, and modalities of how people read—across print and digital media—often studied through data (e.g., logs, annotations, clickstreams) to understand engagement, preferences, time spent, device use, and social/interactive reading behaviors.","- “Популяризация чтения” is related to “Hábito de lectura”.
- “قراءة” has narrower concept “Hábito de lectura”.
- “Hábito de lectura” is broader than “قراءة”.
- “Hábito de lectura” is related to “concept9863”.
- “Hábito de lectura” is related to “Популяризация чтения”."
http://vocabularies.unesco.org/thesaurus/concept11852,Target,Class,historia de las bibliotecas,"In digital humanities, “Historia de las bibliotecas” refers to the historical study of libraries—their origins, evolution, functions, technologies, social roles, and knowledge organization—often using digital methods (e.g., digitized archives, metadata analysis, network mapping) to analyze how libraries have developed and shaped information access over time.","- “Bibliothéconomie” has a narrower concept: “Historia de las bibliotecas”.
- “Historia de las bibliotecas” has a broader concept: “Bibliothéconomie”."
http://vocabularies.unesco.org/thesaurus/concept12200,Target,Class,Лазерная печать,"In digital humanities, “Лазерная печать” (laser printing) refers to producing hard‑copy outputs of digital texts, images, or visualizations using a laser printer. It’s commonly used for printing corpus outputs, annotated texts, facsimiles, or data visualizations (e.g., network graphs, maps) with high resolution and precise typography.","- Photocomposition is related to Лазерная печать.
- Printing methods has narrower concept Лазерная печать.
- تنضيد الحروف is related to Лазерная печать.
- Лазерная печать is broader concept of Printing methods. (i.e., Printing methods is the broader term)
- Лазерная печать is related to Photocomposition.
- Лазерная печать is related to تنضيد الحروف."
http://vocabularies.unesco.org/thesaurus/concept12202,Target,Class,Офсетная печать,"In digital humanities context, офсетная печать (offset printing) is a mass-printing technique where inked images are transferred from a plate to a rubber blanket, then to paper. It’s relevant when studying/producing high-quality print runs of digitized texts, facsimiles, or scholarly editions, affecting color fidelity, resolution, and cost in publication workflows.","- Photocomposition is related to Офсетная печать.
- Printing methods has narrower concept Офсетная печать.
- تنضيد الحروف is related to Офсетная печать.
- Офсетная печать is a broader concept of Printing methods? (Correction: Офсетная печать has broader concept Printing methods.)
- Офсетная печать is related to Photocomposition.
- Офсетная печать is related to تنضيد الحروف."
http://vocabularies.unesco.org/thesaurus/concept12263,Target,Class,th saurus,"In digital humanities, a Thésaurus is a controlled, dynamic documentary language for a specific knowledge domain, containing semantically and generically related terms to comprehensively cover that domain.","- “Contrôle terminologique” is related to “Thésaurus”.
- “Material de referencia” is related to “Thésaurus”.
- “Subject headings” is related to “Thésaurus”.
- “Языки индексирования” has narrower concept “Thésaurus”.
- “تجميع المكانز” has broader concept “Thésaurus”.
- “Thésaurus” has broader concept “Языки индексирования”.
- “Thésaurus” has narrower concept “تجميع المكانز”.
- “Thésaurus” is related to “Contrôle terminologique”.
- “Thésaurus” is related to “Material de referencia”.
- “Thésaurus” is related to “Subject headings”.
- “Thésaurus” is related to “concept7984”."
http://vocabularies.unesco.org/thesaurus/concept12435,Target,Class,scientific information,"In digital humanities, “scientific information” refers to systematically produced, evidence-based knowledge and the data, methods, and findings that document it—often in digital forms. It includes:

- Primary research data (corpora, datasets, images, GIS layers, audio/video)
- Metadata and documentation (standards, ontologies, schemas)
- Methods and code (algorithms, scripts, workflows, reproducible notebooks)
- Publications and outputs (articles, editions, visualizations, databases)
- Provenance and reproducibility records (versions, citations, licenses)

Its meaning emphasizes transparency, standardization, interoperability, and reuse (FAIR principles) to enable verification, replication, and computational analysis in humanities research.","- “Información” has narrower concept “Scientific information”.
- “Información ambiental” has broader concept “Scientific information”.
- “Información y desarrollo” is related to “Scientific information”.
- “Scientific information systems” is related to “Scientific information”.
- “Technical writing” is related to “Scientific information”.
- “Распространение информации” is related to “Scientific information”.
- “تبسيط العلوم” has broader concept “Scientific information”.
- “معلومات الطاقة” has broader concept “Scientific information”.
- “مكتبات بحثية” is related to “Scientific information”.
- “Scientific information” has broader concept “Información”.
- “Scientific information” has narrower concept “Información ambiental”.
- “Scientific information” has narrower concept “تبسيط العلوم”.
- “Scientific information” has narrower concept “معلومات الطاقة”.
- “Scientific information” is related to “Información y desarrollo”.
- “Scientific information” is related to “Scientific information systems”.
- “Scientific information” is related to “Technical writing”.
- “Scientific information” is related to “concept15070”.
- “Scientific information” is related to “concept15722”.
- “Scientific information” is related to “concept16282”.
- “Scientific information” is related to “concept17126”.
- “Scientific information” is related to “concept8017”.
- “Scientific information” is related to “Распространение информации”.
- “Scientific information” is related to “مكتبات بحثية”."
http://vocabularies.unesco.org/thesaurus/concept12437,Target,Class,information en sciences sociales,"In digital humanities, “information en sciences sociales” refers to the body of data, documents, metadata, and knowledge resources produced in and about the social sciences, along with the methods to collect, curate, model, analyze, preserve, and disseminate them using digital tools. It covers:

- Sources: surveys, interviews, administrative data, social media, publications, archives.
- Processes: data management (FAIR), metadata standards, ontologies, text and data mining, quantitative/qualitative analysis, visualization.
- Infrastructures: repositories, catalogs, research data platforms.
- Practices/ethics: openness, reproducibility, privacy, consent, and responsible data use.

In short, it’s the digitally enabled ecosystem for creating, organizing, and studying social science information.","- “Economic information” is a broader concept of “Information en sciences sociales”.
- “Información” has a narrower concept “Information en sciences sociales”.
- “Información y desarrollo” is related to “Information en sciences sociales”.
- “Information sociale” is a broader concept of “Information en sciences sociales”.
- “Political information” is a broader concept of “Information en sciences sociales”.
- “Information en sciences sociales” is a broader concept of “Información”.
- “Information en sciences sociales” has narrower concepts: “Economic information”, “Information sociale”, “Political information”.
- “Information en sciences sociales” is related to “Información y desarrollo”.
- “Information en sciences sociales” is related to “concept380”."
http://vocabularies.unesco.org/thesaurus/concept12439,Target,Class,political information,"In digital humanities, “political information” refers to data, texts, and media about power, governance, and public life—such as policies, elections, speeches, debates, activism, and civic discourse—along with their production, circulation, and reception in digital environments. It includes how such content is created (e.g., platforms, algorithms, bots), represented (metadata, tagging, framing), disseminated (social networks, news sites), and used (engagement, persuasion, mobilization), and it’s analyzed with DH methods (text mining, network analysis, geospatial mapping, visualization) to study influence, bias, ideology, and participation.","- “Information en sciences sociales” has narrower concept “Political information”.
- “Political information” has broader concept “Information en sciences sociales”.
- “Political information” is related to “concept568”."
http://vocabularies.unesco.org/thesaurus/concept12442,Target,Class,information sociale,"In digital humanities, “information sociale” refers to data about people and their social relationships, behaviors, and contexts—such as social network ties, roles, affiliations, interactions, norms, and discourse—captured from sources like archives, social media, digitized records, or community datasets. It’s used to analyze and model social structures, dynamics, and cultural practices (e.g., network analysis, prosopography, discourse analysis, cultural analytics).","- “Information sociale” est un concept plus spécifique que “Information en sciences sociales”.
- “Information en sciences sociales” est un concept plus général que “Information sociale”.
- “Information sociale” est en relation avec “concept9692”."
http://vocabularies.unesco.org/thesaurus/concept12448,Target,Class,Экономика информации/библиотечного дела,"В контексте digital humanities «Экономика информации/библиотечного дела» — это изучение экономических принципов, которые управляют созданием, распространением, доступом и сохранением информации и библиотечных ресурсов в цифровой среде. Ключевые аспекты:
- Стоимость создания, лицензирования и поддержки цифровых коллекций и данных
- Модели доступа (open access, подписки, pay-per-view) и их устойчивость
- Экономика платформ и метаданных (индексация, поисковые системы, агрегаторы)
- Авторское право, открытые лицензии и их влияние на издержки и доступ
- Влияние цифровой трансформации на труд, компетенции и бюджет библиотек
- Оценка ценности/возврата инвестиций (ROI) от цифровых инфраструктур, репозиториев и DH-проектов
- Экономика долговременного хранения, цифровой реставрации и управления данными (TCO, риски)
- Пользовательское поведение и готовность платить/участвовать (crowdfunding, community models)

Итог: это про то, как сделать циркуляцию знания в DH устойчивой финансово и доступной, балансируя интересы создателей, учреждений и аудитории.","- “Información/biblioteca, presupuesto” is a broader concept of “Экономика информации/библиотечного дела.”
- “Information/library resources” is related to “Экономика информации/библиотечного дела.”
- “Планирование в области информации/библиотечного дела” is a narrower concept of “Экономика информации/библиотечного дела.”
- “Финансы в области информации/библиотечного дела” is a broader concept of “Экономика информации/библиотечного дела.”
- “Экономика информации/библиотечного дела” is a broader concept of “Планирование в области информации/библиотечного дела.”
- “Экономика информации/библиотечного дела” is a narrower concept of “Información/biblioteca, presupuesto.”
- “Экономика информации/библиотечного дела” is a narrower concept of “Финансы в области информации/библиотечного дела.”
- “Экономика информации/библиотечного дела” is related to “Information/library resources.”"
http://vocabularies.unesco.org/thesaurus/concept12452,Target,Class,Финансы в области информации/библиотечного дела,"It refers to the funding, budgeting, and financial management aspects of information and library science within digital humanities—i.e., how libraries, archives, and information projects in DH are financed: securing grants, allocating budgets for digitization, repositories, metadata, infrastructure, software, staffing, preservation, open access, and sustainability models (e.g., consortial funding, APCs, memberships).","- “Información/biblioteca, presupuesto” is related to “Финансы в области информации/библиотечного дела”.
- “Экономика информации/библиотечного дела” has narrower concept “Финансы в области информации/библиотечного дела”.
- “Финансы в области информации/библиотечного дела” has broader concept “Экономика информации/библиотечного дела”.
- “Финансы в области информации/библиотечного дела” is related to “Información/biblioteca, presupuesto”."
http://vocabularies.unesco.org/thesaurus/concept12454,Target,Class,ادارة المعلومات/المكتبات,"In digital humanities, ""إدارة المعلومات/المكتبات"" refers to the practices and systems for organizing, describing, preserving, retrieving, and providing access to information resources and collections (texts, images, datasets, multimedia) in digital and hybrid environments. It includes:

- Metadata design and standards (e.g., Dublin Core, TEI)
- Cataloging, indexing, and controlled vocabularies/ontologies
- Digital curation and preservation (formats, repositories)
- Information architecture and discovery (search, UX)
- Rights management and ethical access
- Research data management (FAIR principles)
- Library services supporting DH (digitization, archives, DH labs, tools)

In short, it is the library/information management functions adapted to DH workflows and digital collections.","- “Información/biblioteca, administración” has narrower concept “ادارة المعلومات/المكتبات”.
- “Information/library legislation” is related to “ادارة المعلومات/المكتبات”.
- “Promotion de l'utilisation des bibliothèques” is related to “ادارة المعلومات/المكتبات”.
- “ادارة المعلومات/المكتبات” has broader concept “Información/biblioteca, administración”.
- “ادارة المعلومات/المكتبات” is related to “Information/library legislation”.
- “ادارة المعلومات/المكتبات” is related to “Promotion de l'utilisation des bibliothèques”."
http://vocabularies.unesco.org/thesaurus/concept12462,Target,Class,informaci n biblioteca presupuesto,"In digital humanities, “Información/biblioteca, presupuesto” refers to the budgeting and resource allocation for information and library services that support DH work. It typically includes:

- Costs for digital collections, databases, and subscriptions
- Licenses for software/tools (e.g., text mining, GIS, preservation)
- Digitization and metadata creation expenses
- Data storage, servers, and repository fees
- Personnel time (librarians, data specialists, DH support staff)
- Training, workshops, and user support
- Preservation and access infrastructure (DOIs, ORCID integration, catalogs)

In short: the library/information services budget line that underwrites DH research, teaching, infrastructure, and collections.","- “Финансы в области информации/библиотечного дела” is related to “Información/biblioteca, presupuesto”.
- “Información/biblioteca, presupuesto” is a narrower concept of “Экономика информации/библиотечного дела”.
- “Información/biblioteca, presupuesto” is related to “Финансы в области информации/библиотечного дела”."
http://vocabularies.unesco.org/thesaurus/concept12465,Target,Class,information library resources,"In digital humanities, “information/library resources” refers to the collections, tools, and services—often digitally accessible—that support research, teaching, and creation. These include:

- Digital collections: digitized texts, images, audio/video, manuscripts, datasets.
- Scholarly databases and catalogs: library catalogs, bibliographic indexes, full-text databases.
- Research data and corpora: TEI-encoded texts, linguistic corpora, GIS datasets, metadata repositories.
- Tools and platforms: digital editions, text mining and NLP tools, OCR, IIIF viewers, GIS/mapping tools, repositories (e.g., institutional repositories).
- Standards and metadata: TEI, Dublin Core, MARC, linked open data.
- Services and expertise: data management, digitization, curation, copyright guidance, DH consultations, instructional support.

Together, these resources enable discovery, analysis, visualization, preservation, and dissemination of humanities scholarship in computational and networked environments.","- “Information/library personnel” is related to “Information/library resources.”
- “Планирование в области информации/библиотечного дела” has narrower concept “Information/library resources.”
- “Экономика информации/библиотечного дела” is related to “Information/library resources.”
- “مرافق المعلومات/المكتبات” is related to “Information/library resources.”
- “Information/library resources” has broader concept “Планирование в области информации/библиотечного дела.”
- “Information/library resources” is related to “Information/library personnel.”
- “Information/library resources” is related to “Экономика информации/библиотечного дела.”
- “Information/library resources” is related to “مرافق المعلومات/المكتبات.”"
http://vocabularies.unesco.org/thesaurus/concept1247,Target,Class,book selection,"In digital humanities, “book selection” refers to the process of choosing which books (or long-form texts) to include in a digital project or corpus. This involves setting criteria (e.g., genre, period, language, authorship, representation), assessing availability and rights, prioritizing items for digitization or acquisition, and ensuring the selection supports the project’s research questions, metadata standards, and ethical/DEI goals.","- “Book selection” is a broader concept’s narrower term of “Комплектование.”
- “Комплектование” has the narrower concept “Book selection.”"
http://vocabularies.unesco.org/thesaurus/concept1248,Target,Class,bon unesco,"“Bon UNESCO” refers to a UNESCO coupon/voucher used to purchase publications and audiovisual materials intended to support educational, scientific, and cultural objectives. It enables acquisition of such resources, aligning with UNESCO’s mission in contexts like digital humanities.","- “Bon UNESCO” is a broader concept of “Комплектование”.  
- “Комплектование” has the narrower concept “Bon UNESCO”."
http://vocabularies.unesco.org/thesaurus/concept1249,Target,Class,Коллекции библиотек,"In digital humanities, “Коллекции библиотек” means curated library collections—organized sets of digitized materials (texts, images, audio, metadata) from libraries used for research, teaching, and analysis. These can be thematic or institutional collections, often accessible via digital repositories and designed for computational methods (search, annotation, text mining).","- “Коллекции библиотек” is a narrower concept of “Información/biblioteca, administración”.
- “Información/biblioteca, administración” has the narrower concept “Коллекции библиотек”.
- “Коллекции библиотек” is related to “Комплектование”.
- “Комплектование” is related to “Коллекции библиотек”.
- “Коллекции библиотек” is related to “concept2782”.
- “Коллекции библиотек” is related to “concept2783”."
http://vocabularies.unesco.org/thesaurus/concept12521,Target,Class,Интегрированные информационные системы,"В цифровых гуманитарных науках «интегрированные информационные системы» — это комплексные программно-аппаратные решения, которые объединяют разнородные гуманитарные данные, инструменты и рабочие процессы в единую среду. Они обеспечивают:

- сбор и агрегацию данных (тексты, изображения, аудио, метаданные, GIS);
- стандартизованное описание (например, TEI, Dublin Core), интероперабельность и связность (Linked Open Data);
- функции хранения, поиска, визуализации, анализа (NLP, сетевой и геопространственный анализ);
- управление рабочими процессами исследования и публикации (репозитории, версии, открытый доступ);
- совместную работу и воспроизводимость результатов.

Примеры: интегрированные платформы для корпусной лингвистики, цифровых архивов/коллекций, инфраструктуры типа DARIAH, CLARIN, Omeka + модули, Arches, Voyant в связке с репозиторием и метаданными.","- “Sistema de información” has narrower concept “Интегрированные информационные системы”.
- “Интегрированные информационные системы” has broader concept “Sistema de información”."
http://vocabularies.unesco.org/thesaurus/concept12522,Target,Class,international information systems,"In digital humanities, “international information systems” refers to the infrastructures—technologies, standards, platforms, and workflows—that enable the creation, storage, analysis, and sharing of humanities data across national, linguistic, and institutional boundaries. This includes interoperable databases, metadata standards, digital repositories, APIs, and collaborative tools that support multilingual, cross-cultural research, ensure FAIR/CARE data practices, and allow scholars globally to access, link, and analyze cultural heritage and humanities datasets.","- “Information/bibliothèque, réseau” is related to “International information systems”.
- “International information systems” has narrower concept “Sistema de información”.
- “International information systems” is broader than “Sistema de información”.
- “International information systems” is related to “Information/bibliothèque, réseau”."
http://vocabularies.unesco.org/thesaurus/concept12523,Target,Class,نظم المعلومات القانونية,"نظم المعلومات القانونية في سياق الإنسانيات الرقمية تعني منظومات رقمية لجمع وتنظيم وتحليل وإتاحة البيانات القانونية (نصوص القوانين، الأحكام القضائية، الفتاوى، السوابق، اللوائح، المذكرات التشريعية) باستخدام أدوات الحوسبة. تشمل:
- قواعد بيانات نصوص قانونية مع فهرسة ودلالات.
- تقنيات البحث الدلالي واستخراج الكيانات والعلاقات من النصوص.
- تحليلات كمية ونصية (NLP) لقياس الأنماط والاتجاهات.
- واجهات وخدمات API لتمكين الباحثين من الاستكشاف البصري والتفاعل وإعادة الاستخدام.

هدفها دعم البحث القانوني ضمن الإنسانيات الرقمية عبر تحويل المواد القانونية إلى بيانات قابلة للمعالجة والتحليل والمقارنة عبر الزمان والمكان.","- “نظم المعلومات القانونية” is a narrower concept of “Sistema de información”.
- “Юридические библиотеки” is related to “نظم المعلومات القانونية”.
- “نظم المعلومات القانونية” is a broader concept of “Sistema de información”.
- “نظم المعلومات القانونية” is related to “concept546”.
- “نظم المعلومات القانونية” is related to “Юридические библиотеки”."
http://vocabularies.unesco.org/thesaurus/concept12524,Target,Class,نظم المعلومات الادارية,في سياق الإنسانيات الرقمية، “نُظُم المعلومات الإدارية” تعني المنظومات التقنية والتنظيمية التي تجمع البيانات المتعلقة بالمؤسسات الثقافية/الأكاديمية (مثل المكتبات، المتاحف، الأرشيفات، المشاريع البحثية)، تُخزّنها وتُنظّمها، وتُحلّلها وتعرضها لدعم اتخاذ القرار والإدارة. تشمل قواعد البيانات، لوحات القياس، تدفّقات العمل، والتقارير التي تساعد على التخطيط، التقييم، وتخصيص الموارد في مشروعات الإنسانيات الرقمية.,"- “نظم المعلومات الادارية” is a narrower concept of “Sistema de información”.
- “نظم المعلومات الادارية” has broader concept “Sistema de información”.
- “نظم المعلومات الادارية” is related to “concept10614”."
http://vocabularies.unesco.org/thesaurus/concept12525,Target,Class,نظم المعلومات الوطنية,"In digital humanities, ""نظم المعلومات الوطنية"" means national information systems: the coordinated infrastructures, databases, standards, and policies a nation uses to collect, manage, preserve, and provide access to its cultural, historical, and scholarly data (e.g., national archives, libraries, heritage registries, research repositories, and interoperability frameworks).","- “Sistema de información” has narrower concept “نظم المعلومات الوطنية”.
- “نظم المعلومات الوطنية” has broader concept “Sistema de información”."
http://vocabularies.unesco.org/thesaurus/concept12538,Target,Class,orientaci n para la lectura,"In digital humanities, “Orientación para la lectura” typically means a brief reading guide that frames how to approach a text or dataset: its purpose, key questions, methods/tools to use (e.g., text mining, markup, visualization), relevant context, and how to interpret results. It helps readers navigate materials critically and methodologically.","- “Популяризация чтения” has the narrower concept “Orientación para la lectura”.
- “توجيه المستفيد من المعلومات” is related to “Orientación para la lectura”.
- “Orientación para la lectura” has the broader concept “Популяризация чтения”.
- “Orientación para la lectura” is related to “توجيه المستفيد من المعلومات”."
http://vocabularies.unesco.org/thesaurus/concept12584,Target,Class,اخبار اذاعية,"In a digital humanities context, ""أخبار إذاعية"" means radio news—news content produced for and broadcast via radio. It can include scripted bulletins, reports, interviews, and sound features, and in DH it may be treated as audio datasets for analysis (e.g., transcription, topic modeling, discourse or sentiment analysis, archiving).","- “Circulation de l'information” is related to “اخبار اذاعية”.
- “Programme radiophonique” is related to “اخبار اذاعية”.
- “Radio” has narrower concept “اخبار اذاعية”.
- “اخبار اذاعية” has broader concept “Radio”.
- “اخبار اذاعية” is related to “Circulation de l'information”.
- “اخبار اذاعية” is related to “Programme radiophonique”."
http://vocabularies.unesco.org/thesaurus/concept12586,Target,Class,television news,"In digital humanities, “television news” refers to the study and analysis of news content produced for broadcast TV—its texts (scripts, captions), images, audio, formats, and production practices—using computational, archival, and critical methods. This includes:

- Digitizing and curating TV news archives
- Computational analysis (e.g., topic modeling, sentiment, visual shot analysis, OCR of captions)
- Metadata enrichment and search across broadcasts
- Studying narratives, bias, representation, and reception over time
- Examining platform shifts (broadcast to streaming/social clips) and their cultural impact","- “Circulation de l'information” is related to “Television news”.
- “Programa de televisión” is related to “Television news”.
- “Television news” is a narrower concept of “Television”.
- “Television news” is broader concept “Television”. (inverse: “Television” has narrower “Television news”)
- “Television news” is related to “Circulation de l'information”.
- “Television news” is related to “Programa de televisión”.
- “Television news” is related to “concept1316”."
http://vocabularies.unesco.org/thesaurus/concept12608,Target,Class,ingenier a telef nica,"In digital humanities, “Ingeniería telefónica” (telephone engineering) refers to the technical design and study of telephony systems—switching, transmission, signaling, and networks—that enable voice communication. In this context, it often appears as:

- A historical-technical domain shaping media infrastructures (e.g., archives on switching technologies, standards like SS7).
- An object of study for how telephony infrastructures, policies, and protocols influenced communication, culture, and information flows.
- A source of data and metadata (call records, network maps, technical manuals) for analysis of communication networks and sociotechnical change.","- “Telecommunications” has the narrower concept “Ingeniería telefónica”.
- “Téléphone” is related to “Ingeniería telefónica”.
- “Ingeniería telefónica” has the broader concept “Telecommunications”.
- “Ingeniería telefónica” is related to “Téléphone”."
http://vocabularies.unesco.org/thesaurus/concept12747,Target,Class,t l phone,"In digital humanities, “Téléphone” most commonly refers to the French literary OuLiPo experiment “Téléphone” (also known as “Telephone”): a collaborative, constraint-based writing exercise modeled on the telephone game, where a text is successively transformed by multiple authors. It exemplifies procedural/algorithmic authorship, versioning, and transmission—key DH concerns about how meaning changes across iterations, media, and networks.","- “Ingeniería telefónica” is related to “Téléphone”.
- “Interactive communication” is related to “Téléphone”.
- “Équipement de télécommunications” has narrower concept “Téléphone”.
- “Сотовый телефон” has broader concept “Téléphone”.
- “اتصال بين الاشخاص” is related to “Téléphone”.
- “Téléphone” has broader concept “Équipement de télécommunications”.
- “Téléphone” has narrower concept “Сотовый телефон”.
- “Téléphone” is related to “Ingeniería telefónica”.
- “Téléphone” is related to “Interactive communication”.
- “Téléphone” is related to “اتصال بين الاشخاص”."
http://vocabularies.unesco.org/thesaurus/concept12870,Target,Class,Телекс,"In digital humanities, “Телекс” (Telex) refers to the mid-20th-century teleprinter network used for sending typed messages over dedicated lines. It’s relevant as an early global digital communication system and a source/type of born-digital-ish archival material (telegrams/telex messages) studied for media history, communication networks, and infrastructure analysis.","- “Équipement de télécommunications” has narrower concept “Телекс”.
- “اتصال بين الاشخاص” is related to “Телекс”.
- “Телекс” has broader concept “Équipement de télécommunications”.
- “Телекс” is related to “اتصال بين الاشخاص”."
http://vocabularies.unesco.org/thesaurus/concept13023,Target,Class,صحف,"In digital humanities, صحف (suhuf) typically refers to “manuscripts” or “folios/pages” of written texts—often premodern Arabic manuscripts or scriptural leaves—used as sources for digitization, cataloging, and textual analysis.","- “Serials” is related to “صحف”.
- “Газетная пресса” is related to “صحف”.
- “Газетные библиотеки” is related to “صحف”.
- “Этика прессы” is related to “صحف”.
- “دوريات” has narrower concept “صحف”.
- “صحف” has broader concept “دوريات”.
- “صحف” is related to “Serials”.
- “صحف” is related to “Газетная пресса”.
- “صحف” is related to “Газетные библиотеки”.
- “صحف” is related to “Этика прессы”."
http://vocabularies.unesco.org/thesaurus/concept13436,Target,Class,Популяризация чтения,"In digital humanities, “Популяризация чтения” means the promotion of reading—using digital tools, platforms, and methods to broaden access to texts, engage wider audiences, and encourage reading practices (e.g., online libraries, social media campaigns, interactive editions, recommendation systems, book-related apps, and community initiatives).","- “Hábito de lectura” is related to “Популяризация чтения”.
- “Orientación para la lectura” is a broader concept of “Популяризация чтения”.
- “توسع مكتبي” is a narrower concept of “Популяризация чтения”.
- “Популяризация чтения” is a broader concept of “توسع مكتبي”.
- “Популяризация чтения” is a narrower concept of “Orientación para la lectura”.
- “Популяризация чтения” is related to “Hábito de lectura”.
- “Популяризация чтения” is related to “concept9863”."
http://vocabularies.unesco.org/thesaurus/concept13542,Target,Class,presse locale,"In digital humanities, “Presse locale” refers to local press—newspapers and periodicals produced for and by specific localities (towns, regions). It often denotes corpora or projects focused on digitizing, cataloging, and analyzing local newspapers to study regional histories, communities, and media ecosystems.","- “Medios comunitarios” is related to “Presse locale”.
- “Prensa marginal” is related to “Presse locale”.
- “Press” has the narrower concept “Presse locale”.
- “Сельская пресса” is related to “Presse locale”.
- “Presse locale” is a broader concept of “Press”.
- “Presse locale” is related to “Medios comunitarios”.
- “Presse locale” is related to “Prensa marginal”.
- “Presse locale” is related to “Сельская пресса”."
http://vocabularies.unesco.org/thesaurus/concept1355,Target,Class,ادارة الاتصالات,"في سياق الإنسانيات الرقمية، ""إدارة الاتصالات"" تعني التخطيط والتنظيم وتنفيذ قنوات ورسائل التواصل الخاصة بالمشاريع الرقمية الإنسانية: تحديد الجمهور، اختيار الوسائط والمنصات (مواقع، منصات تواصل، نشرات)، ضبط الهوية والخطاب، تنسيق تدفق المعلومات بين الباحثين والشركاء والجمهور، وضمان الوصول المفتوح والشفافية والتوثيق، مع قياس الأثر والتفاعل.","- “Communication organizations” is broader concept: “ادارة الاتصالات”.
- “Internet governance” is broader concept: “ادارة الاتصالات”.
- “Planificación de la comunicación” is narrower concept: “ادارة الاتصالات”.
- “ادارة الاتصالات” is broader concept: “Planificación de la comunicación”.
- “ادارة الاتصالات” is narrower concept: “Communication organizations”.
- “ادارة الاتصالات” is narrower concept: “Internet governance”."
http://vocabularies.unesco.org/thesaurus/concept13550,Target,Class,Сельская пресса,"“Сельская пресса” (Russian) means “rural press” or “rural newspapers.” In a digital humanities context, it refers to digitized or studied periodicals produced for/by rural communities—sources for analyzing agrarian life, local culture, information flows, and socio-political discourse outside urban centers.","- “Сельская пресса” is a narrower concept of “Press”.
- “Presse locale” is related to “Сельская пресса”.
- “Radiodiffusion rurale” is related to “Сельская пресса”.
- “Сельская пресса” has the broader concept “Press”.
- “Сельская пресса” is related to “Presse locale”.
- “Сельская пресса” is related to “Radiodiffusion rurale”."
http://vocabularies.unesco.org/thesaurus/concept13551,Target,Class,prensa marginal,"In digital humanities, “prensa marginal” refers to marginal or alternative press: publications produced outside mainstream media, often by grassroots, minority, countercultural, or oppositional groups. Scholars study it to trace marginalized voices, networks, and discourses—using digitization, text mining, and network analysis to map circulation, representation, and resistance across non-canonical print and digital platforms.","- Press has the narrower concept Prensa marginal.
- Presse locale is related to Prensa marginal.
- Газетная пресса is related to Prensa marginal.
- Периодическая печать is related to Prensa marginal.
- Prensa marginal has the broader concept Press.
- Prensa marginal is related to Presse locale.
- Prensa marginal is related to Газетная пресса.
- Prensa marginal is related to Периодическая печать."
http://vocabularies.unesco.org/thesaurus/concept1361,Target,Class,administraci n de oficina,"In digital humanities, “Administración de oficina” refers to the practical management of a DH workspace: coordinating projects, scheduling, budgeting, documentation workflows, compliance (data ethics, IP), resource allocation (software, servers), team communication, and maintaining repositories and records to support research and outreach.","- “Gestión de documentos” is related to “Administración de oficina”.
- “Ofimática” is related to “Administración de oficina”.
- “Service de bureau” has narrower concept “Administración de oficina”.
- “Administración de oficina” has broader concept “Service de bureau”.
- “Administración de oficina” is related to “Gestión de documentos”.
- “Administración de oficina” is related to “Ofimática”."
http://vocabularies.unesco.org/thesaurus/concept13924,Target,Class,syst me d information m dicale,"In digital humanities, a “Système d’information médicale” (medical information system) is an integrated set of digital tools and databases used to collect, manage, analyze, and share medical and health-related data (e.g., electronic health records, clinical datasets, metadata). In DH contexts, it supports research on healthcare practices, medical knowledge, and socio-cultural dimensions of medicine by enabling data curation, interoperability, text/data mining, and visualization across historical and contemporary medical sources.","- “Système d'information médicale” is a narrower concept of “Scientific information systems.”
- “Système d'information médicale” has the broader concept “Scientific information systems.”
- “Système d'information médicale” is related to “concept1772.”
- “Système d'information médicale” is related to “concept241.”"
http://vocabularies.unesco.org/thesaurus/concept14050,Target,Class,printing methods,"In digital humanities, “printing methods” refers to the historical and technical processes used to reproduce text and images—both analog and digital—and how these affect the creation, transmission, and interpretation of cultural materials. It spans:

- Pre-digital techniques: woodblock, movable type, letterpress, lithography, intaglio.
- Industrial/modern print: offset lithography, phototypesetting.
- Digital output: laser/inkjet printing, print-on-demand, PDF/ebook generation, digital typography and layout workflows.

Scholars study printing methods to understand materiality, typography, edition variance, circulation, and how production technologies shape reading practices and cultural impact.","- Photocomposition is a broader concept of Printing methods.
- Printing equipment is related to Printing methods.
- Лазерная печать is a broader concept of Printing methods.
- Офсетная печать is a broader concept of Printing methods.
- Печать иллюстраций is a broader concept of Printing methods.
- تجليد is a broader concept of Printing methods.
- تنضيد الحروف is a broader concept of Printing methods.
- طباعة has a narrower concept Printing methods.
- Printing methods is a broader concept of طباعة.
- Printing methods has narrower concepts: Photocomposition, Лазерная печать, Офсетная печать, Печать иллюстраций, تجليد, تنضيد الحروف.
- Printing methods is related to Printing equipment."
http://vocabularies.unesco.org/thesaurus/concept14100,Target,Class,Микрофиши,"In digital humanities, “микрофиши” (microfiche) are flat sheets of photographic film containing miniaturized images of documents. They were widely used for archiving and library preservation; today they’re often digitized to create searchable digital collections.","- “Microforme” has the narrower concept “Микрофиши”.
- “Микрофиши” has the broader concept “Microforme”."
http://vocabularies.unesco.org/thesaurus/concept14103,Target,Class,ميكروفيلم,"In digital humanities, ميكروفيلم (microfilm) is a photographic film used to store miniaturized images of documents for long-term preservation and compact archiving, often accessed via specialized readers or digitized for research.","- “Microforme” has narrower concept “ميكروفيلم”.
- “ميكروفильм” has broader concept “Microforme”."
http://vocabularies.unesco.org/thesaurus/concept14106,Target,Class,microphotography,"In digital humanities, microphotography refers to the photographic capture of very small objects or fine details (e.g., manuscript fibers, marginalia, type impressions) at high magnification to enable close analysis, preservation, and digital dissemination. It supports tasks like material studies, paleography, conservation assessment, and creating zoomable, high-resolution images for scholarly interpretation.","- Microforme is related to Microphotography.
- Publishing industry has narrower concept Microphotography.
- Reprographie is related to Microphotography.
- Оборудование для микроформ is related to Microphotography.
- طباعة is related to Microphotography.
- Microphotography is a broader concept of Publishing industry. [Note: From the triples, Microphotography skos:broader Publishing industry.]
- Microphotography is related to Microforme.
- Microphotography is related to Reprographie.
- Microphotography is related to concept345.
- Microphotography is related to Оборудование для микроформ.
- Microphotography is related to طباعة."
http://vocabularies.unesco.org/thesaurus/concept14542,Target,Class,newsprint,"In digital humanities, “newsprint” typically refers to:

- The low-cost paper used for printing newspapers (the physical medium).
- By extension, digitized newspaper content and its material traces—e.g., the qualities of the original paper (fragility, ink spread, layout) that affect digitization, OCR accuracy, metadata, and analysis of historical newspapers.","- “Newsprint” is a broader concept of “Papier d'impression”.
- “Papier d'impression” has the narrower concept “Newsprint”."
http://vocabularies.unesco.org/thesaurus/concept14595,Target,Class,norma,"In digital humanities, “norma” typically refers to a standard or rule used to ensure consistency—often in data modeling, text encoding, or metadata. It can denote:

- A formal standard (e.g., TEI guidelines as a norma for text encoding)
- A normalization practice (e.g., applying a norma to harmonize spelling, dates, or formats)
- A community-accepted convention that structures how digital texts, annotations, or datasets are represented and compared.","- Norma is a broader concept of Serials.
- Norma is related to concept13886.
- Serials has the narrower concept Norma."
http://vocabularies.unesco.org/thesaurus/concept1532,Target,Class,publicit,"In digital humanities, “Publicité” (French) refers to publicity/advertising—materials and practices for promoting content, products, or projects. It can denote:

- Historical advertisements as cultural artifacts studied with DH methods (text/image mining, metadata, circulation).
- The dissemination/promotion of DH projects (public outreach, social media, web presence).
- Paratexts in digitized periodicals labeled as advertising content.","- “Estudio de audiencia” is related to “Publicité”.
- “Group communication” is related to “Publicité”.
- “Publicité télévisée” is a narrower concept of “Publicité”.
- “Radio advertising” is a narrower concept of “Publicité”.
- “Radiodiffusion commerciale” is related to “Publicité”.
- “Transferencia de información” is related to “Publicité”.
- “Técnica de comunicación” is related to “Publicité”.
- “Коммуникационный процесс” has the narrower concept “Publicité”.
- “Массовые коммуникации” is related to “Publicité”.
- “Обратная связь (коммуникация)” is related to “Publicité”.
- “Общественная информация” is related to “Publicité”.
- “Реклама в прессе” is a narrower concept of “Publicité”.
- “Убеждение” is related to “Publicité”.
- “سيكولوجية الاتصالات” is related to “Publicité”.
- “علاقات عامة” is related to “Publicité”.
- “Publicité” is a narrower concept of “Коммуникационный процесс”.
- “Publicité” has the narrower concepts “Publicité télévisée”, “Radio advertising”, and “Реклама в прессе”.
- “Publicité” is related to “Estudio de audiencia”, “Group communication”, “Radiodiffusion commerciale”, “Transferencia de información”, “Técnica de comunicación”, “concept1539”, “concept1545”, “concept17120”, “concept628”, “Массовые коммуникации”, “Обратная связь (коммуникация)”, “Общественная информация”, “Убеждение”, “سيكولوجية الاتصالات”, and “علاقات عامة”."
http://vocabularies.unesco.org/thesaurus/concept1534,Target,Class,Реклама в прессе,"“Реклама в прессе” means “advertising in the press” (print media ads). In digital humanities, it typically refers to studying, digitizing, and analyzing newspaper and magazine advertisements—e.g., using OCR, metadata, and text/image analysis to explore trends, audiences, rhetoric, and media ecosystems.","- “Publicité” has a narrower concept “Реклама в прессе”.
- “Реклама в прессе” has a broader concept “Publicité”."
http://vocabularies.unesco.org/thesaurus/concept1535,Target,Class,radio advertising,"In a digital humanities context, radio advertising refers to the study and analysis of audio-based promotional content broadcast via radio (terrestrial, satellite, or streaming) as cultural and historical artifacts. It involves examining how ads construct audiences, use sound, language, and narrative, circulate through media ecologies, and reflect or shape social values, identities, and economies over time—often using digital methods (e.g., audio archiving, text/speech mining, metadata analysis, and visualization) to analyze content, distribution, and reception.","- “Publicité” has the narrower concept “Radio advertising.”
- “Radio advertising” has the broader concept “Publicité.”"
http://vocabularies.unesco.org/thesaurus/concept1536,Target,Class,publicit t l vis e,"In digital humanities, “Publicité télévisée” refers to television advertising viewed as a cultural and media artifact—analyzing TV ads’ content, form, production, distribution, audience reception, and socio-historical context using digital methods (e.g., corpus building, annotation, computational analysis, audiovisual archiving).","- “Publicité télévisée” is a narrower concept of “Publicité.”
- “Televisión comercial” is related to “Publicité télévisée.”
- “Publicité télévisée” is a broader concept of “Publicité.” [Note: This contradicts the first triple; assuming intended: “Publicité télévisée” has broader concept “Publicité.”]
- “Publicité télévisée” is related to “Televisión comercial.”"
http://vocabularies.unesco.org/thesaurus/concept1538,Target,Class,estudio de audiencia,"In digital humanities, “estudio de audiencia” refers to the systematic analysis of who engages with a digital project (e.g., archives, exhibits, tools), how they use it, and why. It combines quantitative metrics (traffic, engagement, user paths) and qualitative insights (user needs, motivations, accessibility, interpretation) to inform design, content strategy, outreach, and impact assessment of DH initiatives.","- Communication research has narrower concept Estudio de audiencia.
- Publicité is related to Estudio de audiencia.
- Sociología de la comunicación is related to Estudio de audiencia.
- Évaluation du public is broader than Estudio de audiencia.
- Коммуникационные пользователи is related to Estudio de audiencia.
- Участие аудитории is broader than Estudio de audiencia.
- ارقام التوزيع is broader than Estudio de audiencia.
- ردود فعل الجمهور is broader than Estudio de audiencia.
- سيكولوجية الاتصالات is related to Estudio de audiencia.
- Estudio de audiencia has broader concept Communication research.
- Estudio de audiencia has narrower concept Évaluation du public.
- Estudio de audiencia has narrower concept Участие аудитории.
- Estudio de audiencia has narrower concept ارقام التوزيع.
- Estudio de audiencia has narrower concept ردود فعل الجمهور.
- Estudio de audiencia is related to Publicité.
- Estudio de audiencia is related to Sociología de la comunicación.
- Estudio de audiencia is related to concept277.
- Estudio de audiencia is related to concept3325.
- Estudio de audiencia is related to Коммуникационные пользователи.
- Estudio de audiencia is related to سيكولوجية الاتصالات."
http://vocabularies.unesco.org/thesaurus/concept1540,Target,Class,radiodiffusion commerciale,"In digital humanities, “Radiodiffusion commerciale” refers to commercial radio broadcasting—producer- and advertiser-funded radio (as opposed to public or community radio). In DH contexts, it typically appears in metadata, archival descriptions, or analyses of media systems, indicating content or institutions tied to market-driven broadcast radio.","- “Publicité” is related to “Radiodiffusion commerciale”.
- “Radiodiffusion” has the narrower concept “Radiodiffusion commerciale”.
- “Televisión comercial” is related to “Radiodiffusion commerciale”.
- “Radiodiffusion commerciale” is a narrower concept of “Radiodiffusion”.
- “Radiodiffusion commerciale” is related to “Publicité”.
- “Radiodiffusion commerciale” is related to “Televisión comercial”.
- “Radiodiffusion commerciale” is related to “concept5674”."
http://vocabularies.unesco.org/thesaurus/concept1541,Target,Class,سيكولوجية الاتصالات,في سياق الإنسانيات الرقمية، سيكولوجية الاتصالات تعني دراسة كيف تؤثر العوامل النفسية (الإدراك، الانتباه، العواطف، الدوافع، الهوية) في إنتاج الرسائل الرقمية وتلقّيها وتفسيرها عبر الوسائط التقنية، وكيف تشكّل تصميمات المنصات والخوارزميات والسياقات الاجتماعية السلوك الاتصالي والمعنى. وتشمل تحليل تفاعل المستخدمين مع المحتوى، ديناميات الانتشار والتأثير، الانحيازات المعرفية، والثقة والمصداقية في البيئات الرقمية.,"- Communication research has the narrower concept “سيكولوجية الاتصالات”.
- Estudio de audiencia is related to “سيكولوجية الاتصالات”.
- Group communication is related to “سيكولوجية الاتصالات”.
- Propaganda is related to “سيكولوجية الاتصالات”.
- Publicité is related to “سيكولوجية الاتصالات”.
- Sociología de la comunicación is related to “سيكولوجية الاتصالات”.
- Коммуникационные пользователи is related to “سيكологическая الاتصالات”.
- Коммуникационный процесс is related to “سيكولوجية الاتصالات”.
- Массовые коммуникации is related to “سيكологическая الاتصالات”.
- Убеждение is related to “سيكولوجية الاتصالات”.
- اتصال بين الاشخاص is related to “سيكولوجية الاتصالات”.
- تأثير الاتصال is related to “سيكولوجية الاتصالات”.
- “سيكولوجية الاتصالات” has the broader concept Communication research.
- “سيكولوجية الاتصالات” is related to Estudio de audiencia, Group communication, Propaganda, Publicité, Sociología de la comunicación, concept311, concept377, Коммуникационные пользователи, Коммуникационный процесс, Массовые коммуникации, Убеждение, اتصال بين الاشخاص, and تأثير الاتصال."
http://vocabularies.unesco.org/thesaurus/concept1542,Target,Class,t cnica de comunicaci n,"In digital humanities, “técnica de comunicación” refers to the methods and tools used to create, transmit, and interpret information—especially how digital media (web platforms, social networks, visualization, multimedia, interactive narratives, metadata, and UX design) shape scholarly communication, public outreach, and collaboration. It encompasses practical strategies (e.g., data visualization styles, storytelling formats), platform choices, and protocols that affect clarity, accessibility, and audience engagement.","- “Publicité” is related to “Técnica de comunicación”.
- “Speech” is a broader concept of “Técnica de comunicación”.
- “Écoute” is a broader concept of “Técnica de comunicación”.
- “Коммуникационный процесс” is a narrower concept of “Técnica de comunicación”.
- “Невербальная коммуникация” is a broader concept of “Técnica de comunicación”.
- “Письмо (процесс)” is a broader concept of “Técnica de comunicación”.
- “قراءة” is a broader concept of “Técnica de comunicación”.
- “Técnica de comunicación” is a broader concept of “Коммуникационный процесс”.
- “Técnica de comunicación” has the narrower concepts “Speech”, “Écoute”, “Невербальная коммуникация”, “Письмо (процесс)”, and “قراءة”.
- “Técnica de comunicación” is related to “Publicité”, “concept2992”, and “concept5831”."
http://vocabularies.unesco.org/thesaurus/concept1543,Target,Class,Обратная связь (коммуникация),"В digital humanities «обратная связь (коммуникация)» — это система двустороннего обмена информацией между исследователями, технологиями/алгоритмами и аудиториями (участниками, сообществами, пользователями), которая позволяет:

- получать реакции на методы, интерфейсы и результаты (комментарии, правки, метаданные, аннотации);
- корректировать исследовательские модели, корпуса и визуализации на основе этих реакций;
- поддерживать итеративный цикл улучшения инструментов и интерпретаций.

Иными словами, это не только отклик аудитории, но и встроенный механизм взаимодействия, делающий исследование и цифровые продукты адаптивными и соучаствуемыми.","- Group communication is related to Обратная связь (коммуникация).
- Interactive communication is related to Обратная связь (коммуникация).
- Propaganda is related to Обратная связь (коммуникация).
- Publicité is related to Обратная связь (коммуникация).
- Коммуникационные пользователи is related to Обратная связь (коммуникация).
- Коммуникационный процесс has narrower concept Обратная связь (коммуникация).
- Массовые коммуникации is related to Обратная связь (коммуникация).
- Убеждение is related to Обратная связь (коммуникация).
- اتصال بين الاشخاص is related to Обратная связь (коммуникация).
- Обратная связь (коммуникация) is broader concept of Коммуникационный процесс.
- Обратная связь (коммуникация) is related to Group communication.
- Обратная связь (коммуникация) is related to Interactive communication.
- Обратная связь (коммуникация) is related to Propaganda.
- Обратная связь (коммуникация) is related to Publicité.
- Обратная связь (коммуникация) is related to Коммуникационные пользователи.
- Обратная связь (коммуникация) is related to Массовые коммуникации.
- Обратная связь (коммуникация) is related to Убеждение.
- Обратная связь (коммуникация) is related to اتصال بين الاشخاص."
http://vocabularies.unesco.org/thesaurus/concept1544,Target,Class,group communication,"In digital humanities, group communication is the coordinated exchange of information, ideas, and feedback among multiple participants—often across disciplines—using digital platforms (e.g., email lists, Slack, forums, collaborative documents, Git/GitHub, Zoom). It enables collective interpretation, collaborative authorship, project coordination, and decision-making in research and pedagogy.","- “Discussion de groupe” is a broader concept of “Group communication.”
- “Interactive communication” is related to “Group communication.”
- “Propaganda” is related to “Group communication.”
- “Publicité” is related to “Group communication.”
- “Коммуникационный процесс” is a narrower concept of “Group communication.”
- “Обратная связь (коммуникация)” is related to “Group communication.”
- “Убеждение” is related to “Group communication.”
- “اتصال بين الاشخاص” is related to “Group communication.”
- “سيكولوجية الاتصالات” is related to “Group communication.”
- “مؤتمرات” is a broader concept of “Group communication.”
- “Group communication” is a broader concept of “Коммуникационный процесс.”
- “Group communication” is a narrower concept of “Discussion de groupe.”
- “Group communication” is a narrower concept of “مؤتمرات.”
- “Group communication” is related to “Interactive communication.”
- “Group communication” is related to “Propaganda.”
- “Group communication” is related to “Publicité.”
- “Group communication” is related to “concept11644.”
- “Group communication” is related to “concept5943.”
- “Group communication” is related to “concept8183.”
- “Group communication” is related to “Обратная связь (коммуникация).”
- “Group communication” is related to “Убеждение.”
- “Group communication” is related to “اتصال بين الاشخاص.”
- “Group communication” is related to “سيكولوجية الاتصالات.”"
http://vocabularies.unesco.org/thesaurus/concept1546,Target,Class,Массовые коммуникации,"In digital humanities, “Массовые коммуникации” (Mass Communication) refers to the creation, distribution, and analysis of information addressed to large audiences via mediated channels—e.g., print, radio, television, internet platforms, and social media. DH approaches study how digital technologies shape message production, circulation, reception, and cultural impact (e.g., algorithms, platforms, virality, audience analytics, and digital discourse).","- “Opinión pública” is related to “Массовые коммуникации”.
- “Propaganda” is related to “Массовые коммуникации”.
- “Publicité” is related to “Массовые коммуникации”.
- “Коммуникационный процесс” has narrower concept “Массовые коммуникации”.
- “Обратная связь (коммуникация)” is related to “Массовые коммуникации”.
- “Общественная информация” is broader than “Массовые коммуникации”.
- “Средства массовой информации” is related to “Массовые коммуникации”.
- “Убеждение” is related to “Массовые коммуникации”.
- “اخلاقيات الاتصالات” is related to “Массовые коммуникации”.
- “تأثير الاتصال” is related to “Массовые коммуникации”.
- “سيكولوجية الاتصالات” is related to “Массовые коммуникации”.
- “علاقات عامة” is broader than “Массовые коммуникации”.

- “Массовые коммуникации” is broader than “Коммуникационный процесс”.
- “Массовые коммуникации” has narrower concepts “Общественная информация” and “علاقات عامة”.
- “Массовые коммуникации” is related to “Opinión pública”, “Propaganda”, “Publicité”, “concept17017”, “concept5731”, “concept5873”, “concept6465”, “Обратная связь (коммуникация)”, “Средства массовой информации”, “Убеждение”, “اخلاقيات الاتصالات”, “تأثير الاتصال”, “سيكولوجية الاتصالات”."
http://vocabularies.unesco.org/thesaurus/concept1547,Target,Class,Убеждение,"In digital humanities, “убеждение” (Russian) means “persuasion” or “conviction.” It refers to how arguments, narratives, or interfaces shape beliefs—e.g., rhetorical strategies in texts, persuasive design in digital platforms, or modeling how discourse influences public opinion.","- “Group communication” is related to “Убеждение”.
- “Propaganda” is broader than “Убеждение”.
- “Publicité” is related to “Убеждение”.
- “Коммуникационный процесс” is narrower than “Убеждение”.
- “Массовые коммуникации” is related to “Убеждение”.
- “Обратная связь (коммуникация)” is related to “Убеждение”.
- “Общественная информация” is related to “Убеждение”.
- “تأثير الاتصال” is related to “Убеждение”.
- “سيكولوجية الاتصالات” is related to “Убеждение”.
- “Убеждение” is broader than “Коммуникационный процесс”.
- “Убеждение” is narrower than “Propaganda”.
- “Убеждение” is related to “Group communication”.
- “Убеждение” is related to “Publicité”.
- “Убеждение” is related to “concept11653”.
- “Убеждение” is related to “Массовые коммуникации”.
- “Убеждение” is related to “Обратная связь (коммуникация)”.
- “Убеждение” is related to “Общественная информация”.
- “Убеждение” is related to “تأثير الاتصال”.
- “Убеждение” is related to “سيكولوجية الاتصالات”."
http://vocabularies.unesco.org/thesaurus/concept1548,Target,Class,Общественная информация,"Общественная информация — это сведения, предоставляемые государственными и корпоративными учреждениями широкой публике для распространения знаний о программах и деятельности этих учреждений.","- “Opinión pública” is related to “Общественная информация”.
- “Propaganda” is related to “Общественная информация”.
- “Publicité” is related to “Общественная информация”.
- “Массовые коммуникации” has a narrower concept “Общественная информация”.
- “Официальные издания” is related to “Общественная информация”.
- “Распространение информации” is related to “Общественная информация”.
- “Убеждение” is related to “Общественная информация”.
- “اخلاقيات الاتصالات” is related to “Общественная информация”.
- “علاقات عامة” is related to “Общественная информация”.
- “Общественная информация” is broader than “Массовые коммуникации”.
- “Общественная информация” is related to “Opinión pública”.
- “Общественная информация” is related to “Propaganda”.
- “Общественная информация” is related to “Publicité”.
- “Общественная информация” is related to “concept1153”.
- “Общественная информация” is related to “concept11653”.
- “Общественная информация” is related to “concept17004”.
- “Общественная информация” is related to “concept5873”.
- “Общественная информация” is related to “Официальные издания”.
- “Общественная информация” is related to “Распространение информации”.
- “Общественная информация” is related to “Убеждение”.
- “Общественная информация” is related to “اخلاقيات الاتصالات”.
- “Общественная информация” is related to “علاقات عامة”."
http://vocabularies.unesco.org/thesaurus/concept1549,Target,Class,علاقات عامة,"In digital humanities, ""علاقات عامة"" means public relations: managing how a DH project, lab, or institution communicates with and engages its audiences (academics, cultural heritage partners, funders, and the public) via messaging, outreach, media, social platforms, events, and stakeholder relationships.","- “Opinión pública” is related to “علاقات عامة”.
- “Publicité” is related to “علاقات عامة”.
- “Массовые коммуникации” has narrower concept “علاقات عامة”.
- “Общественная информация” is related to “علاقات عامة”.
- “علاقات عامة” is a broader concept of “Массовые коммуникации”.
- “علاقات عامة” is related to “Opinión pública”.
- “علاقات عامة” is related to “Publicité”.
- “علاقات عامة” is related to “Общественная информация”."
http://vocabularies.unesco.org/thesaurus/concept1557,Target,Class,remote sensing,"Remote sensing: the advanced collection and analysis of data about Earth’s surface and natural resources—used for monitoring, forecasting, and assessment—by observing from aircraft, balloons, probes, or satellites and evaluating the gathered data.","- Codage has the narrower concept Remote sensing.
- Reconnaissance des caractères is related to Remote sensing.
- Telecommunications is related to Remote sensing.
- Remote sensing has the broader concept Codage.
- Remote sensing is related to Reconnaissance des caractères.
- Remote sensing is related to Telecommunications.
- Remote sensing is related to concept10624.
- Remote sensing is related to concept11168.
- Remote sensing is related to concept12690.
- Remote sensing is related to concept1555.
- Remote sensing is related to concept3269.
- Remote sensing is related to concept615."
http://vocabularies.unesco.org/thesaurus/concept15615,Target,Class,propagande de guerre,"In digital humanities, “propagande de guerre” refers to war propaganda: the strategic production and circulation of messages, images, and narratives intended to shape public opinion and behavior in the context of conflict. DH approaches analyze its creation, dissemination, and reception using computational methods (e.g., text mining, network analysis, image analysis) across media to trace rhetoric, bias, influence networks, and audience effects.","- “Propaganda” has narrower concept “Propagande de guerre”.
- “Propagande de guerre” has broader concept “Propaganda”."
http://vocabularies.unesco.org/thesaurus/concept15881,Target,Class,technical writing,"In digital humanities, technical writing is the clear, structured documentation that explains digital methods, tools, data, and workflows—for example, project charters, data dictionaries, metadata schemas, code/readme files, APIs, user guides, and reproducible protocols—so that scholars, collaborators, and the public can understand, use, and sustain DH projects.","- “Scientific information” is related to “Technical writing”.
- “Письмо (процесс)” has narrower concept “Technical writing”.
- “تبسيط العلوم” is related to “Technical writing”.
- “Technical writing” is a broader concept of “Письмо (процесс)”.
- “Technical writing” is related to “Scientific information”.
- “Technical writing” is related to “concept10651”.
- “Technical writing” is related to “تبسيط العلوم”."
http://vocabularies.unesco.org/thesaurus/concept15913,Target,Class,research registers,"In digital humanities, “research registers” are structured lists or databases that catalog ongoing and completed research projects, datasets, tools, or scholars. They typically include metadata (e.g., project title, description, methods, institutions, outputs, contacts) to make DH work discoverable, prevent duplication, foster collaboration, and support transparency and reuse. Examples include registries of DH projects, corpora, or tool directories.","- “Research registers” has a broader concept: “وثائق ثانوية”.
- “وثائق ثانوية” has a narrower concept: “Research registers”."
http://vocabularies.unesco.org/thesaurus/concept1604,Target,Class,ملصقات,"In digital humanities, ملصقات (mulṣaqāt) typically means “posters” or “stickers/labels.” It can refer to:
- Posters as visual artifacts (e.g., political/cultural posters) studied or digitized.
- Digital stickers/labels used as metadata tags or annotations applied to items in a collection.","- “ملصقات” is a narrower concept of “Support visuel”.
- “Support visuel” has the narrower concept “ملصقات”.
- “ملصقات” is related to “concept1539”.
- “ملصقات” is related to “concept343”."
http://vocabularies.unesco.org/thesaurus/concept16358,Target,Class,transistors,"In digital humanities, “transistors” refers to the basic switching components in electronic circuits that enable computation and data processing. They’re the tiny on/off (binary) devices inside CPUs and memory that make digital tools—text mining, visualization, NLP, databases—possible. In short, transistors underpin the hardware infrastructure that supports digital humanities research.","- “Transistors” has a broader concept “Полупроводники” (Semiconductors).
- “Полупроводники” (Semiconductors) has a narrower concept “Transistors”."
http://vocabularies.unesco.org/thesaurus/concept1682,Target,Class,agencia de noticias,"In digital humanities, “agencia de noticias” (Spanish) means a news agency—an organization that gathers, produces, and distributes news content (text, images, video, data) to media outlets. In DH contexts, it’s often a source of digitized corpora, metadata, and archives for analysis (e.g., topic modeling, network analysis, distant reading).","- “Circulation de l'information” is related to “Agencia de noticias”.
- “Journalism” is related to “Agencia de noticias”.
- “Publishing industry” has narrower concept “Agencia de noticias”.
- “Viabilité des médias” is related to “Agencia de noticias”.
- “Газетная пресса” is related to “Agencia de noticias”.
- “Agencia de noticias” is broader concept of “Publishing industry”.
- “Agencia de noticias” is related to “Circulation de l'information”.
- “Agencia de noticias” is related to “Journalism”.
- “Agencia de noticias” is related to “Viabilité des médias”.
- “Agencia de noticias” is related to “Газетная пресса”."
http://vocabularies.unesco.org/thesaurus/concept17000,Target,Class,Географические информационные системы,"Географические информационные системы — это информационные системы с географически привязанными данными, используемые для представления и анализа пространственной информации и поддержки принятия решений, особенно в управлении и использовании физического пространства человеком.","- Scientific information systems has narrower concept Географические информационные системы.
- تطبيقات الحاسب is related to Географические информационные системы.
- Географические информационные системы has broader concept Scientific information systems.
- Географические информационные системы is related to concept172.
- Географические информационные системы is related to concept3269.
- Географические информационные системы is related to concept5637.
- Географические информационные системы is related to concept7430.
- Географические информационные системы is related to تطبيقات الحاسب."
http://vocabularies.unesco.org/thesaurus/concept17010,Target,Class,biblioth que num rique,"A “Bibliothèque numérique” is an organized collection of information resources in digital or electronic format, made available to users through appropriate search systems, along with services that help users find and use those resources.","- “Bibliothèque numérique” is a narrower concept of “Bibliothèque.”
- “Digitalización” is related to “Bibliothèque numérique.”
- “نظم المعلومات على الخط المباشر” is related to “Bibliothèque numérique.”
- “Bibliothèque numérique” is a broader concept of “Bibliothèque.” (inverse of the first)
- “Bibliothèque numérique” is related to “Digitalización.”
- “Bibliothèque numérique” is related to “نظم المعلومات على الخط المباشر.”"
http://vocabularies.unesco.org/thesaurus/concept17021,Target,Class,Корреспонденция,"In digital humanities, “Корреспонденция” (Russian) typically means:

- Correspondence: letters, emails, messages between individuals (e.g., scholars, authors, officials) used as primary sources.
- A correspondence set/network: the body of exchanged communications analyzed for social networks, metadata, authorship, or discourse.
- Journalistic dispatches/reports (historical usage): published correspondents’ reports that can be digitized and analyzed.","- “Письмо (процесс)” has narrower concept “Корреспонденция”.
- “اتصال بين الاشخاص” is related to “Корреспонденция”.
- “Корреспонденция” has broader concept “Письмо (процесс)” and is related to “اتصال بين الاشخاص”."
http://vocabularies.unesco.org/thesaurus/concept17042,Target,Class,base de datos a texto completo,"In digital humanities, “base de datos a texto completo” means a database that provides the full text of sources (e.g., books, articles, newspapers, manuscripts), not just metadata or abstracts. Users can search within and read the complete content.","- “Digitalización” is related to “Base de datos a texto completo”.
- “Базы данных” has narrower concept “Base de datos a texto completo”.
- “Base de datos a texto completo” has broader concept “Базы данных”.
- “Base de datos a texto completo” is related to “Digitalización”."
http://vocabularies.unesco.org/thesaurus/concept17067,Target,Class,internet,"In digital humanities, the Internet is the global network infrastructure that enables access to, distribution of, and collaboration on digital cultural data—archives, texts, images, audiovisual materials—and supports the tools, platforms, and communities used for digitization, analysis, interpretation, and public engagement.","- “Digital platforms” is related to “Internet”.
- “Internet governance” is related to “Internet”.
- “Internet universality” is broader term of “Internet”.
- “Réseau informatique” is narrower term of “Internet”.
- “Электронная почта” is related to “Internet”.
- “وسائل التواصل الاجتماعي” is related to “Internet”.
- “Internet” is a broader term of “Réseau informatique”.
- “Internet” is a narrower term of “Internet universality”.
- “Internet” is related to “Digital platforms”.
- “Internet” is related to “Internet governance”.
- “Internet” is related to “concept1149”.
- “Internet” is related to “concept16979”.
- “Internet” is related to “concept16994”.
- “Internet” is related to “concept17004”.
- “Internet” is related to “concept5657”.
- “Internet” is related to “Электронная почта”.
- “Internet” is related to “وسائل التواصل الاجتماعي”."
http://vocabularies.unesco.org/thesaurus/concept17086,Target,Class,Сотовый телефон,"In the context of digital humanities, “сотовый телефон” means “cell phone” (mobile phone).","- “Téléphone” has a narrower concept “Сотовый телефон”.
- “اتصال بالاجهزة المحمولة” is related to “Сотовый телефон”.
- “Сотовый телефон” has a broader concept “Téléphone”.
- “Сотовый телефон” is related to “اتصال بالاجهزة المحمولة”."
http://vocabularies.unesco.org/thesaurus/concept17089,Target,Class,وسائل التواصل الاجتماعي,"In digital humanities, وسائل التواصل الاجتماعي means “social media” — platforms and tools (e.g., Twitter/X, Facebook, Instagram) used to create, share, and analyze digital content and social interactions.","- “Digital platforms” is related to “وسائل التواصل الاجتماعي”.
- “Internet” is related to “وسائل التواصل الاجتماعي”.
- “Средства массовой информации” has narrower concept “وسائل التواصل الاجتماعي”.
- “Участие аудитории” is related to “وسائل التواصل الاجتماعي”.
- “дезинформация” is related to “وسائل التواصل الاجتماعي”.
- “وسائل التواصل الاجتماعي” is broader than “Средства массовой информации”.
- “وسائل التواصل الاجتماعي” is related to “Digital platforms”.
- “وسائل التواصل الاجتماعي” is related to “Internet”.
- “وسائل التواصل الاجتماعي” is related to “concept17054”.
- “وسائل التواصل اجتماعی” is related to “Участие аудитории”.
- “وسائل التواصل الاجتماعي” is related to “дезинформация”."
http://vocabularies.unesco.org/thesaurus/concept17094,Target,Class,برمجيات مفتوحة المصدر,هي البرمجيات التي يتاح فيها الاطّلاع على الشيفرة المصدرية وتعديلها وإعادة توزيعها بحرّية. في الإنسانيات الرقمية، تُستخدم لتمكين الباحثين من فحص الأدوات منهجيًا، تخصيصها لاحتياجات مشاريع النصوص والبيانات، ضمان الشفافية وإمكانية التكرار، وتشجيع التعاون المجتمعي.,"- “Acceso a la información” is related to “برمجيات مفتوحة المصدر”.
- “oткрытый доступ” is related to “برمجيات مفتوحة المصدر”.
- “برمجيات مفتوحة المصدر” is a narrower concept of “Компьютерное программное обеспечение”.
- “برمجيات مفتوحة المصدر” is related to “Acceso a la información”.
- “برمجيات مفتوحة المصدر” is related to “concept17126”.
- “برمجيات مفتوحة المصدر” is related to “concept3090”.
- “برمجيات مفتوحة المصدر” is related to “oткрытый доступ”."
http://vocabularies.unesco.org/thesaurus/concept17116,Target,Class,дезинформация,"In the digital humanities context, дезинформация (Russian: “disinformation”) means intentionally false or misleading information created and disseminated to deceive, manipulate public opinion, or distort understanding—often studied in relation to media ecosystems, platforms, propaganda, and misinformation dynamics.","- “Propaganda” has narrower concept “дезинформация”.
- “дезинформация” has broader concept “Propaganda”.
- “اخلاقيات الاتصالات” is related to “дезинформация”.
- “وسائل التواصل الاجتماعي” is related to “дезинформация”.
- “concept17017” is related to “дезинформация”."
http://vocabularies.unesco.org/thesaurus/concept17127,Target,Class,o,It means “open access”: making knowledge resources available to the public at large scale without barriers such as subscription fees or access charges.,"- “Acceso a la información” has narrower concept “oткрытый доступ”.
- “Datos abiertos” is related to “oткрытый доступ”.
- “Издательское дело в электронной форме” is related to “oткрытый доступ”.
- “برمجيات مفتوحة المصدر” is related to “oткрытый доступ”.
- “oткрытый доступ” has broader concept “Acceso a la información”.
- “oткрытый доступ” is related to “Datos abiertos”.
- “oткрытый доступ” is related to “concept17093”.
- “oткрытый доступ” is related to “concept17126”.
- “oткрытый доступ” is related to “Издательское дело в электронной форме”.
- “oткрытый доступ” is related to “برمجيات مفتوحة المصدر”."
http://vocabularies.unesco.org/thesaurus/concept17128,Target,Class,datos abiertos,"Datos abiertos: práctica de publicar datos (en bruto) de forma accesible, reutilizable, legible por máquinas y con licencias permisivas. Pueden ser generados por autoridades públicas, el sector paraestatal, empresas y el público.","- “Acceso a la información” has narrower concept “Datos abiertos”.
- “oткрытый доступ” is related to “Datos abiertos”.
- “Datos abiertos” has broader concept “Acceso a la información”.
- “Datos abiertos” is related to “concept17126”.
- “Datos abiertos” is related to “oткрытый доступ”."
http://vocabularies.unesco.org/thesaurus/concept17138,Target,Class,internet universality,"Internet universality is the principle that the Internet should be based on human Rights, be Open, be Accessible to all, and be shaped by Multistakeholder participation—often summarized as the ROAM (or DAAM/DOAM) principles.","- “Acceso a la información” is related to “Internet universality”.
- “Internet” has the narrower concept “Internet universality”.
- “Internet universality” has the broader concept “Internet”.
- “Internet universality” is related to “Acceso a la información”.
- “Internet universality” is related to “concept1154”."
http://vocabularies.unesco.org/thesaurus/concept17140,Target,Class,desarrollo de los medios de comunicaci n,"In digital humanities, “Desarrollo de los medios de comunicación” refers to the historical and socio-technical evolution of communication media—print, radio, film, television, internet, and social platforms—including how their forms, technologies, infrastructures, and institutions change over time and shape cultural production, circulation, and reception of information. It often involves studying digitization, platformization, datafication, and their impacts on access, authorship, audiences, and power.","- “Diversidad mediática” is a broader concept of “Desarrollo de los medios de comunicación”.
- “Développement de la communication” has a narrower concept “Desarrollo de los medios de comunicación”.
- “Pluralismo de los medios de comunicación” is a broader concept of “Desarrollo de los medios de comunicación”.
- “Viabilité des médias” is a broader concept of “Desarrollo de los medios de comunicación”.
- “Средства массовой информации” is related to “Desarrollo de los medios de comunicación”.
- “Desarrollo de los medios de comunicación” is a broader concept of “Développement de la communication”.
- “Desarrollo de los medios de comunicación” has narrower concepts: “Diversidad mediática”, “Pluralismo de los medios de comunicación”, “Viabilité des médias”.
- “Desarrollo de los medios de comunicación” is related to “Средства массовой информации”."
http://vocabularies.unesco.org/thesaurus/concept17141,Target,Class,viabilit des m dias,"In digital humanities, “viabilité des médias” (media viability) refers to the capacity of media ecosystems—platforms, outlets, and infrastructures—to sustain themselves over time in economic, technical, and socio-cultural terms. It includes:

- Economic: sustainable funding models, revenue diversification, resource allocation.
- Technical: preservation, interoperability, open standards, platform stability, and resilience to obsolescence.
- Organizational: governance, workflows, skills, and ethical practices.
- Audience and impact: credible reach, community engagement, accessibility, and relevance.
- Preservation and access: long-term archiving, FAIR principles, and citability of digital objects.

In short, it’s the sustainability and resilience of media production, distribution, and preservation within DH projects and institutions.","- “Agencia de noticias” is related to “Viabilité des médias”.
- “Desarrollo de los medios de comunicación” has narrower concept “Viabilité des médias”.
- “Financiación de la comunicación” is related to “Viabilité des médias”.
- “Viabilité des médias” is a broader concept of “Desarrollo de los medios de comunicación”.
- “Viabilité des médias” is related to “Agencia de noticias”.
- “Viabilité des médias” is related to “Financiación de la comunicación”."
http://vocabularies.unesco.org/thesaurus/concept17142,Target,Class,internet governance,"Internet governance is the development and application—by governments, the private sector, and civil society, in their respective roles—of shared principles, norms, rules, decision‑making procedures, and programs that shape the evolution and use of the Internet.","- Communication legislation is related to Internet governance.
- Internet is related to Internet governance.
- ادارة الاتصالات has narrower concept Internet governance.
- Internet governance is broader than ادارة الاتصالات.
- Internet governance is related to Communication legislation.
- Internet governance is related to Internet.
- Internet governance is related to concept10360.
- Internet governance is related to concept5752."
http://vocabularies.unesco.org/thesaurus/concept17145,Target,Class,pluralismo de los medios de comunicaci n,"Pluralismo de los medios de comunicación: existencia de una variedad suficiente de medios y contenidos ofrecidos por una amplia gama de propietarios —públicos, privados y sin fines de lucro— que garantiza diversidad de voces y perspectivas.","- “Communication control” is related to “Pluralismo de los medios de comunicación”.
- “Desarrollo de los medios de comunicación” has narrower concept “Pluralismo de los medios de comunicación”.
- “Pluralismo de los medios de comunicación” has broader concept “Desarrollo de los medios de comunicación”.
- “Pluralismo de los medios de comunicación” is related to “Communication control”.
- “Pluralismo de los medios de comunicación” is related to “concept4836”."
http://vocabularies.unesco.org/thesaurus/concept17149,Target,Class,diversidad medi tica,"“Diversidad mediática” es la disponibilidad de una variedad suficiente de contenidos y voces en los medios, de modo que múltiples perspectivas, formatos y comunidades estén representados y accesibles en el ecosistema mediático (en humanidades digitales, a través de plataformas y recursos digitales).","- “Desarrollo de los medios de comunicación” has narrower concept “Diversidad mediática”.
- “Средства массовой информации” is related to “Diversidad mediática”.
- “محتوى البرامج” is related to “Diversidad mediática”.
- “Diversidad mediática” has broader concept “Desarrollo de los medios de comunicación”.
- “Diversidad mediática” is related to “concept4836”.
- “Diversidad mediática” is related to “Средства массовой информации”.
- “Diversidad mediática” is related to “محتوى البرامج”."
http://vocabularies.unesco.org/thesaurus/concept17162,Target,Class,digital platforms,"In digital humanities, “digital platforms” are the online or software environments that host, curate, analyze, and share humanities data and scholarship. They provide tools and infrastructures for activities like digitization, annotation, text mining, visualization, collaboration, and publication—e.g., repositories, content management systems, data portals, annotation tools, and interactive exhibits used to create and disseminate humanities research.","- “Information exchange” is related to “Digital platforms”.
- “Internet” is related to “Digital platforms”.
- “بحث على الخط المباشر” is related to “Digital platforms”.
- “نظم المعلومات على الخط المباشر” has the narrower concept “Digital platforms”.
- “وسائل التواصل الاجتماعي” is related to “Digital platforms”.
- “Digital platforms” has the broader concept “نظم المعلومات على الخط المباشر”.
- “Digital platforms” is related to “Information exchange”.
- “Digital platforms” is related to “Internet”.
- “Digital platforms” is related to “بحث على الخط المباشر”.
- “Digital platforms” is related to “وسائل التواصل الاجتماعي”."
http://vocabularies.unesco.org/thesaurus/concept1769,Target,Class,agricultural information systems,"In the context of digital humanities, Agricultural Information Systems are sociotechnical infrastructures—data models, databases, platforms, and workflows—that collect, curate, analyze, and disseminate agricultural knowledge (e.g., crops, soils, climate, practices, policies) while also capturing their historical, cultural, and social dimensions. They integrate heterogeneous sources (archives, field data, sensors, oral histories, extension records), apply computational methods (GIS, text mining, ontologies, visualization), and support interpretation, preservation, and open access, enabling scholars and communities to study how agricultural practices, knowledge networks, and environmental change evolve across time, place, and society.","- Scientific information systems has narrower concept Agricultural information systems.
- مكتبات زراعية is related to Agricultural information systems.
- Agricultural information systems has broader concept Scientific information systems.
- Agricultural information systems is related to concept1741.
- Agricultural information systems is related to concept1772.
- Agricultural information systems is related to مكتبات زراعية."
http://vocabularies.unesco.org/thesaurus/concept1771,Target,Class,مكتبات زراعية,"In digital humanities, ""مكتبات زراعية"" means agricultural libraries—collections (often digital) that curate, preserve, and provide access to agriculture-related resources (e.g., agronomy texts, datasets, maps, extension bulletins), enabling computational analysis, metadata curation, and digital preservation of agricultural knowledge.","- “Agricultural information systems” is related to “مكتبات زراعية”.
- “Специализированные библиотеки” has narrower concept “مكتبات زراعية”.
- “مكتبات بحثية” is related to “مكتبات زراعية”.
- “مكتبات زراعية” is a narrower concept of “Специализированные библиотеки”.
- “مكتبات زراعية” is related to “Agricultural information systems”.
- “مكتبات زراعية” is related to “مكتبات بحثية”."
http://vocabularies.unesco.org/thesaurus/concept1784,Target,Class,مكتبات بحثية,"في سياق الإنسانيات الرقمية، ""مكتبات بحثية"" تعني مؤسسات أو منصات تجمع وتنظم مصادر علمية (كتب، مخطوطات، أرشيفات رقمية، قواعد بيانات، مجلات) وتوفرها للباحثين عبر أدوات رقمية متقدمة للبحث، الفهرسة، التحليل، والتنقيب النصي/البياني، لدعم الدراسات الإنسانية المعتمدة على البيانات.","- “Scientific information” is related to “مكتبات بحثية”.
- “Специализированные библиотеки” has the narrower concept “مكتبات بحثية”.
- “مكتبات زراعية” is related to “مكتبات بحثية”.
- “مكتبات صناعية” is related to “مكتبات بحثية”.
- “مكتبات بحثية” is a narrower concept of “Специализированные библиотеки”.
- “مكتبات بحثية” is related to “Scientific information”, “مكتبات زراعية”, and “مكتبات صناعية”."
http://vocabularies.unesco.org/thesaurus/concept1985,Target,Class,البومات,"In digital humanities context, ""الألبومات"" means ""albums""—curated collections of items (e.g., images, audio, documents) grouped for presentation, analysis, or archival purposes.","- ""البومات"" is a broader concept of ""كتب"". → Incorrect per SKOS:broader.
- Correct readings:
  - ""البومات"" has broader concept ""كتب"".
  - ""كتب"" has narrower concept ""البومات""."
http://vocabularies.unesco.org/thesaurus/concept2074,Target,Class,Распределение частот,"In digital humanities, “распределение частот” (frequency distribution) is a summary of how often each value or category occurs in a dataset (e.g., word counts in a corpus, motif occurrences across texts). It typically lists items with their frequencies or groups them into bins to show patterns such as common/rare terms, stylistic tendencies, or temporal shifts.","- “Radiodiffusion” is related to “Распределение частот”.
- “هندسة الراديو” has narrower concept “Распределение частот”.
- “Распределение частот” has broader concept “هندسة الراديو”.
- “Распределение частот” is related to “Radiodiffusion”.
- “Распределение частот” is related to “concept2076”."
http://vocabularies.unesco.org/thesaurus/concept2091,Target,Class,c,"It means “high-definition television” (HDTV) — higher-resolution video formats used for broadcasting and audiovisual media, relevant in digital humanities for analyzing/archiving higher-quality visual data.","- “Телевидение c высоким разрешением” is a narrower concept of “Ingeniería de la televisión”.
- “Télévision couleur” is related to “Телевидение c высоким разрешением”.
- “Телевидение по замкнутому каналу” is related to “Телевидение c высоким разрешением”.
- “تلفزيون كابلي” is related to “Телевидение c высоким разрешением”.
- “Телевидение c высоким разрешением” is a broader concept of “Ingeniería de la televisión”. 
- “Телевидение c высоким разрешением” is related to “Télévision couleur”, “Телевидение по замкнутому каналу”, and “تلفزيون كابلي”."
http://vocabularies.unesco.org/thesaurus/concept2196,Target,Class,Автоматизированный текстовый анализ,"“Автоматизированный текстовый анализ” в цифровых гуманитарных науках — это применение вычислительных методов и программ к корпусам текстов для извлечения структур, паттернов и смыслов без ручного прочтения. Включает, например:
- очистку и разметку текста;
- частотный и статистический анализ;
- тематическое моделирование, кластеризацию;
- анализ сентимента и тональности;
- извлечение именованных сущностей и связей;
- стилометрию и атрибуцию авторства;
- построение сетей и визуализации.","- “Indexación automática” is a broader concept of “Автоматизированный текстовый анализ.”
- “Información/biblioteca, investigación” has a narrower concept “Автоматизированный текстовый анализ.”
- “تطبيقات الحاسب” is related to “Автоматизированный текстовый анализ.”
- “Автоматизированный текстовый анализ” is a broader concept of “Información/biblioteca, investigación.”
- “Автоматизированный текстовый анализ” has a narrower concept “Indexación automática.”
- “Автоматизированный текстовый анализ” is related to “تطبيقات الحاسب.”"
http://vocabularies.unesco.org/thesaurus/concept2214,Target,Class,data analysis,"In digital humanities, data analysis is the systematic examination of digitized cultural data (e.g., texts, images, audio, metadata, social networks) using computational and statistical methods to discover patterns, interpret meaning, and answer humanities research questions. It includes tasks like cleaning and structuring data, text mining (e.g., topic modeling, sentiment, stylometry), network and spatial analysis, visualization, and interpreting results within historical, cultural, or linguistic contexts.","- Codage is related to Data analysis.
- Сбор данных is related to Data analysis.
- معالجة البيانات has narrower concept Data analysis.
- Data analysis has broader concept معالجة البيانات.
- Data analysis is related to Codage.
- Data analysis is related to concept106.
- Data analysis is related to concept17105.
- Data analysis is related to concept7388.
- Data analysis is related to Сбор данных."
http://vocabularies.unesco.org/thesaurus/concept2232,Target,Class,an lisis documental,"En humanidades digitales, el análisis documental es el conjunto de métodos para describir, interpretar y estructurar información contenida en documentos (textos, imágenes, audio, datos) con fines de organización, recuperación y estudio computacional. Incluye tareas como identificación de temas y entidades, clasificación, resumen, extracción de metadatos, normalización, indexación y modelado (por ejemplo, NLP, topic modeling), a fin de hacer los corpus legibles por máquina y analizables a escala.","- “Catalogage” is related to “Análisis documental”.
- “Indexación” is a broader concept of “Análisis documental”.
- “Information processing” is a narrower concept of “Análisis documental”.
- “استخلاص” is a broader concept of “Análisis documental”.
- “Análisis documental” is a broader concept of “Information processing”.
- “Análisis documental” is a narrower concept of “Indexación”.
- “Análisis documental” is a narrower concept of “استخلاص”.
- “Análisis documental” is related to “Catalogage”."
http://vocabularies.unesco.org/thesaurus/concept2258,Target,Class,Аналоговые компьютеры,"In digital humanities, “Аналоговые компьютеры” (Russian) means “analog computers”: computing devices that represent data as continuous physical quantities (e.g., voltage, rotation) rather than discrete digits. They’re studied as historical technologies for simulation, modeling, and as artifacts of media/technology culture.","- “Ordenador” has narrower concept “Аналоговые компьютеры”.
- “Аналоговые компьютеры” has broader concept “Ordenador”."
http://vocabularies.unesco.org/thesaurus/concept2478,Target,Class,annuaire,"Annuaire: an annual volume of current information presented in descriptive and/or statistical form, sometimes limited to a specific field.","- “Serials” is related to “Annuaire”.
- “دوريات” has narrower concept “Annuaire”.
- “Annuaire” has broader concept “دوريات”.
- “Annuaire” is related to “Serials”."
http://vocabularies.unesco.org/thesaurus/concept2488,Target,Class,antena,"In digital humanities, “Antena” most commonly refers to Antena Aire (often just “Antena”): a collaborative, bilingual (English–Spanish) language justice and translation project founded by Jen Hofer and John Pluecker. It focuses on translation as a social practice, language accessibility, and equitable multilingual engagement in cultural and scholarly spaces, often partnering with DH projects, archives, and community organizations.","- “Antena” is a broader concept’s narrower term of “Matériel radio/TV”.
- “Antena” is related to “concept2076”.
- “Matériel radio/TV” has the narrower concept “Antena”."
http://vocabularies.unesco.org/thesaurus/concept2491,Target,Class,Антологии,"Антологии — это сборники произведений одного или нескольких авторов, отобранных для определённой цели или по заданным критериям (теме, периоду, жанру, перспективе), часто используемые в цифровых гуманитарных науках для курирования и анализа текстов.","- “Антологии” is a broader concept related to “concept2493”.
- “Антологии” is a broader concept related to “concept328”.
- “Антологии” is a narrower concept of “وثائق ثانوية”.
- “وثائق ثانوية” has the narrower concept “Антологии”."
http://vocabularies.unesco.org/thesaurus/concept2727,Target,Class,archive automation,"In digital humanities, archive automation refers to using computational tools and workflows to streamline the creation, processing, management, and access of archival materials. It includes tasks like batch digitization, metadata extraction and enrichment (e.g., OCR, NLP, entity recognition), file organization and preservation actions, format migration, indexing and search, and automated publishing or API exposure—reducing manual labor while improving scalability, consistency, discoverability, and long-term preservation.","- “Informatisation des bibliothèques” is related to “Archive automation”.
- “Matériel lisible en machine” is related to “Archive automation”.
- “تطبيقات الحاسب” has narrower concept “Archive automation”.
- “Archive automation” is broader than “تطبيقات الحاسب”.
- “Archive automation” is related to “Informatisation des bibliothèques”.
- “Archive automation” is related to “Matériel lisible en machine”."
http://vocabularies.unesco.org/thesaurus/concept2730,Target,Class,informatisation des biblioth ques,"In digital humanities, “informatisation des bibliothèques” refers to the digitization and computerization of library functions and collections: implementing integrated library systems, digital catalogs (OPACs), metadata standards, digitization of documents, digital repositories, online access services, and workflows that enable data-driven management, interoperability, and computational research on library holdings.","- “Archive automation” is related to “Informatisation des bibliothèques”.
- “Informatisation des bibliothèques” is related to “Archive automation”.
- “تطبيقات الحاسب” has narrower concept “Informatisation des bibliothèques”.
- “Informatisation des bibliothèques” is broader than “تطبيقات الحاسب”."
http://vocabularies.unesco.org/thesaurus/concept2731,Target,Class,mat riel lisible en machine,"In digital humanities, “Matériel lisible en machine” means information encoded in a way that requires a computer to process it—i.e., machine-readable data.","- “Archive automation” is related to “Matériel lisible en machine”.
- “Indexación automática” is related to “Matériel lisible en machine”.
- “Базы данных” is related to “Matériel lisible en machine”.
- “Электронные носители” is related to “Matériel lisible en machine”.
- “تطبيقات الحاسب” is related to “Matériel lisible en machine”.
- “وثائق” has narrower concept “Matériel lisible en machine”.
- “Matériel lisible en machine” is broader than “وثائق”.
- “Matériel lisible en machine” is related to “Archive automation”.
- “Matériel lisible en machine” is related to “Indexación automática”.
- “Matériel lisible en machine” is related to “Базы данных”.
- “Matériel lisible en machine” is related to “Электронные носители”.
- “Matériel lisible en machine” is related to “تطبيقات الحاسب”."
http://vocabularies.unesco.org/thesaurus/concept2735,Target,Class,archive development,"In digital humanities, “archive development” refers to the planning, creation, and ongoing maintenance of digital collections of cultural, historical, or scholarly materials. It typically includes:

- Defining scope, metadata standards, and ethical/access policies
- Digitizing and ingesting materials; ensuring preservation-quality formats
- Describing items with structured metadata for discovery and interoperability
- Building user interfaces and search/browse tools
- Implementing digital preservation workflows and storage
- Addressing rights, consent, and community collaboration
- Iterative assessment, sustainability planning, and documentation

The goal is to make materials findable, accessible, interoperable, and preservable for research, teaching, and public engagement.","- “Archivos” is related to “Archive development”.
- “Gestión de archivos” has narrower concept “Archive development”.
- “Планирование деятельности архивов” is related to “Archive development”.
- “تطوير المعلومات/المكتبات” is related to “Archive development”.
- “Archive development” is broader than “Gestión de archivos”.
- “Archive development” is related to “Archivos”.
- “Archive development” is related to “Планирование деятельности архивов”.
- “Archive development” is related to “تطوير المعلومات/المكتبات”."
http://vocabularies.unesco.org/thesaurus/concept2737,Target,Class,Планирование деятельности архивов,"“Планирование деятельности архивов” in digital humanities means the strategic and operational planning of archival work—now with a focus on digital assets. It includes:

- Defining goals for acquisition, digitization, description, preservation, and access to digital and digitized collections
- Setting policies for metadata standards, formats, rights, and ethical use
- Allocating resources (staff, infrastructure, storage, workflows, budgets) for digital preservation and long-term access
- Implementing systems (repositories, DAMS, OAIS-aligned workflows) and interoperability with research tools
- Scheduling projects (digitization, metadata enrichment, OCR/HTR, IIIF deployment)
- Risk management (obsolescence, integrity, security) and sustainability planning
- Evaluation metrics for usability, accessibility, and research impact

In short: coordinated planning of archival functions adapted to digital lifecycles and DH research needs.","- “Archive development” is related to “Планирование деятельности архивов”.
- “Gestión de archivos” has narrower concept “Планирование деятельности архивов”.
- “Планирование в области информации/библиотечного дела” is related to “Планирование деятельности архивов”.
- “Планирование деятельности архивов” is a broader concept of “Gestión de archivos”.
- “Планирование деятельности архивов” is related to “Archive development”.
- “Планирование деятельности архивов” is related to “Планирование в области информации/библиотечного дела”."
http://vocabularies.unesco.org/thesaurus/concept2738,Target,Class,تطوير المعلومات/المكتبات,"In digital humanities, تطوير المعلومات/المكتبات refers to developing and advancing information and library systems to support humanities research using digital methods. This includes:
- Building and improving digital repositories, catalogs, and metadata standards
- Digitization of texts, images, and archives
- Implementing tools for text mining, OCR, NLP, GIS, and data visualization
- Designing user-centered discovery and access platforms
- Preserving digital assets and ensuring interoperability (e.g., IIIF, linked data)
- Developing policies, workflows, and skills for digital scholarship support","- “Archive development” is related to “تطوير المعلومات/المكتبات”.
- “Información/biblioteca, política” has narrower concept “تطوير المعلومات/المكتبات”.
- “Планирование в области информации/библиотечного дела” is related to “تطوير المعلومات/المكتبات”.
- “حواسب وتنمية” is related to “تطوير المعلومات/المكتبات”.
- “تطوير المعلومات/المكتبات” is broader than “Información/biblioteca, política”.
- “تطوير المعلومات/المكتبات” is related to “Archive development”.
- “تطوير المعلومات/المكتبات” is related to “Планирование в области информации/библиотечного дела”.
- “تطوير المعلومات/المكتبات” is related to “حواسب وتنمية”."
http://vocabularies.unesco.org/thesaurus/concept2743,Target,Class,Работники архивов,"“Работники архивов” means “archival workers” or “archive staff” — professionals who manage, preserve, describe, and provide access to archival materials. In digital humanities, this often includes digitization, metadata creation, digital preservation, and supporting researchers’ use of digital archives.","- “Archivists” is a broader concept than “Работники архивов”.
- “Archivos” is related to “Работники архивов”.
- “Information scientists” is related to “Работники архивов”.
- “Information/library personnel” is a narrower concept than “Работники архивов”.
- “Технические сотрудники библиотек” is related to “Работники архивов”.
- “مكتبيون” is related to “Работники архивов”.
- “Работники архивов” is a broader concept than “Information/library personnel”.
- “Работники архивов” is a narrower concept than “Archivists”.
- “Работники архивов” is related to “Archivos”.
- “Работники архивов” is related to “Information scientists”.
- “Работники архивов” is related to “concept2740”.
- “Работники архивов” is related to “Технические сотрудники библиотек”.
- “Работники архивов” is related to “مكتبيون”."
http://vocabularies.unesco.org/thesaurus/concept2744,Target,Class,علم الارشيف,"في سياق الإنسانيات الرقمية، علم الأرشيف هو المجال الذي يدرس نظريّات ومناهج تنظيم وحفظ ووصف وإتاحة السجلات والوثائق، مع توظيف الأدوات الرقمية. يشمل:

- التحويل الرقمي (الرقمنة) وحفظ الملفات رقمياً وإدارتها على المدى الطويل.
- معايير الوصف والبيانات الوصفية والربط البيني لإتاحة البحث والاكتشاف.
- إدارة دورة حياة الوثيقة وسياسات الوصول والخصوصية.
- استخدام التحليلات والخوارزميات لاكتشاف الأنماط وبناء مجموعات بيانات بحثية من الأرشيفات.","- “Archivists” is related to “علم الارشيف”.
- “Archivos” is related to “علم الارشيف”.
- “Bibliothéconomie” is related to “علم الارشيف”.
- “تاريخ الارشيفات” is broader than “علم الارشيف”.
- “علوم المعلومات” is narrower than “علم الارشيف”.
- “علم الارشيف” is broader than “علوم المعلومات”.
- “علم الارشيف” is narrower than “تاريخ الارشيفات”.
- “علم الارشيف” is related to “Archivists”.
- “علم الارشيف” is related to “Archivos”.
- “علم الارشيف” is related to “Bibliothéconomie”.
- “علم الارشيف” is related to “concept2740”."
http://vocabularies.unesco.org/thesaurus/concept2745,Target,Class,archivists,"In digital humanities, archivists are information professionals who appraise, acquire, describe, preserve, and provide access to records and collections—now often in digital or digitized form. They manage metadata, ensure long-term digital preservation and authenticity, design access systems, and collaborate with scholars to make digital archives usable for research, teaching, and public engagement.","- “Archivos” is related to “Archivists”.
- “Работники архивов” has a narrower concept “Archivists”.
- “علم الارشيف” is related to “Archivists”.
- “Archivists” has a broader concept “Работники архивов”.
- “Archivists” is related to “Archivos”.
- “Archivists” is related to “concept2740”.
- “Archivists” is related to “concept678”.
- “Archivists” is related to “علم الارشيف”."
http://vocabularies.unesco.org/thesaurus/concept2748,Target,Class,quipement d archives,"In digital humanities, “Équipement d’archives” refers to the tools, systems, and infrastructure used to preserve, manage, and provide access to archival materials in digital form. This can include:

- Hardware: scanners, servers, storage arrays, backup systems
- Software: digital repository platforms (e.g., Fedora, DSpace), cataloging/metadata tools, OCR, preservation suites
- Standards and protocols: metadata schemas (Dublin Core, EAD), preservation formats (TIFF, PDF/A), OAIS-compliant workflows
- Access platforms: discovery interfaces, APIs, IIIF viewers
- Environmental/support elements: preservation policies, fixity checking, versioning, and documentation

In short: the technical and organizational setup enabling digital archiving and access.","- “Информационное/библиотечное оборудование” is related to “Équipement d'archives”.
- “مرافق الارشيفات” has narrower concept “Équipement d'archives”.
- “Équipement d'archives” has broader concept “مرافق الارشيفات”.
- “Équipement d'archives” is related to “Информационное/библиотечное оборудование”."
http://vocabularies.unesco.org/thesaurus/concept2750,Target,Class,Информационное/библиотечное оборудование,"It means the tools and infrastructure that support information and library work in digital humanities, including:
- Hardware: servers, storage, scanners, digitization stations, workstations, VR/AR kits.
- Software platforms: library ILS/LSP, digital repositories, cataloging/metadata tools, discovery layers, OCR/HTR, text mining, NLP, GIS, IIIF viewers.
- Data/services: institutional repositories, archives, knowledge graphs, persistent identifiers, APIs.
- Access/interaction: OPACs, web portals, research data management systems, authentication (SSO), usage analytics.

In short: the equipment and systems used to collect, digitize, describe, preserve, and provide access to cultural and scholarly materials for DH research.","- “Équipement d'archives” is related to “Информационное/библиотечное оборудование”.
- “Информационное/библиотечное оборудование” is narrower than “مرافق المعلومات/المكتبات”.
- “مرافق المعلومات/المكتبات” is broader than “Информационное/библиотечное оборудование”.
- “Информационное/библиотечное оборудование” is related to “Équipement d'archives”."
http://vocabularies.unesco.org/thesaurus/concept2752,Target,Class,مرافق الارشيفات,"In digital humanities, ""مرافق الأرشيفات"" means ""archival facilities""—the institutions, repositories, or physical/digital spaces that house, preserve, and provide access to archives (e.g., libraries, archives, museums, data centers, and digital repositories).","- “Archive repositories” is a broader concept of “مرافق الارشيفات”.
- “Archivos” is related to “مرافق الارشيفات”.
- “Équipement d'archives” is a broader concept of “مرافق الارشيفات”.
- “مرافق المعلومات/المكتبات” is a narrower concept of “مرافق الارشيفات”.
- “مرافق الارشيفات” is a broader concept of “مرافق المعلومات/المكتبات”.
- “مرافق الارشيفات” is a narrower concept of “Archive repositories”.
- “مرافق الارشيفات” is a narrower concept of “Équipement d'archives”.
- “مرافق الارشيفات” is related to “Archivos”."
http://vocabularies.unesco.org/thesaurus/concept2753,Target,Class,archive repositories,"In digital humanities, “archive repositories” are trusted platforms or institutions that collect, preserve, describe, and provide access to digital (and digitized) cultural, historical, and scholarly materials. They:

- Ingest and curate primary sources (manuscripts, images, audio/video, datasets, born-digital files)
- Ensure long-term preservation (format migration, fixity checks, metadata)
- Provide discovery and access (catalogs, finding aids, APIs)
- Maintain provenance, context, and rights information
- Support research, teaching, and reproducibility

Examples include institutional repositories, digital special collections, national archives, and domain repositories that host materials for sustained scholarly use.","- “Archivos” is related to “Archive repositories”.
- “Library buildings” is related to “Archive repositories”.
- “مرافق الارشيفات” has the narrower concept “Archive repositories”.
- “Archive repositories” has the broader concept “مرافق الارشيفات”.
- “Archive repositories” is related to “Archivos”.
- “Archive repositories” is related to “Library buildings”."
http://vocabularies.unesco.org/thesaurus/concept2756,Target,Class,instrument de recherche en archives,"In digital humanities, an “instrument de recherche en archives” (often “finding aid”) is a structured guide to an archival collection. It describes the fonds/collection, scope and content, provenance, arrangement, and access conditions, and provides inventories at series/file/item levels. In digital form, it typically uses standards like EAD to enable search, navigation, and interoperability across archival systems.","- “Описи” is related to “Instrument de recherche en archives”.
- “سجلات الارشيف” has a narrower concept “Instrument de recherche en archives”.
- “فهارس” is related to “Instrument de recherche en archives”.
- “كشافات” is related to “Instrument de recherche en archives”.
- “Instrument de recherche en archives” is a broader concept of “سجلات الارشيف”.
- “Instrument de recherche en archives” is related to “Описи”.
- “Instrument de recherche en archives” is related to “فهارس”.
- “Instrument de recherche en archives” is related to “كشافات”."
http://vocabularies.unesco.org/thesaurus/concept2760,Target,Class,فهارس,فهارس: تجميع منظم للأوصاف الببليوجرافية ومعلومات كافية لإتاحة الوصول إلى الوثائق؛ أي فهارس/كب/catalogs ببليوجرافية مرتبة تسهّل العثور على المواد.,"- “Catalogage” is related to “فهارس”.
- “Instrument de recherche en archives” is related to “فهارس”.
- “Servicio bibliográfico” is related to “فهارس”.
- “كشافات” is related to “فهارس”.
- “نظم المعلومات على الخط المباشر” is related to “فهارس”.
- “وثائق ثانوية” has narrower concept “فهارس”.
- “فهارس” has broader concept “وثائق ثانوية”.
- “فهارس” is related to “Catalogage”.
- “فهارس” is related to “Instrument de recherche en archives”.
- “فهارس” is related to “Servicio bibliográfico”.
- “فهارس” is related to “كشافات”.
- “فهارس” is related to “نظم المعلومات على الخط المباشر”."
http://vocabularies.unesco.org/thesaurus/concept2761,Target,Class,كشافات,"In this context, كشافات means “indexes” or “finding aids”: ordered reference lists of a file’s or document’s contents, including identifiers or location references to help identify and locate those contents.","- “Bibliographie” is related to “كشافات”.
- “Instrument de recherche en archives” is related to “كشافات”.
- “Material de referencia” is related to “كشافات”.
- “Servicio bibliográfico” is related to “كشافات”.
- “Базы данных” is related to “كشافات”.
- “دوريات” is related to “كشافات”.
- “فهارس” is related to “كشافات”.
- “وثائق ثانوية” has narrower concept “كشافات”.
- “كشافات” has broader concept “وثائق ثانوية”.
- “كشافات” is related to “Bibliographie”.
- “كشافات” is related to “Instrument de recherche en archives”.
- “كشافات” is related to “Material de referencia”.
- “كشافات” is related to “Servicio bibliográfico”.
- “كشافات” is related to “Базы данных”.
- “كشافات” is related to “دوريات”.
- “كشافات” is related to “فهارس”."
http://vocabularies.unesco.org/thesaurus/concept2762,Target,Class,Описи,"In digital humanities (especially for Slavic/Russian archival contexts), “Описи” (singular: опись) means “inventories” or “finding aids.” It refers to the structured lists within an archival fond that describe and organize files/items, enabling discovery and reference.","- “Instrument de recherche en archives” is related to “Описи”.
- “وثائق ثانوية” has narrower concept “Описи”.
- “Описи” has broader concept “وثائق ثانوية”.
- “Описи” is related to “Instrument de recherche en archives”.
- “Описи” is related to “concept365”."
http://vocabularies.unesco.org/thesaurus/concept2764,Target,Class,تشريعات الارشيف,"تشريعات الأرشيف في سياق الإنسانيات الرقمية تعني الإطار القانوني والسياساتي الذي ينظم إنشاء الأرشيفات الرقمية وحفظها وإتاحة الوصول إليها. يشمل ذلك:
- حقوق الملكية الفكرية والترخيص وإعادة الاستخدام.
- معايير الحفظ الرقمي طويل الأمد وسلامة البيانات.
- الخصوصية وحماية البيانات الحساسة.
- الإتاحة المفتوحة والقيود الأخلاقية على المحتوى.
- سياسات الإيداع والوصف المعياري والحوكمة المؤسسية.

باختصار: هي القوانين واللوائح التي تضبط دورة حياة المواد الرقمية المؤرشفة من الجمع إلى الإتاحة والحفظ وفق معايير قانونية وأخلاقية.","- “Gestión de archivos” has a narrower concept: “تشريعات الارشيف”.
- “Information/library legislation” is related to “تشريعات الارشيف”.
- “تشريعات الارشيف” has a broader concept: “Gestión de archivos”.
- “تشريعات الارشيف” is related to “Information/library legislation”."
http://vocabularies.unesco.org/thesaurus/concept2766,Target,Class,information library legislation,"In digital humanities, information/library legislation refers to the body of laws, regulations, and policies that govern how information and library services are created, managed, accessed, preserved, and shared—especially in digital form. It covers areas such as copyright and licensing, fair use/fair dealing, open access mandates, data protection and privacy, digital preservation requirements, accessibility standards, freedom of information, and ethical use of digital collections. These laws shape how DH projects acquire, digitize, publish, analyze, and reuse cultural and scholarly materials.","- “Información/biblioteca, administración” has narrower concept “Information/library legislation”.
- “ادارة المعلومات/المكتبات” is related to “Information/library legislation”.
- “تشريعات الارشيف” is related to “Information/library legislation”.
- “Information/library legislation” has broader concept “Información/biblioteca, administración”.
- “Information/library legislation” is related to “ادارة المعلومات/المكتبات”.
- “Information/library legislation” is related to “تشريعات الارشيف”."
http://vocabularies.unesco.org/thesaurus/concept2768,Target,Class,سجلات الارشيف,في سياق الإنسانيات الرقمية، “سجلات الأرشيف” تعني المجموعات المرقمنة أو الموصوفة رقمياً من المواد الأرشيفية (وثائق، مخطوطات، صور، خرائط، مراسلات، تسجيلات...) مع بيانات وصفية ومعرّفات تُمكّن البحث، الإتاحة، والتحليل الحاسوبي لهذه المواد عبر منصات رقمية.,"- “Archivos” is related to “سجلات الارشيف”.
- “Gestión de archivos” has narrower concept “سجلات الارشيف”.
- “Gestión de documentos” is related to “سجلات الارشيف”.
- “Instrument de recherche en archives” has broader concept “سجلات الارشيف”.
- “سجلات الارشيف” has broader concept “Gestión de archivos”.
- “سجلات الارشيف” has narrower concept “Instrument de recherche en archives”.
- “سجلات الارشيف” is related to “Archivos”.
- “سجلات الارشيف” is related to “Gestión de documentos”."
http://vocabularies.unesco.org/thesaurus/concept2772,Target,Class,information scientists,"Information scientists: professionals who develop the theory or apply the practice of informatics/information science—analyzing, designing, implementing, and managing information systems (relevant to digital humanities for organizing, modeling, and accessing cultural data).","- Information/library personnel has narrower concept Information scientists.
- Работники архивов is related to Information scientists.
- Information scientists has broader concept Information/library personnel.
- Information scientists is related to concept6096.
- Information scientists is related to Работники архивов."
http://vocabularies.unesco.org/thesaurus/concept2773,Target,Class,مكتبيون,"في سياق الإنسانيات الرقمية، ""مكتبيون"" تعني المتخصصين في علوم المكتبات والمعلومات (librarians/information professionals) الذين يعملون على تنظيم وإدارة وإتاحة المعلومات والبيانات الرقمية، مثل إعداد البيانات الوصفية، الحفظ الرقمي، بناء المستودعات، ودعم البحث القائم على البيانات.","- “Bibliothéconomie” is related to “مكتبيون”.
- “Information/library personnel” has narrower concept “مكتبيون”.
- “Работники архивов” is related to “مكتبيون”.
- “Технические сотрудники библиотек” is related to “مكتبيون”.
- “مكتبيون” has broader concept “Information/library personnel”.
- “مكتبيون” is related to “Bibliothéconomie”.
- “مكتبيون” is related to “concept2746”.
- “مكتبيون” is related to “concept678”.
- “مكتبيون” is related to “Работники архивов”.
- “مكتبيون” is related to “Технические сотрудники библиотек”."
http://vocabularies.unesco.org/thesaurus/concept2774,Target,Class,Технические сотрудники библиотек,"It means “library technical staff” — the non‑librarian personnel who handle technical and operational tasks (e.g., cataloging support, metadata preparation, digitization, scanning, OCR, maintenance of digital repositories and equipment) that underpin digital humanities projects in libraries.","- “Технические сотрудники библиотек” is a narrower concept of “Information/library personnel”.
- “Работники архивов” is related to “Технические сотрудники библиотек”.
- “مكتبيون” is related to “Технические сотрудники библиотек”.
- “Технические сотрудники библиотек” has broader concept “Information/library personnel” and is related to “Работники архивов” and “مكتبيون”."
http://vocabularies.unesco.org/thesaurus/concept2780,Target,Class,conservaci n de los registros de archivos,"In digital humanities, “Conservación de los registros de archivos” refers to the preservation of archival records—ensuring digital (and digitized) materials remain authentic, accessible, and usable over time. It involves:

- Preventive care: proper storage, formats, metadata, checksums, backups, redundancy (e.g., LOCKSS).
- Active preservation: migration, emulation, normalization, format monitoring.
- Documentation: provenance, technical and administrative metadata (e.g., PREMIS), audit trails.
- Policy and ethics: appraisal, rights, privacy, and sustainability planning.
- Infrastructure: repositories compliant with OAIS/TRAC, versioning, persistent identifiers.

Goal: long-term integrity, readability, and context of digital cultural heritage and research data.","- “Archivos” is related to “Conservación de los registros de archivos.”
- “Gestión de documentos” has narrower concept “Conservación de los registros de archivos.”
- “Conservación de los registros de archivos” has broader concept “Gestión de documentos.”
- “Conservación de los registros de archivos” is related to “Archivos.”
- “Conservación de los registros de archivos” is related to “concept2782.”
- “Conservación de los registros de archivos” is related to “concept2783.”"
http://vocabularies.unesco.org/thesaurus/concept2786,Target,Class,library buildings,"In digital humanities, “library buildings” refers not just to the physical structures that house collections, but to how those spaces function as infrastructures for digital scholarship. This includes:

- Physical facilities enabling digitization labs, makerspaces, visualization rooms, and computational work.
- Networked infrastructure (power, networking, servers, studios) that supports digital collections, repositories, and data-intensive research.
- Spatial design that fosters collaboration, teaching, and community engagement around digital methods.
- Integration of physical and digital collections, where the building is a hub connecting material archives with digital surrogates, metadata, and tools.

So, library buildings are seen as hybrid, socio-technical spaces that enable creation, preservation, access, and interpretation of cultural data.","- “Archive repositories” is related to “Library buildings”.
- “مرافق المعلومات/المكتبات” has narrower concept “Library buildings”.
- “Library buildings” has broader concept “مرافق المعلومات/المكتبات”.
- “Library buildings” is related to “Archive repositories”."
http://vocabularies.unesco.org/thesaurus/concept2788,Target,Class,تاريخ الارشيفات,"في سياق الإنسانيات الرقمية، ""تاريخ الأرشيفات"" يعني دراسة تطوّر الأرشيف بوصفه مؤسسة وممارسة: كيف جُمعت السجلات وحُفظت وفُهرست ووُصفت عبر الزمن، ومن يملك سلطة الأرشفة، وما أثر ذلك على الذاكرة والمعرفة. يشمل ذلك نقد البنى التقنية والسياسية واللغوية التي تشكّل ما يُحفظ وما يُهمَّش، وتحليل الانتقالات من الأرشيف الورقي إلى الرقمي، وقضايا الإتاحة، والتحيزات الخوارزمية، والمعايير الوصفية، واستدامة البيانات.","- “Archivos” is related to “تاريخ الارشيفات”.
- “علم الارشيف” has narrower concept “تاريخ الارشيفات”.
- “تاريخ الارشيفات” is broader concept of “علم الارشيف”.
- “تاريخ الارشيفات” is related to “Archivos”.
- “تاريخ الارشيفات” is related to “concept302”."
http://vocabularies.unesco.org/thesaurus/concept2790,Target,Class,biblioth conomie,"In digital humanities, bibliothéconomie refers to library science: the theory and practice of organizing, managing, and providing access to information resources (cataloging, classification, collection development, preservation, user services), now extended to digital collections, metadata standards, digitization, repositories, and information systems.","- “Comparative librarianship” is related to “Bibliothéconomie”.
- “Documentación” is related to “Bibliothéconomie”.
- “Historia de las bibliotecas” is broader than “Bibliothéconomie”.
- “Información/biblioteca, investigación” is related to “Bibliothéconomie”.
- “علم الارشيف” is related to “Bibliothéconomie”.
- “علوم المعلومات” is narrower than “Bibliothéconomie”.
- “مكتبيون” is related to “Bibliothéconomie”.
- “Bibliothéconomie” is broader than “علوم المعلومات”.
- “Bibliothéconomie” is narrower than “Historia de las bibliotecas”.
- “Bibliothéconomie” is related to “Comparative librarianship”.
- “Bibliothéconomie” is related to “Documentación”.
- “Bibliothéconomie” is related to “Información/biblioteca, investigación”.
- “Bibliothéconomie” is related to “علم الارشيف”.
- “Bibliothéconomie” is related to “مكتبيون”."
http://vocabularies.unesco.org/thesaurus/concept2795,Target,Class,archivos audiovisuales,"In digital humanities, “archivos audiovisuales” refers to collections of audio and video materials (e.g., recordings, films, broadcasts, oral histories) that are preserved, described, and made accessible for research and cultural heritage work using digital methods and infrastructures.","- “Archives du film” is a broader concept of “Archivos audiovisuales.”
- “Archivos” has a narrower concept “Archivos audiovisuales.”
- “Cinémathèque” is related to “Archivos audiovisuales.”
- “Sound archives” is a broader concept of “Archivos audiovisuales.”
- “Аудиовизуальные материалы” is related to “Archivos audiovisuales.”
- “Archivos audiovisuales” is a broader concept of “Archivos.”
- “Archivos audiovisuales” has narrower concepts “Archives du film” and “Sound archives.”
- “Archivos audiovisuales” is related to “Cinémathèque,” “concept2783,” “concept3349,” and “Аудиовизуальные материалы.”"
http://vocabularies.unesco.org/thesaurus/concept2796,Target,Class,archivos gubernamentales,"In digital humanities, “archivos gubernamentales” refers to government archives—official records and datasets produced or held by public institutions (e.g., legislation, census data, administrative documents), which are digitized or born-digital and used for research, analysis, and preservation.","- “Archives de l'administration locale” is a broader concept of “Archivos gubernamentales”.
- “Archivos” has a narrower concept “Archivos gubernamentales”.
- “Публичные архивы” is related to “Archivos gubernamentales”.
- “Archivos gubernamentales” is a broader concept of “Archivos”.
- “Archivos gubernamentales” has a narrower concept “Archives de l'administration locale”.
- “Archivos gubernamentales” is related to “Публичные архивы”."
http://vocabularies.unesco.org/thesaurus/concept2797,Target,Class,national archives,"In digital humanities, “National Archives” refers to a country’s official repository of records—government documents, datasets, maps, photographs, audiovisuals, and born-digital materials—preserved and made accessible (increasingly via digitization and online platforms) for research, cultural memory, and public accountability. It is both an institution and a corpus of primary sources that DH projects mine, curate, analyze, and visualize.","- “Archivos” has narrower concept “National archives”.
- “Публичные архивы” is related to “National archives”.
- “National archives” has broader concept “Archivos”.
- “National archives” is related to “Публичные архивы”."
http://vocabularies.unesco.org/thesaurus/concept2798,Target,Class,Публичные архивы,"“Публичные архивы” в цифровой гуманитаристике:
1) В обычном употреблении — записи, накапливаемые государственными учреждениями.
2) Записи, открытые для общественного ознакомления по закону или обычаю.","- “Публичные архивы” is a narrower concept of “Archivos.”
- “Archivos gubernamentales” is related to “Публичные архивы.”
- “National archives” is related to “Публичные архивы.”
- “Публичные архивы” has broader concept “Archivos.”
- “Публичные архивы” is related to “Archivos gubernamentales.”
- “Публичные архивы” is related to “National archives.”"
http://vocabularies.unesco.org/thesaurus/concept2803,Target,Class,archives de l administration locale,"In digital humanities, “archives de l’administration locale” refers to the records and archival holdings produced or held by local government bodies (e.g., municipalities, counties, communes). These include administrative documents, minutes, registers, correspondence, maps, and digital records that document local public administration and are used for research, preservation, and public access.","- “Archives de l'administration locale” has broader concept “Archivos gubernamentales”.
- “Archivos gubernamentales” has narrower concept “Archives de l'administration locale”."
http://vocabularies.unesco.org/thesaurus/concept2806,Target,Class,archives du film,"In digital humanities, “Archives du film” refers to film archives—institutions or collections dedicated to preserving, cataloging, and providing access to moving-image materials (films, recordings, related metadata). Often it points specifically to the French national film archive (Archives du film du CNC), used as a source for research, digitization, and data for film history and analysis.","- “Archives du film” is a narrower concept of “Archivos audiovisuales.”
- “Cinémathèque” is related to “Archives du film.”
- “Archives du film” is a broader concept of “Archivos audiovisuales.”
- “Archives du film” is related to “Cinémathèque,” “concept350,” and “concept5229.”"
http://vocabularies.unesco.org/thesaurus/concept2916,Target,Class,art books,"In digital humanities, “art books” typically refers to digitized or born-digital publications that document, analyze, or present visual art. They may include:

- Digitized facsimiles of print art monographs, exhibition catalogs, and catalogues raisonnés
- Born-digital art publications with high-resolution images, multimedia, interactive annotations, and hyperlinks
- Scholarly editions that integrate metadata, provenance, image analysis, and computational methods (e.g., image recognition, network analysis)
- Platforms or datasets that curate and model art-book content for research, teaching, and public access

The focus is on how art-related books are represented, enriched, analyzed, and disseminated using digital tools and standards.","- “Art books” is a broader concept’s narrower term of “كتب”.
- “Art books” is related to “concept336”.
- “كتب” has the narrower term “Art books”."
http://vocabularies.unesco.org/thesaurus/concept2969,Target,Class,biblioth que d art,"In a digital humanities context, “Bibliothèque d’art” refers to an art library—i.e., a collection (often digitized) of resources related to art history and visual culture, such as images, catalogs, manuscripts, and scholarly texts, curated for research and analysis.","- “Bibliothèque d'art” is a broader concept’s narrower: it is narrower than “Специализированные библиотеки.”
- “Bibliothèque d'art” is related to “concept336.”
- “Специализированные библиотеки” has the narrower concept “Bibliothèque d'art.”"
http://vocabularies.unesco.org/thesaurus/concept3049,Target,Class,Обзоры литературы,It means: “A survey of progress in a particular field of science over a given period.”,"- “Bibliographie” is related to “Обзоры литературы”.
- “وثائق ثانوية” has narrower concept “Обзоры литературы”.
- “Обзоры литературы” has broader concept “وثائق ثانوية”.
- “Обзоры литературы” is related to “Bibliographie”."
http://vocabularies.unesco.org/thesaurus/concept3052,Target,Class,inteligencia artificial,"In digital humanities, “inteligencia artificial” means the capability of a device to perform functions normally associated with human intelligence. (Capacidad de un instrumento mecánico de efectuar operaciones normalmente propias de la inteligencia humana.)","- “Cibernética” is related to “Inteligencia artificial”.
- “Expert systems” is broader than “Inteligencia artificial”.
- “Ordenador” is related to “Inteligencia artificial”.
- “Reconocimiento de formas” is broader than “Inteligencia artificial”.
- “Робототехника” is broader than “Inteligencia artificial”.
- “تطبيقات الحاسب” is narrower than “Inteligencia artificial”.
- “علم الحاسب” is related to “Inteligencia artificial”.
- “نظرية المعلومات” is related to “Inteligencia artificial”.
- “Inteligencia artificial” is broader than “تطبيقات الحاسب”.
- “Inteligencia artificial” is narrower than “Expert systems”.
- “Inteligencia artificial” is narrower than “Reconocimiento de formas”.
- “Inteligencia artificial” is narrower than “Робототехника”.
- “Inteligencia artificial” is related to “Cibernética”.
- “Inteligencia artificial” is related to “Ordenador”.
- “Inteligencia artificial” is related to “concept3059”.
- “Inteligencia artificial” is related to “concept387”.
- “Inteligencia artificial” is related to “concept389”.
- “Inteligencia artificial” is related to “علم الحاسب”.
- “Inteligencia artificial” is related to “نظرية المعلومات”."
http://vocabularies.unesco.org/thesaurus/concept3053,Target,Class,expert systems,"An expert system in digital humanities is a computer system built on a knowledge base created by recognized experts in a specific humanities domain, designed to emulate their decision-making to analyze, interpret, or assist with domain-specific tasks.","- “Inteligencia artificial” has the narrower concept “Expert systems”.
- “Programmation informatique” is related to “Expert systems”.
- “Expert systems” has the broader concept “Inteligencia artificial”.
- “Expert systems” is related to “Programmation informatique”.
- “Expert systems” is related to “concept10614”."
http://vocabularies.unesco.org/thesaurus/concept3054,Target,Class,reconocimiento de formas,"In digital humanities, “reconocimiento de formas” refers to computational techniques that detect and classify patterns in cultural data—texts, images, audio, video—to reveal structures or regularities. Examples include:

- Text: finding stylistic patterns, authorship signals, motifs, or topic structures.
- Images: identifying visual motifs, iconography, or layouts in artworks and manuscripts.
- Audio/Video: recognizing speech patterns, musical features, or recurrent gestures.

It supports tasks like corpus exploration, classification, clustering, and discovery of trends across large-scale cultural datasets.","- “Cibernética” está relacionada con “Reconocimiento de formas”.
- “Inteligencia artificial” tiene como concepto más específico “Reconocimiento de formas”.
- “Reconocimiento de formas” es un concepto más específico de “Inteligencia artificial”.
- “Reconocimiento de formas” está relacionado con “Cibernética”."
http://vocabularies.unesco.org/thesaurus/concept3055,Target,Class,Робототехника,"Робототехника — область искусственного интеллекта, применяемая в промышленности для использования роботов при выполнении повторяющихся трудовых операций.","- “Cibernética” is related to “Робототехника”.
- “Inteligencia artificial” has narrower concept “Робототехника”.
- “Ordenador” is related to “Робототехника”.
- “نظرية المعلومات” is related to “Робототехника”.
- “Робототехника” has broader concept “Inteligencia artificial”.
- “Робототехника” is related to “Cibernética”.
- “Робототехника” is related to “Ordenador”.
- “Робототехника” is related to “concept13559”.
- “Робототехника” is related to “concept3399”.
- “Робототехника” is related to “concept3401”.
- “Робототехника” is related to “concept3403”.
- “Робототехника” is related to “نظرية المعلومات”."
http://vocabularies.unesco.org/thesaurus/concept3057,Target,Class,cibern tica,"Cibernética: la ciencia del control y la comunicación en sistemas, enfocada específicamente en la interacción entre el control automático y las personas.","- “Inteligencia artificial” is related to “Cibernética”.
- “Reconnaissance des caractères” is related to “Cibernética”.
- “Reconocimiento de formas” is related to “Cibernética”.
- “Робототехника” is related to “Cibernética”.
- “علم الحاسب” has narrower concept “Cibernética”.
- “نظرية المعلومات” is related to “Cibernética”.
- “Cibernética” is broader than “علم الحاسب”.
- “Cibernética” is related to “Inteligencia artificial”.
- “Cibernética” is related to “Reconnaissance des caractères”.
- “Cibernética” is related to “Reconocimiento de formas”.
- “Cibernética” is related to “concept2224”.
- “Cibernética” is related to “concept3399”.
- “Cibernética” is related to “concept6101”.
- “Cibernética” is related to “concept622”.
- “Cibernética” is related to “concept7323”.
- “Cibernética” is related to “Робототехника”.
- “Cibernética” is related to “نظرية المعلومات”."
http://vocabularies.unesco.org/thesaurus/concept3058,Target,Class,نظرية المعلومات,نظرية المعلومات: فرع يدرس تمثيل المعلومات ونقلها وقياسها في الأنظمة التواصلية والحاسوبية، ويشمل ترميز وفك ترميز الرسائل، قياس الإنتروبيا، وضغط البيانات وكشف الأخطاء، وهو أساس لتحليل النصوص والاتصال في الإنسانيات الرقمية.,"- “Cibernética” is related to “نظرية المعلومات”.
- “Codage” is related to “نظرية المعلومات”.
- “Communication research” has narrower concept “نظرية المعلومات”.
- “Inteligencia artificial” is related to “نظرية المعلومات”.
- “Робототехника” is related to “نظرية المعلومات”.
- “رموز” is a broader concept of “نظرية المعلومات”.
- “علوم المعلومات” is related to “نظرية المعلومات”.
- “نظرية المعلومات” is a broader concept of “Communication research”.
- “نظرية المعلومات” has narrower concept “رموز”.
- “نظرية المعلومات” is related to “Cibernética”.
- “نظرية المعلومات” is related to “Codage”.
- “نظرية المعلومات” is related to “Inteligencia artificial”.
- “نظرية المعلومات” is related to “concept2567”.
- “نظرية المعلومات” is related to “concept5633”.
- “نظرية المعلومات” is related to “concept5635”.
- “نظرية المعلومات” is related to “concept7524”.
- “نظرية المعلومات” is related to “concept7525”.
- “نظرية المعلومات” is related to “Робототехника”.
- “نظرية المعلومات” is related to “علوم المعلومات”."
http://vocabularies.unesco.org/thesaurus/concept3172,Target,Class,جمعيات المكتبات,"It means “library associations” — organizations/societies that represent libraries and librarians. In digital humanities, these associations often set standards, support digitization, metadata practices, preservation, and advocate for open access and digital scholarship in libraries.","- ""جمعيات المكتبات"" has broader concept ""مهنة المعلومات/المكتبات"".
- ""مهنة المعلومات/المكتبات"" has narrower concept ""جمعيات المكتبات""."
http://vocabularies.unesco.org/thesaurus/concept3268,Target,Class,atlas,"In digital humanities, an “atlas” is a curated, often interactive collection of maps or map-like visualizations that spatially organize cultural, historical, or literary data. It links places to texts, events, people, or artifacts to support exploration, analysis, and storytelling across space (and often time).","- “Maps” is related to “Atlas”.
- “Material de referencia” is related to “Atlas”.
- “كتب” has narrower concept “Atlas”.
- “Atlas” is broader than “كتب”.
- “Atlas” is related to “Maps”.
- “Atlas” is related to “Material de referencia”.
- “Atlas” is related to “concept172”.
- “Atlas” is related to “concept3269”."
http://vocabularies.unesco.org/thesaurus/concept3270,Target,Class,maps,"In digital humanities, “maps” are spatial representations—often digital—used to visualize, analyze, and interpret humanities data in geographic context. They link places to cultural, historical, or textual information (e.g., mapping events, people, movements, or themes), enabling spatial analysis, pattern detection, and storytelling through tools like GIS, web maps, and interactive story maps.","- “Atlas” is related to “Maps”.
- “Support visuel” has narrower concept “Maps”.
- “Maps” has broader concept “Support visuel”.
- “Maps” is related to “Atlas”.
- “Maps” is related to “concept172”.
- “Maps” is related to “concept3269”."
http://vocabularies.unesco.org/thesaurus/concept3271,Target,Class,material de referencia,"In digital humanities, “material de referencia” (reference material) refers to resources used to contextualize, interpret, or verify primary digital sources. It includes dictionaries, encyclopedias, glossaries, controlled vocabularies, authority files (e.g., VIAF), bibliographies, gazetteers, ontologies, standards documentation (e.g., TEI, Dublin Core), and secondary literature that guides annotation, normalization, metadata creation, and analysis.","- “Atlas” is related to “Material de referencia”.
- “Bibliographie” is related to “Material de referencia”.
- “Diccionario” is broader term of “Material de referencia”.
- “Directories” is related to “Material de referencia”.
- “Enciclopedia” is broader term of “Material de referencia”.
- “Servicio de referencia” is related to “Material de referencia”.
- “Thésaurus” is related to “Material de referencia”.
- “كتب” is narrower term of “Material de referencia”.
- “كشافات” is related to “Material de referencia”.
- “Material de referencia” is broader term of “كتب”.
- “Material de referencia” has narrower term “Diccionario”.
- “Material de referencia” has narrower term “Enciclopedia”.
- “Material de referencia” is related to “Atlas”.
- “Material de referencia” is related to “Bibliographie”.
- “Material de referencia” is related to “Directories”.
- “Material de referencia” is related to “Servicio de referencia”.
- “Material de referencia” is related to “Thésaurus”.
- “Material de referencia” is related to “كشافات”."
http://vocabularies.unesco.org/thesaurus/concept3312,Target,Class,Участие аудитории,"In digital humanities, “Участие аудитории” (audience participation) refers to the active involvement of users or the public in research or cultural projects—beyond passive consumption. Examples include:

- Crowdsourcing (e.g., transcribing manuscripts, tagging images)
- Co-creation (helping design exhibits, narratives, or datasets)
- Annotation and enrichment (adding metadata, corrections, context)
- Community-driven interpretation and storytelling
- Interactive platforms enabling feedback, discussion, or remixing

It emphasizes collaborative knowledge production, inclusivity, and reciprocal engagement between scholars, institutions, and diverse publics.","- “Estudio de audiencia” has narrower concept “Участие аудитории”.
- “Коммуникационные пользователи” is related to “Участие аудитории”.
- “وسائل التواصل الاجتماعي” is related to “Участие аудитории”.
- “Участие аудитории” has broader concept “Estudio de audiencia”.
- “Участие аудитории” is related to “concept277”.
- “Участие аудитории” is related to “Коммуникационные пользователи”.
- “Участие аудитории” is related to “وسائل التواصل الاجتماعي”."
http://vocabularies.unesco.org/thesaurus/concept3315,Target,Class,valuation du public,"In digital humanities, “Évaluation du public” refers to assessing audiences—their composition, engagement, experiences, learning outcomes, and impact—in relation to a DH project or resource. It typically includes collecting and analyzing data (e.g., analytics, surveys, interviews, usability tests) to understand who uses the project, how and why they use it, and how effectively it meets user needs, informing design, accessibility, outreach, and sustainability decisions.","- “Évaluation du public” is a narrower concept of “Estudio de audiencia.”
- “Évaluation du public” is related to “concept3317.”"
http://vocabularies.unesco.org/thesaurus/concept3319,Target,Class,ردود فعل الجمهور,"It means “audience reactions” or “public feedback.” In digital humanities, it refers to how audiences respond to digital projects or content—comments, engagement metrics, sentiment, and other forms of user feedback.","- “Estudio de audiencia” has narrower concept “ردود فعل الجمهور”.
- “Коммуникационные пользователи” is related to “ردود فعل الجمهور”.
- “محتوى البرامج” is related to “ردود فعل الجمهور”.
- “ردود فعل الجمهور” is broader concept of “Estudio de audiencia”.
- “ردود فعل الجمهور” is related to “concept277”.
- “ردود فعل الجمهور” is related to “Коммуникационные пользователи”.
- “ردود فعل الجمهور” is related to “محتوى البرامج”."
http://vocabularies.unesco.org/thesaurus/concept3321,Target,Class,محتوى البرامج,"In the field of communication (digital humanities context), ""محتوى البرامج"" means the content of programs: the informational, textual, audio-visual, and interactive material contained within software or media programs that is created, transmitted, and interpreted in communication processes.","- “Communication research” is related to “محتوى البرامج”.
- “Diversidad mediática” is related to “محتوى البرامج”.
- “Programa de televisión” is related to “محتوى البرامج”.
- “Programme de radiodiffusion” has narrower concept “محتوى البرامج”.
- “Programme radiophonique” is related to “محتوى البرامج”.
- “ردود فعل الجمهور” is related to “محتوى البرامج”.
- “محتوى البرامج” has broader concept “Programme de radiodiffusion”.
- “محتوى البرامج” is related to “Communication research”.
- “محتوى البرامج” is related to “Diversidad mediática”.
- “محتوى البرامج” is related to “Programa de televisión”.
- “محتوى البرامج” is related to “Programme radiophonique”.
- “محتوى البرامج” is related to “concept17017”.
- “محتوى البرامج” is related to “ردود فعل الجمهور”."
http://vocabularies.unesco.org/thesaurus/concept3323,Target,Class,ارقام التوزيع,"في سياق الإنسانيات الرقمية، عبارة ""أرقام التوزيع"" تُفهم عادةً كـ:
- إحصاءات توزيع البيانات أو الظواهر عبر أبعاد مختلفة (مثل التوزيع الجغرافي، الزمني، أو الديموغرافي).
- مقاييس رقمية تلخص كيفية انتشار/تكرار العناصر في corpus أو مجموعة بيانات (مثل تكرارات الكلمات عبر مناطق/فترات، أو توزيع الأنواع/المؤلفين/الموضوعات).

باختصار: هي القيم أو الجداول/الرسوم التي تُظهر كيف تتوزع البيانات عبر فئات أو محاور تحليلية.","- “Edición” is related to “ارقام التوزيع”.
- “Estudio de audiencia” has narrower concept “ارقام التوزيع”.
- “Газетная пресса” is related to “ارقام التوزيع”.
- “Периодическая печать” is related to “ارقام التوزيع”.
- “ارقام التوزيع” has broader concept “Estudio de audiencia”.
- “ارقام التوزيع” is related to “Edición”.
- “ارقام التوزيع” is related to “Газетная пресса”.
- “ارقام التوزيع” is related to “Периодическая печать”."
http://vocabularies.unesco.org/thesaurus/concept3326,Target,Class,sociolog a de la comunicaci n,"In digital humanities, “Sociología de la comunicación” refers to the sociological study of how communication processes, media systems, and technologies shape and are shaped by social structures, cultures, and power relations. It examines:

- Production: institutions, platforms, algorithms, labor, and political economy of media.
- Content: narratives, symbols, data representations, and biases.
- Circulation: networks, virality, platform logics, and infrastructural conditions.
- Reception/use: audiences, communities, identity practices, and participation.
- Effects: opinion formation, polarization, social movements, inequality, and governance.

In DH, it leverages computational methods (network analysis, NLP, platform audits, data ethnography) to analyze digital communication ecologies and their societal impacts.","- Communication research has the narrower concept Sociología de la comunicación.
- Estudio de audiencia is related to Sociología de la comunicación.
- Opinión pública has the broader concept Sociología de la comunicación.
- اخلاقيات الاتصالات is related to Sociología de la comunicación.
- تأثير الاتصال is related to Sociología de la comunicación.
- سيكولوجية الاتصالات is related to Sociología de la comunicación.
- Sociología de la comunicación has the broader concept Communication research.
- Sociología de la comunicación has the narrower concept Opinión pública.
- Sociología de la comunicación is related to Estudio de audiencia.
- Sociología de la comunicación is related to اخلاقيات الاتصالات.
- Sociología de la comunicación is related to تأثير الاتصال.
- Sociología de la comunicación is related to سيكولوجية الاتصالات."
http://vocabularies.unesco.org/thesaurus/concept3331,Target,Class,audioteca,"In digital humanities, an “audioteca” is a curated digital repository of audio materials—such as oral histories, interviews, podcasts, lectures, soundscapes, and archival recordings—organized with metadata for preservation, research, and public access. It functions like a library for audio, supporting discovery, analysis, and long-term stewardship of sound-based cultural data.","- “Enregistrement sonore” is related to “Audioteca”.
- “Специализированные библиотеки” has narrower concept “Audioteca”.
- “Audioteca” has broader concept “Специализированные библиотеки”.
- “Audioteca” is related to “Enregistrement sonore”."
http://vocabularies.unesco.org/thesaurus/concept3340,Target,Class,Аудиовизуальные материалы,"In digital humanities, “аудиовизуальные материалы” means audiovisual materials—digital or digitized content that combines sound and image, such as videos, films, recorded lectures, interviews, oral histories, podcasts with visuals, multimedia artworks, and born-digital media used for analysis, archiving, and presentation.","- “Archivos audiovisuales” is related to “Аудиовизуальные материалы”.
- “Enregistrement vidéo” is broader than “Аудиовизуальные материалы”.
- “Radio” is related to “Аудиовизуальные материалы”.
- “Support visuel” is related to “Аудиовизуальные материалы”.
- “تسجيلات” is narrower than “Аудиовизуальные материалы”.
- “Аудиовизуальные материалы” is broader than “تسجيلات”.
- “Аудиовизуальные материалы” is narrower than “Enregistrement vidéo”.
- “Аудиовизуальные материалы” is related to “Archivos audiovisuales”.
- “Аудиовизуальные материалы” is related to “Radio”.
- “Аудиовизуальные материалы” is related to “Support visuel”.
- “Аудиовизуальные материалы” is related to “concept3333”.
- “Аудиовизуальные материалы” is related to “concept352”."
http://vocabularies.unesco.org/thesaurus/concept3341,Target,Class,cinta de pel cula,“Cinta de película” (en humanidades digitales) es una banda de film en la que cada fotograma contiene una fotografía u otro material gráfico que se proyecta como imagen fija; se usa ampliamente como herramienta de enseñanza audiovisual.,"- “Diapositive photographique” is related to “Cinta de película”.
- “Film (médias)” has narrower concept “Cinta de película”.
- “Support visuel” is related to “Cinta de película”.
- “Cinta de película” has broader concept “Film (médias)”.
- “Cinta de película” is related to “Diapositive photographique”.
- “Cinta de película” is related to “Support visuel”.
- “Cinta de película” is related to “concept3333”."
http://vocabularies.unesco.org/thesaurus/concept3343,Target,Class,proyector,"In digital humanities, “proyector” (Spanish for “projector”) typically refers to:

- A display device used to project digital content (texts, images, visualizations) during lectures, workshops, or presentations.
- In some Latin American DH contexts, it can colloquially denote a project lead (“proyector” as someone who projects/initiates a project), but this is less common; the standard term is “coordinador” or “responsable de proyecto.”","- “Proyector” es un concepto más específico que “Equipo fotográfico”.
- “Proyector” tiene como concepto más general a “Equipo fotográfico”.
- “Proyector” está relacionado con “concept3333”."
http://vocabularies.unesco.org/thesaurus/concept3347,Target,Class,sound archives,"In digital humanities, “sound archives” are curated collections of audio recordings—such as oral histories, interviews, music, radio broadcasts, field recordings, and spoken-word—preserved, described, and made accessible (often digitally) for research, teaching, and cultural heritage. They involve digitization, metadata, cataloging, rights management, and tools for analysis (e.g., transcription, annotation, acoustic or linguistic analysis).","- “Archivos audiovisuales” has the more specific concept “Sound archives.”
- “Sound archives” has the broader concept “Archivos audiovisuales.”"
http://vocabularies.unesco.org/thesaurus/concept3348,Target,Class,cin math que,"In digital humanities, a Cinémathèque is a film archive/institution dedicated to collecting, preserving, cataloging, and providing scholarly access to moving-image materials (films, videos, related ephemera). It supports research through preservation, digitization, metadata curation, and public/scholarly exhibition.","- Archives du film is related to Cinémathèque.
- Archivos audiovisuales is related to Cinémathèque.
- Специализированные библиотеки has narrower concept Cinémathèque.
- Cinémathèque has broader concept Специализированные библиотеки.
- Cinémathèque is related to Archives du film.
- Cinémathèque is related to Archivos audiovisuales.
- Cinémathèque is related to concept350.
- Cinémathèque is related to concept352."
http://vocabularies.unesco.org/thesaurus/concept3354,Target,Class,enregistrement vid o,"In digital humanities, “Enregistrement vidéo” (French) means “video recording” — the process or file capturing moving images (and usually audio) for documentation, analysis, or dissemination of cultural/academic materials.","- “Enregistrement sonore” is related to “Enregistrement vidéo”.
- “Programa de televisión” is related to “Enregistrement vidéo”.
- “Аудиовизуальные материалы” has narrower concept “Enregistrement vidéo”.
- “Записи на магнитных лентах” is related to “Enregistrement vidéo”.
- “Индустрия видеозаписи” is related to “Enregistrement vidéo”.
- “Enregistrement vidéo” is broader concept of “Аудиовизуальные материалы”.
- “Enregistrement vidéo” is related to “Enregistrement sonore”.
- “Enregistrement vidéo” is related to “Programa de televisión”.
- “Enregistrement vidéo” is related to “Записи на магнитных лентах”.
- “Enregistrement vidéo” is related to “Индустрия видеозаписи”."
http://vocabularies.unesco.org/thesaurus/concept3356,Target,Class,radio,"In digital humanities, “radio” typically refers to audio broadcasting as a cultural and historical medium studied and used with digital methods—e.g., analyzing radio archives, metadata, and transcripts; studying broadcasting networks and audiences; digitizing and curating radio collections; and producing or streaming born-digital audio for research dissemination and public engagement.","- “Enregistrement sonore” is related to “Radio”.
- “Programme radiophonique” is a narrower concept of “Radio”.
- “Radiodiffusion” has “Radio” as a narrower concept.
- “Аудиовизуальные материалы” is related to “Radio”.
- “Средства массовой информации” is related to “Radio”.
- “اخبار اذاعية” is a narrower concept of “Radio”.
- “اذاعة وطنية” is related to “Radio”.
- “Radio” is a narrower concept of “Radiodiffusion”.
- “Radio” has “Programme radiophonique” as a narrower concept.
- “Radio” has “اخبار اذاعية” as a narrower concept.
- “Radio” is related to “Enregistrement sonore”.
- “Radio” is related to “Аудиовизуальные материалы”.
- “Radio” is related to “Средства массовой информации”.
- “Radio” is related to “اذاعة وطنية”."
http://vocabularies.unesco.org/thesaurus/concept3359,Target,Class,radioyente,"In digital humanities, “radioyente” (Spanish: literally “radio listener”) denotes the audience member as an active, datafied participant in radio and audio cultures—someone whose listening practices, feedback, and interactions (letters, calls, tweets, metrics) become traceable sources for studying reception, participation, and media publics. It highlights the listener not just as a passive consumer but as a subject of analysis and co-creator of meaning within broadcast and digital audio ecosystems.","- “Écoute” is related to “Radioyente”.
- “Коммуникационные пользователи” has narrower concept “Radioyente”.
- “مشاهدو التلفزيون” is related to “Radioyente”.
- “Radioyente” is broader than “Коммуникационные пользователи”.
- “Radioyente” is related to “concept277”.
- “Radioyente” is related to “Écoute”.
- “Radioyente” is related to “مشاهدو التلفزيون”."
http://vocabularies.unesco.org/thesaurus/concept3379,Target,Class,lista oficial de autoridades,"In digital humanities, “Lista oficial de autoridades” refers to an official authority list: a controlled vocabulary of standardized names and identifiers for entities (e.g., persons, organizations, places, works). It’s used to ensure consistent metadata, disambiguation, and interoperability across catalogs, databases, and digital editions. Examples include VIAF, LCNAF, and national library authority files.","- “Lista oficial de autoridades” has broader concept “Языки индексирования”.
- “Языки индексирования” has narrower concept “Lista oficial de autoridades”."
http://vocabularies.unesco.org/thesaurus/concept3385,Target,Class,صحفيون,"“صحفيون” (saḥafiyyūn) is the plural of “صحفي” and means “journalists.” 

In the digital humanities context, it refers to journalists as subjects or collaborators in projects—e.g., analyzing journalists’ writings, social media, networks, or newsroom practices using computational and humanistic methods.","- Communication personnel has narrower concept صحفيون.
- Journalism is related to صحفيون.
- Mujer periodista has broader concept صحفيون.
- Rédacteur is related to صحفيون.
- Этика прессы is related to صحفيون.
- صحفيون has broader concept Communication personnel.
- صحفيون has narrower concept Mujer periodista.
- صحفيون is related to Journalism.
- صحفيون is related to Rédacteur.
- صحفيون is related to concept17143.
- صحفيون is related to concept326.
- صحفيون is related to concept5798.
- صحفيون is related to concept678.
- صحفيون is related to concept8672.
- صحفيون is related to Этика прессы."
http://vocabularies.unesco.org/thesaurus/concept3406,Target,Class,indexaci n autom tica,"En humanidades digitales, la “indexación automática” es el proceso de asignar de forma computacional términos de índice (palabras clave, descriptores o etiquetas) a documentos, imágenes, audios u otros objetos culturales, sin intervención manual directa. Utiliza técnicas de PLN y/o visión por computador (p. ej., extracción de términos, reconocimiento de entidades, clasificación temática) para facilitar búsqueda, recuperación, vinculación y análisis a gran escala en colecciones patrimoniales y académicas.","- “Indexación” is related to “Indexación automática”.
- “Matériel lisible en machine” is related to “Indexación automática”.
- “Traduction automatique” is related to “Indexación automática”.
- “Автоматизированный текстовый анализ” has narrower concept “Indexación automática”.
- “Вычислительная лингвистика” is related to “Indexación automática”.
- “تطبيقات الحاسب” is related to “Indexación automática”.
- “Indexación automática” has broader concept “Автоматизированный текстовый анализ”.
- “Indexación automática” is related to “Indexación”.
- “Indexación automática” is related to “Matériel lisible en machine”.
- “Indexación automática” is related to “Traduction automatique”.
- “Indexación automática” is related to “Вычислительная лингвистика”.
- “Indexación automática” is related to “تطبيقات الحاسب”."
http://vocabularies.unesco.org/thesaurus/concept3410,Target,Class,traduction automatique,"In digital humanities, “traduction automatique” (French) means machine translation: the use of computational methods and algorithms to translate text from one language to another, often to enable multilingual analysis, corpus alignment, and cross-lingual research.","- “Indexación automática” is related to “Traduction automatique”.
- “Вычислительная лингвистика” has the narrower concept “Traduction automatique”.
- “Traduction automatique” has the broader concept “Вычислительная лингвистика”.
- “Traduction automatique” is related to “Indexación automática”.
- “Traduction automatique” is related to “concept314”."
http://vocabularies.unesco.org/thesaurus/concept3411,Target,Class,Вычислительная лингвистика,"Вычислительная лингвистика — направление цифровых гуманитарных наук, которое применяет методы информатики и статистики для автоматической обработки и анализа языка: создание корпусов, токенизация, морфо‑ и синтаксический разбор, извлечение информации, семантическое моделирование, машинный перевод, распознавание/синтез речи и др., с целью исследования языка и разработки языковых технологий.","- “Computer languages” is related to “Вычислительная лингвистика”.
- “Indexación automática” is related to “Вычислительная лингвистика”.
- “Traduction automatique” is broader than “Вычислительная лингвистика”.
- “تطبيقات الحاسب” is narrower than “Вычислительная лингвистика”.
- “Вычислительная лингвистика” is broader than “تطبيقات الحاسب”.
- “Вычислительная лингвистика” is narrower than “Traduction automatique”.
- “Вычислительная лингвистика” is related to “Computer languages”.
- “Вычислительная лингвистика” is related to “Indexación automática”."
http://vocabularies.unesco.org/thesaurus/concept3412,Target,Class,indexaci n,Indexación: asignación de términos de indexación (descriptores) a documentos u objetos para posibilitar su recuperación posterior según conceptos seleccionados.,"- “Análisis documental” has narrower concept “Indexación”.
- “Documentación” is related to “Indexación”.
- “Indexación automática” is related to “Indexación”.
- “Indexación” has broader concept “Análisis documental”.
- “Indexación” is related to “Documentación”.
- “Indexación” is related to “Indexación automática”."
http://vocabularies.unesco.org/thesaurus/concept3565,Target,Class,Магнитные ленты,"In digital humanities, “Магнитные ленты” (magnetic tapes) refers to magnetic tape media used to store and archive digital data—historically common for large text corpora, census data, or library catalogs, and still used in archives for long-term, offline preservation and backup.","- “Dispositif de mémoire d'ordinateur” has narrower concept “Магнитные ленты”.
- “Магнитные ленты” has broader concept “Dispositif de mémoire d'ordinateur”."
http://vocabularies.unesco.org/thesaurus/concept3599,Target,Class,bibliographic databases,"In digital humanities, bibliographic databases are structured, searchable collections of metadata about scholarly works—such as books, articles, editions, datasets, and digital projects—often including authors, titles, subjects, abstracts, keywords, identifiers (DOI/ISBN), and links. They support discovery, citation, network analysis, and metadata-driven research (e.g., mapping scholarly trends, building corpora, or linking texts via authority files), and can interoperate via standards like MARC, Dublin Core, TEI, and APIs. Examples include MLA International Bibliography, WorldCat, and Zotero group libraries.","- “Servicio bibliográfico” is related to “Bibliographic databases”.
- “Базы данных” is narrower than “Bibliographic databases”.
- “Bibliographic databases” is broader than “Базы данных”.
- “Bibliographic databases” is related to “Servicio bibliográfico”."
http://vocabularies.unesco.org/thesaurus/concept3753,Target,Class,bibliographie,"In digital humanities, “Bibliographie” means a printed list of documents with their formal descriptions.","- “Bibliografía nacional” is broader than “Bibliographie”.
- “Compilación bibliográfica” is broader than “Bibliographie”.
- “Material de referencia” is related to “Bibliographie”.
- “Servicio bibliográfico” is related to “Bibliographie”.
- “Обзоры литературы” is related to “Bibliographie”.
- “ببليوجرافيات الببليوجرافيات” is broader than “Bibliographie”.
- “كشافات” is related to “Bibliographie”.
- “وثائق ثانوية” is narrower than “Bibliographie”.
- “Bibliographie” is broader than “وثائق ثانوية”.
- “Bibliographie” is narrower than “Bibliografía nacional”.
- “Bibliographie” is narrower than “Compilación bibliográfica”.
- “Bibliographie” is narrower than “ببليوجرافيات الببليوجرافيات”.
- “Bibliographie” is related to “Material de referencia”.
- “Bibliographie” is related to “Servicio bibliográfico”.
- “Bibliographie” is related to “Обзоры литературы”.
- “Bibliographie” is related to “كشافات”."
http://vocabularies.unesco.org/thesaurus/concept3755,Target,Class,ببليوجرافيات الببليوجرافيات,"في سياق الإنسانيات الرقمية، عبارة ""ببليوجرافيات الببليوجرافيات"" تشير إلى قوائم مرجعية تجمع وتفهرس ببليوجرافيات أخرى، أي ميتا-ببليوجرافيا. هدفها توفير دليل موحّد للعثور على قوائم المراجع المتخصصة (حسب موضوع، فترة، لغة، أو وسيط رقمي)، مما يسهل اكتشاف الموارد والأدوات وقواعد البيانات في المجال.","- “Bibliographie” has narrower concept “ببليوجرافيات الببليوجرافيات”.
- “ببليوجرافيات الببليوجرافيات” has broader concept “Bibliographie”."
http://vocabularies.unesco.org/thesaurus/concept3757,Target,Class,bibliograf a nacional,"“Bibliografía nacional” es la bibliografía de los libros producidos en un país, sin importar el idioma de publicación, y/o de los libros escritos en la lengua de ese país.","- “Bibliografía nacional” is broader concept of “Bibliographie”. (skos:broader)
- “Bibliographie” has narrower concept “Bibliografía nacional”. (skos:narrower)"
http://vocabularies.unesco.org/thesaurus/concept3759,Target,Class,Библиографический контроль,"Библиографический контроль в цифровых гуманитарных науках — это система методов и процессов по выявлению, описанию, стандартизации, учету и поддержанию доступности научных и культурных ресурсов (публикаций, данных, коллекций) в цифровой среде. Включает:

- систематическое выявление и агрегирование записей (каталоги, репозитории, базы данных);
- создание и поддержание метаданных по стандартам (MARC, Dublin Core, MODS, BIBFRAME);
- использование устойчивых идентификаторов (DOI, ORCID, ISNI);
- обеспечение связности и интероперабельности (Linked Data, authority control);
- контроль версий и долговременное сохранение цифровых объектов.

Цель — полнота, точность и удобство обнаружения и цитирования ресурсов для исследований.","- “Catalogage” has narrower concept “Библиографический контроль”.
- “Norma bibliográfica” is related to “Библиографический контроль”.
- “Библиографический контроль” has broader concept “Catalogage”.
- “Библиографический контроль” is related to “Norma bibliográfica”."
http://vocabularies.unesco.org/thesaurus/concept3761,Target,Class,norma bibliogr fica,"In digital humanities, “norma bibliográfica” refers to a standardized citation and formatting guideline used to describe, cite, and present sources and datasets. It ensures consistency, interoperability, and reproducibility across digital projects. It can include:

- Citation styles (e.g., MLA, Chicago) adapted for digital objects (websites, databases, TEI editions).
- Metadata standards (e.g., Dublin Core, MODS) for describing resources.
- Persistent identifiers and linking practices (DOI, ORCID, ARKs).
- Encoding and markup conventions affecting citation (e.g., TEI header for bibliographic data).

Its goal is to make scholarly references machine-readable, discoverable, and consistent across platforms.","- ISBD is a broader concept of Norma bibliográfica.
- ISBN is a broader concept of Norma bibliográfica.
- ISSN is a broader concept of Norma bibliográfica.
- Information exchange is related to Norma bibliográfica.
- Библиографический контроль is related to Norma bibliográfica.
- Правила каталогизирования is a narrower concept of Norma bibliográfica.
- Norma bibliográfica is a broader concept of Правила каталогизирования.
- Norma bibliográfica has the narrower concepts ISBD, ISBN, and ISSN.
- Norma bibliográfica is related to Information exchange and Библиографический контроль."
http://vocabularies.unesco.org/thesaurus/concept3766,Target,Class,revista bibliogr fica,"In digital humanities, “revista bibliográfica” typically means a bibliographic review: a curated survey of publications (books, articles, datasets, tools) on a specific DH topic, often summarizing, classifying, and contextualizing the literature to map the state of the field and key debates.","- “مسـتخلصات” is a broader concept than “Revista bibliográfica”.
- “Revista bibliográfica” is a narrower concept than “مسـتخلصات”.
- “وثائق ثانوية” has a narrower concept “Revista bibliográfica”.
- “Revista bibliográfica” has a broader concept “وثائق ثانوية”."
http://vocabularies.unesco.org/thesaurus/concept3774,Target,Class,compilaci n bibliogr fica,"In digital humanities, “compilación bibliográfica” refers to the systematic gathering and organization of references (books, articles, datasets, editions, web resources) relevant to a research topic, often using digital tools. It typically involves:

- Defining scope and keywords
- Harvesting metadata from catalogs, databases, and repositories
- Normalizing and deduplicating records
- Annotating entries (e.g., abstracts, keywords)
- Structuring the bibliography in interoperable formats (BibTeX, RIS, CSL-JSON)
- Ensuring persistent identifiers (DOI, ORCID) and linking to digital versions
- Publishing or sharing via platforms (Zotero groups, bibliographic databases) for reuse and further analysis (network analysis, topic modeling, citation mapping)","- “Compilación bibliográfica” is a narrower concept of “Bibliographie”.
- “Catalogage” is related to “Compilación bibliográfica”.
- “Servicio bibliográfico” is related to “Compilación bibliográfica”.
- “استرجاع المعلومات” is related to “Compilación bibliográfica”.
- “Compilación bibliográfica” has the broader concept “Bibliographie”.
- “Compilación bibliográfica” is related to “Catalogage”, “Servicio bibliográfico”, and “استرجاع المعلومات”."
http://vocabularies.unesco.org/thesaurus/concept3775,Target,Class,clearing houses,"In digital humanities, “clearing houses” are centralized services or hubs that collect, vet, organize, and disseminate resources—such as datasets, tools, standards, documentation, and project information—to help researchers discover and access reliable materials. They often provide curated directories, metadata, and guidance to reduce duplication and improve interoperability across DH projects.","- “Data centres” is related to “Clearing houses”.
- “Servicio bibliográfico” is related to “Clearing houses”.
- “Servicio de referencia” is related to “Clearing houses”.
- “Sistema de información” is narrower than “Clearing houses”.
- “Информационные службы и услуги” is related to “Clearing houses”.
- “Clearing houses” is broader than “Sistema de información”.
- “Clearing houses” is related to “Data centres”, “Servicio bibliográfico”, “Servicio de referencia”, and “Информационные службы и услуги”."
http://vocabularies.unesco.org/thesaurus/concept3776,Target,Class,Информационные службы и услуги,"In digital humanities, “Информационные службы и услуги” means the information services and offerings that support research and cultural heritage work, such as:

- Digital libraries, archives, and repositories
- Cataloging, metadata, and discovery services
- Reference, research support, and data curation
- Digitization, OCR, and preservation services
- Access platforms, APIs, and tools for analysis and visualization
- Training and user support for digital methods","- “Clearing houses” is related to “Информационные службы и услуги”.
- “Data centres” is related to “Информационные службы и услуги”.
- “Diffusion sélective de l'information” is related to “Информационные службы и услуги”.
- “Fourniture de documents” is broader than “Информационные службы и услуги”.
- “Servicio bibliográfico” is related to “Информационные службы и услуги”.
- “Servicio de referencia” is related to “Информационные службы и услуги”.
- “Sistema de información” is narrower than “Информационные службы и услуги”.
- “Специализированные библиотеки” is related to “Информационные службы и услуги”.
- “Информационные службы и услуги” is broader than “Sistema de información”.
- “Информационные службы и услуги” is narrower than “Fourniture de documents”.
- “Информационные службы и услуги” is related to “Clearing houses”.
- “Информационные службы и услуги” is related to “Data centres”.
- “Информационные службы и услуги” is related to “Diffusion sélective de l'information”.
- “Информационные службы и услуги” is related to “Servicio bibliográfico”.
- “Информационные службы и услуги” is related to “Servicio de referencia”.
- “Информационные службы и услуги” is related to “Специализированные библиотеки”."
http://vocabularies.unesco.org/thesaurus/concept3777,Target,Class,scientific information systems,"In digital humanities, a scientific information system is an integrated, often web-based infrastructure that manages the full lifecycle of humanities research data—collecting, curating, documenting (metadata), preserving, analyzing, and disseminating it. It enables reproducible scholarship by linking sources, tools, workflows, and outputs (e.g., texts, images, datasets), supports standards and interoperability (e.g., TEI, IIIF, FAIR), and provides services like search, annotation, versioning, provenance, and long-term archiving to facilitate collaborative, transparent, and reusable research.","- “Agricultural information systems” is a broader concept of “Scientific information systems”.
- “Scientific information” is related to “Scientific information systems”.
- “Servicio bibliográfico” is related to “Scientific information systems”.
- “Sistema de información” has the narrower concept “Scientific information systems”.
- “Système d'information médicale” is a broader concept of “Scientific information systems”.
- “Географические информационные системы” is a broader concept of “Scientific information systems”.
- “Scientific information systems” is a broader concept of “Sistema de información”.
- “Scientific information systems” has the narrower concepts “Agricultural information systems”, “Système d'information médicale”, and “Географические информационные системы”.
- “Scientific information systems” is related to “Scientific information”, “Servicio bibliográfico”, “concept12107”, and “concept1772”."
http://vocabularies.unesco.org/thesaurus/concept3778,Target,Class,diffusion s lective de l information,"Diffusion sélective de l'information (DSI) is an information service that continually delivers documents, references, abstracts, or data selected to match users’ defined interest profiles.","- “Circulation internationale de matériels” is related to “Diffusion sélective de l'information”.
- “Servicio bibliográfico” is related to “Diffusion sélective de l'information”.
- “Информационные службы и услуги” is related to “Diffusion sélective de l'information”.
- “Распространение информации” has narrower concept “Diffusion sélective de l'information”.
- “Diffusion sélective de l'information” has broader concept “Распространение информации”.
- “Diffusion sélective de l'information” is related to “Circulation internationale de matériels”.
- “Diffusion sélective de l'information” is related to “Servicio bibliográfico”.
- “Diffusion sélective de l'information” is related to “Информационные службы и услуги”."
http://vocabularies.unesco.org/thesaurus/concept3785,Target,Class,isbd,"ISBD stands for:
- International Standard Bibliographic Description
- Description bibliographique internationale normalisée
- التقنين الدولي للوصف الببليوجرافي
- Descripción bibliográfica internacional normalizada
- Международный стандарт библиографического описания документа

In digital humanities, it refers to the global standard for creating consistent bibliographic descriptions of resources.","- “Matériel non imprimé” is related to “ISBD”.
- “Norma bibliográfica” has narrower concept “ISBD”.
- “Serials” is related to “ISBD”.
- “Монографии” is related to “ISBD”.
- “ISBD” has broader concept “Norma bibliográfica”.
- “ISBD” is related to “Matériel non imprimé”.
- “ISBD” is related to “Serials”.
- “ISBD” is related to “Монографии”."
http://vocabularies.unesco.org/thesaurus/concept3786,Target,Class,isbn,ISBN means International Standard Book Number (Número internacional normalizado de libros; Стандартный международный номер книжного издания; الرقم الدولي المعياري للكتاب; Numéro international normalisé du livre). It is a unique identifier assigned to books for standardized cataloging and discovery in digital humanities and publishing.,"- “ISSN” is related to “ISBN”.
- “Norma bibliográfica” has narrower concept “ISBN”.
- “كتب” is related to “ISBN”.
- “ISBN” is a broader concept of “Norma bibliográfica”.
- “ISBN” is related to “ISSN”.
- “ISBN” is related to “كتب”."
http://vocabularies.unesco.org/thesaurus/concept3787,Target,Class,issn,"ISSN means International Standard Serial Number — a standardized eight-digit code that uniquely identifies serial publications (e.g., journals, magazines) in digital humanities and other fields.","- “ISBN” is related to “ISSN”.
- “Norma bibliográfica” has narrower concept “ISSN”.
- “Serials” is related to “ISSN”.
- “ISSN” is a broader concept of “Norma bibliográfica”. (i.e., “Norma bibliográfica” is broader than “ISSN”)
- “ISSN” is related to “ISBN”.
- “ISSN” is related to “Serials”."
http://vocabularies.unesco.org/thesaurus/concept3799,Target,Class,catalogage,"In digital humanities, “catalogage” (from French; English: cataloging) is the process of creating, structuring, and maintaining metadata records for digital or digitized cultural objects (texts, images, audio, artifacts) to enable discovery, identification, and management. It involves applying controlled vocabularies and standards (e.g., Dublin Core, MODS, TEI headers) to describe items, their provenance, relationships, and technical/rights information.","- “Análisis documental” is related to “Catalogage”.
- “Compilación bibliográfica” is related to “Catalogage”.
- “Documentación” is related to “Catalogage”.
- “Information processing” has narrower concept “Catalogage”.
- “Библиографический контроль” has broader concept “Catalogage”.
- “Правила каталогизирования” is related to “Catalogage”.
- “تعاون المعلومات/المكتبات” is related to “Catalogage”.
- “فهارس” is related to “Catalogage”.
- “Catalogage” has broader concept “Information processing”.
- “Catalogage” has narrower concept “Библиографический контроль”.
- “Catalogage” is related to “Análisis documental”.
- “Catalogage” is related to “Compilación bibliográfica”.
- “Catalogage” is related to “Documentación”.
- “Catalogage” is related to “Правила каталогизирования”.
- “Catalogage” is related to “تعاون المعلومات/المكتبات”.
- “Catalogage” is related to “فهارس”."
http://vocabularies.unesco.org/thesaurus/concept3802,Target,Class,bibliolog a,"Bibliología is the systematic study of the properties and characteristics of books in relation to publishing processes and the techniques of printing, production, and distribution/marketing. In digital humanities, it extends to analyzing these aspects across both print and digital book production and circulation.","- “Coste de los libros” is related to “Bibliología”.
- “Edición” is related to “Bibliología”.
- “Información/biblioteca, investigación” has narrower concept “Bibliología”.
- “Bibliología” is broader than “Información/biblioteca, investigación”.
- “Bibliología” is related to “Coste de los libros”.
- “Bibliología” is related to “Edición”."
http://vocabularies.unesco.org/thesaurus/concept3809,Target,Class,coste de los libros,"In digital humanities, “Coste de los libros” (Spanish) refers to the monetary cost of books—i.e., expenses associated with acquiring, licensing, digitizing, preserving, or providing access to books within DH projects. It can include purchase prices, licensing fees for digital texts, scanning/digitization costs, metadata creation, storage/hosting, and long-term preservation.","- “Bibliología” is related to “Coste de los libros”.
- “Financiación de la comunicación” is related to “Coste de los libros”.
- “Книжная индустрия” is related to “Coste de los libros”.
- “اقتصاديات الاتصالات” has narrower concept “Coste de los libros”.
- “Coste de los libros” is broader than “اقتصاديات الاتصالات”.
- “Coste de los libros” is related to “Bibliología”.
- “Coste de los libros” is related to “Financiación de la comunicación”.
- “Coste de los libros” is related to “Книжная индустрия”."
http://vocabularies.unesco.org/thesaurus/concept3810,Target,Class,edici n,"Edición: Hacer accesible al público, en forma de publicación, un texto que transmita conocimientos (i.e., making a record of knowledge available to the public as a publication).","- “Bibliología” is related to “Edición”.
- “Depósito legal” is related to “Edición”.
- “Editorial” is related to “Edición”.
- “Industria discográfica” is broader than “Edición”.
- “Publishing industry” is narrower than “Edición”.
- “Издательское дело в электронной форме” is broader than “Edición”.
- “Индустрия видеозаписи” is broader than “Edición”.
- “Книжная индустрия” is related to “Edición”.
- “Редактирование” is broader than “Edición”.
- “ارقام التوزيع” is related to “Edición”.
- “طباعة” is related to “Edición”.
- “نشر الموسيقى” is broader than “Edición”.
- “Edición” is broader than “Publishing industry”.
- “Edición” is narrower than “Industria discográfica”.
- “Edición” is narrower than “Издательское дело в электронной форме”.
- “Edición” is narrower than “Индустрия видеозаписи”.
- “Edición” is narrower than “Редактирование”.
- “Edición” is narrower than “نشر الموسيقى”.
- “Edición” is related to “Bibliología”.
- “Edición” is related to “Depósito legal”.
- “Edición” is related to “Editorial”.
- “Edición” is related to “concept3090”.
- “Edición” is related to “concept3386”.
- “Edición” is related to “Книжная индустрия”.
- “Edición” is related to “ارقام التوزيع”.
- “Edición” is related to “طباعة”."
http://vocabularies.unesco.org/thesaurus/concept3814,Target,Class,biblioth que d positaire,"Bibliothèque dépositaire: a library legally designated or by agreement to receive, free of charge, a copy of some or all national publications (i.e., a legal deposit library).","- “Bibliothèque gouvernementale” is related to “Bibliothèque dépositaire”.
- “Bibliothèque nationale” has narrower concept “Bibliothèque dépositaire”.
- “Depósito legal” is related to “Bibliothèque dépositaire”.
- “Bibliothèque dépositaire” is a broader concept of “Bibliothèque nationale”. [Note: inverse of given triple; correct phrasing should be: “Bibliothèque dépositaire” has broader concept “Bibliothèque nationale”.]
- “Bibliothèque dépositaire” is related to “Bibliothèque gouvernementale”.
- “Bibliothèque dépositaire” is related to “Depósito legal”.
- “Bibliothèque dépositaire” is related to “concept3090”."
http://vocabularies.unesco.org/thesaurus/concept3816,Target,Class,Юридические библиотеки,"“Юридические библиотеки” means “legal libraries” — collections (often digital in DH contexts) of legal texts, case law, statutes, and related scholarly resources used for research, text analysis, and data-driven studies in law and the humanities.","- «Специализированные библиотеки» имеют более узкое понятие «Юридические библиотеки».
- «نظم المعلومات القانونية» связано с «Юридические библиотеки».
- «Юридические библиотеки» является более широким понятием для «Специализированные библиотеки». [Исправление: согласно SKOS, должно быть: «Юридические библиотеки» является более узким понятием «Специализированные библиотеки».]
- «Юридические библиотеки» связано с «concept546».
- «Юридические библиотеки» связано с «نظم المعلومات القانونية»."
http://vocabularies.unesco.org/thesaurus/concept3818,Target,Class,Библиотеки в области деловой литературы,"It means “libraries in the field of business literature”—i.e., collections, repositories, or curated resources (physical or digital) focused on business/management texts. In a digital humanities context, this can refer to digital libraries, corpora, and metadata-rich archives of business books, reports, and periodicals used for computational analysis (e.g., text mining, topic modeling, citation networks) of business knowledge and discourse.","- “Специализированные библиотеки” has narrower concept “Библиотеки в области деловой литературы”.
- “مكتبات صناعية” is related to “Библиотеки в области деловой литературы”.
- “Библиотеки в области деловой литературы” has broader concept “Специализированные библиотеки”.
- “Библиотеки в области деловой литературы” is related to “مكتبات صناعية”."
http://vocabularies.unesco.org/thesaurus/concept3820,Target,Class,مكتبات المستشفيات,"In digital humanities, “مكتبات المستشفيات” refers to hospital libraries—information centers within healthcare institutions that provide clinicians, researchers, students, and patients with access to medical literature, databases, and evidence resources, increasingly via digital collections, repositories, and knowledge management tools supporting research, education, and clinical decision-making.","- ""مكتبات المستشفيات"" أعمّها: ""مكتبات مؤسسية"".
- ""مكتبات مؤسسية"" أخصّها: ""مكتبات المستشفيات""."
http://vocabularies.unesco.org/thesaurus/concept3823,Target,Class,Газетные библиотеки,"In digital humanities, “Газетные библиотеки” (Russian) means “newspaper libraries” — curated digital or physical collections/archives of newspapers used for research, text mining, and historical analysis.","- «Специализированные библиотеки» имеет более узкое понятие «Газетные библиотеки».
- «صحف» связано с «Газетные библиотеки».
- «Газетные библиотеки» является более широким понятием для «Специализированные библиотеки». [Примечание: по данным тройкам это должно быть «более узкое понятие для», см. следующую строку.]
- «Газетные библиотеки» связано с «صحف»."
http://vocabularies.unesco.org/thesaurus/concept3825,Target,Class,biblioth que gouvernementale,"In a digital humanities context, “Bibliothèque gouvernementale” refers to a government library—an institution that collects, preserves, and provides access to government publications, records, and related cultural heritage, increasingly through digitization and online platforms for research and public use.","- “Bibliothèque” has narrower concept “Bibliothèque gouvernementale”.
- “Bibliothèque dépositaire” is related to “Bibliothèque gouvernementale”.
- “Bibliothèque nationale” is related to “Bibliothèque gouvernementale”.
- “Bibliothèque gouvernementale” has broader concept “Bibliothèque”.
- “Bibliothèque gouvernementale” is related to “Bibliothèque dépositaire”.
- “Bibliothèque gouvernementale” is related to “Bibliothèque nationale”."
http://vocabularies.unesco.org/thesaurus/concept3829,Target,Class,مكتبات صناعية,"في سياق الإنسانيات الرقمية، “مكتبات صناعية” تُستخدم عادة للدلالة على:
- مكتبات برمجية (software libraries) مُطوَّرة صناعيًا/احترافيًا تُستعمل في معالجة البيانات الإنسانية الرقمية (مثل تحليل النصوص، اللغات الطبيعية، الرؤية الحاسوبية، إدارة البيانات).
- أو مستودعات رقمية/بنى تحتية معلوماتية على نطاق واسع مُنشأة بمواصفات صناعية لدعم الحفظ، الفهرسة، والوصول إلى المجموعات الثقافية والبحثية.

الخلاصة: المقصود غالبًا مكتبات برمجية وأطر عمل احترافية تُستخدم كأدوات في مشروعات الإنسانيات الرقمية.","- “Библиотеки в области деловой литературы” is related to “مكتبات صناعية”.
- “Специализированные библиотеки” has narrower concept “مكتبات صناعية”.
- “مكتبات بحثية” is related to “مكتبات صناعية”.
- “مكتبات صناعية” is a narrower concept of “Специализированные библиотеки”.
- “مكتبات صناعية” is related to “concept608”.
- “مكتبات صناعية” is related to “Библиотеки в области деловой литературы”.
- “مكتبات صناعية” is related to “مكتبات بحثية”."
http://vocabularies.unesco.org/thesaurus/concept3831,Target,Class,مكتبات مؤسسية,في سياق الإنسانيات الرقمية، “مكتبات مؤسسية” تعني المكتبات التابعة لمؤسسات (مثل الجامعات والمراكز البحثية) التي تجمع وتنظم وتحفظ وتوفر الوصول إلى الموارد الرقمية والبحثية الخاصة بالمؤسسة—كالأطروحات والبيانات البحثية والمجموعات الرقمية والأرشيفات—مع اعتماد معايير وصفية وتقنيات إتاحة مفتوحة لدعم البحث، إعادة الاستخدام، والحفظ الطويل الأمد.,"- “Bibliothèque” has narrower concept “مكتبات مؤسسية”.
- “مكتبات المستشفيات” has broader concept “مكتبات مؤسسية”.
- “مكتبات المكفوفين” has broader concept “مكتبات مؤسسية”.
- “مكتبات مؤسسية” has broader concept “Bibliothèque”.
- “مكتبات مؤسسية” has narrower concept “مكتبات المستشفيات”.
- “مكتبات مؤسسية” has narrower concept “مكتبات المكفوفين”.
- “مكتبات مؤسسية” is related to “concept414”."
http://vocabularies.unesco.org/thesaurus/concept3833,Target,Class,biblioteca internacional,"In a digital humanities context, “Biblioteca internacional” typically refers to an international library—i.e., a collection or platform that aggregates, preserves, and provides access to cultural heritage materials from multiple countries and languages, often via interoperable digital repositories, shared metadata standards, and cross-border collaboration.","- “Biblioteca internacional” is a broader concept of “Bibliothèque”.
- “Bibliothèque” is a narrower concept of “Biblioteca internacional”."
http://vocabularies.unesco.org/thesaurus/concept3835,Target,Class,biblioth que m dicale,"In a digital humanities context, “Bibliothèque médicale” refers to a medical library—typically a curated digital collection of medical texts, images, datasets, and related scholarly resources, often designed for research, preservation, and open access in the history and practice of medicine.","- “Bibliothèque médicale” has a broader concept “Специализированные библиотеки”.
- “Специализированные библиотеки” has a narrower concept “Bibliothèque médicale”."
http://vocabularies.unesco.org/thesaurus/concept3837,Target,Class,Мобильные библиотеки,"In digital humanities, “Мобильные библиотеки” (Russian) typically means “mobile libraries” in the sense of:
- Mobile (app-based) library services: library catalogs, digital collections, and reading platforms accessible via smartphones/tablets.
- Mobile library units: portable or traveling library services (e.g., bookmobiles), sometimes extended to pop-up digital labs bringing DH tools and resources to different communities.

Most often in DH contexts, it refers to mobile-access digital libraries and tools enabling on-the-go access, annotation, and data collection.","- “Biblioteca pública” has narrower concept “Мобильные библиотеки”.
- “Мобильные библиотеки” has broader concept “Biblioteca pública”."
http://vocabularies.unesco.org/thesaurus/concept3839,Target,Class,biblioteca municipal,"In digital humanities context, “Biblioteca municipal” means a municipal (city-run) public library—often a local cultural institution that provides access to collections, digital resources, and community services, and may partner in digitization, metadata curation, and public digital scholarship.","- “Biblioteca municipal” is a broader concept of “Biblioteca pública.”  
- “Biblioteca pública” has the narrower concept “Biblioteca municipal.”"
http://vocabularies.unesco.org/thesaurus/concept3841,Target,Class,biblioth que nationale,"It means a country’s national library—the institution responsible for acquiring and preserving copies of all significant publications produced in the country, functioning as the legal deposit library.","- “Biblioteca pública” is related to “Bibliothèque nationale”.
- “Bibliothèque” has narrower concept “Bibliothèque nationale”.
- “Bibliothèque dépositaire” has broader concept “Bibliothèque nationale”.
- “Bibliothèque gouvernementale” is related to “Bibliothèque nationale”.
- “Bibliothèque nationale” has broader concept “Bibliothèque”.
- “Bibliothèque nationale” has narrower concept “Bibliothèque dépositaire”.
- “Bibliothèque nationale” is related to “Biblioteca pública”.
- “Bibliothèque nationale” is related to “Bibliothèque gouvernementale”."
http://vocabularies.unesco.org/thesaurus/concept3843,Target,Class,مكتبات المكفوفين,"In digital humanities, “مكتبات المكفوفين” refers to libraries and information services designed for blind and visually impaired users, typically offering accessible digital formats (e.g., DAISY, Braille e-books, audiobooks with navigation, screen-reader–friendly repositories) and assistive technologies to ensure equitable access to cultural and scholarly resources.","- ""مكتبات المكفوفين"" أعمّها: ""مكتبات مؤسسية"".
- ""مكتبات مؤسسية"" أخصّها: ""مكتبات المكفوفين""."
http://vocabularies.unesco.org/thesaurus/concept3845,Target,Class,مكتبات الاطفال,"In digital humanities context, مكتبات الأطفال means “children’s libraries” — collections, services, and digital platforms curated for children’s reading, learning, and cultural engagement.","- “Bibliothèque” has narrower concept “مكتبات الاطفال”.
- “مكتبات الاطفال” has broader concept “Bibliothèque”."
http://vocabularies.unesco.org/thesaurus/concept3847,Target,Class,biblioteca p blica,“Biblioteca pública” means a library that serves the population of a community or region free of charge or for a nominal fee.,"- “Biblioteca municipal” is a broader term for “Biblioteca pública”.
- “Bibliothèque” is a narrower term for “Biblioteca pública”.
- “Bibliothèque nationale” is related to “Biblioteca pública”.
- “Мобильные библиотеки” is a broader term for “Biblioteca pública”.
- “Региональные библиотеки” is a broader term for “Biblioteca pública”.
- “Сельские библиотеки” is a broader term for “Biblioteca pública”.
- “توسع مكتبي” is related to “Biblioteca pública”.
- “Biblioteca pública” is a broader term for “Bibliothèque”.
- “Biblioteca pública” is a narrower term for “Biblioteca municipal”.
- “Biblioteca pública” is a narrower term for “Мобильные библиотеки”.
- “Biblioteca pública” is a narrower term for “Региональные библиотеки”.
- “Biblioteca pública” is a narrower term for “Сельские библиотеки”.
- “Biblioteca pública” is related to “Bibliothèque nationale”.
- “Biblioteca pública” is related to “توسع مكتبي”."
http://vocabularies.unesco.org/thesaurus/concept3849,Target,Class,Региональные библиотеки,"“Региональные библиотеки” in a digital humanities context refers to regional libraries—libraries serving specific geographic regions (e.g., oblast, province, or municipality)—as institutions and data sources. They often provide:

- Local collections (regional history, culture, language)
- Digitized archives and catalogs
- Metadata and authority records specific to the region
- Partnerships for digitization, preservation, and community-driven projects

In DH, they’re key for accessing and analyzing region-specific digital corpora and cultural heritage.","- “Biblioteca pública” has the narrower concept “Региональные библиотеки”.
- “Региональные библиотеки” has the broader concept “Biblioteca pública”."
http://vocabularies.unesco.org/thesaurus/concept3851,Target,Class,Сельские библиотеки,"“Сельские библиотеки” means “rural libraries.” In a digital humanities context, it refers to libraries serving rural communities and their roles in digitization, access to digital resources, community archives, and bridging the digital divide outside urban centers.","- “Biblioteca pública” has a narrower concept: “Сельские библиотеки”.
- “Сельские библиотеки” has a broader concept: “Biblioteca pública”."
http://vocabularies.unesco.org/thesaurus/concept3857,Target,Class,comparative librarianship,"Comparative librarianship is the systematic study of library systems, practices, policies, and cultures across different countries or contexts to identify similarities, differences, and transferable insights. In digital humanities, it helps evaluate how libraries worldwide support DH—e.g., infrastructures for digital collections, metadata standards, digitization, research data services, digital scholarship labs, and open access—so best practices can be adapted to strengthen DH ecosystems.","- “Bibliothéconomie” is related to “Comparative librarianship”.
- “Información/biblioteca, investigación” has narrower concept “Comparative librarianship”.
- “Comparative librarianship” has broader concept “Información/biblioteca, investigación”.
- “Comparative librarianship” is related to “Bibliothéconomie”."
http://vocabularies.unesco.org/thesaurus/concept3897,Target,Class,communication interculturelle,"In digital humanities, “Communication interculturelle” means verbal and nonverbal communication among people from different cultures—التواصل اللفظي وغير اللفظي بين شعوب من ثقافات مختلفة; Вербальная и невербальная коммуникация между народами различных культур; Comunicación verbal y no verbal entre personas de culturas diferentes; Communication verbale et non verbale entre personnes de cultures différentes.","- “Коммуникационный процесс” has narrower concept “Communication interculturelle”.
- “اتصال بين الاشخاص” is related to “Communication interculturelle”.
- “Communication interculturelle” has broader concept “Коммуникационный процесс”.
- “Communication interculturelle” is related to “concept17166”.
- “Communication interculturelle” is related to “concept261”.
- “Communication interculturelle” is related to “concept3892”.
- “Communication interculturelle” is related to “concept3895”.
- “Communication interculturelle” is related to “concept3898”.
- “Communication interculturelle” is related to “concept3899”.
- “Communication interculturelle” is related to “concept419”.
- “Communication interculturelle” is related to “concept6984”.
- “Communication interculturelle” is related to “concept7007”.
- “Communication interculturelle” is related to “concept7021”.
- “Communication interculturelle” is related to “اتصال بين الاشخاص”."
http://vocabularies.unesco.org/thesaurus/concept3939,Target,Class,تجليد,"In digital humanities, “تجليد” refers to bookbinding—the process and techniques of assembling and binding pages into a physical volume. It’s relevant for describing material features of manuscripts/books (bindings, covers, spines) in cataloging, metadata, and conservation studies.","- “Printing methods” has narrower concept “تجليد”.
- “تجليد” has broader concept “Printing methods”."
http://vocabularies.unesco.org/thesaurus/concept4167,Target,Class,bolet n de informaci n,"In digital humanities, “Boletín de información” typically refers to an information bulletin or newsletter—periodic communications (often email or web-based) that share updates, resources, project news, calls for papers, events, and publications relevant to the DH community.","- “Boletín de información” is a broader concept’s narrower term of “دوريات”.
- “دوريات” has the narrower concept “Boletín de información”."
http://vocabularies.unesco.org/thesaurus/concept4179,Target,Class,Книжная индустрия,"In digital humanities, “Книжная индустрия” (Russian) means “the book industry” — the ecosystem of creating, producing, distributing, and marketing books (print and digital), including publishers, editors, printers, platforms, and readers, often studied via data-driven methods (e.g., publishing metadata, sales, circulation, and readership analytics).","- “Coste de los libros” is related to “Книжная индустрия”.
- “Edición” is related to “Книжная индустрия”.
- “Industrie des communications” is related to “Книжная индустрия”.
- “Papier d'impression” is related to “Книжная индустрия”.
- “Publishing industry” has narrower concept “Книжная индустрия”.
- “Venta de libros” has broader concept “Книжная индустрия”.
- “Редактирование” is related to “Книжная индустрия”.
- “انتاج الكتب المدرسية” has broader concept “Книжная индустрия”.
- “Книжная индустрия” has broader concept “Publishing industry”.
- “Книжная индустрия” has narrower concept “Venta de libros”.
- “Книжная индустрия” has narrower concept “انتاج الكتب المدرسية”.
- “Книжная индустрия” is related to “Coste de los libros”.
- “Книжная индустрия” is related to “Edición”.
- “Книжная индустрия” is related to “Industrie des communications”.
- “Книжная индустрия” is related to “Papier d'impression”.
- “Книжная индустрия” is related to “Редактирование”."
http://vocabularies.unesco.org/thesaurus/concept4180,Target,Class,financiaci n de la comunicaci n,"In digital humanities, “Financiación de la comunicación” refers to how the dissemination of research—publishing articles, maintaining open-access platforms, hosting datasets, running journals, conferences, repositories, and outreach—gets funded. It covers:

- Funding sources: grants, institutional support, APCs, consortia, philanthropy, subscriptions, crowdfunding.
- Cost models: open access (gold/diamond/green), hybrid, transformative agreements.
- Infrastructure financing: platforms, preservation, metadata, DOIs.
- Policy and ethics: equity, sustainability, predatory practices, public access mandates.

In short, it’s the economic models and resources that sustain the communication and circulation of digital humanities scholarship.","- “Coste de los libros” is related to “Financiación de la comunicación”.
- “Viabilité des médias” is related to “Financiación de la comunicación”.
- “اقتصاديات الاتصالات” has narrower concept “Financiación de la comunicación”.
- “Financiación de la comunicación” is broader than “اقتصاديات الاتصالات”.
- “Financiación de la comunicación” is related to “Coste de los libros”.
- “Financiación de la comunicación” is related to “Viabilité des médias”."
http://vocabularies.unesco.org/thesaurus/concept4183,Target,Class,Развитие книжного дела,"In digital humanities, “Развитие книжного дела” means “the development of the book industry” or “the evolution of book culture and publishing”—covering how books are produced, distributed, and used over time, including shifts from manuscript to print to digital formats, publishing practices, readership, and book markets.","- “Развитие книжного дела” is a narrower concept of “Développement de la communication”.
- “Medios impresos” is related to “Развитие книжного дела”.
- “Развитие книжного дела” has broader concept “Développement de la communication” and is related to “Medios impresos”."
http://vocabularies.unesco.org/thesaurus/concept4186,Target,Class,medios impresos,"In digital humanities, “medios impresos” refers to print media—traditionally printed materials like books, journals, newspapers, pamphlets—often studied alongside or transformed into digital formats (digitization, OCR, text mining) for analysis and preservation.","- “Média d'information” has narrower concept “Medios impresos”.
- “Papier d'impression” has broader concept “Medios impresos”.
- “Reprographie” is related to “Medios impresos”.
- “Развитие книжного дела” is related to “Medios impresos”.
- “طباعة” is related to “Medios impresos”.
- “مواد في شكل كتاب” is related to “Medios impresos”.
- “Medios impresos” has broader concept “Média d'information”.
- “Medios impresos” has narrower concept “Papier d'impression”.
- “Medios impresos” is related to “Reprographie”, “Развитие книжного дела”, “طباعة”, and “مواد في شكل كتاب”."
http://vocabularies.unesco.org/thesaurus/concept4188,Target,Class,distribution des livres,"In digital humanities context, “Distribution des livres” (French) typically means the statistical distribution of books—how books are spread across categories such as time periods, genres, authors, languages, places, or collections—often visualized or analyzed to study patterns in a corpus.","- “Circulation internationale de matériels” is related to “Distribution des livres.”
- “Fourniture de documents” is related to “Distribution des livres.”
- “Postal services” is related to “Distribution des livres.”
- “Venta de libros” is related to “Distribution des livres.”
- “Échange de publications” is related to “Distribution des livres.”
- “Распространение информации” has narrower concept “Distribution des livres.”
- “نشر المعرفة” is related to “Distribution des livres.”
- “Distribution des livres” is broader than “Распространение информации.”
- “Distribution des livres” is related to “Circulation internationale de matériels.”
- “Distribution des livres” is related to “Fourniture de documents.”
- “Distribution des livres” is related to “Postal services.”
- “Distribution des livres” is related to “Venta de libros.”
- “Distribution des livres” is related to “Échange de publications.”
- “Distribution des livres” is related to “نشر المعرفة.”"
http://vocabularies.unesco.org/thesaurus/concept4190,Target,Class,venta de libros,"In a digital humanities context, “Venta de libros” (Spanish) means “book sales” or “the sale of books,” typically referring to the commerce, circulation, and market dynamics of books—often analyzed through datasets (e.g., catalogs, ledgers, online platforms) to study publishing trends, readership, distribution networks, and cultural impact.","- “Distribution des livres” is related to “Venta de libros”.
- “Libraire” is related to “Venta de libros”.
- “Venta de libros” is a narrower concept of “Книжная индустрия”.
- “Книжная индустрия” has the narrower concept “Venta de libros”.
- “Venta de libros” is related to “Distribution des livres”.
- “Venta de libros” is related to “Libraire”."
http://vocabularies.unesco.org/thesaurus/concept4191,Target,Class,نشر المعرفة,"In digital humanities, نشر المعرفة means “knowledge dissemination”—the processes and platforms used to share research outputs (data, methods, tools, interpretations) openly and accessibly, e.g., via open-access publications, digital repositories, websites, social media, and public-facing visualizations.","- “Circulation internationale de matériels” is related to “نشر المعرفة”.
- “Distribution des livres” is related to “نشر المعرفة”.
- “Распространение информации” has narrower concept “نشر المعرفة”.
- “نشر المعرفة” has broader concept “Распространение информации”.
- “نشر المعرفة” is related to “Circulation internationale de matériels”.
- “نشر المعرفة” is related to “Distribution des livres”.
- “نشر المعرفة” is related to “concept17126”.
- “نشر المعرفة” is related to “concept6968”."
http://vocabularies.unesco.org/thesaurus/concept4192,Target,Class,fourniture de documents,"In digital humanities, “Fourniture de documents” means providing information users with the documents they request—i.e., supplying requested materials to users.","- “Circulación de publicaciones periódicas” is related to “Fourniture de documents”.
- “Circulation internationale de matériels” is related to “Fourniture de documents”.
- “Distribution des livres” is related to “Fourniture de documents”.
- “Interlibrary loans” is related to “Fourniture de documents”.
- “Library circulation” is related to “Fourniture de documents”.
- “Информационные службы и услуги” has narrower concept “Fourniture de documents”.
- “Распространение информации” is related to “Fourniture de documents”.
- “Fourniture de documents” is broader than “Информационные службы и услуги”.
- “Fourniture de documents” is related to “Circulación de publicaciones periódicas”.
- “Fourniture de documents” is related to “Circulation internationale de matériels”.
- “Fourniture de documents” is related to “Distribution des livres”.
- “Fourniture de documents” is related to “Interlibrary loans”.
- “Fourniture de documents” is related to “Library circulation”.
- “Fourniture de documents” is related to “Распространение информации”."
http://vocabularies.unesco.org/thesaurus/concept4193,Target,Class,change de publications,"In digital humanities, “Échange de publications” (French) means “exchange of publications”: institutions or researchers reciprocally share their publications (e.g., journals, reports, datasets, editions) to broaden access, build collections, and foster collaboration without monetary transactions.","- “Circulation internationale de matériels” is related to “Échange de publications”.
- “Distribution des livres” is related to “Échange de publications”.
- “Information exchange” has narrower concept “Échange de publications”.
- “Interlibrary loans” is related to “Échange de publications”.
- “Échange de publications” is a broader concept under “Information exchange”.
- “Échange de publications” is related to “Circulation internationale de matériels”.
- “Échange de publications” is related to “Distribution des livres”.
- “Échange de publications” is related to “Interlibrary loans”.
- “Échange de publications” is related to “concept6580”."
http://vocabularies.unesco.org/thesaurus/concept4194,Target,Class,circulation internationale de mat riels,"It refers to international circulation/exchange of materials—specifically under agreements that facilitate the cross-border movement of educational, scientific, and cultural materials. Use the term only when indexing or discussing conventions that enable such exchanges.","- “Diffusion sélective de l'information” is related to “Circulation internationale de matériels”.
- “Distribution des livres” is related to “Circulation internationale de matériels”.
- “Fourniture de documents” is related to “Circulation internationale de matériels”.
- “Interlibrary loans” is related to “Circulation internationale de matériels”.
- “Postal services” is related to “Circulation internationale de matériels”.
- “Échange de publications” is related to “Circulation internationale de matériels”.
- “Распространение информации” has narrower concept “Circulation internationale de matériels”.
- “نشر المعرفة” is related to “Circulation internationale de matériels”.
- “Circulation internationale de matériels” has broader concept “Распространение информации”.
- “Circulation internationale de matériels” is related to “Diffusion sélective de l'information”.
- “Circulation internationale de matériels” is related to “Distribution des livres”.
- “Circulation internationale de matériels” is related to “Fourniture de documents”.
- “Circulation internationale de matériels” is related to “Interlibrary loans”.
- “Circulation internationale de matériels” is related to “Postal services”.
- “Circulation internationale de matériels” is related to “Échange de publications”.
- “Circulation internationale de matériels” is related to “نشر المعرفة”."
http://vocabularies.unesco.org/thesaurus/concept4195,Target,Class,postal services,"In digital humanities, “postal services” refers to the historical and contemporary systems for creating, transporting, and delivering mail—and, by extension, the infrastructures, practices, records, and artifacts they generate (e.g., letters, postcards, postmarks, routes, tariffs). Scholars analyze these as data and cultural sources to study communication networks, social ties, state power, information circulation, and material text cultures, often using digitized corpora, metadata (addresses, dates, routes), GIS mapping of routes, and network analysis of correspondence.","- “Circulation internationale de matériels” is related to “Postal services”.
- “Distribution des livres” is related to “Postal services”.
- “Industrie des communications” has narrower concept “Postal services”.
- “اتصال بين الاشخاص” is related to “Postal services”.
- “Postal services” is broader than “Industrie des communications”.
- “Postal services” is related to “Circulation internationale de matériels”.
- “Postal services” is related to “Distribution des livres”.
- “Postal services” is related to “اتصال بين الاشخاص”."
http://vocabularies.unesco.org/thesaurus/concept4198,Target,Class,انتاج الكتب المدرسية,"In digital humanities, “إنتاج الكتب المدرسية” means the end-to-end process of creating school textbooks using digital methods—authoring, editing, layout, multimedia integration, versioning, accessibility tagging, and digital/print publishing and distribution.","- “Книжная индустрия” has a narrower concept “انتاج الكتب المدرسية”.
- “انتاج الكتب المدرسية” has a broader concept “Книжная индустрия”."
http://vocabularies.unesco.org/thesaurus/concept4200,Target,Class,Редактирование,"In digital humanities, “Редактирование” (Russian) means “editing” — the process of reviewing, correcting, and preparing digital texts or datasets (e.g., transcription cleanup, annotation, normalization, metadata correction, versioning).","- “Edición” has narrower concept “Редактирование”.
- “Rédacteur” is related to “Редактирование”.
- “Газетная пресса” is related to “Редактирование”.
- “Книжная индустрия” is related to “Редактирование”.
- “Редактирование” has broader concept “Edición”.
- “Редактирование” is related to “Rédacteur”.
- “Редактирование” is related to “Газетная пресса”.
- “Редактирование” is related to “Книжная индустрия”."
http://vocabularies.unesco.org/thesaurus/concept4201,Target,Class,papier d impression,"In digital humanities (especially TEI/XML metadata for manuscripts or early prints), “papier d’impression” is French for “printing paper” — i.e., the paper stock used for the printed impression, as opposed to, say, draft paper, wrapper, or parchment. It denotes the material/support on which the text was printed.","- “Medios impresos” has narrower concept “Papier d'impression”.
- “Newsprint” has broader concept “Papier d'impression”.
- “Printing equipment” is related to “Papier d'impression”.
- “Книжная индустрия” is related to “Papier d'impression”.
- “Papier d'impression” has broader concept “Medios impresos”.
- “Papier d'impression” has narrower concept “Newsprint”.
- “Papier d'impression” is related to “Printing equipment”.
- “Papier d'impression” is related to “Книжная индустрия”."
http://vocabularies.unesco.org/thesaurus/concept4207,Target,Class,editorial,"In digital humanities, “editorial” typically refers to the scholarly processes and decisions involved in preparing, curating, and presenting texts or cultural materials in digital form. This includes:

- Establishing text (transcription, normalization, encoding, variant collation)
- Providing critical apparatus (annotations, commentary, metadata)
- Setting interpretive and design choices (interface, markup standards like TEI, data models)
- Documenting methodology and provenance

An “editorial” may also mean a position piece or curatorial statement that explains the project’s aims, scope, and editorial rationale.","- Communication personnel has narrower concept Editorial.
- Edición is related to Editorial.
- Editorial has broader concept Communication personnel.
- Editorial is related to Edición.
- Editorial is related to concept4205."
http://vocabularies.unesco.org/thesaurus/concept4216,Target,Class,مواد في شكل كتاب,"It means “materials in book form.” In digital humanities, this typically refers to resources presented as or structured like a book—e.g., digitized monographs, edited volumes, e-books, or book-like compilations (with chapters, pagination, table of contents).","- “Medios impresos” is related to “مواد في شكل كتاب”.
- “وثائق” has the narrower concept “مواد في شكل كتاب”.
- “وثائق اولية” is related to “مواد في شكل كتاب”.
- “وثائق ثانوية” is related to “مواد في شكل كتاب”.
- “مواد في شكل كتاب” is a narrower concept of “وثائق”.
- “مواد في شكل كتاب” is related to “Medios impresos”.
- “مواد في شكل كتاب” is related to “وثائق اولية”.
- “مواد في شكل كتاب” is related to “وثائق ثانوية”."
http://vocabularies.unesco.org/thesaurus/concept4219,Target,Class,وثائق اولية,It means “primary documents” or “original documents”: original records that have not undergone any documentary/archival processing or treatment.,"- “Matériel non imprimé” is related to “وثائق اولية”.
- “Rapport national” is related to “وثائق اولية”.
- “Serials” is related to “وثائق اولية”.
- “Отчеты о командировках” is related to “وثائق اولية”.
- “دوريات” is related to “وثائق او̄لية”.
- “مواد في شكل كتاب” is related to “وثائق اولية”.
- “وثائق” has narrower concept “وثائق اولية”.
- “وثائق اولية” is broader concept of “وثائق”.
- “وثائق اولية” is related to “Matériel non imprimé”.
- “وثائق اولية” is related to “Rapport national”.
- “وثائق اولية” is related to “Serials”.
- “وثائق اولية” is related to “concept15478”.
- “وثائق اولية” is related to “Отчеты о командировках”.
- “وثائق اولية” is related to “دوريات”.
- “وثائق اولية” is related to “مواد في شكل كتاب”."
http://vocabularies.unesco.org/thesaurus/concept4222,Target,Class,libro para ni os,"“Libro para niños” means “children’s book.” 

In a digital humanities context, it typically refers to children’s literature studied or presented using digital tools—e.g., digitized picture books, metadata and text analysis of children’s narratives, or interactive/annotated editions designed for young readers.","- “Libro para niños” is a broader concept of “كتب”.
- “Libro para niños” is related to “concept5098”.
- “Libro para niños” is related to “concept96”.
- “كتب” has the narrower concept “Libro para niños”."
http://vocabularies.unesco.org/thesaurus/concept4223,Target,Class,documento de reuni n,"In digital humanities, “Documento de reunión” refers to a conference paper or meeting document—use this term only when discussing the writing, editing, or similar editorial work related to such documents.","- ""كتب"" has narrower concept ""Documento de reunión"".
- ""مؤتمرات"" is related to ""Documento de reunión"".
- ""Documento de reunión"" has broader concept ""كتب"" and is related to ""مؤتمرات""."
http://vocabularies.unesco.org/thesaurus/concept4224,Target,Class,Руководства,"In the context of digital humanities, “Руководства” means “guides” or “manuals” (instructional documents/tutorials).","- “Guide de voyage” is a broader concept of “Руководства”.
- “Guides to information sources” is related to “Руководства”.
- “Textbooks” is a broader concept of “Руководства”.
- “Практические пособия” is a broader concept of “Руководства”.
- “كتب” is a narrower concept of “Руководства”.
- “Руководства” is a broader concept of “كتب”.
- “Руководства” is a narrower concept of “Guide de voyage”.
- “Руководства” is a narrower concept of “Textbooks”.
- “Руководства” is a narrower concept of “Практические пособия”.
- “Руководства” is related to “Guides to information sources”."
http://vocabularies.unesco.org/thesaurus/concept4225,Target,Class,كتب نادرة,"In digital humanities, ""كتب نادرة"" means ""rare books""—historically significant or scarce publications that are preserved, digitized, and studied for their cultural, textual, or material value.","- “Рукописи” is related to “كتب نادرة”.
- “كتب” has the narrower concept “كتب نادرة”.
- “كتب نادرة” has the broader concept “كتب”.
- “كتب نادرة” is related to “concept2782”.
- “كتب نادرة” is related to “concept2783”.
- “كتب نادرة” is related to “Рукописи”."
http://vocabularies.unesco.org/thesaurus/concept4227,Target,Class,Монографии,"Монографии:
1) Научный труд, посвященный одной конкретной теме.
2) В каталогизации — любое издание, не являющееся серийным (т.е. не «серия»/«периодика»).","- ISBD is related to Монографии.
- Rapport national is a broader term of Монографии. (i.e., Монографии is narrower than Rapport national.)
- Отчеты о командировках is a broader term of Монографии. (i.e., Монографии is narrower than Отчеты о командировках.)
- كتب is related to Монографии.
- وثائق is narrower than Монографии. (i.e., Монографии is broader than وثائق.)
- Монографии is broader than وثائق.
- Монографии is narrower than Rapport national.
- Монографии is narrower than Отчеты о командировках.
- Монографии is related to ISBD.
- Монографии is related to كتب."
http://vocabularies.unesco.org/thesaurus/concept4230,Target,Class,libraire,"In digital humanities (and more broadly in French publishing), “libraire” means “bookseller.” It refers to the person or business that sells books (a bookstore), not a librarian (“bibliothécaire”) and not a publisher (“éditeur”).","- “Libraire” is a narrower concept of “Communication personnel”.
- “Venta de libros” is related to “Libraire”.
- “Libraire” is a broader concept’s member under “Communication personnel”.
- “Libraire” is related to “Venta de libros”."
http://vocabularies.unesco.org/thesaurus/concept4325,Target,Class,Вещательное производство,"In digital humanities, “вещательное производство” (likely a mistranscription of “вещание”/“вещательное,” i.e., broadcasting) refers to the production of broadcast content—planning, creating, and distributing audio/video programs (radio, TV, livestreams, podcasts) to audiences. It covers editorial workflows, scheduling, recording, post-production, metadata, archiving, and platform delivery, often leveraging digital tools for automation, streaming, and audience analytics.","- “Production de télévision” is related to “Вещательное производство”.
- “Radiodiffusion” has the narrower concept “Вещательное производство”.
- “Tecnología de radiodifusión” is related to “Вещательное производство”.
- “Вещательное производство” is a broader concept of “Radiodiffusion”.
- “Вещательное производство” is related to “Production de télévision”.
- “Вещательное производство” is related to “Tecnología de radiodifusión”.
- “Вещательное производство” is related to “concept4356”."
http://vocabularies.unesco.org/thesaurus/concept4326,Target,Class,program de radiodiffusion,"In a digital humanities context, “Programme de radiodiffusion” (French) means a radio broadcast program—i.e., the scheduled content transmitted by radio. It can refer to individual episodes or a series, treated as media objects for analysis (metadata, transcripts, scheduling, audiences, circulation).","- “Programa de televisión” is related to “Programme de radiodiffusion”.
- “Programme radiophonique” is related to “Programme de radiodiffusion”.
- “Radiodiffusion” has narrower concept “Programme de radiodiffusion”.
- “Échange de programmes” is broader than “Programme de radiodiffusion”.
- “محتوى البرامج” is broader than “Programme de radiodiffusion”.
- “Programme de radiodiffusion” is broader than “Radiodiffusion”.
- “Programme de radiodiffusion” has narrower concepts “Échange de programmes” and “محتوى البرامج”.
- “Programme de radiodiffusion” is related to “Programa de televisión” and “Programme radiophonique”."
http://vocabularies.unesco.org/thesaurus/concept4327,Target,Class,medios comunitarios,"In digital humanities, “medios comunitarios” refers to community-run media platforms—such as local radio, blogs, social networks, podcasts, or digital archives—created and managed by communities to produce, preserve, and circulate their own knowledge, culture, and narratives. They emphasize participatory creation, local relevance, and empowerment, often using open, low-cost digital tools to document community history, language, and social issues.","- “Presse locale” is related to “Medios comunitarios”.
- “Radiodiffusion” has the narrower concept “Medios comunitarios”.
- “Medios comunitarios” has the broader concept “Radiodiffusion”.
- “Medios comunitarios” is related to “Presse locale”.
- “Medios comunitarios” is related to “concept5861”."
http://vocabularies.unesco.org/thesaurus/concept4328,Target,Class,اذاعة وطنية,"In the context of digital humanities, ""إذاعة وطنية"" means ""national radio""—a state or nation-wide public radio broadcaster that produces/distributes audio content at the national level, often serving as a source for digitization, archiving, and media analysis.","- “Radio” is related to “اذاعة وطنية”.
- “Radiodiffusion” has narrower concept “اذاعة وطنية”.
- “Television” is related to “اذاعة وطنية”.
- “اذاعة وطنية” has broader concept “Radiodiffusion”.
- “اذاعة وطنية” is related to “Radio”.
- “اذاعة وطنية” is related to “Television”."
http://vocabularies.unesco.org/thesaurus/concept4329,Target,Class,radiodiffusion rurale,"In the context of digital humanities, “Radiodiffusion rurale” refers to state-run rural radio broadcasting initiatives—especially in former French colonies in Africa—designed to disseminate information, education, and culture to rural populations. Scholars study it as a media infrastructure and knowledge network: how programs were produced, languages used, development and propaganda aims, audience reception, and how archives of broadcasts (scripts, recordings, schedules) can be digitized, analyzed, and mapped to understand colonial/postcolonial communication, cultural circulation, and rural modernity.","- “Radiodiffusion rurale” is a narrower concept of “Radiodiffusion.”
- “Сельская пресса” is related to “Radiodiffusion rurale.”
- “Radiodiffusion rurale” is a broader concept of “Radiodiffusion.” (inverse: it is narrower than “Radiodiffusion.”)
- “Radiodiffusion rurale” is related to “Сельская пресса.”"
http://vocabularies.unesco.org/thesaurus/concept4330,Target,Class,television,"In digital humanities, “television” is studied not just as a broadcast technology or medium of entertainment, but as a complex cultural, historical, and technological system. It encompasses:

- The production, distribution, and reception of audiovisual texts across broadcast, cable, and streaming platforms.
- The material infrastructures (networks, standards, devices) and interfaces through which TV is experienced.
- Cultural, political, and social meanings encoded in programs, genres, and scheduling practices.
- Viewer practices and communities, including participatory and second-screen behaviors.
- Methods for analyzing TV, such as distant viewing, computational video analysis, metadata and subtitle mining, archival digitization, and platform studies.

So, “television” in DH is both an object of computational/critical analysis and an evolving platform shaping and reflecting culture.","- “Ingeniería de la televisión” is related to “Television”.
- “Production de télévision” is a broader concept of “Television”.
- “Programa de televisión” is a broader concept of “Television”.
- “Radiodiffusion” is a narrower concept of “Television”.
- “Television news” is a broader concept of “Television”.
- “Televisión comercial” is a broader concept of “Television”.
- “Средства массовой информации” is related to “Television”.
- “اذاعة وطنية” is related to “Television”.
- “مشاهدو التلفزيون” is related to “Television”.
- “Television” is a narrower concept of “Radiodiffusion”.
- “Television” has narrower concepts: “Production de télévision”, “Programa de televisión”, “Television news”, “Televisión comercial”.
- “Television” is related to: “Ingeniería de la televisión”, “concept3349”, “Средства массовой информации”, “اذاعة وطنية”, “مشاهدو التلفزيون”."
http://vocabularies.unesco.org/thesaurus/concept4332,Target,Class,Законодательство в области вещания,"“Законодательство в области вещания” means the body of laws and regulations governing broadcasting (radio, television, and related digital/online broadcast services). In digital humanities context, it covers legal frameworks that shape access, production, distribution, archiving, and reuse of broadcast content (e.g., licensing, spectrum allocation, public service mandates, content standards, copyright, data protection, and platform regulation for streaming and webcasts).","- “Communication legislation” has narrower concept “Законодательство в области вещания”.
- “Radiodiffusion” is related to “Законодательство в области вещания”.
- “Законодательство в области вещания” has broader concept “Communication legislation”.
- “Законодательство в области вещания” is related to “Radiodiffusion”.
- “Законодательство в области вещания” is related to “concept3094”."
http://vocabularies.unesco.org/thesaurus/concept4333,Target,Class,Спутниковое вещание,"In digital humanities, “Спутниковое вещание” means satellite broadcasting—the distribution of audio/video or data content via communication satellites to receivers on the ground, used for transmitting media archives, cultural content, or research data across wide regions.","- “Radiodiffusion” is related to “Спутниковое вещание”.
- “Tecnología de radiodifusión” has narrower concept “Спутниковое вещание”.
- “Спутниковое вещание” has broader concept “Tecnología de radiodifusión”.
- “Спутниковое вещание” is related to “Radiodiffusion”.
- “Спутниковое вещание” is related to “concept3067”."
http://vocabularies.unesco.org/thesaurus/concept4338,Target,Class,mat riel radio tv,"In a digital humanities context, “Matériel radio/TV” refers to radio and television materials—i.e., audiovisual sources such as broadcasts, programs, recordings, and related equipment or media assets—used as primary data or resources for analysis, archiving, and research.","- “Antena” is broader concept of “Matériel radio/TV”.
- “Ingeniería de la televisión” is related to “Matériel radio/TV”.
- “معدات البث” is narrower concept of “Matériel radio/TV”.
- “هندسة الراديو” is related to “Matériel radio/TV”.
- “Matériel radio/TV” is broader concept of “معدات البث”.
- “Matériel radio/TV” is narrower concept of “Antena”.
- “Matériel radio/TV” is related to “Ingeniería de la televisión”.
- “Matériel radio/TV” is related to “هندسة الراديو”."
http://vocabularies.unesco.org/thesaurus/concept4343,Target,Class,محطات الاذاعة,"In the context of digital humanities, “محطات الإذاعة” means “radio stations” — as objects of study (e.g., their broadcasts, archives, metadata, reach, and cultural impact) that can be digitized, analyzed, or mapped.","- “Индустрия вещания” has narrower concept “محطات الاذاعة”.
- “هندسة الراديو” is related to “محطات الاذاعة”.
- “محطات الاذاعة” has broader concept “Индустрия вещания”.
- “محطات الاذاعة” is related to “هندسة الراديو”."
http://vocabularies.unesco.org/thesaurus/concept4344,Target,Class,estudio de televisi n,"In digital humanities, “Estudio de televisión” refers to a television studio—i.e., the production space, workflows, and technical infrastructure used to create TV content. In this context it can be analyzed as a media-production site: its technologies, practices, archives, and cultural impact within audiovisual media studies and digital culture.","- “Ingeniería de la televisión” is related to “Estudio de televisión”.
- “Индустрия вещания” has narrower concept “Estudio de televisión”.
- “Estudio de televisión” has broader concept “Индустрия вещания”.
- “Estudio de televisión” is related to “Ingeniería de la televisión”."
http://vocabularies.unesco.org/thesaurus/concept4346,Target,Class,communication organizations,"In digital humanities, “communication organizations” are institutions, groups, or networks that produce, manage, and disseminate information and cultural content—using digital tools and platforms—and shape how knowledge circulates. They include universities, libraries, archives, museums (GLAM), scholarly publishers, journals, conferences, labs, media outlets, and online communities that:

- Curate and distribute digital scholarship and cultural heritage
- Set standards for data, metadata, openness, and ethics
- Facilitate collaboration, peer review, and public engagement
- Mediate between researchers, technologies, and audiences across platforms","- “Индустрия вещания” is related to “Communication organizations”.
- “ادارة الاتصالات” has narrower concept “Communication organizations”.
- “مجالس الصحافة” has broader concept “Communication organizations”.
- “Communication organizations” has broader concept “ادارة الاتصالات”.
- “Communication organizations” has narrower concept “مجالس الصحافة”.
- “Communication organizations” is related to “Индустрия вещания”."
http://vocabularies.unesco.org/thesaurus/concept4348,Target,Class,industria discogr fica,"In digital humanities, “industria discográfica” refers to the recorded music industry—the network of institutions, practices, and technologies involved in producing, distributing, marketing, and monetizing recorded music (labels, publishers, platforms, rights regimes, metadata, streaming infrastructures). It’s often studied for its cultural production systems, power relations, copyright and licensing frameworks, and the impact of digitization and platforms on creation, access, and labor.","- “Edición” has narrower concept “Industria discográfica”.
- “Enregistrement sonore” is related to “Industria discográfica”.
- “Material de grabación” is related to “Industria discográfica”.
- “Индустрия вещания” is related to “Industria discográfica”.
- “Industria discográfica” has broader concept “Edición”.
- “Industria discográfica” is related to “Enregistrement sonore”.
- “Industria discográfica” is related to “Material de grabación”.
- “Industria discográfica” is related to “Индустрия вещания”."
http://vocabularies.unesco.org/thesaurus/concept4349,Target,Class,Индустрия видеозаписи,"“Индустрия видеозаписи” (Russian) means “the video recording industry.” 

In digital humanities context: it refers to the ecosystem producing, distributing, and preserving recorded video—e.g., camcorders/phones, production houses, formats/codecs, platforms (broadcast, streaming), archives, metadata standards, and practices for analysis, annotation, and curation of video as cultural data.","- “Edición” has narrower concept “Индустрия видеозаписи”.
- “Enregistrement vidéo” is related to “Индустрия видеозаписи”.
- “Material de grabación” is related to “Индустрия видеозаписи”.
- “Индустрия вещания” is related to “Индустрия видеозаписи”.
- “Индустрия видеозаписи” has broader concept “Edición”.
- “Индустрия видеозаписи” is related to “Enregistrement vidéo”.
- “Индустрия видеозаписи” is related to “Material de grabación”.
- “Индустрия видеозаписи” is related to “Индустрия вещания”."
http://vocabularies.unesco.org/thesaurus/concept4355,Target,Class,production de t l vision,"In digital humanities, “Production de télévision” refers to the scholarly study and/or creation of television content as cultural, historical, and media artifacts—covering workflows (development, shooting, editing, distribution), industrial/cultural contexts, metadata and archives, and computational analysis (e.g., annotating episodes, studying genres, networks, audiences, and platforms) using DH methods like text/image/sound analysis, corpus building, and data visualization.","- “Programa de televisión” is related to “Production de télévision”.
- “Television” has narrower concept “Production de télévision”.
- “Вещательное производство” is related to “Production de télévision”.
- “منتجو التلفزيون/الاذاعة” is related to “Production de télévision”.
- “Production de télévision” has broader concept “Television”.
- “Production de télévision” is related to “Programa de televisión”.
- “Production de télévision” is related to “concept4356”.
- “Production de télévision” is related to “concept4717”.
- “Production de télévision” is related to “Вещательное производство”.
- “Production de télévision” is related to “منتجو التلفزيون/الاذاعة”."
http://vocabularies.unesco.org/thesaurus/concept4358,Target,Class,change de programs,"In digital humanities, “Échange de programmes” (French) typically refers to program exchange—sharing or swapping software/code, scripts, or computational workflows between projects, institutions, or researchers to promote reuse, interoperability, and collaboration.","- “Échange de programmes” is a narrower concept of “Programme de radiodiffusion.”
- “Programme de radiodiffusion” is a broader concept of “Échange de programmes.”
- “Échange de programmes” is related to “concept6984.”"
http://vocabularies.unesco.org/thesaurus/concept4360,Target,Class,program radiophonique,"In digital humanities, “programme radiophonique” (French) refers to radio programming—audio broadcasts (shows, series, segments) produced for radio. In DH contexts it often means radio content as cultural data: digitized recordings, schedules, transcripts, and metadata used for analysis (e.g., studying themes, audiences, discourse, or media history).","- “Programme de radiodiffusion” is related to “Programme radiophonique”.
- “Radio” has narrower concept “Programme radiophonique”.
- “اخبار اذاعية” is related to “Programme radiophonique”.
- “محتوى البرامج” is related to “Programme radiophonique”.
- “Programme radiophonique” is a narrower concept of “Radio”.
- “Programme radiophonique” is related to “Programme de radiodiffusion”.
- “Programme radiophonique” is related to “concept5494”.
- “Programme radiophonique” is related to “اخبار اذاعية”.
- “Programme radiophonique” is related to “محتوى البرامج”."
http://vocabularies.unesco.org/thesaurus/concept4361,Target,Class,programa de televisi n,"In digital humanities, “Programa de televisión” (Spanish) refers to a television program—i.e., a discrete broadcast unit (episode, series, or show) treated as a media object for analysis, annotation, metadata modeling, or archiving. It’s a primary audiovisual text used for studying narrative, culture, reception, and digital preservation.","- “Enregistrement vidéo” is related to “Programa de televisión”.
- “Production de télévision” is related to “Programa de televisión”.
- “Programme de radiodiffusion” is related to “Programa de televisión”.
- “Television” has narrower concept “Programa de televisión”.
- “Television news” is related to “Programa de televisión”.
- “محتوى البرامج” is related to “Programa de televisión”.
- “Programa de televisión” is a broader concept of “Television”.
- “Programa de televisión” is related to “Enregistrement vidéo”.
- “Programa de televisión” is related to “Production de télévision”.
- “Programa de televisión” is related to “Programme de radiodiffusion”.
- “Programa de televisión” is related to “Television news”.
- “Programa de televisión” is related to “concept3349”.
- “Programa de televisión” is related to “concept5494”.
- “Programa de televisión” is related to “محتوى البرامج”."
http://vocabularies.unesco.org/thesaurus/concept4363,Target,Class,تلفزيون كابلي,"It means “cable television” — TV service delivered via coaxial/fiber cable networks rather than over-the-air broadcast — as a media/communication infrastructure relevant to digital humanities research (e.g., studying distribution, access, and cultural impact of cable TV content).","- “Ingeniería de la televisión” is related to “تلفزيون كابلي”.
- “Tecnología de radiodifusión” has narrower concept “تلفزيون كابلي”.
- “Телевидение c высоким разрешением” is related to “تلفزيون كабли”.
- “Телевидение по замкнутому каналу” is related to “تلفزيون كابلي”.
- “تلفزيون كابلي” has broader concept “Tecnología de radiodifusión”.
- “تلفزيون كابلي” is related to “Ingeniería de la televisión”.
- “تلفزيون كабли” is related to “Телевидение c высоким разрешением”.
- “تلفزيون كابلي” is related to “Телевидение по замкнутому каналу”."
http://vocabularies.unesco.org/thesaurus/concept4364,Target,Class,هندسة الراديو,"في سياق الإنسانيات الرقمية، هندسة الراديو تعني تصميم واستخدام تقنيات البث الراديوي والتقاطه (الترددات، الهوائيات، الترميز/الترميز العكسي، الإرسال والاستقبال) كأدوات لبحث وتحليل ونشر المحتوى الثقافي والمعرفي. يشمل ذلك:

- رقمنة وأرشفة بثوص راديو تاريخية وتحليلها صوتيًا/دلاليًا.
- تطوير منصات إذاعية رقمية تفاعلية للوصول إلى التراث السمعي.
- استخدام تقنيات معالجة الإشارة والتعلم الآلي لاستخراج أنماط من المواد الصوتية.","- “Ingeniería de la televisión” is related to “هندسة الراديو”.
- “Matériel radio/TV” is related to “هندسة الراديو”.
- “Technologie de la communication” is related to “هندسة الراديو”.
- “Tecnología de radiodifusión” has narrower concept “هندسة الراديو”.
- “Telecommunications” is related to “هندسة الراديو”.
- “Распределение частот” has broader concept “هندسة الراديو”.
- “محطات الاذاعة” is related to “هندسة الراديو”.
- “هندسة الراديو” has broader concept “Tecnología de radiodifusión”.
- “هندسة الراديو” has narrower concept “Распределение частот”.
- “هندسة الراديو” is related to “Ingeniería de la televisión”.
- “هندسة الراديو” is related to “Matériel radio/TV”.
- “هندسة الراديو” is related to “Technologie de la communication”.
- “هندسة الراديو” is related to “Telecommunications”.
- “هندسة الراديو” is related to “concept2076”.
- “هندسة الراديو” is related to “محطات الاذاعة”."
http://vocabularies.unesco.org/thesaurus/concept4365,Target,Class,ingenier a de la televisi n,"In digital humanities, “Ingeniería de la televisión” refers to the study and application of television engineering—signal production, transmission, encoding, archiving, and platform delivery—as objects and methods for humanities research. It involves analyzing the technical infrastructures, standards (e.g., broadcast codecs, metadata schemas), and workflows that shape how TV content is created, circulated, preserved, and received, to understand cultural production, historical media systems, and their sociotechnical impacts.","- “Estudio de televisión” is related to “Ingeniería de la televisión”.
- “Matériel radio/TV” is related to “Ingeniería de la televisión”.
- “Technologie de la communication” is related to “Ingeniería de la televisión”.
- “Tecnología de radiodifusión” is narrower than “Ingeniería de la televisión”.
- “Telecommunications” is related to “Ingeniería de la televisión”.
- “Television” is related to “Ingeniería de la televisión”.
- “Télévision couleur” is broader than “Ingeniería de la televisión”.
- “Телевидение c высоким разрешением” is broader than “Ingeniería de la televisión”.
- “Телевидение по замкнутому каналу” is broader than “Ingeniería de la televisión”.
- “تلفزيون كابلي” is related to “Ingeniería de la televisión”.
- “هندسة الراديو” is related to “Ingeniería de la televisión”.
- “Ingeniería de la televisión” is broader than “Tecnología de radiodifusión”.
- “Ingeniería de la televisión” is narrower than “Télévision couleur”.
- “Ingeniería de la televisión” is narrower than “Телевидение c высоким разрешением”.
- “Ingeniería de la televisión” is narrower than “Телевидение по замкнутому каналу”.
- “Ingeniería de la televisión” is related to “Estudio de televisión”.
- “Ingeniería de la televisión” is related to “Matériel radio/TV”.
- “Ingeniería de la televisión” is related to “Technologie de la communication”.
- “Ingeniería de la televisión” is related to “Telecommunications”.
- “Ingeniería de la televisión” is related to “Television”.
- “Ingeniería de la televisión” is related to “تلفزيون كابلي”.
- “Ingeniería de la televisión” is related to “هندسة الراديو”."
http://vocabularies.unesco.org/thesaurus/concept4455,Target,Class,ofim tica,"In digital humanities, “ofimática” (Spanish for “office automation”) refers to the use of office software suites—word processors, spreadsheets, presentation tools, databases, and related cloud/collaboration apps—to create, manage, analyze, and present research materials (e.g., encoding data in spreadsheets, drafting reports, managing bibliographies, and producing visualizations/presentations). It’s the foundational layer of digital tools supporting scholarly workflows.","- “Administración de oficina” is related to “Ofimática”.
- “Office equipment” is related to “Ofimática”.
- “Tratamiento de textos” is broader than “Ofimática”.
- “Телематика” is related to “Ofimática”.
- “تطبيقات الحاسب” is narrower than “Ofimática”.
- “حواسب دقيقة الحجم” is related to “Ofimática”.
- “Ofimática” is broader than “تطبيقات الحاسب”.
- “Ofimática” is narrower than “Tratamiento de textos”.
- “Ofimática” is related to “Administración de oficina”.
- “Ofimática” is related to “Office equipment”.
- “Ofimática” is related to “Телематика”.
- “Ofimática” is related to “حواسب دقيقة الحجم”."
http://vocabularies.unesco.org/thesaurus/concept4479,Target,Class,بحث على الخط المباشر,"In digital humanities, ""بحث على الخط المباشر"" means “live/real-time online search.” It refers to conducting searches directly on the internet with up-to-the-moment results (e.g., querying online databases, catalogs, or APIs interactively), as opposed to using static or precompiled datasets.","- “Digital platforms” is related to “بحث على الخط المباشر”.
- “Search strategies” is broader than “بحث على الخط المباشر”.
- “استرجاع المعلومات” is narrower than “بحث على الخط المباشر”.
- “تطبيقات الحاسب” is related to “بحث على الخط المباشر”.
- “نظم المعلومات على الخط المباشر” is related to “بحث على الخط المباشر”.
- “بحث على الخط المباشر” is broader than “استرجاع المعلومات”.
- “بحث على الخط المباشر” is narrower than “Search strategies”.
- “بحث على الخط المباشر” is related to “Digital platforms”, “تطبيقات الحاسب”, and “نظم المعلومات على الخط المباشر”."
http://vocabularies.unesco.org/thesaurus/concept4493,Target,Class,Телевидение по замкнутому каналу,"In the digital humanities context, “Телевидение по замкнутому каналу” refers to closed-circuit television (CCTV): a non-broadcast video system where signals are transmitted over a restricted network to specific monitors or archives. In DH, it can be a source for studying surveillance, urban space, public behavior, or media infrastructures, using methods like video annotation, computer vision, and archival analysis.","- “Ingeniería de la televisión” has narrower concept “Телевидение по замкнутому каналу”.
- “Télévision couleur” is related to “Телевидение по замкнутому каналу”.
- “Телевидение c высоким разрешением” is related to “Телевидение по замкнутому каналу”.
- “تلفزيون كابلي” is related to “Телевидение по замкнутому каналу”.
- “Телевидение по замкнутому каналу” has broader concept “Ingeniería de la televisión”.
- “Телевидение по замкнутому каналу” is related to “Télévision couleur”.
- “Телевидение по замкнутому каналу” is related to “Телевидение c высоким разрешением”.
- “Телевидение по замкнутому каналу” is related to “تلفزيون كابلي”."
http://vocabularies.unesco.org/thesaurus/concept450,Target,Class,علم الحاسب,"In the context of digital humanities, علم الحاسب means “computer science”: the study and application of computational methods—algorithms, data structures, programming, and computing systems—to process, analyze, and model data. In digital humanities, it underpins tasks like text mining, NLP, data visualization, digitization, and computational analysis of cultural and historical materials.","- “Cibernética” is a broader concept of “علم الحاسب”.
- “Inteligencia artificial” is related to “علم الحاسب”.
- “Ordenador” is related to “علم الحاسب”.
- “Programmation informatique” is related to “علم الحاسب”.
- “Tesauro de la UNESCO” has top concept “علم الحاسب”.
- “Телематика” is related to “علم الحاسب”.
- “تطبيقات الحاسب” is related to “علم الحاسب”.
- “علوم المعلومات” is related to “علم الحاسب”.
- “معالجة البيانات” is related to “علم الحاسب”.
- “علم الحاسب” has narrower concept “Cibernética”.
- “علم الحاسب” is related to “Inteligencia artificial”.
- “علم الحاسب” is related to “Ordenador”.
- “علم الحاسب” is related to “Programmation informatique”.
- “علم الحاسب” is related to “concept6049”.
- “علم الحاسب” is related to “Телематика”.
- “علم الحاسب” is related to “تطبيقات الحاسب”.
- “علم الحاسب” is related to “علوم المعلومات”.
- “علم الحاسب” is related to “معالجة البيانات”.
- “علم الحاسب” is a top concept of “Tesauro de la UNESCO”."
http://vocabularies.unesco.org/thesaurus/concept4504,Target,Class,Системы классификации,"In digital humanities, “Системы классификации” (Russian) means “classification systems”: structured schemes (taxonomies, ontologies, controlled vocabularies, folksonomies) used to organize, label, and relate digital cultural or textual data for retrieval, analysis, and interoperability.","- “Información/biblioteca, investigación” is related to “Системы классификации”.
- “Subject headings” is broader than “Системы классификации”.
- “لغات مقيدة” is narrower than “Системы классификации”.
- “Системы классификации” is broader than “لغات مقيدة”; is narrower than “Subject headings”; is related to “Información/biblioteca, investigación”."
http://vocabularies.unesco.org/thesaurus/concept451,Target,Class,Языки индексирования,“Языки индексирования” are artificial languages used by documentation and information systems for the purpose of indexing.,"- “Contrôle terminologique” is a broader concept of “Языки индексирования”.
- “Lista oficial de autoridades” is a broader concept of “Языки индексирования”.
- “Tesauro de la UNESCO” has top concept “Языки индексирования”.
- “Thésaurus” is a broader concept of “Языки индексирования”.
- “استرجاع المعلومات” is related to “Языки индексирования”.
- “لغات مقيدة” is a broader concept of “Языки индексирования”.
- “Языки индексирования” has the narrower concepts “Contrôle terminologique”, “Lista oficial de autoridades”, “Thésaurus”, and “لغات مقيدة”.
- “Языки индексирования” is related to “concept310”, “concept7984”, and “استرجاع المعلومات”.
- “Языки индексирования” is a top concept of “Tesauro de la UNESCO”."
http://vocabularies.unesco.org/thesaurus/concept4516,Target,Class,Цифровые компьютеры,"In digital humanities, “Цифровые компьютеры” means digital computers—machines that process information as discrete numerical (binary) data, enabling tasks like text encoding, data analysis, and algorithmic processing of humanities materials.","- “Ordenador” has narrower concept “Цифровые компьютеры”.
- “Цифровые компьютеры” has broader concept “Ordenador”."
http://vocabularies.unesco.org/thesaurus/concept452,Target,Class,informaci n,"Información: datos organizados de manera coherente y significativa dentro de un sistema generalizado, de modo que adquieren sentido.","- “Información cultural” is a broader concept of “Información”.
- “Información sobre comunicación” is a broader concept of “Información”.
- “Information en sciences sociales” is a broader concept of “Información”.
- “Scientific information” is a broader concept of “Información”.
- “Tesauro de la UNESCO” has top concept “Información”.
- “Transferencia de información” is related to “Información”.
- “Usuario de información” is related to “Información”.
- “Образовательная информация” is a broader concept of “Información”.
- “Información” has narrower concept “Información cultural”.
- “Información” has narrower concept “Información sobre comunicación”.
- “Información” has narrower concept “Information en sciences sociales”.
- “Información” has narrower concept “Scientific information”.
- “Información” has narrower concept “Образовательная информация”.
- “Información” is related to “Transferencia de información”.
- “Información” is related to “Usuario de información”.
- “Información” is related to “concept6288”.
- “Información” is a top concept of “Tesauro de la UNESCO”."
http://vocabularies.unesco.org/thesaurus/concept4524,Target,Class,Календари,"“Календари” (Russian) means “calendars.” In digital humanities, it typically refers to digitized or computational representations of calendars—e.g., historical calendar systems (Julian/Gregorian), event timelines, or calendar datasets used for temporal annotation, metadata, and chronology alignment in research.","- “Serials” is related to “Календари”.
- “دوريات” has narrower concept “Календари”.
- “Календари” has broader concept “دوريات”.
- “Календари” is related to “Serials”.
- “Календари” is related to “concept155”.
- “Календари” is related to “concept4526”."
http://vocabularies.unesco.org/thesaurus/concept453,Target,Class,information exchange,"In digital humanities, “information exchange” is the process of sharing, transferring, and interoperating data, metadata, and research outputs across people, platforms, and institutions. It involves:

- Using common standards and formats (e.g., TEI, Dublin Core, IIIF) so data can be understood and reused.
- Employing protocols and tools (APIs, repositories, linked open data) to move information between systems.
- Facilitating collaboration and reproducibility by making resources findable, accessible, interoperable, and reusable (FAIR).","- “Digital platforms” is related to “Information exchange”.
- “Norma bibliográfica” is related to “Information exchange”.
- “Tesauro de la UNESCO” has top concept “Information exchange”.
- “Transferencia de información” is related to “Information exchange”.
- “Échange de publications” is broader than “Information exchange”.
- “Распространение информации” is related to “Information exchange”.
- “Information exchange” has narrower concept “Échange de publications”.
- “Information exchange” is related to “Digital platforms”.
- “Information exchange” is related to “Norma bibliográfica”.
- “Information exchange” is related to “Transferencia de información”.
- “Information exchange” is related to “Распространение информации”.
- “Information exchange” is the top concept of “Tesauro de la UNESCO”."
http://vocabularies.unesco.org/thesaurus/concept454,Target,Class,m dia d information,"In digital humanities, “média d’information” (French) refers to information media—channels and formats used to produce, distribute, and access information (e.g., newspapers, radio, TV, websites, social media, podcasts, databases). The term emphasizes their role as data sources and objects of analysis (content, form, metadata, circulation, audience), often studied with computational methods (text mining, network analysis, visualization) to understand how information is created, mediated, and received.","- “Film (médias)” is a broader concept of “Média d'information”. (i.e., “Film (médias)” has broader “Média d'information”)
- “Medios impresos” has broader concept “Média d'information”.
- “Tesauro de la UNESCO” has top concept “Média d'information”.
- “Средства массовой информации” is related to “Média d'information”.
- “Электронные носители” has broader concept “Média d'information”.
- “Média d'information” has narrower concepts “Film (médias)”, “Medios impresos”, and “Электронные носители”.
- “Média d'information” is related to “Средства массовой информации”.
- “Média d'information” is a top concept of “Tesauro de la UNESCO”."
http://vocabularies.unesco.org/thesaurus/concept4547,Target,Class,escritura manuscrita,"In digital humanities, “escritura manuscrita” refers to handwritten text—documents produced by hand (e.g., letters, marginalia, manuscripts)—as objects of study and digitization, including their transcription, encoding (e.g., TEI), paleographic analysis, and computational processing (e.g., HTR/HTR+ models).","- “Escritura manuscrita” is a broader concept’s narrower term of “Письмо (процесс)”.
- “Escritura manuscrita” is related to “concept3607”.
- “Escritura manuscrita” is related to “concept4545”.
- “Письмо (процесс)” has the narrower concept “Escritura manuscrita”."
http://vocabularies.unesco.org/thesaurus/concept455,Target,Class,علوم المعلومات,"In digital humanities, “علوم المعلومات” (Information Science) refers to the interdisciplinary field that studies how information is created, organized, described, stored, retrieved, preserved, and used—across formats and systems. It underpins DH work such as metadata design, text encoding, indexing, information retrieval, digital archives, data curation, and user interaction with digital collections.","- “Bibliothéconomie” is a broader concept of “علوم المعلومات”.
- “Documentación” is a broader concept of “علوم المعلومات”.
- “Tesauro de la UNESCO” has top concept “علوم المعلومات”.
- “تكنولوجيا المعلومات” is related to “علوم المعلومات”.
- “علم الارشيف” is a broader concept of “علوم المعلومات”.
- “علم الحاسب” is related to “علوم المعلومات”.
- “موظفو الحاسب” is related to “علوم المعلومات”.
- “نظرية المعلومات” is related to “علوم المعلومات”.
- “علوم المعلومات” has narrower concept “Bibliothéconomie”.
- “علوم المعلومات” has narrower concept “Documentación”.
- “علوم المعلومات” has narrower concept “علم الارشيف”.
- “علوم المعلومات” is related to “تكنولوجيا المعلومات”.
- “علوم المعلومات” is related to “علم الحاسب”.
- “علوم المعلومات” is related to “موظفو الحاسب”.
- “علوم المعلومات” is related to “نظرية المعلومات”.
- “علوم المعلومات” is a top concept of “Tesauro de la UNESCO”."
http://vocabularies.unesco.org/thesaurus/concept4557,Target,Class,cam ra cin matographique,"In digital humanities, “caméra cinématographique” refers to the cinematic camera as an object of study—both the device and its techniques (framing, movement, lens choices) analyzed through computational or data-driven methods. It often means modeling or annotating how the camera operates in films (shot types, angles, tracking, cuts) to understand narrative, style, and spectatorship.","- “Caméra cinématographique” is a broader concept’s member of “Equipo fotográfico.” (broader: Equipo fotográfico)
- “Caméra cinématographique” is related to “concept4717.”
- “Equipo fotográfico” has the narrower concept “Caméra cinématographique.”"
http://vocabularies.unesco.org/thesaurus/concept456,Target,Class,informaci n biblioteca investigaci n,"In digital humanities, “Información/biblioteca, investigación” refers to the information and library sciences dimension of research—i.e., how information is organized, preserved, discovered, and analyzed to support scholarly inquiry. It includes:

- Information organization: metadata, cataloging, ontologies, controlled vocabularies.
- Digital libraries/archives: digitization, repositories, preservation, access systems.
- Scholarly communication: publishing, open access, research data management.
- Information retrieval: search, indexing, discovery tools.
- Research methods: bibliometrics, altmetrics, citation analysis.
- User services: information literacy, reference, UX for scholarly platforms.

In short: the library and information science aspects that underpin research workflows and infrastructures in digital humanities.","- “Bibliología” is a broader concept of “Información/biblioteca, investigación”.
- “Bibliothéconomie” is related to “Información/biblioteca, investigación”.
- “Comparative librarianship” is a broader concept of “Información/biblioteca, investigación”.
- “Tesauro de la UNESCO” has top concept “Información/biblioteca, investigación”.
- “Автоматизированный текстовый анализ” is a broader concept of “Información/biblioteca, investigación”.
- “Системы классификации” is related to “Información/biblioteca, investigación”.
- “Información/biblioteca, investigación” has narrower concepts “Bibliología”, “Comparative librarianship”, and “Автоматизированный текстовый анализ”.
- “Información/biblioteca, investigación” is related to “Bibliothéconomie” and “Системы классификации”.
- “Información/biblioteca, investigación” is a top concept of “Tesauro de la UNESCO”."
http://vocabularies.unesco.org/thesaurus/concept457,Target,Class,معايير المعلومات/المكتبات,"في سياق الإنسانيات الرقمية، معايير المعلومات/المكتبات هي مجموعة مواصفات وقواعد تقنية وتنظيمية تُعتمد لضمان توصيف الموارد الرقمية، تبادلها، حفظها، وإتاحتها بطريقة قابلة للتشغيل البيني. تشمل على سبيل المثال:

- توصيف وبيانات وصفية: Dublin Core, MODS, METS
- هياكل البيانات والتبادل: XML, JSON-LD, RDF
- المعرفات الدائمة: DOI, Handle, ARK
- التحكم الموضوعي والربط الدلالي: SKOS، رؤوس موضوعات، قوائم استنادية
- معايير النص والترميز: TEI
- الوصول والأرشفة: OAI-PMH، IIIF، OAIS
- حقوق وإتاحة: Creative Commons، تراخيص البيانات المفتوحة

هدفها توحيد الممارسات بين المؤسسات والمشاريع لتمكين الاكتشاف، إعادة الاستخدام، والحفظ طويل الأمد للمحتوى الإنساني الرقمي.","- “Tesauro de la UNESCO” has top concept “معايير المعلومات/المكتبات”.
- “Планирование в области информации/библиотечного дела” is related to “معايير المعلومات/المكتبات”.
- “Правила каталогизирования” is broader than “معايير المعلومات/المكتبات”.
- “تعاون المعلومات/المكتبات” is related to “معايير المعلومات/المكتبات”.
- “معايير المعلومات/المكتبات” has narrower concept “Правила каталогизирования”.
- “معايير المعلومات/المكتبات” is related to “Планирование в области информации/библиотечного дела”.
- “معايير المعلومات/المكتبات” is related to “تعاون المعلومات/المكتبات”.
- “معايير المعلومات/المكتبات” is a top concept of “Tesauro de la UNESCO”."
http://vocabularies.unesco.org/thesaurus/concept460,Target,Class,communication,"Communication (in digital humanities): An interactive social process of sharing information, experiences, and cultures—physically or electronically—that enriches all participants. Use a more specific descriptor when possible (e.g., online discourse, scholarly communication, data dissemination, community engagement).","- “Communication” is a top concept of “Tesauro de la UNESCO”.
- “Tesauro de la UNESCO” has top concept “Communication”."
http://vocabularies.unesco.org/thesaurus/concept461,Target,Class,planificaci n de la comunicaci n,"En humanidades digitales, “planificación de la comunicación” es el diseño estratégico de cómo, cuándo, a quién y con qué herramientas se difunde un proyecto, sus datos y resultados. Incluye:

- Objetivos: qué impacto o participación se busca (académica, pública, comunitaria).
- Audiencias: académicos, GLAM, comunidades locales, educadores, público general.
- Mensajes y narrativa: valor, hallazgos, métodos, ética y accesibilidad.
- Canales y formatos: web del proyecto, repositorios, redes sociales académicas, blogs, visualizaciones, podcasts, exposiciones, datasets y documentación.
- Cronograma: hitos del proyecto y ventanas de difusión.
- Accesibilidad y multilingüismo: estándares, licencias, citación y preservación.
- Evaluación: métricas de alcance, interacción y reutilización para ajustar la estrategia.","- “Communication statistics” is a broader concept of “Planificación de la comunicación”.
- “Communication strategies” is related to “Planificación de la comunicación”.
- “Planificador de la comunicación” is related to “Planificación de la comunicación”.
- “Tesauro de la UNESCO” has top concept “Planificación de la comunicación”.
- “Политика в области передачи информации и связи” is related to “Planificación de la comunicación”.
- “اتصال وتنمية” is a broader concept of “Planificación de la comunicación”.
- “ادارة الاتصالات” is a broader concept of “Planificación de la comunicación”.
- “اقتصاديات الاتصالات” is a broader concept of “Planificación de la comunicación”.
- “برامج الاتصالات” is a broader concept of “Planificación de la comunicación”.
- “حواسب وتنمية” is a broader concept of “Planificación de la comunicación”.
- “Planificación de la comunicación” has narrower concepts “Communication statistics”, “اتصال وتنمية”, “ادارة الاتصالات”, “اقتصاديات الاتصالات”, “برامج الاتصالات”, and “حواسب وتنمية”.
- “Planificación de la comunicación” is related to “Communication strategies”, “Planificador de la comunicación”, and “Политика в области передачи информации и связи”.
- “Planificación de la comunicación” is a top concept of “Tesauro de la UNESCO”."
http://vocabularies.unesco.org/thesaurus/concept462,Target,Class,Политика в области передачи информации и связи,"In a digital humanities context, “Политика в области передачи информации и связи” refers to the policies and governance frameworks that regulate how information is transmitted and communications are managed across digital infrastructures. It covers:

- Legal and ethical rules for data sharing, privacy, and security
- Standards and protocols for interoperability (metadata, formats, APIs)
- Access, inclusion, and digital rights (open access, licensing, accessibility)
- Infrastructure and network governance (bandwidth, archiving, preservation)
- Platform and content moderation policies affecting dissemination and discovery

In practice, it shapes how digital humanities projects create, share, preserve, and provide equitable access to data and scholarly communication.","- Communication control is a broader concept of Политика в области передачи информации и связи.
- Communication legislation is a broader concept of Политика в области передачи информации и связи.
- Communication strategies is a broader concept of Политика в области передачи информации и связи.
- Développement de la communication is a broader concept of Политика в области передачи информации и связи.
- Planificación de la comunicación is related to Политика в области передачи информации и связи.
- Tesauro de la UNESCO has top concept Политика в области передачи информации и связи.
- اخلاقيات الاتصالات is a broader concept of Политика в области передачи информации и связи.
- Политика в области передачи информации и связи has the narrower concepts: Communication control; Communication legislation; Communication strategies; Développement de la communication; اخلاقيات الاتصالات.
- Политика в области передачи информации и связи is related to Planificación de la comunicación and concept1800.
- Политика в области передачи информации и связи is a top concept of Tesauro de la UNESCO."
http://vocabularies.unesco.org/thesaurus/concept463,Target,Class,Коммуникационный процесс,"In digital humanities, “коммуникационный процесс” (communication process) is the cycle by which information is created, encoded, transmitted through a medium, received, decoded, and interpreted within digital cultural contexts. It includes:

- Actors: creators, platforms, algorithms, audiences, communities
- Channels/media: websites, social platforms, corpora, digital archives, visualization tools
- Codes/formats: text, metadata, tags, multimodal data, standards (e.g., TEI)
- Feedback/interaction: comments, shares, remixing, collaborative annotation
- Contexts/filters: cultural norms, platform governance, recommendation systems, ethics

Digital humanities study and design these processes—how meaning is produced, circulated, transformed, and preserved digitally.","- “Communication interculturelle” is a broader concept of “Коммуникационный процесс”.
- “Group communication” is a broader concept of “Коммуникационный процесс”.
- “Interactive communication” is a broader concept of “Коммуникационный процесс”.
- “Publicité” is a broader concept of “Коммуникационный процесс”.
- “Tesauro de la UNESCO” has top concept “Коммуникационный процесс”.
- “Transferencia de información” is a broader concept of “Коммуникационный процесс”.
- “Técnica de comunicación” is a broader concept of “Коммуникационный процесс”.
- “Массовые коммуникации” is a broader concept of “Коммуникационный процесс”.
- “Обратная связь (коммуникация)” is a broader concept of “Коммуникационный процесс”.
- “Убеждение” is a broader concept of “Коммуникационный процесс”.
- “اتصال بين الاشخاص” is a broader concept of “Коммуникационный процесс”.
- “سيكولوجية الاتصالات” is related to “Коммуникационный процесс”.
- “Коммуникационный процесс” has the narrower concepts “Communication interculturelle”, “Group communication”, “Interactive communication”, “Publicité”, “Transferencia de información”, “Técnica de comunicación”, “Массовые коммуникации”, “Обратная связь (коммуникация)”, “Убеждение”, and “اتصال بين الاشخاص”.
- “Коммуникационный процесс” is related to “سيكولوجية الاتصالات”.
- “Коммуникационный процесс” is a top concept of “Tesauro de la UNESCO”."
http://vocabularies.unesco.org/thesaurus/concept464,Target,Class,communication research,"In digital humanities, communication research studies how people create, share, interpret, and preserve meaning through digital media and technologies. It examines messages, platforms, audiences, and cultures using both humanistic and computational methods—e.g., analyzing social media discourse, digital archives, multimodal storytelling, networked publics, algorithmic mediation, and the ethics/politics of digital communication—to understand patterns, impacts, and histories of digital communication practices.","- “Estudio de audiencia” is broader term’s child of “Communication research”.
- “Sociología de la comunicación” is broader term’s child of “Communication research”.
- “Tesauro de la UNESCO” has top concept “Communication research”.
- “Возникновение и развитие передачи информации и связи” is broader term’s child of “Communication research”.
- “تأثير الاتصال” is broader term’s child of “Communication research”.
- “سيكولوجية الاتصالات” is broader term’s child of “Communication research”.
- “محتوى البرامج” is related to “Communication research”.
- “نظرية المعلومات” is broader term’s child of “Communication research”.
- “Communication research” has narrower concept “Estudio de audiencia”.
- “Communication research” has narrower concept “Sociología de la comunicación”.
- “Communication research” has narrower concept “Возникновение и развитие передачи информации и связи”.
- “Communication research” has narrower concept “تأثير الاتصال”.
- “Communication research” has narrower concept “سيكولوجية الاتصالات”.
- “Communication research” has narrower concept “نظرية المعلومات”.
- “Communication research” is related to “concept3325”.
- “Communication research” is related to “concept378”.
- “Communication research” is related to “محتوى البرامج”.
- “Communication research” is the top concept of “Tesauro de la UNESCO”."
http://vocabularies.unesco.org/thesaurus/concept468,Target,Class,gesti n de archivos,"In digital humanities, “Gestión de archivos” refers to archival management: the practices and systems for acquiring, describing, preserving, organizing, and providing access to archival materials (analog and digital), including metadata standards, digitization workflows, digital preservation, and access interfaces for research and public use.","- “Archive development” is a broader concept of “Gestión de archivos”.
- “Archivos” is related to “Gestión de archivos”.
- “Información/biblioteca, administración” is related to “Gestión de archivos”.
- “Tesauro de la UNESCO” has top concept “Gestión de archivos”.
- “Планирование деятельности архивов” is a broader concept of “Gestión de archivos”.
- “تشريعات الارشيف” is a broader concept of “Gestión de archivos”.
- “سجلات الارشيف” is a broader concept of “Gestión de archivos”.
- “Gestión de archivos” has the narrower concepts “Archive development”, “Планирование деятельности архивов”, “تشريعات الارشيف”, and “سجلات الارشيف”.
- “Gestión de archivos” is related to “Archivos” and to “Información/biblioteca, administración”.
- “Gestión de archivos” is a top concept of “Tesauro de la UNESCO”."
http://vocabularies.unesco.org/thesaurus/concept469,Target,Class,usuario de informaci n,"In digital humanities, “usuario de información” refers to the person or community that seeks, accesses, interprets, and uses information resources (datasets, digitized archives, metadata, tools, interfaces). It emphasizes:

- Information needs and behaviors (how they search, browse, filter).
- Contexts of use (research, teaching, public engagement).
- Usability and accessibility of systems (UX, affordances, multilingual support).
- Ethical and social factors (privacy, bias, inclusivity).

In short, it’s the end user of information systems and resources within DH, whose needs guide design, curation, and evaluation.","- “Información” is related to “Usuario de información”.
- “Information needs” is broader than “Usuario de información”.
- “Library users” is broader than “Usuario de información”.
- “Tesauro de la UNESCO” has top concept “Usuario de información”.
- “Коммуникационные пользователи” is related to “Usuario de información”.
- “توجيه المستفيد من المعلومات” is broader than “Usuario de información”.
- “دراسات المستفيدين من المعلومات” is broader than “Usuario de información”.
- “Usuario de información” has narrower concept “Information needs”.
- “Usuario de información” has narrower concept “Library users”.
- “Usuario de información” has narrower concept “توجيه المستفيد من المعلومات”.
- “Usuario de información” has narrower concept “دراسات المستفيدين من المعلومات”.
- “Usuario de información” is related to “Información”.
- “Usuario de información” is related to “concept17007”.
- “Usuario de información” is related to “Коммуникационные пользователи”.
- “Usuario de información” is a top concept of “Tesauro de la UNESCO”."
http://vocabularies.unesco.org/thesaurus/concept470,Target,Class,informaci n biblioteca administraci n,"In digital humanities, “Información/biblioteca, administración” refers to information and library management—the practices, systems, and policies for organizing, preserving, describing, accessing, and governing information resources (often in libraries, archives, and digital repositories). It includes metadata standards, cataloging, collection development, digital preservation, access control, user services, and the administrative workflows and infrastructures that support DH projects and collections.","- “Gestión de archivos” is related to “Información/biblioteca, administración”.
- “Information/library legislation” is a broader term under “Información/biblioteca, administración”.
- “Tesauro de la UNESCO” has top concept “Información/biblioteca, administración”.
- “Коллекции библиотек” is a broader term under “Información/bиблиотека, administración”.
- “Оценка информационных систем” is a broader term under “Información/biblioteca, administración”.
- “ادارة المعلومات/المكتبات” is a broader term under “Información/biblioteca, administración”.
- “Información/biblioteca, administración” has the narrower terms “Information/library legislation”, “Коллекции библиотек”, “Оценка информационных систем”, and “ادارة المعلومات/المكتبات”.
- “Información/biblioteca, administración” is related to “Gestión de archivos”.
- “Información/biblioteca, administración” is a top concept of “Tesauro de la UNESCO”."
http://vocabularies.unesco.org/thesaurus/concept471,Target,Class,Планирование в области информации/библиотечного дела,"В контексте digital humanities «Планирование в области информации/библиотечного дела» — это стратегическое и операционное планирование информационных и библиотечных ресурсов, сервисов и инфраструктуры для поддержки исследований и образования с опорой на цифровые методы. Включает:
- оценку потребностей пользователей (исследователей, студентов, широкой аудитории);
- политику комплектования и оцифровки коллекций;
- управление данными исследований (FAIR, метаданные, репозитории);
- выбор и развитие цифровых платформ (каталоги, DAMS, CMS, IIIF);
- обеспечение доступа, лицензирования и открытой науки;
- долговременное хранение и цифровое сохранение;
- разработку рабочих процессов, стандартов и таксономий;
- анализ рисков, бюджетирование и устойчивость проектов;
- повышение квалификации персонала и цифровую грамотность пользователей;
- оценку влияния (метрики использования, цитируемость, общественный эффект).","- “Información y desarrollo” is a broader concept of “Планирование в области информации/библиотечного дела”.
- “Información/biblioteca, política” is related to “Планирование в области информации/библиотечного дела”.
- “Information/library resources” is a broader concept of “Планирование в области информации/библиотечного дела”.
- “Tesauro de la UNESCO” has top concept “Планирование в области информации/библиотечного дела”.
- “Планирование деятельности архивов” is related to “Планирование в области информации/библиотечного дела”.
- “Статистика в области информации/библиотечного дела” is a broader concept of “Планирование в области информации/библиотечного дела”.
- “Экономика информации/библиотечного дела” is a broader concept of “Планирование в области информации/библиотечного дела”.
- “تطوير المعلومات/المكتبات” is related to “Планирование в области информации/библиотечного дела”.
- “تعاون المعلومات/المكتبات” is a broader concept of “Планирование в области информации/библиотечного дела”.
- “معايير المعلومات/المكتبات” is related to “Планирование в области информации/библиотечного дела”.
- “Планирование в области информации/библиотечного дела” has narrower concept “Información y desarrollo”.
- “Планирование в области информации/библиотечного дела” has narrower concept “Information/library resources”.
- “Планирование в области информации/библиотечного дела” has narrower concept “Статистика в области информации/библиотечного дела”.
- “Планирование в области информации/библиотечного дела” has narrower concept “Экономика информации/библиотечного дела”.
- “Планирование в области информации/библиотечного дела” has narrower concept “تعاون المعلومات/المكتبات”.
- “Планирование в области информации/библиотечного дела” is related to “Información/biblioteca, política”.
- “Планирование в области информации/библиотечного дела” is related to “Планирование деятельности архивов”.
- “Планирование в области информации/библиотечного дела” is related to “تطوير المعلومات/المكتبات”.
- “Планирование в области информации/библиотечного дела” is related to “معايير المعلومات/المكتبات”.
- “Планирование в области информации/библиотечного дела” is a top concept of “Tesauro de la UNESCO”."
http://vocabularies.unesco.org/thesaurus/concept4716,Target,Class,dessins,"In digital humanities, “Dessins” typically refers to Grothendieck’s “dessins d’enfants” (“children’s drawings”): combinatorial graphs embedded on surfaces that encode algebraic curves defined over number fields. In DH contexts, they’re used as analyzable, visual graph structures—linking topology, geometry, and data representation—often for modeling, visualizing, and studying complex relational structures across texts, images, or cultural networks.","- “Ilustraciones” is related to “Dessins”.
- “Support visuel” has narrower concept “Dessins”.
- “Dessins” has broader concept “Support visuel”.
- “Dessins” is related to “Ilustraciones”.
- “Dessins” is related to “concept4714”.
- “Dessins” is related to “concept5670”.
- “Dessins” is related to “concept8420”."
http://vocabularies.unesco.org/thesaurus/concept472,Target,Class,informaci n biblioteca pol tica,"In digital humanities, “Información/biblioteca, política” refers to information and library policy: the laws, regulations, and institutional strategies that govern how information is collected, organized, preserved, accessed, and used within libraries and related institutions. It covers issues like digital access, open data, copyright, privacy, metadata standards, digitization, preservation, equity of access, and funding—shaping how digital cultural heritage and research resources are managed and made available.","- “Información y desarrollo” is related to “Información/biblioteca, política”.
- “Tesauro de la UNESCO” has top concept “Información/biblioteca, política”.
- “Планирование в области информации/библиотечного дела” is related to “Información/biblioteca, política”.
- “تطوير المعلومات/المكتبات” is broader than “Información/biblioteca, política”.
- “Información/biblioteca, política” is narrower than “تطوير المعلومات/المكتبات”.
- “Información/biblioteca, política” is related to “Información y desarrollo”.
- “Información/biblioteca, política” is related to “concept1800”.
- “Información/biblioteca, política” is related to “Планирование в области информации/библиотечного дела”.
- “Información/biblioteca, política” is a top concept of “Tesauro de la UNESCO”."
http://vocabularies.unesco.org/thesaurus/concept473,Target,Class,مهنة المعلومات/المكتبات,في سياق الإنسانيات الرقمية، مهنة المعلومات/المكتبات تعني المهنة التي تختص بتنظيم المعرفة والمصادر الرقمية وغير الرقمية، وصفها وفهرستها، حفظها وإتاحة الوصول إليها، ودعم البحث عبر أدوات وتقنيات رقمية. يشمل ذلك إدارة البيانات البحثية، الميتاداتا، المستودعات الرقمية، الرقمنة والحفظ الرقمي، إتاحة المصادر المفتوحة، ودعم التحليل الحاسوبي للنصوص والمواد الثقافية، مع مراعاة القضايا الأخلاقية والحقوقية.,"- “Information/library personnel” is related to “مهنة المعلومات/المكتبات”.
- “Tesauro de la UNESCO” has top concept “مهنة المعلومات/المكتبات”.
- “جمعيات المكتبات” is broader than “مهنة المعلومات/المكتبات”.
- “مهنة المعلومات/المكتبات” has narrower concept “جمعيات المكتبات”.
- “مهنة المعلومات/المكتبات” is related to “Information/library personnel”.
- “مهنة المعلومات/المكتبات” is related to “concept2746”.
- “مهنة المعلومات/المكتبات” is related to “concept6096”.
- “مهنة المعلومات/المكتبات” is a top concept of “Tesauro de la UNESCO”."
http://vocabularies.unesco.org/thesaurus/concept474,Target,Class,promotion de l utilization des biblioth ques,"It means “promotion of the use of libraries” — i.e., initiatives in digital humanities to encourage and increase scholars’ and the public’s use of library resources (collections, services, and digital infrastructures).","- “Library users” is related to “Promotion de l'utilisation des bibliothèques”.
- “Tesauro de la UNESCO” has top concept “Promotion de l'utilisation des bibliothèques”.
- “ادارة المعلومات/المكتبات” is related to “Promotion de l'utilisation des bibliothèques”.
- “توسع مكتبي” is broader than “Promotion de l'utilisation des bibliothèques”.
- “Promotion de l'utilisation des bibliothèques” has narrower concept “توسع مكتبي”.
- “Promotion de l'utilisation des bibliothèques” is related to “Library users”.
- “Promotion de l'utilisation des bibliothèques” is related to “ادارة المعلومات/المكتبات”.
- “Promotion de l'utilisation des bibliothèques” is the top concept of “Tesauro de la UNESCO”."
http://vocabularies.unesco.org/thesaurus/concept4758,Target,Class,نظم المعلومات على الخط المباشر,"In digital humanities, ""نظم المعلومات على الخط المباشر"" refers to online information systems—platforms and tools that provide real-time or web-based access to data and resources. Examples include online databases, digital archives, GIS web services, and interactive platforms used for accessing, querying, and analyzing humanities data over the internet.","- “Bibliothèque numérique” is related to “نظم المعلومات على الخط المباشر”.
- “Digital platforms” is broader than “نظم المعلومات على الخط المباشر”.
- “Ordenador” is related to “نظم المعلومات على الخط المباشر”.
- “Sistema de información” is narrower than “نظم المعلومات على الخط المباشر”.
- “Système en ligne” is related to “نظم المعلومات على الخط المباشر”.
- “بحث على الخط المباشر” is related to “نظم المعلومات على الخط المباشر”.
- “فهارس” is related to “نظم المعلومات على الخط المباشر”.
- “نظم المعلومات على الخط المباشر” is broader than “Sistema de información”.
- “نظم المعلومات على الخط المباشر” is narrower than “Digital platforms”.
- “نظم المعلومات على الخط المباشر” is related to “Bibliothèque numérique”, “Ordenador”, “Système en ligne”, “بحث على الخط المباشر”, and “فهارس”."
http://vocabularies.unesco.org/thesaurus/concept4763,Target,Class,Правила каталогизирования,"“Правила каталогизирования” (Russian) means “cataloging rules” — the formal standards and guidelines for describing, organizing, and providing access to information objects (books, manuscripts, datasets, digital collections) in catalogs. 

In digital humanities, it refers to applying/aligning cataloging standards (e.g., RDA, ISBD, DACS, Dublin Core, METS/MODS) to cultural heritage and research data to ensure consistent metadata, interoperability, discoverability, and long-term preservation across digital repositories and platforms.","- “Catalogage” is related to “Правила каталогизирования”.
- “Norma bibliográfica” is broader than “Правила каталогизирования”.
- “معايير المعلومات/المكتبات” is narrower than “Правила каталогизирования”.
- “Правила каталогизирования” is broader than “معايير المعلومات/المكتبات”; is narrower than “Norma bibliográfica”; is related to “Catalogage”."
http://vocabularies.unesco.org/thesaurus/concept4764,Target,Class,documentaci n,"In digital humanities, “Documentación” means the continuous and systematic processing of documents or data for specialized information users.","- “Bibliothéconomie” is related to “Documentación”.
- “Catalogage” is related to “Documentación”.
- “Indexación” is related to “Documentación”.
- “Information processing” is related to “Documentación”.
- “علوم المعلومات” has narrower concept “Documentación”.
- “Documentación” has broader concept “علوم المعلومات”.
- “Documentación” is related to “Bibliothéconomie”.
- “Documentación” is related to “Catalogage”.
- “Documentación” is related to “Indexación”.
- “Documentación” is related to “Information processing”."
http://vocabularies.unesco.org/thesaurus/concept4765,Target,Class,تعاون المعلومات/المكتبات,"في سياق الإنسانيات الرقمية، تعني عبارة ""تعاون المعلومات/المكتبات"" ما يلي:

- تعاون المعلومات: تنسيق تبادل البيانات والمعرفة والأدوات بين باحثين ومؤسسات (واجهات برمجة، معايير وصفية، مستودعات مفتوحة، بيانات مترابطة) لدعم البحث، الإتاحة، والحفظ.
- تعاون المكتبات: شراكات بين المكتبات (تقاسم موارد، فهرسة تعاونية، رقمنة مشتركة، إتاحة عبر منصات موحدة، اتفاقيات إتاحة مفتوحة) لتمكين مشاريع الإنسانيات الرقمية، مثل قواعد بيانات نصية، أرشفة رقمية، وسير عمل الحفظ.","- “Catalogage” is related to “تعاون المعلومات/المكتبات”.
- “Interlibrary loans” is related to “تعاون المعلومات/المكتبات”.
- “Servicio de referencia” is related to “تعاون المعلومات/المكتبات”.
- “Планирование в области информации/библиотечного дела” has narrower concept “تعاون المعلومات/المكتبات”.
- “معايير المعلومات/المكتبات” is related to “تعاون المعلومات/المكتبات”.
- “تعاون المعلومات/المكتبات” is broader than “Планирование в области информации/библиотечного дела”.
- “تعاون المعلومات/المكتبات” is related to “Catalogage”.
- “تعاون المعلومات/المكتبات” is related to “Interlibrary loans”.
- “تعاون المعلومات/المكتبات” is related to “Servicio de referencia”.
- “تعاون المعلومات/المكتبات” is related to “معايير المعلومات/المكتبات”."
http://vocabularies.unesco.org/thesaurus/concept478,Target,Class,radiodiffusion,"In digital humanities, “radiodiffusion” refers to the early 20th‑century practice and infrastructure of radio broadcasting—state or public radio systems that transmitted audio content to mass audiences. It often appears in historical/media studies to discuss how broadcast technologies, institutions, and sonic cultures shaped public discourse, cultural dissemination, and archives (e.g., “Radiodiffusion Française”).","- Journalism is related to Radiodiffusion.
- Medios comunitarios is broader than Radiodiffusion.
- Programme de radiodiffusion is broader than Radiodiffusion.
- Radio is broader than Radiodiffusion.
- Radiodiffusion commerciale is broader than Radiodiffusion.
- Radiodiffusion rurale is broader than Radiodiffusion.
- Tecnología de radiodifusión is related to Radiodiffusion.
- Telecommunications is related to Radiodiffusion.
- Television is broader than Radiodiffusion.
- Tesauro de la UNESCO has top concept Radiodiffusion.
- Вещательное производство is broader than Radiodiffusion.
- Законодательство в области вещания is related to Radiodiffusion.
- Индустрия вещания is related to Radiodiffusion.
- Распределение частот is related to Radiodiffusion.
- Спутниковое вещание is related to Radiodiffusion.
- اذاعة وطنية is broader than Radiodiffusion.
- Radiodiffusion has narrower concept Medios comunitarios.
- Radiodiffusion has narrower concept Programme de radiodiffusion.
- Radiodiffusion has narrower concept Radio.
- Radiodiffusion has narrower concept Radiodiffusion commerciale.
- Radiodiffusion has narrower concept Radiodiffusion rurale.
- Radiodiffusion has narrower concept Television.
- Radiodiffusion has narrower concept Вещательное производство.
- Radiodiffusion has narrower concept اذاعة وطنية.
- Radiodiffusion is related to Journalism.
- Radiodiffusion is related to Tecnología de radiodifusión.
- Radiodiffusion is related to Telecommunications.
- Radiodiffusion is related to Законодательство в области вещания.
- Radiodiffusion is related to Индустрия вещания.
- Radiodiffusion is related to Распределение частот.
- Radiodiffusion is related to Спутниковое вещание.
- Radiodiffusion is a top concept of Tesauro de la UNESCO."
http://vocabularies.unesco.org/thesaurus/concept479,Target,Class,Индустрия вещания,"“Индустрия вещания” (Russian) in a digital humanities context means the broadcasting industry—the ecosystem that produces, transmits, and distributes audio‑visual content (radio, television, and their digital/online streams). In digital humanities, it’s studied through methods like media analysis, digitization of broadcasts, metadata and archive work, audience/algorithm studies, and platform economics.","- Communication organizations is related to Индустрия вещания.
- Estudio de televisión is broader than Индустрия вещания.
- Industria de la información is related to Индустрия вещания.
- Industria discográfica is related to Индустрия вещания.
- Industrie des communications is related to Индустрия вещания.
- Radiodiffusion is related to Индустрия вещания.
- Tesauro de la UNESCO has top concept Индустрия вещания.
- Индустрия видеозаписи is related to Индустрия вещания.
- محطات الاذاعة is broader than Индустрия вещания.
- Индустрия вещания has narrower concept Estudio de televisión.
- Индустрия вещания has narrower concept محطات الاذاعة.
- Индустрия вещания is related to Communication organizations.
- Индустрия вещания is related to Industria de la información.
- Индустрия вещания is related to Industria discográfica.
- Индустрия вещания is related to Industrie des communications.
- Индустрия вещания is related to Radiodiffusion.
- Индустрия вещания is related to concept4347.
- Индустрия вещания is related to Индустрия видеозаписи.
- Индустрия вещания is a top concept of Tesauro de la UNESCO."
http://vocabularies.unesco.org/thesaurus/concept480,Target,Class,industrie des communications,"In digital humanities, “Industrie des communications” (French) refers to the communications/media industry: the sector that produces, distributes, and monetizes information and cultural content across channels such as publishing, broadcasting, film, advertising, telecommunications, and digital platforms. It’s studied for its infrastructures, technologies, labor, political economy, and impacts on culture and society.","- “Industria de la información” is related to “Industrie des communications”.
- “Postal services” is broader than “Industrie des communications”.
- “Publishing industry” is related to “Industrie des communications”.
- “Tesauro de la UNESCO” has top concept “Industrie des communications”.
- “Индустрия вещания” is related to “Industrie des communications”.
- “Индустрия телекоммуникаций” is broader than “Industrie des communications”.
- “Книжная индустрия” is related to “Industrie des communications”.
- “Industrie des communications” has narrower concept “Postal services”.
- “Industrie des communications” has narrower concept “Индустрия телекоммуникаций”.
- “Industrie des communications” is related to “Industria de la información”.
- “Industrie des communications” is related to “Publishing industry”.
- “Industrie des communications” is related to “concept5228”.
- “Industrie des communications” is related to “concept5767”.
- “Industrie des communications” is related to “Индустрия вещания”.
- “Industrie des communications” is related to “Книжная индустрия”.
- “Industrie des communications” is a top concept of “Tesauro de la UNESCO”."
http://vocabularies.unesco.org/thesaurus/concept481,Target,Class,communication personnel,"In digital humanities, “communication personnel” refers to staff who plan and execute how a project or center communicates with its audiences. Typical responsibilities include:
- Translating research outcomes into accessible content (web, social media, press, newsletters)
- Managing branding, messaging, and outreach strategies
- Coordinating events, public engagement, and media relations
- Supporting stakeholder communication (partners, funders, institutions)
- Ensuring accessibility and ethical, inclusive communication practices across digital platforms","- “Editorial” is a broader concept’s child of “Communication personnel”.
- “Libraire” is a broader concept’s child of “Communication personnel”.
- “Planificador de la comunicación” is a broader concept’s child of “Communication personnel”.
- “Rédacteur” is a broader concept’s child of “Communication personnel”.
- “TV/radio personnel” is a broader concept’s child of “Communication personnel”.
- “صحفيون” is a broader concept’s child of “Communication personnel”.
- “Tesauro de la UNESCO” has top concept “Communication personnel”.
- “Communication personnel” has narrower concepts: “Editorial”, “Libraire”, “Planificador de la comunicación”, “Rédacteur”, “TV/radio personnel”, “صحفيون”.
- “Communication personnel” is related to “concept270”, “concept326”, “concept4607”, “concept5793”.
- “Communication personnel” is a top concept of “Tesauro de la UNESCO”."
http://vocabularies.unesco.org/thesaurus/concept482,Target,Class,Коммуникационные пользователи,"In digital humanities, “коммуникационные пользователи” refers to user groups defined by how they communicate and interact with digital content and with each other—e.g., audiences on social platforms, commenters, forum participants, or collaborators in online research environments. The term emphasizes roles, behaviors, and patterns of communication (creation, sharing, discussion, remixing) rather than purely technical or demographic categories.","- “Estudio de audiencia” is related to “Коммуникационные пользователи”.
- “Opinión pública” is related to “Коммуникационные пользователи”.
- “Radioyente” is broader than “Коммуникационные пользователи”.
- “Tesauro de la UNESCO” has top concept “Коммуникационные пользователи”.
- “Usuario de información” is related to “Коммуникационные пользователи”.
- “Écoute” is related to “Коммуникационные пользователи”.
- “Обратная связь (коммуникация)” is related to “Коммуникационные пользователи”.
- “Участие аудитории” is related to “Коммуникационные пользователи”.
- “ردود فعل الجمهور” is related to “Коммуникационные пользователи”.
- “سيكولوجية الاتصالات” is related to “Коммуникационные пользователи”.
- “مشاهدو التلفزيون” is broader than “Коммуникационные пользователи”.
- “Коммуникационные пользователи” has narrower concept “Radioyente”.
- “Коммуникационные пользователи” has narrower concept “مشاهدو التلفزيون”.
- “Коммуникационные пользователи” is related to “Estudio de audiencia”.
- “Коммуникационные пользователи” is related to “Opinión pública”.
- “Коммуникационные пользователи” is related to “Usuario de información”.
- “Коммуникационные пользователи” is related to “concept17017”.
- “Коммуникационные пользователи” is related to “concept277”.
- “Коммуникационные пользователи” is related to “Écoute”.
- “Коммуникационные пользователи” is related to “Обратная связь (коммуникация)”.
- “Коммуникационные пользователи” is related to “Участие аудитории”.
- “Коммуникационные пользователи” is related to “ردود فعل الجمهور”.
- “Коммуникационные пользователи” is related to “سيكологية الاتصالات”.
- “Коммуникационные пользователи” is a top concept of “Tesauro de la UNESCO”."
http://vocabularies.unesco.org/thesaurus/concept483,Target,Class,موظفو الحاسب,"In digital humanities, ""موظفو الحاسب"" likely means ""computer staff""—personnel who manage computing resources, digitization workflows, data infrastructure, and technical support for DH projects (e.g., systems admins, developers, data managers).","- “Tesauro de la UNESCO” has top concept “موظفو الحاسب”.
- “علوم المعلومات” is related to “موظفو الحاسب”.
- “موظفو الحاسب” is related to “علوم المعلومات”.
- “موظفو الحاسب” is a top concept of “Tesauro de la UNESCO”."
http://vocabularies.unesco.org/thesaurus/concept4831,Target,Class,censorship,"In digital humanities, censorship refers to the suppression, restriction, or manipulation of digital content, data, or discourse—by states, platforms, institutions, or algorithms—that limits access to information or constrains expression. It includes overt bans and takedowns, shadow bans and algorithmic downranking, geoblocking, content moderation policies, and infrastructural controls (e.g., data access limits, API restrictions) that shape what can be created, studied, preserved, or discovered.","- Communication control has narrower concept Censorship.
- Communication legislation is related to Censorship.
- Censorship has broader concept Communication control.
- Censorship is related to Communication legislation.
- Censorship is related to concept4834.
- Censorship is related to concept4835.
- Censorship is related to concept4836."
http://vocabularies.unesco.org/thesaurus/concept4833,Target,Class,communication legislation,"In digital humanities, communication legislation refers to the laws and regulations governing how information is created, transmitted, accessed, and preserved across digital media. It covers areas like freedom of expression, copyright and licensing, data protection and privacy, platform governance, accessibility standards, archiving mandates, and telecommunications/Internet regulation—shaping how digital cultural materials are shared, studied, and reused.","- Censorship is related to Communication legislation.
- Communication control is related to Communication legislation.
- Depósito legal is a broader concept of Communication legislation.
- Internet governance is related to Communication legislation.
- Законодательство в области вещания is a broader concept of Communication legislation.
- Политика в области передачи информации и связи is a narrower concept of Communication legislation.
- اخلاقيات الاتصالات is related to Communication legislation.
- حماية البيانات is a broader concept of Communication legislation.
- Communication legislation is a broader concept of Политика в области передачи информации и связи.
- Communication legislation has the narrower concepts Depósito legal, Законодательство в области вещания, and حماية البيانات.
- Communication legislation is related to Censorship, Communication control, Internet governance, concept3090, concept3094, concept5325, concept5752, and اخلاقيات الاتصالات."
http://vocabularies.unesco.org/thesaurus/concept484,Target,Class,industria de la informaci n,"In digital humanities, “industria de la información” refers to the sector that produces, manages, distributes, and monetizes information in digital forms—e.g., publishers, archives, databases, platforms, search engines, data analytics firms, and related infrastructures. It covers the economic, technological, and institutional systems that shape how digital content is created, accessed, preserved, and used.","- “Industrie des communications” is related to “Industria de la información”.
- “Tesauro de la UNESCO” has top concept “Industria de la información”.
- “Индустрия вещания” is related to “Industria de la información”.
- “Industria de la información” is related to “Industrie des communications”.
- “Industria de la información” is related to “concept17007”.
- “Industria de la información” is related to “concept5767”.
- “Industria de la información” is related to “Индустрия вещания”.
- “Industria de la información” is a top concept of “Tesauro de la UNESCO”."
http://vocabularies.unesco.org/thesaurus/concept485,Target,Class,information library personnel,"In the context of digital humanities, information/library personnel are professionals in libraries, archives, and information centers who support research, teaching, and creation using digital methods and collections. They:

- Curate, preserve, and provide access to digital and digitized collections (texts, images, data).
- Offer expertise in metadata, cataloging, ontologies, and linked data for humanities materials.
- Support digital scholarship tools and methods (text mining, GIS, data visualization, web archiving).
- Advise on research data management, FAIR principles, and digital preservation.
- Provide instruction and consultation on digital literacy, copyright, licensing, and open access.
- Collaborate on DH projects as partners in project design, infrastructure, grant support, and sustainability.

They may be titled digital scholarship librarians, data librarians, archivists, repository managers, metadata specialists, or research support staff.","- Information scientists is broader than Information/library personnel.
- Information/library resources is related to Information/library personnel.
- Tesauro de la UNESCO has top concept Information/library personnel.
- Работники архивов is broader than Information/library personnel.
- Технические сотрудники библиотек is broader than Information/library personnel.
- مكتبيون is broader than Information/library personnel.
- مهنة المعلومات/المكتبات is related to Information/library personnel.
- Information/library personnel has narrower concept Information scientists.
- Information/library personnel has narrower concept Работники архивов.
- Information/library personnel has narrower concept Технические сотрудники библиотек.
- Information/library personnel has narrower concept مكتبيون.
- Information/library personnel is related to Information/library resources.
- Information/library personnel is related to مهنة المعلومات/المكتبات.
- Information/library personnel is top concept of Tesauro de la UNESCO."
http://vocabularies.unesco.org/thesaurus/concept486,Target,Class,journalism,"In digital humanities, journalism is the research, production, analysis, and dissemination of news and public-interest information using digital methods, data, and platforms—treating news as cultural data. It includes computational reporting (data scraping, analysis, visualization), algorithmic and platform studies of news ecologies, preservation and annotation of born-digital news archives, and critical inquiry into how technologies shape newsmaking, audiences, and power.","- “Agencia de noticias” is related to “Journalism”.
- “Circulation de l'information” is related to “Journalism”.
- “Press” is related to “Journalism”.
- “Radiodiffusion” is related to “Journalism”.
- “Tesauro de la UNESCO” has top concept “Journalism”.
- “Этика прессы” is related to “Journalism”.
- “صحفيون” is related to “Journalism”.
- “Journalism” is related to “Agencia de noticias”.
- “Journalism” is related to “Circulation de l'information”.
- “Journalism” is related to “Press”.
- “Journalism” is related to “Radiodiffusion”.
- “Journalism” is related to “Этика прессы”.
- “Journalism” is related to “صحفيون”.
- “Journalism” is a top concept of “Tesauro de la UNESCO”."
http://vocabularies.unesco.org/thesaurus/concept487,Target,Class,Средства массовой информации,"“Средства массовой информации” (SMI) means “mass media” — channels and institutions that produce and distribute information to large audiences (e.g., newspapers, TV, radio, online news, social media platforms). In digital humanities, it refers to these media as objects of computational analysis (content, networks, discourse, reception).","- “Desarrollo de los medios de comunicación” is related to “Средства массовой информации”.
- “Diversidad mediática” is related to “Средства массовой информации”.
- “Média d'information” is related to “Средства массовой информации”.
- “Press” is related to “Средства массовой информации”.
- “Radio” is related to “Средства массовой информации”.
- “Television” is related to “Средства массовой информации”.
- “Tesauro de la UNESCO” has top concept “Средства массовой информации”.
- “Массовые коммуникации” is related to “Средства массовой информации”.
- “وسائل التواصل الاجتماعي” is broader than “Средства массовой информации”.
- “Средства массовой информации” is narrower than “وسائل التواصل الاجتماعي”.
- “Средства массовой информации” is related to “Desarrollo de los medios de comunicación”.
- “Средства массовой информации” is related to “Diversidad mediática”.
- “Средства массовой информации” is related to “Média d'information”.
- “Средства массовой информации” is related to “Press”.
- “Средства массовой информации” is related to “Radio”.
- “Средства массовой информации” is related to “Television”.
- “Средства массовой информации” is related to “concept17017”.
- “Средства массовой информации” is related to “concept350”.
- “Средства массовой информации” is related to “concept6465”.
- “Средства массовой информации” is related to “Массовые коммуникации”.
- “Средства массовой информации” is a top concept of “Tesauro de la UNESCO”."
http://vocabularies.unesco.org/thesaurus/concept488,Target,Class,press,"In digital humanities, “Press” refers to newspapers, journals, and other periodicals, as well as the processes and institutions involved in producing and publishing them.","- Journalism is related to Press.
- Prensa marginal is a broader concept of Press.
- Presse locale is a broader concept of Press.
- Publishing industry is related to Press.
- Tesauro de la UNESCO has top concept Press.
- Газетная пресса is a broader concept of Press.
- Периодическая печать is a broader concept of Press.
- Сельская пресса is a broader concept of Press.
- Средства массовой информации is related to Press.
- Этика прессы is related to Press.
- مجالس الصحافة is related to Press.
- Press has narrower concepts Prensa marginal, Presse locale, Газетная пресса, Периодическая печать, Сельская пресса.
- Press is related to Journalism, Publishing industry, concept4836, Средства массовой информации, Этика прессы, مجالس الصحافة.
- Press is a top concept of Tesauro de la UNESCO."
http://vocabularies.unesco.org/thesaurus/concept4888,Target,Class,data centers,"In digital humanities, “data centres” are organizations that handle and provide mainly numerical data, usually without evaluation—i.e., they process and supply datasets but typically do not add analytical or interpretive elements.","- “Clearing houses” is related to “Data centres”.
- “Sistema de información” has narrower concept “Data centres”.
- “Информационные службы и услуги” is related to “Data centres”.
- “Data centres” is a broader concept of “Sistema de información”.
- “Data centres” is related to “Clearing houses”.
- “Data centres” is related to “Информационные службы и услуги”."
http://vocabularies.unesco.org/thesaurus/concept489,Target,Class,publishing industry,"In digital humanities, the publishing industry refers to the ecosystem that produces, disseminates, preserves, and monetizes scholarly and cultural content using digital technologies—encompassing academic presses, journals, platforms, repositories, and tools for peer review, metadata, open access, edition-building, and multimodal outputs (e.g., datasets, interactive editions, visualizations). It includes both traditional publishers adapting to digital workflows and born-digital venues that support new forms of research, authorship, and public engagement.","- “Agencia de noticias” is a broader concept of “Publishing industry”.
- “Edición” is a broader concept of “Publishing industry”.
- “Industrie des communications” is related to “Publishing industry”.
- “Microphotography” is a broader concept of “Publishing industry”.
- “Press” is related to “Publishing industry”.
- “Tesauro de la UNESCO” has top concept “Publishing industry”.
- “Книжная индустрия” is a broader concept of “Publishing industry”.
- “Publishing industry” has the narrower concepts “Agencia de noticias”, “Edición”, “Microphotography”, and “Книжная индустрия”.
- “Publishing industry” is related to “Industrie des communications”, “Press”, and “concept4347”.
- “Publishing industry” is a top concept of “Tesauro de la UNESCO”."
http://vocabularies.unesco.org/thesaurus/concept490,Target,Class,vid otex,"In digital humanities, Vidéotex refers to early two-way, screen-based information services (late 1970s–1980s) that delivered text/graphics over telephone networks to dedicated terminals or TVs. Systems like Minitel (France) let users browse directories, news, databases, and message services via coded pages (e.g., CEPT/Prestel standards). It’s a precursor to the web, significant for studying early networked public information, interface design, and sociotechnical adoption.","- “Technologie de la communication” is related to “Vidéotex”.
- “Tesauro de la UNESCO” has top concept “Vidéotex”.
- “Индустрия телекоммуникаций” is related to “Vidéотex”.
- “Телематика” is related to “Vidéotex”.
- “Vidéотex” is related to “Technologie de la communication”, “Индустрия телекоммуникаций”, and “Телематика”.
- “Vidéотex” is a top concept of “Tesauro de la UNESCO”."
http://vocabularies.unesco.org/thesaurus/concept492,Target,Class,archivos,"In digital humanities, “Archivos” is simply the Spanish term for “archives.” It refers to collections of records, documents, or data—often digitized—used for preservation, research, and analysis (e.g., digital archives of texts, images, audio, or metadata). It may also denote specific DH projects or platforms named “Archivos” that manage or provide access to such materials.","- Archive development is related to Archivos.
- Archive repositories are related to Archivos.
- Archivists are related to Archivos.
- Archivos audiovisuales is broader term: Archivos is a narrower concept of Archivos audiovisuales. (Given triple says “Archivos audiovisuales skos:broader Archivos”.)
- Archivos gubernamentales is broader term: Archivos is a narrower concept of Archivos gubernamentales.
- Conservación de los registros de archivos is related to Archivos.
- Gestión de archivos is related to Archivos.
- Gestión de documentos is related to Archivos.
- National archives is a broader term of Archivos.
- Sistema de información is related to Archivos.
- Tesauro de la UNESCO has top concept Archivos.
- Публичные архивы is a broader term of Archivos.
- Работники архивов is related to Archivos.
- تاريخ الارشيفات is related to Archivos.
- سجلات الارشيف is related to Archivos.
- علم الارشيف is related to Archivos.
- مرافق الارشيفات is related to Archivos.
- Archivos has narrower concepts: Archivos audiovisuales; Archivos gubernamentales; National archives; Публичные архивы.
- Archivos is related to: Archive development; Archive repositories; Archivists; Conservación de los registros de archivos; Gestión de archivos; Gestión de documentos; Sistema de información; concept2740; concept2799; Работники архивов; تاريخ الارشيفات; سجلات الارشيف; علم الارشيف; مرافق الارشيفات.
- Archivos is a top concept of Tesauro de la UNESCO."
http://vocabularies.unesco.org/thesaurus/concept493,Target,Class,sistema de informaci n,"In digital humanities, a “sistema de información” (information system) is the integrated set of tools, data, workflows, and people used to collect, store, organize, analyze, and disseminate information about humanities sources. Examples include databases of texts or artifacts, metadata repositories, GIS platforms for cultural data, and digital archives that support research, preservation, and public access.","- Archivos is related to Sistema de información.
- Bibliothèque is related to Sistema de información.
- Clearing houses is a broader concept of Sistema de información.
- Data centres is a broader concept of Sistema de información.
- Information processing is related to Sistema de información.
- Information/bibliothèque, réseau is related to Sistema de información.
- International information systems is a broader concept of Sistema de información.
- Scientific information systems is a broader concept of Sistema de información.
- Servicio bibliográfico is a broader concept of Sistema de información.
- Servicio de referencia is a broader concept of Sistema de información.
- Tesauro de la UNESCO has top concept Sistema de información.
- Интегрированные информационные системы is a broader concept of Sistema de información.
- Информационные службы и услуги is a broader concept of Sistema de información.
- Оценка информационных систем is related to Sistema de información.
- استرجاع المعلومات is related to Sistema de información.
- نظام المعلومات الخاص بإدارة شؤون التعليم is a broader concept of Sistema de información.
- نظم المعلومات الادارية is a broader concept of Sistema de información.
- نظم المعلومات القانونية is a broader concept of Sistema de información.
- نظم المعلومات الوطنية is a broader concept of Sistema de información.
- نظم المعلومات على الخط المباشر is a broader concept of Sistema de información.
- Sistema de información has narrower concepts: Clearing houses; Data centres; International information systems; Scientific information systems; Servicio bibliográfico; Servicio de referencia; Интегрированные информационные системы; Информационные службы и услуги; نظام المعلومات الخاص بإدارة شؤون التعليم; نظم المعلومات الادارية; نظم المعلومات القانونية; نظم المعلومات الوطنية; نظم المعلومات على الخط المباشر.
- Sistema de información is related to: Archivos; Bibliothèque; Information processing; Information/bibliothèque, réseau; Оценка информационных систем; استرجاع المعلومات.
- Sistema de información is a top concept of Tesauro de la UNESCO."
http://vocabularies.unesco.org/thesaurus/concept494,Target,Class,مرافق المعلومات/المكتبات,"In digital humanities, ""مرافق المعلومات/المكتبات"" refers to information and library facilities—i.e., the institutional and technical infrastructures (libraries, archives, data centers, repositories, labs, and their services) that provide access to digital/print collections, metadata, tools, and expertise supporting research, curation, preservation, and dissemination of humanities data.","- “Information/library resources” is related to “مرافق المعلومات/المكتبات”.
- “Library buildings” is a broader concept of “مرافق المعلومات/المكتبات”.
- “Tesauro de la UNESCO” has top concept “مرافق المعلومات/المكتبات”.
- “Информационное/библиотечное оборудование” is a broader concept of “مرافق المعلومات/المكتبات”.
- “مرافق الارشيفات” is a broader concept of “مرافق المعلومات/المكتبات”.
- “مرافق المعلومات/المكتبات” has narrower concepts: “Library buildings”, “Информационное/библиотечное оборудование”, “مرافق الارشيفات”.
- “مرافق المعلومات/المكتبات” is related to “Information/library resources”.
- “مرافق المعلومات/المكتبات” is a top concept of “Tesauro de la UNESCO”."
http://vocabularies.unesco.org/thesaurus/concept495,Target,Class,information biblioth que r seau,"In digital humanities, “Information/bibliothèque, réseau” (French) refers to the “information/library, network” axis—i.e., the intersection of library and information science with networked digital infrastructures. It encompasses:

- Information and library services in digital form (digital libraries, catalogs, metadata).
- Networked systems and standards enabling access, interoperability, and sharing (protocols, repositories, linked data).
- Practices of organizing, preserving, and disseminating humanities data within networked environments (collections, archives, scholarly communication).","- “Bibliothèque” is related to “Information/bibliothèque, réseau”.
- “International information systems” is related to “Information/bibliothèque, réseau”.
- “Sistema de información” is related to “Information/bibliothèque, réseau”.
- “Tesauro de la UNESCO” has top concept “Information/bibliothèque, réseau”.
- “استرجاع المعلومات” is related to “Information/bibliothèque, réseau”.
- “Information/bibliothèque, réseau” is related to “Bibliothèque”, “International information systems”, “Sistema de información”, and “استرجاع المعلومات”.
- “Information/bibliothèque, réseau” is the top concept of “Tesauro de la UNESCO”."
http://vocabularies.unesco.org/thesaurus/concept4954,Target,Class,reconnaissance des caract res,"In digital humanities, “Reconnaissance des caractères” (French) means Optical Character Recognition (OCR): the automated process of converting scanned or photographed text (e.g., from manuscripts, books, archives) into machine-readable, editable text for searching, analysis, and digital editions.","- “Cibernética” is related to “Reconnaissance des caractères”.
- “Codage” has narrower concept “Reconnaissance des caractères”.
- “Remote sensing” is related to “Reconnaissance des caractères”.
- “Reconnaissance des caractères” has broader concept “Codage”.
- “Reconnaissance des caractères” is related to “Cibernética”.
- “Reconnaissance des caractères” is related to “Remote sensing”."
http://vocabularies.unesco.org/thesaurus/concept496,Target,Class,biblioth que,"In digital humanities, “bibliothèque” (French for “library”) typically refers to a digital library or repository—an organized collection of digitized texts, images, datasets, and metadata, along with tools for access, curation, and analysis.","- “Biblioteca internacional” is a broader concept of “Bibliothèque”.
- “Biblioteca pública” is a broader concept of “Bibliothèque”.
- “Bibliothèque gouvernementale” is a broader concept of “Bibliothèque”.
- “Bibliothèque nationale” is a broader concept of “Bibliothèque”.
- “Bibliothèque numérique” is a broader concept of “Bibliothèque”.
- “Bibliothèque scolaire” is a broader concept of “Bibliothèque”.
- “Information/bibliothèque, réseau” is related to “Bibliothèque”.
- “Servicio de referencia” is related to “Bibliothèque”.
- “Sistema de información” is related to “Bibliothèque”.
- “Source d'information” is related to “Bibliothèque”.
- “Tesauro de la UNESCO” has top concept “Bibliothèque”.
- “مكتبات اكاديمية” is a broader concept of “Bibliothèque”.
- “مكتبات الاطفال” is a broader concept of “Bibliothèque”.
- “مكتبات مؤسسية” is a broader concept of “Bibliothèque”.
- “Bibliothèque” has narrower concepts “Biblioteca internacional”, “Biblioteca pública”, “Bibliothèque gouvernementale”, “Bibliothèque nationale”, “Bibliothèque numérique”, “Bibliothèque scolaire”, “مكتبات اكاديمية”, “مكتبات الاطفال”, “مكتبات مؤسسية”.
- “Bibliothèque” is related to “Information/bibliothèque, réseau”, “Servicio de referencia”, “Sistema de información”, “Source d'information”, “concept98”.
- “Bibliothèque” is a top concept of “Tesauro de la UNESCO”."
http://vocabularies.unesco.org/thesaurus/concept497,Target,Class,Специализированные библиотеки,"In digital humanities, “Специализированные библиотеки” means libraries that primarily serve a single discipline or a specific field—i.e., collections and services focused on one area of study.","- “Audioteca” is a broader concept’s member of “Специализированные библиотеки”.
- “Bibliothèque d’art” is a broader concept’s member of “Специализированные библиотеки”.
- “Bibliothèque médicale” is a broader concept’s member of “Специализированные библиотеки”.
- “Cinémathèque” is a broader concept’s member of “Специализированные библиотеки”.
- “Tesauro de la UNESCO” has top concept “Специализированные библиотеки”.
- “Библиотеки в области деловой литературы” is a broader concept’s member of “Специализированные библиотеки”.
- “Газетные библиотеки” is a broader concept’s member of “Специализированные библиотеки”.
- “Информационные службы и услуги” is related to “Специализированные библиотеки”.
- “Юридические библиотеки” is a broader concept’s member of “Специализированные библиотеки”.
- “مكتبات بحثية” is a broader concept’s member of “Специализированные библиотеки”.
- “مكتبات زراعية” is a broader concept’s member of “Специализированные библиотеки”.
- “مكتبات صناعية” is a broader concept’s member of “Специализированные библиотеки”.
- “Специализированные библиотеки” has narrower concepts: “Audioteca”, “Bibliothèque d’art”, “Bibliothèque médicale”, “Cinémathèque”, “Библиотеки в области деловой литературы”, “Газетные библиотеки”, “Юридические библиотеки”, “مكتبات بحثية”, “مكتبات زراعية”, “مكتبات صناعية”.
- “Специализированные библиотеки” is related to “Информационные службы и услуги”.
- “Специализированные библиотеки” is a top concept of “Tesauro de la UNESCO”."
http://vocabularies.unesco.org/thesaurus/concept500,Target,Class,كتب,"In a digital humanities context, كتب (kutub) typically refers to “books” (plural of كتاب, kitāb). It can also relate to “texts” or “writings,” especially when discussing digitized corpora, metadata, or textual analysis.","- “Art books” is a broader concept of “كتب”.
- “Atlas” is a broader concept of “كتب”.
- “Documento de reunión” is a broader concept of “كتب”.
- “ISBN” is related to “كتب”.
- “Libro para niños” is a broader concept of “كتب”.
- “Material de referencia” is a broader concept of “كتب”.
- “Tesauro de la UNESCO” has top concept “كتب”.
- “Монографии” is related to “كتب”.
- “Руководства” is a broader concept of “كتب”.
- “البومات” is a broader concept of “كتب”.
- “كتب نادرة” is a broader concept of “كتب”.
- “كتب” has narrower concepts: “Art books”, “Atlas”, “Documento de reunión”, “Libro para niños”, “Material de referencia”, “Руководства”, “البومات”, “كتب نادرة”.
- “كتب” is related to “ISBN”, “Монографии”.
- “كتب” is a top concept of “Tesauro de la UNESCO”."
http://vocabularies.unesco.org/thesaurus/concept501,Target,Class,Базы данных,"“Базы данных” (Russian) means “databases.” In digital humanities, it refers to structured collections of digitized humanities data (e.g., texts, images, metadata) organized for querying, analysis, and preservation.","- “Base de datos a texto completo” is a broader concept of “Базы данных”.
- “Bibliographic databases” is a broader concept of “Базы данных”.
- “Matériel lisible en machine” is related to “Базы данных”.
- “Matériel non imprimé” is related to “Базы данных”.
- “Organización de ficheros” is related to “Базы данных”.
- “Tesauro de la UNESCO” has top concept “Базы данных”.
- “استرجاع المعلومات” is related to “Базы данных”.
- “كشافات” is related to “Базы данных”.
- “Базы данных” has narrower concept “Base de datos a texto completo”.
- “Базы данных” has narrower concept “Bibliographic databases”.
- “Базы данных” is related to “Matériel lisible en machine”.
- “Базы данных” is related to “Matériel non imprimé”.
- “Базы данных” is related to “Organización de ficheros”.
- “Базы данных” is related to “استرجاع المعلومات”.
- “Базы данных” is related to “كشافات”.
- “Базы данных” is a top concept of “Tesauro de la UNESCO”."
http://vocabularies.unesco.org/thesaurus/concept502,Target,Class,وثائق,"In digital humanities, “وثائق” means “documents” or “records,” i.e., textual or archival materials (manuscripts, letters, reports, digital files) used as primary sources for analysis.","- “Matériel lisible en machine” is a broader concept of “وثائق”.
- “Matériel non imprimé” is a broader concept of “وثائق”.
- “Tesauro de la UNESCO” has top concept “وثائق”.
- “Traducciones” is a broader concept of “وثائق”.
- “Монографии” is a broader concept of “وثائق”.
- “Официальные издания” is a broader concept of “وثائق”.
- “Рукописи” is a broader concept of “وثائق”.
- “مواد في شكل كتاب” is a broader concept of “وثائق”.
- “وثائق اولية” is a broader concept of “وثائق”.
- “وثائق” has narrower concepts “Matériel lisible en machine”, “Matériel non imprimé”, “Traducciones”, “Монографии”, “Официальные издания”, “Рукописи”, “مواد في شكل كتاب”, and “وثائق اولية”.
- “وثائق” is related to “concept2782” and “concept2783”.
- “وثائق” is a top concept of “Tesauro de la UNESCO”."
http://vocabularies.unesco.org/thesaurus/concept503,Target,Class,source d information,"In digital humanities, “source d’information” (French) means any information source used for research—such as digitized archives, manuscripts, datasets, databases, images, audio/video, web pages, metadata, or born-digital materials—serving as primary or secondary evidence for analysis.","- “Bibliothèque” is related to “Source d'information”.
- “Guides to information sources” is related to “Source d'information”.
- “Tesauro de la UNESCO” has top concept “Source d'information”.
- “Transferencia de información” is related to “Source d'information”.
- “Сбор данных” is related to “Source d'information”.
- “Этика прессы” is related to “Source d'information”.
- “Source d'information” is related to “Bibliothèque”.
- “Source d'information” is related to “Guides to information sources”.
- “Source d'information” is related to “Transferencia de información”.
- “Source d'information” is related to “concept98”.
- “Source d'information” is related to “Сбор данных”.
- “Source d'information” is related to “Этика прессы”.
- “Source d'information” is the top concept of “Tesauro de la UNESCO”."
http://vocabularies.unesco.org/thesaurus/concept504,Target,Class,دوريات,"In digital humanities, ""دوريات"" refers to periodicals—scholarly journals, magazines, or serial publications that are issued regularly and often used as sources for research, indexing, text mining, and digital archiving.","- “Annuaire” is a broader concept of “دوريات”.
- “Boletín de información” is a broader concept of “دوريات”.
- “Circulación de publicaciones periódicas” is related to “دوريات”.
- “Serials” is related to “دوريات”.
- “Tesauro de la UNESCO” has top concept “دوريات”.
- “Календари” is a broader concept of “دوريات”.
- “Периодическая печать” is related to “دوريات”.
- “صحف” is a broader concept of “دوريات”.
- “كشافات” is related to “دوريات”.
- “وثائق اولية” is related to “دوريات”.
- “دوريات” has narrower concept “Annuaire”.
- “دوريات” has narrower concept “Boletín de información”.
- “دوريات” has narrower concept “Календари”.
- “دوريات” has narrower concept “صحف”.
- “دوريات” is related to “Circulación de publicaciones periódicas”.
- “دوريات” is related to “Serials”.
- “دوريات” is related to “Периодическая печать”.
- “دوريات” is related to “كشافات”.
- “دوريات” is related to “وثائق اولية”.
- “دوريات” is a top concept of “Tesauro de la UNESCO”."
http://vocabularies.unesco.org/thesaurus/concept505,Target,Class,تسجيلات,"In the context of digital humanities, ""تسجيلات"" means ""records"" or ""recordings""—i.e., digitized entries such as audio/video recordings, archival records, or logged data used for analysis, preservation, and study.","- “Enregistrement sonore” is a broader concept of “تسجيلات”.
- “Material de grabación” is related to “تسجيلات”.
- “Matériel non imprimé” is related to “تسجيلات”.
- “Tesauro de la UNESCO” has top concept “تسجيلات”.
- “Аудиовизуальные материалы” is a broader concept of “تسجيلات”.
- “تسجيلات” has narrower concept “Enregistrement sonore”.
- “تسجيلات” has narrower concept “Аудиовизуальные материалы”.
- “تسجيلات” is related to “Material de grabación”.
- “تسجيلات” is related to “Matériel non imprimé”.
- “تسجيلات” is the top concept of “Tesauro de la UNESCO”."
http://vocabularies.unesco.org/thesaurus/concept506,Target,Class,وثائق ثانوية,"في سياق الإنسانيات الرقمية، ""وثائق ثانوية"" هي وثائق تحتوي على بيانات أو معلومات عن ""الوثائق الأساسية/الأولية"" (primary documents)، مثل الشروحات، التحليلات، الفهارس، الميتاداتا، أو الدراسات التي تتناول الوثائق الأولية.","- “Accessions lists” is a broader term of “وثائق ثانوية”.
- “Bibliographie” is a broader term of “وثائق ثانوية”.
- “Citation” is a broader term of “وثائق ثانوية”.
- “Directories” is a broader term of “وثائق ثانوية”.
- “Matériel non imprimé” is related to “وثائق ثانوية”.
- “Research registers” is a broader term of “وثائق ثانوية”.
- “Revista bibliográfica” is a broader term of “وثائق ثانوية”.
- “Tesauro de la UNESCO” has top concept “وثائق ثانوية”.
- “Антологии” is a broader term of “وثائق ثانوية”.
- “Обзоры литературы” is a broader term of “وثائق ثانوية”.
- “Описи” is a broader term of “وثائق ثانوية”.
- “فهارس” is a broader term of “وثائق ثانوية”.
- “كشافات” is a broader term of “وثائق ثانوية”.
- “مواد في شكل كتاب” is related to “وثائق ثانوية”.
- “وثائق ثانوية” has narrower term “Accessions lists”.
- “وثائق ثانوية” has narrower term “Bibliographie”.
- “وثائق ثانوية” has narrower term “Citation”.
- “وثائق ثانوية” has narrower term “Directories”.
- “وثائق ثانوية” has narrower term “Research registers”.
- “وثائق ثانوية” has narrower term “Revista bibliográfica”.
- “وثائق ثانوية” has narrower term “Антологии”.
- “وثائق ثانوية” has narrower term “Обзоры литературы”.
- “وثائق ثانوية” has narrower term “Описи”.
- “وثائق ثانوية” has narrower term “فهارس”.
- “وثائق ثانوية” has narrower term “كشافات”.
- “وثائق ثانوية” is related to “Matériel non imprimé”.
- “وثائق ثانوية” is related to “concept4209”.
- “وثائق ثانوية” is related to “مواد في شكل كتاب”.
- “وثائق ثانوية” is a top concept of “Tesauro de la UNESCO”."
http://vocabularies.unesco.org/thesaurus/concept507,Target,Class,serials,"In digital humanities, “serials” are publications issued in separate, successive parts—usually in a uniform format, under a constant title—and intended to continue indefinitely.","- Annuaire is related to Serials.
- ISBD is related to Serials.
- ISSN is related to Serials.
- Norma is broader than Serials.
- Serials is a top concept of Tesauro de la UNESCO.
- Календари is related to Serials.
- دوريات is related to Serials.
- صحف is related to Serials.
- وثائق اولية is related to Serials.
- Serials has narrower concept Norma.
- Serials is related to Annuaire.
- Serials is related to ISBD.
- Serials is related to ISSN.
- Serials is related to Календари.
- Serials is related to دوريات.
- Serials is related to صحف.
- Serials is related to وثائق اولية.
- Serials is a top concept of Tesauro de la UNESCO."
http://vocabularies.unesco.org/thesaurus/concept508,Target,Class,support visuel,"In digital humanities, “support visuel” (French) refers to any visual medium or material used to present, illustrate, or analyze content—e.g., images, diagrams, maps, data visualizations, charts, screenshots, slides, or interface mockups. It can mean both:
- the visual aids used to communicate research (presentations, exhibits, web pages), and
- the visual artifacts that are objects of study (manuscript images, photographs, maps, visualizations).","- “Cinta de película” is related to “Support visuel”.
- “Dessins” is broader than “Support visuel”.
- “Fotografías” is broader than “Support visuel”.
- “Graphe” is broader than “Support visuel”.
- “Ilustraciones” is broader than “Support visuel”.
- “Maps” is broader than “Support visuel”.
- “Matériel non imprimé” is related to “Support visuel”.
- “Microforme” is related to “Support visuel”.
- “Tesauro de la UNESCO” has top concept “Support visuel”.
- “Аудиовизуальные материалы” is related to “Support visuel”.
- “ملصقات” is broader than “Support visuel”.
- “Support visuel” has narrower concept “Dessins”.
- “Support visuel” has narrower concept “Fotografías”.
- “Support visuel” has narrower concept “Graphe”.
- “Support visuel” has narrower concept “Ilustraciones”.
- “Support visuel” has narrower concept “Maps”.
- “Support visuel” has narrower concept “ملصقات”.
- “Support visuel” is related to “Cinta de película”.
- “Support visuel” is related to “Matériel non imprimé”.
- “Support visuel” is related to “Microforme”.
- “Support visuel” is related to “concept2783”.
- “Support visuel” is related to “Аудиовизуальные материалы”.
- “Support visuel” is a top concept of “Tesauro de la UNESCO”."
http://vocabularies.unesco.org/thesaurus/concept511,Target,Class,Комплектование,"In digital humanities, комплектование refers to the systematic acquisition and assembling of materials for a collection—selecting, obtaining, and organizing digital (or digitized) resources for archives, libraries, or databases to ensure comprehensive, purposeful coverage.","- “Accessions lists” is related to “Комплектование”.
- “Bon UNESCO” is broader than “Комплектование”.
- “Book selection” is broader than “Комплектование”.
- “Information processing” is related to “Комплектование”.
- “Tesauro de la UNESCO” has top concept “Комплектование”.
- “Коллекции библиотек” is related to “Комплектование”.
- “Комплектование” has narrower concept “Bon UNESCO”.
- “Комплектование” has narrower concept “Book selection”.
- “Комплектование” is related to “Accessions lists”.
- “Комплектование” is related to “Information processing”.
- “Комплектование” is related to “Коллекции библиотек”.
- “Комплектование” is the top concept of “Tesauro de la UNESCO”."
http://vocabularies.unesco.org/thesaurus/concept512,Target,Class,Распространение информации,"In digital humanities, “Распространение информации” means the supply or delivery of information or records from a storage point (repository) to individuals or organizations.","- “Circulation internationale de matériels” is a broader concept of “Распространение информации”.
- “Diffusion sélective de l'information” is a broader concept of “Распространение информации”.
- “Distribution des livres” is a broader concept of “Распространение информации”.
- “Fourniture de documents” is related to “Распространение информации”.
- “Información y desarrollo” is related to “Распространение информации”.
- “Information exchange” is related to “Распространение информации”.
- “Information processing” is related to “Распространение информации”.
- “Scientific information” is related to “Распространение информации”.
- “Tesauro de la UNESCO” has top concept “Распространение информации”.
- “Transferencia de información” is related to “Распространение информации”.
- “Общественная информация” is related to “Распространение информации”.
- “نشر المعرفة” is a broader concept of “Распространение информации”.
- “Распространение информации” has narrower concept “Circulation internationale de matériels”.
- “Распространение информации” has narrower concept “Diffusion sélective de l'information”.
- “Распространение информации” has narrower concept “Distribution des livres”.
- “Распространение информации” has narrower concept “نشر المعرفة”.
- “Распространение информации” is related to “Fourniture de documents”.
- “Распространение информации” is related to “Información y desarrollo”.
- “Распространение информации” is related to “Information exchange”.
- “Распространение информации” is related to “Information processing”.
- “Распространение информации” is related to “Scientific information”.
- “Распространение информации” is related to “Transferencia de información”.
- “Распространение информации” is related to “concept5873”.
- “Распространение информации” is related to “concept6968”.
- “Распространение информации” is related to “Общественная информация”.
- “Распространение информации” is a top concept of “Tesauro de la UNESCO”."
http://vocabularies.unesco.org/thesaurus/concept513,Target,Class,information processing,"In digital humanities, “information processing” means the storage and processing of items or units of information: 
- Almacenamiento y tratamiento de unidades de información.
- تخزين ومعالجة مواد المعلومات
- Хранение и обработка информационных единиц.
- Stockage et traitement d'éléments d'information.
- The storage and processing of items of information.","- “Análisis documental” is a broader concept of “Information processing”.
- “Catalogage” is a broader concept of “Information processing”.
- “Documentación” is related to “Information processing”.
- “Sistema de información” is related to “Information processing”.
- “Tesauro de la UNESCO” has top concept “Information processing”.
- “Комплектование” is related to “Information processing”.
- “Распространение информации” is related to “Information processing”.
- “استرجاع المعلومات” is related to “Information processing”.
- “معالجة البيانات” is related to “Information processing”.
- “Information processing” has narrower concept “Análisis documental”.
- “Information processing” has narrower concept “Catalogage”.
- “Information processing” is related to “Documentación”.
- “Information processing” is related to “Sistema de información”.
- “Information processing” is related to “concept10614”.
- “Information processing” is related to “Комплектование”.
- “Information processing” is related to “Распространение информации”.
- “Information processing” is related to “استرجاع المعلومات”.
- “Information processing” is related to “معالجة البيانات”.
- “Information processing” is a top concept of “Tesauro de la UNESCO”."
http://vocabularies.unesco.org/thesaurus/concept514,Target,Class,استرجاع المعلومات,في سياق الإنسانيات الرقمية، استرجاع المعلومات يعني الأساليب والتقنيات المستخدمة للبحث عن المعلومات ذات الصلة داخل مجموعات كبيرة من البيانات النصية أو الوسائط (مثل الأرشيفات الرقمية، الصحف المرقمنة، المخطوطات، الصور، الصوت). يشمل تصميم الفهارس وبناء الاستعلامات وتقييم الصلة، واستخدام خوارزميات للبحث الدلالي، واستخراج الكيانات، وتصنيف الموضوعات لتسهيل الوصول إلى المواد الإنسانية وتحليلها.,"- “Compilación bibliográfica” is related to “استرجاع المعلومات”.
- “Information processing” is related to “استرجاع المعلومات”.
- “Information/bibliothèque, réseau” is related to “استرجاع المعلومات”.
- “Servicio de referencia” is related to “استرجاع المعلومات”.
- “Sistema de información” is related to “استرجاع المعلومات”.
- “Tesauro de la UNESCO” has top concept “استرجاع المعلومات”.
- “Базы данных” is related to “استرجاع المعلومات”.
- “Оценка информационных систем” is related to “استرجاع المعلومات”.
- “Языки индексирования” is related to “استرجاع المعلومات”.
- “بحث على الخط المباشر” is broader than “استرجاع المعلومات”.
- “استرجاع المعلومات” has narrower concept “بحث على الخط المباشر”.
- “استرجاع المعلومات” is related to “Compilación bibliográfica”, “Information processing”, “Information/bibliothèque, réseau”, “Servicio de referencia”, “Sistema de información”, “Базы данных”, “Оценка информационных систем”, “Языки индексирования”.
- “استرجاع المعلومات” is a top concept of “Tesauro de la UNESCO”."
http://vocabularies.unesco.org/thesaurus/concept515,Target,Class,library circulation,"Library circulation is the lending of requested documents to users—i.e., the temporary loan of library materials to patrons upon request.","- “Circulación de publicaciones periódicas” is a broader concept of “Library circulation.”
- “Fourniture de documents” is related to “Library circulation.”
- “Interlibrary loans” is a broader concept of “Library circulation.”
- “Tesauro de la UNESCO” has top concept “Library circulation.”
- “Library circulation” has the narrower concepts “Circulación de publicaciones periódicas” and “Interlibrary loans.”
- “Library circulation” is related to “Fourniture de documents.”
- “Library circulation” is the top concept of “Tesauro de la UNESCO.”"
http://vocabularies.unesco.org/thesaurus/concept516,Target,Class,gesti n de documentos,"Gestión de documentos: área de la gestión administrativa que busca la economía y la eficiencia en la creación, uso, mantenimiento y disposición de los documentos (registros).","- “Administración de oficina” is related to “Gestión de documentos”.
- “Archivos” is related to “Gestión de documentos”.
- “Conservación de los registros de archivos” is broader than “Gestión de documentos”.
- “Service de bureau” is related to “Gestión de documentos”.
- “Tesauro de la UNESCO” has top concept “Gestión de documentos”.
- “Оценка записей” is broader than “Gestión de documentos”.
- “سجلات الارشيف” is related to “Gestión de documentos”.
- “Gestión de documentos” has narrower concept “Conservación de los registros de archivos”.
- “Gestión de documentos” has narrower concept “Оценка записей”.
- “Gestión de documentos” is related to “Administración de oficina”.
- “Gestión de documentos” is related to “Archivos”.
- “Gestión de documentos” is related to “Service de bureau”.
- “Gestión de documentos” is related to “سجلات الارشيف”.
- “Gestión de documentos” is a top concept of “Tesauro de la UNESCO”."
http://vocabularies.unesco.org/thesaurus/concept519,Target,Class,tecnolog a de radiodifusi n,"In digital humanities, “Tecnología de radiodifusión” refers to the tools, infrastructures, and standards used to transmit audio/video content to broad audiences (radio, TV, streaming), leveraged for research, preservation, and dissemination. It includes formats, encoding, transmission (terrestrial, satellite, IP), metadata, and platforms enabling the creation, archiving, analysis, and public outreach of cultural and scholarly media.","- “Ingeniería de la televisión” is a broader concept of “Tecnología de radiodifusión”.
- “Radiodiffusion” is related to “Tecnología de radiodifusión”.
- “Tesauro de la UNESCO” has top concept “Tecnología de radiodifusión”.
- “Вещательное производство” is related to “Tecnología de radiodifusión”.
- “Спутниковое вещание” is a broader concept of “Tecnología de radiodifusión”.
- “تلفزيون كابلي” is a broader concept of “Tecnología de radiodifusión”.
- “معدات البث” is related to “Tecnología de radiodifusión”.
- “هندسة الراديو” is a broader concept of “Tecnología de radiodifusión”.
- “Tecnología de radiodifusión” has narrower concepts “Ingeniería de la televisión”, “Спутниковое вещание”, “تلفزيون كابلي”, and “هندسة الراديو”.
- “Tecnología de radiodifusión” is related to “Radiodiffusion”, “Вещательное производство”, and “معدات البث”.
- “Tecnología de radiodifusión” is a top concept of “Tesauro de la UNESCO”."
http://vocabularies.unesco.org/thesaurus/concept520,Target,Class,تطبيقات الحاسب,"في سياق الإنسانيات الرقمية، تطبيقات الحاسب تعني البرامج والأدوات الرقمية المستخدمة في البحث الإنساني. إن أمكن التحديد:
- أدوات التحليل النصي والحوسبة اللغوية
- نظم إدارة البيانات/الميتايداتا
- نظم المعلومات الجغرافية (GIS) للخرائط الإنسانية
- أدوات الترميز النصي (مثل TEI)
- برامج التصوير الرقمي والحفظ
- منصات التصور البياني وإدارة المشاريع العلمية الرقمية","- “Archive automation” is a broader concept within “تطبيقات الحاسب”.
- “Computer graphics” is a broader concept within “تطبيقات الحاسب”.
- “Indexación automática” is related to “تطبيقات الحاسب”.
- “Informatisation des bibliothèques” is a broader concept within “تطبيقات الحاسب”.
- “Inteligencia artificial” is a broader concept within “تطبيقات الحاسب”.
- “Matériel lisible en machine” is related to “تطبيقات الحاسب”.
- “Ofimática” is a broader concept within “تطبيقات الحاسب”.
- “Ordenador” is related to “تطبيقات الحاسب”.
- “Photocomposition” is related to “تطبيقات الحاسب”.
- “Réseau informatique” is related to “تطبيقات الحاسب”.
- “Tesauro de la UNESCO” has top concept “تطبيقات الحاسب”.
- “Video games” is a broader concept within “تطبيقات الحاسب”.
- “Автоматизированный текстовый анализ” is related to “تطبيقات الحاسب”.
- “Вычислительная лингвистика” is a broader concept within “تطبيقات الحاسب”.
- “Географические информационные системы” is related to “تطبيقات الحاسب”.
- “Издательское дело в электронной форме” is related to “تطبيقات الحاسب”.
- “Системы автоматизированного проектирования” is a broader concept within “تطبيقات الحاسب”.
- “Системы автоматизированного производства” is a broader concept within “تطبيقات الحاسب”.
- “Телематика” is related to “تطبيقات الحاسب”.
- “بحث على الخط المباشر” is related to “تطبيقات الحاسب”.
- “حواسب وتنمية” is related to “تطبيقات الحاسب”.
- “علم الحاسب” is related to “تطبيقات الحاسب”.
- “تطبيقات الحاسب” has narrower concepts “Archive automation”, “Computer graphics”, “Informatisation des bibliothèques”, “Inteligencia artificial”, “Ofimática”, “Video games”, “Вычислительная лингвистика”, “Системы автоматизированного проектирования”, and “Системы автоматизированного производства”.
- “تطبيقات الحاسب” is related to “Indexación automática”, “Matériel lisible en machine”, “Ordenador”, “Photocomposition”, “Réseau informatique”, “concept3401”, “concept6018”, “concept6020”, “Автоматизированный текстовый анализ”, “Географические информационные системы”, “Издательское дело в электронной форме”, “Телематика”, “بحث على الخط المباشر”, “حواسب وتنمية”, and “علم الحاسب”.
- “تطبيقات الحاسب” is a top concept of “Tesauro de la UNESCO”."
http://vocabularies.unesco.org/thesaurus/concept521,Target,Class,programmation informatique,"In digital humanities, “programmation informatique” (computer programming) means writing and organizing code to process, analyze, visualize, and preserve cultural data—such as texts, images, audio, metadata, or networks. It enables tasks like text mining, NLP, data cleaning, database building, web scraping, visualization, GIS mapping, and creating reproducible research workflows and interactive scholarly tools.","- “Computer languages” is a broader concept of “Programmation informatique”. (i.e., “Programmation informatique” is narrower than “Computer languages”.)
- “Configuration multiposte” is a broader concept of “Programmation informatique”.
- “Expert systems” is related to “Programmation informatique”.
- “Ordenador” is related to “Programmation informatique”.
- “Organización de ficheros” is a broader concept of “Programmation informatique”.
- “Système en ligne” is a broader concept of “Programmation informatique”.
- “Tesauro de la UNESCO” has top concept “Programmation informatique”.
- “Компьютерное программное обеспечение” is a broader concept of “Programmation informatique”.
- “Телеконференцсвязь” is related to “Programmation informatique”.
- “علم الحاسب” is related to “Programmation informatique”.
- “Programmation informatique” has narrower concepts: “Computer languages”, “Configuration multiposte”, “Organización de ficheros”, “Système en ligne”, “Компьютерное программное обеспечение”.
- “Programmation informatique” is related to: “Expert systems”, “Ordenador”, “concept2024”, “Телеконференцсвязь”, “علم الحاسب”.
- “Programmation informatique” is a top concept of “Tesauro de la UNESCO”."
http://vocabularies.unesco.org/thesaurus/concept522,Target,Class,معالجة البيانات,معالجة البيانات: التعامل المنهجي مع البيانات من حيث التنظيم، التلاعب، والحساب باستخدام الحاسوب دائمًا. لا تُخلَط مع “معالجة المعلومات”.,"- Codage is broader than معالجة البيانات.
- Data analysis is broader than معالجة البيانات.
- Digitalización is broader than معالجة البيانات.
- Information processing is related to معالجة البيانات.
- Ordenador is related to معالجة البيانات.
- Tesauro de la UNESCO has top concept معالجة البيانات.
- Tratamiento de textos is related to معالجة البيانات.
- Передача данных is related to معالجة البيانات.
- Сбор данных is broader than معالجة البيانات.
- تبادل البيانات is broader than معالجة البيانات.
- علم الحاسب is related to معالجة البيانات.
- معالجة البيانات has narrower concept Codage.
- معالجة البيانات has narrower concept Data analysis.
- معالجة البيانات has narrower concept Digitalización.
- معالجة البيانات has narrower concept Сбор данных.
- معالجة البيانات has narrower concept تبادل البيانات.
- معالجة البيانات is related to Information processing.
- معالجة البيانات is related to Ordenador.
- معالجة البيانات is related to Tratamiento de textos.
- معالجة البيانات is related to concept2076.
- معالجة البيانات is related to Передача данных.
- معالجة البيانات is related to علم الحاسب.
- معالجة البيانات is a top concept of Tesauro de la UNESCO."
http://vocabularies.unesco.org/thesaurus/concept523,Target,Class,تكنولوجيا المعلومات,"“تكنولوجيا المعلومات” تعني مجموعة التقنيات المستخدمة لإدارة المعلومات ومعالجتها وتوزيعها. في سياق الإنسانيات الرقمية تشمل:
- تقنيات نظم إدارة قواعد البيانات.
- أنظمة توزيع المعلومات: المعالجة عن بُعد، شبكات المحطات/الطرفيات، نظم الفيديوتكس.
- تقنيات التخزين والعرض مثل الميكروغرافيا.
وتُستخدم لدعم جمع البيانات الإنسانية وتحليلها ونشرها عبر الشبكات والمنصات.","- “Microforme” is related to “تكنولوجيا المعلومات”.
- “Technologie de la communication” is broader than “تكنولوجيا المعلومات”.
- “Telecommunications” is related to “تكنولوجيا المعلومات”.
- “Tesauro de la UNESCO” has top concept “تكنولوجيا المعلومات”.
- “Transferencia de información” is related to “تكنولوجيا المعلومات”.
- “Équipement de télécommunications” is related to “تكنولوجيا المعلومات”.
- “Телематика” is broader than “تكنولوجيا المعلومات”.
- “علوم المعلومات” is related to “تكنولوجيا المعلومات”.
- “تكنولوجيا المعلومات” has narrower concepts “Technologie de la communication” and “Телематика”.
- “تكنولوجيا المعلومات” is related to “Microforme”, “Telecommunications”, “Transferencia de información”, “concept10614”, “concept16994”, “concept17004”, “concept9548”, “concept97”, “Équipement de télécommunications”, and “علوم المعلومات”.
- “تكنولوجيا المعلومات” is a top concept of “Tesauro de la UNESCO”."
http://vocabularies.unesco.org/thesaurus/concept524,Target,Class,service de bureau,"In digital humanities, “Service de bureau” (French) typically refers to office/desk services—i.e., administrative support functions such as clerical work, document handling, scheduling, correspondence, and basic IT/office operations that support research projects and labs.","- “Administración de oficina” is a broader concept of “Service de bureau”.
- “Gestión de documentos” is related to “Service de bureau”.
- “Office equipment” is related to “Service de bureau”.
- “Reprographie” is related to “Service de bureau”.
- “Service de bureau” is a top concept of “Tesauro de la UNESCO”.
- “Service de bureau” has narrower concept “Administración de oficina”.
- “Service de bureau” is related to “Gestión de documentos”.
- “Service de bureau” is related to “Office equipment”.
- “Service de bureau” is related to “Reprographie”.
- “Service de bureau” is related to “concept14748”.
- “Service de bureau” is related to “concept9624”.
- “Service de bureau” is a top concept in “Tesauro de la UNESCO”."
http://vocabularies.unesco.org/thesaurus/concept5242,Target,Class,electronic circuits,"In digital humanities, “electronic circuits” refers to the foundational hardware systems—combinations of components like transistors, resistors, and logic gates—that process and store digital signals. They enable computation, data storage, and interfaces that make digital tools (e.g., text analysis, visualization, and archival systems) possible. Essentially, they are the physical layer underpinning the computers and devices used in DH research and practice.","- “Microprocesador” is related to “Electronic circuits”.
- “Rayo láser” is related to “Electronic circuits”.
- “Полупроводники” is related to “Electronic circuits”.
- “Электронное оборудование” has narrower term “Electronic circuits”.
- “دوائر متكاملة” has broader term “Electronic circuits”.
- “Electronic circuits” has broader term “Электронное оборудование”.
- “Electronic circuits” has narrower term “دوائر متكاملة”.
- “Electronic circuits” is related to “Microprocesador”.
- “Electronic circuits” is related to “Rayo láser”.
- “Electronic circuits” is related to “Полупроводники”."
http://vocabularies.unesco.org/thesaurus/concept5244,Target,Class,دوائر متكاملة,"In digital humanities, ""دوائر متكاملة"" means ""integrated circuits"" (ICs): semiconductor chips that integrate many electronic components (transistors, resistors, etc.) into a single device, fundamental to computers and digital hardware used for data processing and analysis.","- “Electronic circuits” has the narrower concept “دوائر متكاملة”.
- “Полупроводники” is related to “دوائر متكاملة”.
- “دوائر متكاملة” has the broader concept “Electronic circuits” and is related to “Полупроводники”."
http://vocabularies.unesco.org/thesaurus/concept5249,Target,Class,circulaci n de publicaciones peri dicas,"In digital humanities, “circulación de publicaciones periódicas” refers to how periodicals (e.g., journals, magazines, newspapers) move through networks over time—who publishes them, how they are distributed, accessed, cited, shared, and reused—often studied with digital methods (metadata analysis, citation networks, geospatial mapping, platform analytics) to understand reach, readership, influence, and dissemination patterns.","- “Fourniture de documents” is related to “Circulación de publicaciones periódicas”.
- “Library circulation” has narrower concept “Circulación de publicaciones periódicas”.
- “دوريات” is related to “Circulación de publicaciones periódicas”.
- “Circulación de publicaciones periódicas” has broader concept “Library circulation”.
- “Circulación de publicaciones periódicas” is related to “Fourniture de documents”.
- “Circulación de publicaciones periódicas” is related to “دوريات”."
http://vocabularies.unesco.org/thesaurus/concept525,Target,Class,طباعة,"In digital humanities, طباعة means “printing” or “typography/print production.” It can refer to:

- The act of printing texts (e.g., producing printed editions)
- Typographic design and typesetting (fonts, layout)
- Print culture studies within DH (analysis of printed materials and their digitization)","- “Edición” is related to “طباعة”.
- “Medios impresos” is related to “طباعة”.
- “Microphotography” is related to “طباعة”.
- “Printing methods” is broader than “طباعة”.
- “Reprographie” is related to “طباعة”.
- “Tesauro de la UNESCO” has top concept “طباعة”.
- “طباعة” has narrower concept “Printing methods”.
- “طباعة” is related to “Edición”.
- “طباعة” is related to “Medios impresos”.
- “طباعة” is related to “Microphotography”.
- “طباعة” is related to “Reprographie”.
- “طباعة” is related to “concept343”.
- “طباعة” is a top concept of “Tesauro de la UNESCO”."
http://vocabularies.unesco.org/thesaurus/concept5256,Target,Class,circulation de l information,"In digital humanities, “circulation de l’information” refers to how information (texts, data, images, metadata) moves, transforms, and is accessed across digital networks and platforms. It covers:

- Production and encoding (digitization, markup, data modeling)
- Dissemination and platforms (repositories, social media, web publishing)
- Discovery and access (search, APIs, interoperability, metadata standards)
- Transformation and reuse (remix, annotation, versioning)
- Infrastructures and protocols (OA, FAIR, Linked Open Data)
- Social and power dynamics (gatekeeping, algorithms, visibility, bias)
- Temporal and spatial flows (transnational movement, speed, persistence)

It emphasizes tracing pathways, actors, technologies, and policies that shape how cultural and scholarly information spreads and gains meaning online.","- “Agencia de noticias” is related to “Circulation de l'information”.
- “Journalism” is related to “Circulation de l'information”.
- “Television news” is related to “Circulation de l'information”.
- “Transferencia de información” has narrower concept “Circulation de l'information”.
- “اخبار اذاعية” is related to “Circulation de l'information”.
- “Circulation de l'information” is broader than “Transferencia de información”.
- “Circulation de l'information” is related to “Agencia de noticias”.
- “Circulation de l'information” is related to “Journalism”.
- “Circulation de l'information” is related to “Television news”.
- “Circulation de l'information” is related to “concept1154”.
- “Circulation de l'information” is related to “اخبار اذاعية”."
http://vocabularies.unesco.org/thesaurus/concept5258,Target,Class,Газетная пресса,"“Газетная пресса” (Russian) means “the newspaper press” — i.e., newspapers as a sector of the mass media. In digital humanities, it typically refers to newspaper corpora used for text mining, historical discourse analysis, media studies, or digitized press archives.","- “Agencia de noticias” is related to “Газетная пресса”.
- “Prensa marginal” is related to “Газетная пресса”.
- “Press” has narrower concept “Газетная пресса”.
- “Периодическая печать” is related to “Газетная пресса”.
- “Редактирование” is related to “Газетная пресса”.
- “ارقام التوزيع” is related to “Газетная пресса”.
- “صحف” is related to “Газетная пресса”.
- “قصاصات الصحف” is broader than “Газетная пресса”.
- “Газетная пресса” is broader than “Press”.
- “Газетная пресса” has narrower concept “قصاصات الصحف”.
- “Газетная пресса” is related to “Agencia de noticias”.
- “Газетная пресса” is related to “Prensa marginal”.
- “Газетная пресса” is related to “Периодическая печать”.
- “Газетная пресса” is related to “Редактирование”.
- “Газетная пресса” is related to “ارقام التوزيع”.
- “Газетная пресса” is related to “صحف”."
http://vocabularies.unesco.org/thesaurus/concept5259,Target,Class,Периодическая печать,"In digital humanities, “Периодическая печать” (Russian) means “periodical press” — newspapers, magazines, and other serial publications issued at regular intervals.","- “Prensa marginal” is related to “Периодическая печать”.
- “Press” has the narrower concept “Периодическая печать”.
- “Газетная пресса” is related to “Периодическая печать”.
- “ارقام التوزيع” is related to “Периодическая печать”.
- “دوريات” is related to “Периодическая печать”.
- “Периодическая печать” is a broader concept under “Press”.
- “Периодическая печать” is related to “Prensa marginal”, “Газетная пресса”, “ارقام التوزيع”, and “دوريات”."
http://vocabularies.unesco.org/thesaurus/concept526,Target,Class,reprographie,"In digital humanities, “reprographie” (French: reprography) refers to the reproduction of documents—traditionally via photocopying, microfilming, or scanning—and, today, especially the digitization of texts, images, and archival materials for preservation, access, and research. It also implicates copyright/rights management around copying and sharing cultural heritage materials.","- “Medios impresos” is related to “Reprographie”.
- “Microphotography” is related to “Reprographie”.
- “Service de bureau” is related to “Reprographie”.
- “Tesauro de la UNESCO” has top concept “Reprographie”.
- “طباعة” is related to “Reprographie”.
- “Reprographie” is related to “Medios impresos”.
- “Reprographie” is related to “Microphotography”.
- “Reprographie” is related to “Service de bureau”.
- “Reprographie” is related to “طباعة”.
- “Reprographie” is a top concept of “Tesauro de la UNESCO”."
http://vocabularies.unesco.org/thesaurus/concept527,Target,Class,telecommunications,"In digital humanities, telecommunications refers to the transmission of information over distance—via networks like the internet, phone, or satellite—that enables the creation, sharing, and analysis of digital cultural data. It underpins activities such as online archival access, collaborative research, digital text/data exchange, remote sensing, and networked scholarly communication.","- “Ingeniería de la televisión” is related to “Telecommunications”.
- “Ingeniería telefónica” is a broader concept under “Telecommunications”.
- “Radiodiffusion” is related to “Telecommunications”.
- “Remote sensing” is related to “Telecommunications”.
- “Réseau de télécommunications” is a broader concept under “Telecommunications”.
- “Réseau informatique” is related to “Telecommunications”.
- “Technologie de la communication” is related to “Telecommunications”.
- “Tesauro de la UNESCO” has top concept “Telecommunications”.
- “Передача данных” is a broader concept under “Telecommunications”.
- “Телеконференцсвязь” is related to “Telecommunications”.
- “Телематика” is related to “Telecommunications”.
- “اتصال بالاجهزة المحمولة” is a broader concept under “Telecommunications”.
- “اتصالات فضائية” is a broader concept under “Telecommunications”.
- “تكنولوجيا المعلومات” is related to “Telecommunications”.
- “هندسة الراديو” is related to “Telecommunications”.
- “Telecommunications” has narrower concept “Ingeniería telefónica”.
- “Telecommunications” has narrower concept “Réseau de télécommunications”.
- “Telecommunications” has narrower concept “Передача данных”.
- “Telecommunications” has narrower concept “اتصال بالاجهزة المحمولة”.
- “Telecommunications” has narrower concept “اتصالات فضائية”.
- “Telecommunications” is related to “Ingeniería de la televisión”.
- “Telecommunications” is related to “Radiodiffusion”.
- “Telecommunications” is related to “Remote sensing”.
- “Telecommunications” is related to “Réseau informatique”.
- “Telecommunications” is related to “Technologie de la communication”.
- “Telecommunications” is related to “Телеконференцсвязь”.
- “Telecommunications” is related to “Телематика”.
- “Telecommunications” is related to “تكنولوجيا المعلومات”.
- “Telecommunications” is related to “هندسة الراديو”.
- “Telecommunications” is the top concept of “Tesauro de la UNESCO”."
http://vocabularies.unesco.org/thesaurus/concept5273,Target,Class,citation,"In digital humanities, a citation is a reference note pointing to the work from which a passage is quoted or to source material used as authority to support a statement or proposition.","- “Citation” is a broader concept’s narrower term of “وثائق ثانوية”.
- “وثائق ثانوية” has the narrower concept “Citation”."
http://vocabularies.unesco.org/thesaurus/concept528,Target,Class,telecommunications applications,"In digital humanities, “telecommunications applications” are tools and systems that transmit, receive, and exchange information over distance to support humanities research, teaching, and outreach. They include:

- Communication platforms: email, VoIP, video conferencing, messaging for collaboration and remote fieldwork.
- Data transfer and networking: protocols and services for sharing large datasets, archives, and multimedia across institutions.
- Distributed research infrastructures: federated repositories, cloud services, and APIs enabling access to digitized collections.
- Broadcasting and dissemination: streaming, podcasts, webinars, and digital exhibits for public scholarship.
- Mobile and sensor networks: SMS, cellular, and IoT tools used in cultural mapping, crowdsourcing, and community engagement.

Their meaning centers on enabling connectivity, collaboration, access, and dissemination across geographically dispersed humanities communities and resources.","- “Tesauro de la UNESCO” has top concept “Telecommunications applications”.
- “Телеконференцсвязь” is a broader term of “Telecommunications applications”.
- “Электронная почта” is a broader term of “Telecommunications applications”.
- “Telecommunications applications” has narrower concepts “Телеконференцсвязь” and “Электронная почта”.
- “Telecommunications applications” is a top concept of “Tesauro de la UNESCO”."
http://vocabularies.unesco.org/thesaurus/concept531,Target,Class,معدات البث,"In digital humanities, ""معدات البث"" refers to broadcasting equipment—hardware and software used to capture, encode, and transmit audio/video content (e.g., cameras, microphones, mixers, encoders, streaming servers) for live or recorded dissemination of digital cultural or scholarly materials.","- “Matériel radio/TV” is a broader concept of “معدات البث”.
- “Tecnología de radiodifusión” is related to “معدات البث”.
- “Tesauro de la UNESCO” has top concept “معدات البث”.
- “معدات البث” has narrower concept “Matériel radio/TV”.
- “معدات البث” is related to “Tecnología de radiodifusión”.
- “معدات البث” is a top concept of “Tesauro de la UNESCO”."
http://vocabularies.unesco.org/thesaurus/concept532,Target,Class,معدات الاتصالات,"In digital humanities context, معدات الاتصالات means “communications equipment”—the hardware and devices used to transmit, receive, or network data (e.g., servers, routers, switches, modems, wireless access points, telephony/VoIP gear) that support collecting, sharing, and accessing digital research materials.","- “Material de grabación” is a broader concept of “معدات الاتصالات”.
- “Rayo láser” is related to “معدات الاتصالات”.
- “معدات الاتصالات” is a top concept of “Tesauro de la UNESCO”.
- “معدات الاتصالات” has the narrower concept “Material de grabación”.
- “معدات الاتصالات” is related to “Rayo láser”.
- “Tesauro de la UNESCO” has the top concept “معدات الاتصالات”."
http://vocabularies.unesco.org/thesaurus/concept533,Target,Class,sistema inform tico,"In digital humanities, “sistema informático” refers to a computer system: the integrated set of hardware, software, data, and networks used to store, process, analyze, and disseminate digital cultural data (e.g., text corpora, images, metadata) for research, curation, and public engagement.","- “Réseau informatique” is broader concept of “Sistema informático”.
- “Tesauro de la UNESCO” has top concept “Sistema informático”.
- “Sistema informático” has narrower concept “Réseau informatique”.
- “Sistema informático” is top concept of “Tesauro de la UNESCO”."
http://vocabularies.unesco.org/thesaurus/concept534,Target,Class,ordenador,"In digital humanities (and in general Spanish/European tech usage), “ordenador” is the Spanish term for “computer.”","- “Dispositif de mémoire d'ordinateur” is a broader term of “Ordenador”.
- “Inteligencia artificial” is related to “Ordenador”.
- “Microprocesador” is related to “Ordenador”.
- “Mini-ordinateurs” is a broader term of “Ordenador”.
- “Programmation informatique” is related to “Ordenador”.
- “Périphérique d'ordinateur” is a broader term of “Ordenador”.
- “Réseau informatique” is related to “Ordenador”.
- “Terminal de ordenador” is a broader term of “Ordenador”.
- “Tesauro de la UNESCO” has top concept “Ordenador”.
- “Аналоговые компьютеры” is a broader term of “Ordenador”.
- “Компьютерное программное обеспечение” is related to “Ordenador”.
- “Робототехника” is related to “Ordenador”.
- “Телематика” is related to “Ordenador”.
- “Цифровые компьютеры” is a broader term of “Ordenador”.
- “تطبيقات الحاسب” is related to “Ordenador”.
- “حواسب دقيقة الحجم” is a broader term of “Ordenador”.
- “علم الحاسب” is related to “Ordenador”.
- “معالجة البيانات” is related to “Ordenador”.
- “نظم المعلومات على الخط المباشر” is related to “Ordenador”.
- “Ordenador” has narrower term “Dispositif de mémoire d'ordinateur”.
- “Ordenador” has narrower term “Mini-ordinateurs”.
- “Ordenador” has narrower term “Périphérique d'ordinateur”.
- “Ordenador” has narrower term “Terminal de ordenador”.
- “Ordenador” has narrower term “Аналоговые компьютеры”.
- “Ordenador” has narrower term “Цифровые компьютеры”.
- “Ordenador” has narrower term “حواسب دقيقة الحجم”.
- “Ordenador” is related to “Inteligencia artificial”.
- “Ordenador” is related to “Microprocesador”.
- “Ordenador” is related to “Programmation informatique”.
- “Ordenador” is related to “Réseau informatique”.
- “Ordenador” is related to “concept5767”.
- “Ordenador” is related to “concept6126”.
- “Ordenador” is related to “concept622”.
- “Ordenador” is related to “Компьютерное программное обеспечение”.
- “Ordenador” is related to “Робототехника”.
- “Ordenador” is related to “Телематика”.
- “Ordenador” is related to “تطبيقات الحاسب”.
- “Ordenador” is related to “علم الحاسب”.
- “Ordenador” is related to “معالجة البيانات”.
- “Ordenador” is related to “نظم المعلومات على الخط المباشر”.
- “Ordenador” is a top concept of “Tesauro de la UNESCO”."
http://vocabularies.unesco.org/thesaurus/concept535,Target,Class,Электронное оборудование,"In digital humanities, “Электронное оборудование” means “electronic equipment”—the hardware used to create, process, store, or display digital data (e.g., computers, scanners, servers, audio/video recorders, digitization rigs).","- Electronic circuits is a broader concept of Электронное оборудование.
- Microprocesador is a broader concept of Электронное оборудование.
- Rayo láser is a broader concept of Электронное оборудование.
- Tesauro de la UNESCO has top concept Электронное оборудование.
- Полупроводники is a broader concept of Электронное оборудование.
- Электронное оборудование has narrower concept Electronic circuits.
- Электронное оборудование has narrower concept Microprocesador.
- Электронное оборудование has narrower concept Rayo láser.
- Электронное оборудование has narrower concept Полупроводники.
- Электронное оборудование is related to concept622.
- Электронное оборудование is related to concept647.
- Электронное оборудование is a top concept of Tesauro de la UNESCO."
http://vocabularies.unesco.org/thesaurus/concept536,Target,Class,office equipment,"In digital humanities, “office equipment” refers to the hardware and basic tools that support administrative and research workflows—e.g., computers and monitors, printers/scanners, external drives, phones/headsets, projectors, basic peripherals (keyboards, mice), and general office devices used for project management, communication, documentation, and routine data handling, as distinct from specialized research equipment (e.g., servers, high‑performance clusters, 3D scanners).","- “Ofimática” is related to “Office equipment”.
- “Service de bureau” is related to “Office equipment”.
- “Tesauro de la UNESCO” has top concept “Office equipment”.
- “Tratamiento de textos” is related to “Office equipment”.
- “Office equipment” is related to “Ofimática”.
- “Office equipment” is related to “Service de bureau”.
- “Office equipment” is related to “Tratamiento de textos”.
- “Office equipment” is a top concept of “Tesauro de la UNESCO”."
http://vocabularies.unesco.org/thesaurus/concept537,Target,Class,equipo fotogr fico,"In digital humanities, “equipo fotográfico” means photographic equipment—the cameras, lenses, lighting, tripods, scanners, and related gear used to capture, digitize, or document visual materials for research, archives, and analysis.","- “Caméra cinématographique” is a broader concept under “Equipo fotográfico”.
- “Proyector” is a broader concept under “Equipo fotográfico”.
- “Equipo fotográfico” is a top concept in “Tesauro de la UNESCO”.
- “Оборудование для микроформ” is a broader concept under “Equipo fotográfico”.
- “Equipo fotográfico” has the narrower concepts “Caméra cinématographique”, “Proyector”, and “Оборудование для микроформ”.
- “Equipo fotográfico” is related to “concept3237” and “concept345”.
- “Equipo fotográfico” is a top concept of “Tesauro de la UNESCO”."
http://vocabularies.unesco.org/thesaurus/concept538,Target,Class,printing equipment,"In digital humanities, “printing equipment” refers to the hardware and related tools used to produce physical outputs of digital or digitized materials—such as research posters, facsimiles of manuscripts, editions, maps, or visualizations. This can range from standard laser/inkjet printers to large-format plotters and specialized devices (e.g., high-resolution art printers) used to materialize digital scholarship for dissemination, exhibition, or archival purposes.","- “Papier d’impression” is related to “Printing equipment”.
- “Printing methods” is related to “Printing equipment”.
- “Tesauro de la UNESCO” has top concept “Printing equipment”.
- “Printing equipment” is related to “Papier d’impression”.
- “Printing equipment” is related to “Printing methods”.
- “Printing equipment” is related to “concept12207”.
- “Printing equipment” is related to “concept5030”.
- “Printing equipment” is a top concept of “Tesauro de la UNESCO”."
http://vocabularies.unesco.org/thesaurus/concept539,Target,Class,quipement de t l communications,"In digital humanities, “Équipement de télécommunications” refers to the hardware and infrastructure that enable electronic transmission of data—e.g., servers, routers, switches, modems, fiber/ethernet cabling, wireless access points, and related network devices used to connect labs, archives, databases, and research platforms to the internet and to each other.","- “Interfaz de ordenadores” is related to “Équipement de télécommunications”.
- “Terminal de ordenador” is related to “Équipement de télécommunications”.
- “Équipement de télécommunications” is a top concept of “Tesauro de la UNESCO”.
- “Téléphone” is broader than “Équipement de télécommunications”.
- “Передача данных” is related to “Équipement de télécommunications”.
- “Телекс” is broader than “Équipement de télécommunications”.
- “Факс” is broader than “Équipement de télécommunications”.
- “تكنولوجيا المعلومات” is related to “Équipement de télécommunications”.
- “Équipement de télécommunications” has narrower concepts “Téléphone”, “Телекс”, and “Факс”.
- “Équipement de télécommunications” is related to “Interfaz de ordenadores”, “Terminal de ordenador”, “concept3067”, “Передача данных”, and “تكنولوجيا المعلومات”.
- “Équipement de télécommunications” is the top concept of “Tesauro de la UNESCO”."
http://vocabularies.unesco.org/thesaurus/concept5406,Target,Class,subject headings,"Subject headings are standardized words or phrases selected to represent a concept (or combination of concepts) for indexing, so that works on the same topic can be consistently described and retrieved.","- “Thésaurus” is related to “Subject headings”.
- “Системы классификации” has narrower concept “Subject headings”.
- “Subject headings” has broader concept “Системы классификации” and is related to “Thésaurus”."
http://vocabularies.unesco.org/thesaurus/concept5420,Target,Class,servicio de referencia,"In digital humanities, “Servicio de referencia” refers to reference services: curated, often librarian-led support that helps researchers find, evaluate, and access digital resources (databases, corpora, repositories, metadata, tools). It includes answering research queries, guiding discovery strategies, recommending sources and workflows, and facilitating use of digital collections and infrastructures.","- “Bibliothèque” is related to “Servicio de referencia”.
- “Clearing houses” is related to “Servicio de referencia”.
- “Material de referencia” is related to “Servicio de referencia”.
- “Sistema de información” has narrower concept “Servicio de referencia”.
- “Информационные службы и услуги” is related to “Servicio de referencia”.
- “استرجاع المعلومات” is related to “Servicio de referencia”.
- “تعاون المعلومات/المكتبات” is related to “Servicio de referencia”.
- “Servicio de referencia” has broader concept “Sistema de información”.
- “Servicio de referencia” is related to “Bibliothèque”.
- “Servicio de referencia” is related to “Clearing houses”.
- “Servicio de referencia” is related to “Material de referencia”.
- “Servicio de referencia” is related to “Информационные службы и услуги”.
- “Servicio de referencia” is related to “استرجاع المعلومات”.
- “Servicio de referencia” is related to “تعاون المعلومات/المكتبات”."
http://vocabularies.unesco.org/thesaurus/concept5469,Target,Class,t l vision couleur,"In a digital humanities context, “Télévision couleur” typically refers to early color television as a socio-technical artifact—both the technology of broadcasting/receiving color images and its cultural-historical significance. Scholars use it to study:

- Media history: the transition from black-and-white to color and its timelines, standards (e.g., SECAM in France), and infrastructures.
- Aesthetics and perception: how color altered visual rhetoric, set design, advertising, and audience experience.
- Cultural/political context: state policy, industry, and national identity in French/European media.
- Archival/metadata issues: cataloging, digitizing, and analyzing color broadcasts and their preservation challenges.

So, it means “color television,” examined as an object of technological change and cultural practice in media studies within digital humanities.","- “Télévision couleur” is a narrower concept of “Ingeniería de la televisión.”
- “Télévision couleur” is related to “Телевидение c высоким разрешением.”
- “Télévision couleur” is related to “Телевидение по замкнутому каналу.”
- “Ingeniería de la televisión” has the narrower concept “Télévision couleur.”
- “Телевидение c высоким разрешением” is related to “Télévision couleur.”
- “Телевидение по замкнутому каналу” is related to “Télévision couleur.”"
http://vocabularies.unesco.org/thesaurus/concept5530,Target,Class,codage,"In digital humanities, “Codage” means the transformation or representation of data by applying a code.","- “Data analysis” is related to “Codage”.
- “Reconnaissance des caractères” is a broader concept of “Codage”.
- “Remote sensing” is a broader concept of “Codage”.
- “رموز” is related to “Codage”.
- “معالجة البيانات” is a narrower concept of “Codage”.
- “نظرية المعلومات” is related to “Codage”.
- “Codage” is a broader concept of “معالجة البيانات”.
- “Codage” is a narrower concept of “Reconnaissance des caractères”.
- “Codage” is a narrower concept of “Remote sensing”.
- “Codage” is related to “Data analysis”.
- “Codage” is related to “رموز”.
- “Codage” is related to “نظرية المعلومات”."
http://vocabularies.unesco.org/thesaurus/concept5533,Target,Class,رموز,"In digital humanities, ""رموز"" (rumūz) means ""codes"" or ""symbols""—i.e., encoded signs such as characters, markup tags, metadata codes, or symbolic representations used to structure, analyze, and interpret digital texts and cultural data.","- “Codage” is related to “رموز”.
- “نظرية المعلومات” has the narrower concept “رموز”.
- “رموز” has the broader concept “نظرية المعلومات”.
- “رموز” is related to “Codage”."
http://vocabularies.unesco.org/thesaurus/concept5673,Target,Class,televisi n comercial,"In digital humanities, “televisión comercial” refers to television systems and content funded primarily by advertising and market-driven revenue (e.g., sponsorships, ratings-based sales), as opposed to public or state-funded TV. Researchers analyze its production logics, audience metrics, commodification of attention, platformization (OTT/streaming ad models), and its cultural impact within media economies.","- “Publicité télévisée” is related to “Televisión comercial”.
- “Radiodiffusion commerciale” is related to “Televisión comercial”.
- “Television” has narrower concept “Televisión comercial”.
- “Televisión comercial” is a broader concept of “Television”. [Note: This contradicts the previous triple; likely intended: “Televisión comercial” is narrower than “Television”.]
- “Televisión comercial” is related to “Publicité télévisée”.
- “Televisión comercial” is related to “Radiodiffusion commerciale”."
http://vocabularies.unesco.org/thesaurus/concept5722,Target,Class,اتصال وتنمية,"In digital humanities, اتصال وتنمية means “communication and development”: the use of various forms of physical communications/information infrastructure and media in the development process.","- “Planificación de la comunicación” has narrower concept “اتصال وتنمية”.
- “اتصال وتنمية” has broader concept “Planificación de la comunicación”.
- “اتصال وتنمية” is related to “concept16994”.
- “اتصال وتنمية” is related to “concept5724”.
- “اتصال وتنمية” is related to “concept5725”.
- “اتصال وتنمية” is related to “concept594”."
http://vocabularies.unesco.org/thesaurus/concept5728,Target,Class,communication control,"In digital humanities, communication control refers to the mechanisms—technical, institutional, and social—by which the production, circulation, access, and interpretation of digital cultural content and scholarly discourse are directed or constrained. This includes platform governance (algorithms, moderation, APIs), infrastructural choices (file formats, metadata, repositories), intellectual property and policy regimes, and community norms that shape who can speak, what is visible, how knowledge travels, and how it can be reused or contested.","- “Acceso a la información” is a broader concept of “Communication control”.
- “Censorship” is a broader concept of “Communication control”.
- “Communication legislation” is related to “Communication control”.
- “Libre circulation de l'information” is a broader concept of “Communication control”.
- “Pluralismo de los medios de comunicación” is related to “Communication control”.
- “Политика в области передачи информации и связи” has the narrower concept “Communication control”.
- “Этика прессы” is related to “Communication control”.
- “Communication control” is a broader concept of “Политика в области передачи информации и связи”.
- “Communication control” has the narrower concepts “Acceso a la información”, “Censorship”, “Libre circulation de l'information”.
- “Communication control” is related to “Communication legislation”, “Pluralismo de los medios de comunicación”, “concept1154”, “concept4834”, “concept5307”, “concept5731”, “Этика прессы”."
http://vocabularies.unesco.org/thesaurus/concept5732,Target,Class,Этика прессы,"“Этика прессы” (Russian) means “press ethics” or “journalistic ethics”: the professional norms and moral principles guiding news production and dissemination—accuracy, fairness, independence, accountability, harm minimization, transparency.

In digital humanities context: it covers ethical frameworks for studying, curating, and analyzing digital news media (e.g., dataset creation, annotation bias, algorithmic amplification, source consent, privacy, platform terms, misinformation, and responsible publication of findings/tools).","- “Communication control” is related to “Этика прессы”.
- “Journalism” is related to “Этика прессы”.
- “Press” is related to “Этика прессы”.
- “Source d'information” is related to “Этика прессы”.
- “اخلاقيات الاتصالات” has narrower concept “Этика прессы”.
- “صحف” is related to “Этика прессы”.
- “صحفيون” is related to “Этика прессы”.
- “Этика прессы” is broader than “اخلاقيات الاتصالات”.
- “Этика прессы” is related to “Communication control”.
- “Этика прессы” is related to “Journalism”.
- “Этика прессы” is related to “Press”.
- “Этика прессы” is related to “Source d'information”.
- “Этика прессы” is related to “concept3971”.
- “Этика прессы” is related to “concept4834”.
- “Этика прессы” is related to “concept5307”.
- “Этика прессы” is related to “صحف”.
- “Этика прессы” is related to “صحفيون”."
http://vocabularies.unesco.org/thesaurus/concept5735,Target,Class,interactive communication,"In digital humanities, interactive communication refers to two-way, participatory exchanges enabled by digital media—where users don’t just consume content but actively engage with, annotate, modify, or co-create it. It includes interfaces and platforms (e.g., interactive archives, data visualizations, digital editions, social platforms, crowdsourcing tools) that allow feedback loops, dialogue, and user-driven exploration, shaping both the content and its interpretation.","- Group communication is related to Interactive communication.
- Téléphone is related to Interactive communication.
- Коммуникационный процесс has narrower concept Interactive communication.
- Обратная связь (коммуникация) is related to Interactive communication.
- Телеконференцсвязь is related to Interactive communication.
- اتصال بين الاشخاص is related to Interactive communication.
- Interactive communication is a broader concept of Коммуникационный процесс.
- Interactive communication is related to Group communication.
- Interactive communication is related to Téléphone.
- Interactive communication is related to Обратная связь (коммуникация).
- Interactive communication is related to Телеконференцсвязь.
- Interactive communication is related to اتصال بين الاشخاص."
http://vocabularies.unesco.org/thesaurus/concept5738,Target,Class,d veloppement de la communication,"In a digital humanities context, “développement de la communication” refers to building and improving communication practices, tools, and infrastructures to support research, collaboration, and public engagement. This can include:

- Designing and expanding digital platforms (websites, repositories, social media) for sharing scholarly work
- Enhancing interoperability and standards for data exchange
- Developing strategies for outreach and knowledge dissemination to academic and non-academic audiences
- Facilitating collaborative workflows across disciplines and institutions through digital tools and protocols","- “Desarrollo de los medios de comunicación” is broader than “Développement de la communication”.
- “Политика в области передачи информации и связи” has narrower concept “Développement de la communication”.
- “Развитие книжного дела” is broader than “Développement de la communication”.
- “Développement de la communication” is broader than “Политика в области передачи информации и связи”.
- “Développement de la communication” has narrower concepts “Desarrollo de los medios de comunicación” and “Развитие книжного дела”."
http://vocabularies.unesco.org/thesaurus/concept5744,Target,Class,material de grabaci n,"In digital humanities, “material de grabación” (Spanish) refers to recorded source materials used for analysis or preservation—such as audio recordings, video footage, interviews, field recordings, lectures, or raw audiovisual files captured during research or documentation. It’s the primary recorded media that can be digitized, annotated, transcribed, and analyzed.","- “Industria discográfica” is related to “Material de grabación”.
- “Индустрия видеозаписи” is related to “Material de grabación”.
- “تسجيلات” is related to “Material de grabación”.
- “Material de grabación” has narrower concept “معدات الاتصالات”.
- “Material de grabación” is broader than “معدات الاتصالات”.
- “Material de grabación” is related to “Industria discográfica”.
- “Material de grabación” is related to “Индустрия видеозаписи”.
- “Material de grabación” is related to “تسجيلات”."
http://vocabularies.unesco.org/thesaurus/concept5746,Target,Class,rayo l ser,"In digital humanities, “rayo láser” (Spanish for “laser beam”) is commonly used metaphorically—especially in debates like “laser vs. flashlight”—to contrast narrowly focused, high-precision methods (laser) with broader, exploratory approaches (flashlight). A “rayo láser” approach denotes targeted, fine-grained analysis (e.g., close reading with specific computational techniques) applied to a limited corpus or question.","- Electronic circuits is related to Rayo láser.
- Microprocesador is related to Rayo láser.
- Полупроводники is related to Rayo láсер.
- Электронное оборудование has narrower concept Rayo láser.
- معدات الاتصالات is related to Rayo láсер.
- Rayo láser has broader concept Электронное оборудование.
- Rayo láсер is related to Electronic circuits.
- Rayo láсер is related to Microprocesador.
- Rayo láсер is related to concept11930.
- Rayo láсер is related to concept129.
- Rayo láсер is related to concept242.
- Rayo láсер is related to concept622.
- Rayo láсер is related to concept9537.
- Rayo láсер is related to Полупроводники.
- Rayo láсер is related to معدات الاتصالات."
http://vocabularies.unesco.org/thesaurus/concept5749,Target,Class,اخلاقيات الاتصالات,"في سياق الإنسانيات الرقمية، أخلاقيات الاتصالات تعني المبادئ والمعايير التي تضبط كيفية جمع المعلومات وتبادلها ومعالجتها وعرضها عبر الوسائط الرقمية، بما يضمن:

- احترام الخصوصية وحماية البيانات.
- الشفافية والنزاهة في الإنتاج المعرفي والمشاركة.
- الإنصاف وتفادي التحيزات الخوارزمية واللغوية والثقافية.
- الموافقة المستنيرة عند جمع أو نشر بيانات الأفراد أو المجتمعات.
- المساءلة عن آثار التواصل الرقمي على الجمهور والمجتمعات الهشّة.
- الإسناد الصحيح للملكية الفكرية والاستخدام العادل للمحتوى.","- Communication legislation is related to اخلاقيات الاتصالات.
- Propaganda is related to اخلاقيات الاتصالات.
- Sociología de la comunicación is related to اخلاقيات الاتصالات.
- Массовые коммуникации is related to اخلاقيات الاتصالات.
- Общественная информация is related to اخلاقيات الاتصالات.
- Политика в области передачи информации и связи has narrower concept اخلاقيات الاتصالات.
- Этика прессы is broader than اخلاقيات الاتصالات.
- дезинформация is related to اخلاقيات الاتصالات.
- اخلاقيات الاتصالات is broader than Политика в области передачи информации и связи.
- اخلاقيات الاتصالات has narrower concept Этика прессы.
- اخلاقيات الاتصالات is related to Communication legislation.
- اخلاقيات الاتصالات is related to Propaganda.
- اخلاقيات الاتصالات is related to Sociología de la comunicación.
- اخلاقيات الاتصالات is related to concept3971.
- اخلاقيات الاتصالات is related to concept4834.
- اخلاقيات الاتصالات is related to concept5307.
- اخلاقيات الاتصالات is related to concept5752.
- اخلاقيات الاتصالات is related to Массовые коммуникации.
- اخلاقيات الاتصالات is related to Общественная информация.
- اخلاقيات الاتصالات is related to дезинформация."
http://vocabularies.unesco.org/thesaurus/concept5753,Target,Class,propaganda,"In digital humanities, propaganda refers to strategically crafted and disseminated messages—often leveraging digital media, data, and platform dynamics—to shape perceptions, emotions, or behavior toward a political, ideological, or institutional goal. Scholars study its production, circulation, and reception using computational methods (e.g., network analysis, NLP) and critical theory to reveal techniques (framing, disinformation, affect, bots/memes), infrastructures (platform algorithms, recommender systems), and power relations behind persuasive digital content.","- “Group communication” is related to “Propaganda”.
- “Propagande de guerre” is broader than “Propaganda”.
- “Массовые коммуникации” is related to “Propaganda”.
- “Обратная связь (коммуникация)” is related to “Propaganda”.
- “Общественная информация” is related to “Propaganda”.
- “Убеждение” is narrower than “Propaganda”.
- “дезинформация” is broader than “Propaganda”.
- “اخلاقيات الاتصالات” is related to “Propaganda”.
- “سيكولوجية الاتصالات” is related to “Propaganda”.
- “Propaganda” is broader than “Убеждение”.
- “Propaganda” is narrower than “Propagande de guerre”.
- “Propaganda” is narrower than “дезинформация”.
- “Propaganda” is related to “Group communication”.
- “Propaganda” is related to “concept5731”.
- “Propaganda” is related to “Массовые коммуникации”.
- “Propaganda” is related to “Обратная связь (коммуникация)”.
- “Propaganda” is related to “Общественная информация”.
- “Propaganda” is related to “اخلاقيات الاتصالات”.
- “Propaganda” is related to “سيكولوجية الاتصالات”."
http://vocabularies.unesco.org/thesaurus/concept5758,Target,Class,Возникновение и развитие передачи информации и связи,"In digital humanities, “Возникновение и развитие передачи информации и связи” refers to the emergence and evolution of information transmission and communication—from early human communication systems (oral, writing, manuscripts), through print, telegraph/telephone, broadcasting, and digital networks (computers, internet, mobile, social media). It focuses on how technologies, infrastructures, and practices of communication arose and changed over time, and how they shaped culture, knowledge production, and society.","- “Communication research” has a narrower concept “Возникновение и развитие передачи информации и связи”.
- “Возникновение и развитие передачи информации и связи” has a broader concept “Communication research”."
http://vocabularies.unesco.org/thesaurus/concept5761,Target,Class,تأثير الاتصال,"في سياق الإنسانيات الرقمية، يشير ""تأثير الاتصال"" إلى كيفية تغيّر إنتاج المعرفة والثقافة وتداولها بفعل تقنيات الاتصال الرقمية. يشمل ذلك:

- أثر المنصات والشبكات الاجتماعية على انتشار الأفكار والسرديات.
- تغيّر أنماط التلقي والمشاركة (التشاركية، الجمهور الفاعل).
- تحوّل السلطة والمعايير المعرفية عبر الخوارزميات والتوصيات.
- ديناميات الوصول وعدم المساواة الرقمية.
- تشكيل الهويات والمجتمعات الخطابية عبر الاتصال الشبكي.

باختصار: هو الأثر الذي تُحدثه البنى والأدوات الاتصالية الرقمية في تشكيل المعنى والممارسة البحثية والثقافية داخل الإنسانيات.","- Communication research has narrower concept “تأثير الاتصال”.
- Opinión pública is related to “تأثير الاتصال”.
- Sociología de la comunicación is related to “تأثير الاتصال”.
- Массовые коммуникации is related to “تأثير الاتصال”.
- Убеждение is related to “تأثير الاتصال”.
- سيكولوجية الاتصالات is related to “تأثير الاتصال”.
- تأثير الاتصال has broader concept “Communication research”.
- تأثير الاتصال is related to “Opinión pública”.
- تأثير الاتصال is related to “Sociología de la comunicación”.
- تأثير الاتصال is related to “concept17017”.
- تأثير الاتصال is related to “concept5731”.
- تأثير الاتصال is related to “Массовые коммуникации”.
- تأثير الاتصال is related to “Убеждение”.
- تأثير الاتصال is related to “سيكولوجية الاتصالات”."
http://vocabularies.unesco.org/thesaurus/concept5763,Target,Class,opini n p blica,"In digital humanities, “opinión pública” refers to the aggregated attitudes, sentiments, and beliefs expressed by individuals and communities—often observable through digital traces (social media posts, comments, forums, news interactions)—that shape and reflect collective perspectives on issues. Researchers analyze it using computational methods (e.g., sentiment analysis, topic modeling, network analysis) to study discourse formation, influence dynamics, and the mediation of public debate by platforms and algorithms.","- “Sociología de la comunicación” has narrower concept “Opinión pública”.
- “Коммуникационные пользователи” is related to “Opinión pública”.
- “Массовые коммуникации” is related to “Opinión pública”.
- “Общественная информация” is related to “Opinión pública”.
- “تأثير الاتصال” is related to “Opinión pública”.
- “علاقات عامة” is related to “Opinión pública”.
- “Opinión pública” has broader concept “Sociología de la comunicación”.
- “Opinión pública” is related to “concept15705”.
- “Opinión pública” is related to “concept6369”.
- “Opinión pública” is related to “Коммуникационные пользователи”.
- “Opinión pública” is related to “Массовые коммуникации”.
- “Opinión pública” is related to “Общественная информация”.
- “Opinión pública” is related to “تأثير الاتصال”.
- “Opinión pública” is related to “علاقات عامة”."
http://vocabularies.unesco.org/thesaurus/concept5765,Target,Class,Индустрия телекоммуникаций,"“Индустрия телекоммуникаций” = the telecommunications industry: the sector that builds and operates networks and services for transmitting information (voice, data, video) over distance—e.g., internet, mobile, broadband, satellite.

In digital humanities context: it denotes the infrastructures, companies, and standards that shape how digital cultural data is created, transmitted, accessed, and preserved (e.g., bandwidth shaping access to archives; mobile networks enabling digital fieldwork; platform policies affecting data availability).","- “Industrie des communications” has narrower concept “Индустрия телекоммуникаций”.
- “Vidéotex” is related to “Индустрия телекоммуникаций”.
- “Индустрия телекоммуникаций” has broader concept “Industrie des communications”.
- “Индустрия телекоммуникаций” is related to “Vidéotex”.
- “Индустрия телекоммуникаций” is related to “concept5767”."
http://vocabularies.unesco.org/thesaurus/concept5769,Target,Class,informaci n sobre comunicaci n,"In digital humanities, “Información sobre comunicación” refers to data and metadata about how information is produced, transmitted, and received—across media and platforms. It can include:

- Descriptions of communication channels (print, broadcast, web, social media)
- Messages and content (texts, images, audio/video)
- Actors and networks (authors, institutions, audiences, influencers)
- Context and intent (genres, rhetoric, discourse frames)
- Interaction metrics (views, shares, comments, citations)
- Technical metadata (formats, protocols, timestamps, geodata)

Scholars use it to analyze discourse, trace information flows, map networks, study media ecosystems, and understand cultural communication patterns computationally.","- “Información” has narrower concept “Información sobre comunicación”.
- “Información sobre comunicación” has broader concept “Información”.
- “Información sobre comunicación” is related to “concept5771”."
http://vocabularies.unesco.org/thesaurus/concept5775,Target,Class,اتصال بين الاشخاص,"في سياق الإنسانيات الرقمية، ""اتصال بين الأشخاص"" يشير إلى تبادل المعلومات والمعاني بين الأفراد باستخدام وسائط رقمية (مثل البريد الإلكتروني، الشبكات الاجتماعية، المنتديات، الدردشة، المؤتمرات المرئية). يركز على كيفية تأثير التقنيات على أنماط التواصل، بناء الشبكات المجتمعية والمعرفية، تداول الثقافة والمعرفة، وتحليل آثار المنصات والخوارزميات على الخطاب والتفاعل الاجتماعي.","- “Communication interculturelle” is related to “اتصال بين الاشخاص”.
- “Group communication” is related to “اتصال بين الاشخاص”.
- “Interactive communication” is related to “اتصال بين الاشخاص”.
- “Postal services” is related to “اتصال بين الاشخاص”.
- “Speech” is related to “اتصال بين الاشخاص”.
- “Téléphone” is related to “اتصال بين الاشخاص”.
- “Écoute” is related to “اتصال بين الاشخاص”.
- “Коммуникационный процесс” has narrower concept “اتصال بين الاشخاص”.
- “Корреспонденция” is related to “اتصال بين الاشخاص”.
- “Обратная связь (коммуникация)” is related to “اتصال между людьми”.
- “Телекс” is related to “اتصال بين الاشخاص”.
- “Факс” is related to “اتصال بين الاشخاص”.
- “سيكولوجية الاتصالات” is related to “اتصال بين الاشخاص”.
- “اتصال بين الاشخاص” has broader concept “Коммуникационный процесс”.
- “اتصال بين الاشخاص” is related to “Communication interculturelle”.
- “اتصال بين الاشخاص” is related to “Group communication”.
- “اتصال بين الاشخاص” is related to “Interactive communication”.
- “اتصال بين الاشخاص” is related to “Postal services”.
- “اتصال بين الاشخاص” is related to “Speech”.
- “اتصال بين الاشخاص” is related to “Téléphone”.
- “اتصال بين الاشخاص” is related to “concept9610”.
- “اتصال بين الاشخاص” is related to “Écoute”.
- “اتصال بين الاشخاص” is related to “Корреспонденция”.
- “اتصال بين الاشخاص” is related to “Обратная связь (коммуникация)”.
- “اتصال بين الاشخاص” is related to “Телекс”.
- “اتصال بين الاشخاص” is related to “Факс”.
- “اتصال بين الاشخاص” is related to “سيكولوجية الاتصالات”."
http://vocabularies.unesco.org/thesaurus/concept5778,Target,Class,dep sito legal,"In digital humanities, “depósito legal” (legal deposit) is the statutory requirement for producers of publications—now including digital materials—to submit copies to designated libraries or archives. Its goals are preservation, bibliographic control, and public access to a nation’s cultural and scholarly output, encompassing websites, e-books, datasets, and other born-digital or digitized resources.","- “Bibliothèque dépositaire” is related to “Depósito legal”.
- “Communication legislation” has narrower concept “Depósito legal”.
- “Edición” is related to “Depósito legal”.
- “Depósito legal” is a narrower concept of “Communication legislation”.
- “Depósito legal” is related to “Bibliothèque depositaire”.
- “Depósito legal” is related to “Edición”.
- “Depósito legal” is related to “concept3090”."
http://vocabularies.unesco.org/thesaurus/concept5782,Target,Class,اتصال بالاجهزة المحمولة,"It means “connecting with mobile devices” (e.g., using smartphones/tablets to access, collect, or interact with digital humanities resources, data, or tools).","- “Telecommunications” has a narrower concept “اتصال بالاجهزة المحمولة”.
- “Сотовый телефон” is related to “اتصال بالاجهزة المحمولة”.
- “اتصال بالاجهزة المحمولة” has a broader concept “Telecommunications”.
- “اتصال بالاجهزة المحمولة” is related to “Сотовый телефон”."
http://vocabularies.unesco.org/thesaurus/concept5785,Target,Class,Невербальная коммуникация,"In digital humanities, “Невербальная коммуникация” (nonverbal communication) refers to all meaning-making signals beyond words—e.g., gesture, posture, facial expression, gaze, proxemics, haptics, appearance, and paralanguage (tone, pitch, pace). DH studies may analyze these via video/gesture annotation, multimodal corpora, computer vision, or sensor data to understand interaction, emotion, and cultural practices.","- “Speech” is related to “Невербальная коммуникация”.
- “Técnica de comunicación” has narrower concept “Невербальная коммуникация”.
- “Невербальная коммуникация” has broader concept “Técnica de comunicación”.
- “Невербальная коммуникация” is related to “Speech”."
http://vocabularies.unesco.org/thesaurus/concept5786,Target,Class,مجالس الصحافة,"In digital humanities, ""مجالس الصحافة"" refers to press councils—independent or semi-independent bodies that set ethical standards, mediate complaints, and oversee professional practices in journalism. In DH contexts, they’re often data sources and institutional actors studied for media governance, accountability, and the evolution of journalistic norms in digital ecosystems.","- “Communication organizations” has narrower concept “مجالس الصحافة”.
- “Press” is related to “مجالس الصحافة”.
- “مجالس الصحافة” has broader concept “Communication organizations”.
- “مجالس الصحافة” is related to “Press”."
http://vocabularies.unesco.org/thesaurus/concept5789,Target,Class,planificador de la comunicaci n,"In digital humanities, a “planificador de la comunicación” is the role, document, or tool that defines how project communications will happen: audiences, messages, channels (web, social, email, repositories), timing, responsibilities, and metrics. It ensures research outputs, data, and participation opportunities are communicated effectively to scholars, stakeholders, and the public throughout the project lifecycle.","- Communication personnel has narrower concept Planificador de la comunicación.
- Planificación de la comunicación is related to Planificador de la comunicación.
- Planificador de la comunicación has broader concept Communication personnel.
- Planificador de la comunicación is related to Planificación de la comunicación.
- Planificador de la comunicación is related to concept4498."
http://vocabularies.unesco.org/thesaurus/concept5790,Target,Class,r dacteur,"In digital humanities, “Rédacteur” means an editor: the person responsible for preparing a document’s content for publication, whether or not they contributed to its creation.","- “Communication personnel” has narrower concept “Rédacteur”.
- “Редактирование” is related to “Rédacteur”.
- “صحفيون” is related to “Rédacteur”.
- “Rédacteur” has broader concept “Communication personnel”.
- “Rédacteur” is related to “Редактирование”.
- “Rédacteur” is related to “صحفيون”."
http://vocabularies.unesco.org/thesaurus/concept5791,Target,Class,tv radio personnel,"In digital humanities, “TV/radio personnel” refers to people involved in creating, producing, or delivering television and radio content—e.g., presenters, hosts, producers, editors, technicians, and reporters—who become subjects or agents in media analysis (broadcast archives, transcripts, metadata, audience studies) or collaborators in public-facing DH projects.","- “Communication personnel” has narrower concept “TV/radio personnel”.
- “منتجو التلفزيون/الاذاعة” has broader concept “TV/radio personnel”.
- “TV/radio personnel” has broader concept “Communication personnel”.
- “TV/radio personnel” has narrower concept “منتجو التلفزيون/الاذاعة”.
- “TV/radio personnel” is related to “concept5796”."
http://vocabularies.unesco.org/thesaurus/concept5801,Target,Class,برامج الاتصالات,"In digital humanities, ""برامج الاتصالات"" refers to communication software/tools used to connect, share, and collaborate—e.g., email clients, messaging platforms, video conferencing, and collaborative platforms (Slack, Zoom, Teams)—supporting research coordination, data sharing, and scholarly outreach.","- “Planificación de la comunicación” has narrower concept “برامج الاتصالات”.
- “برامج الاتصالات” has broader concept “Planificación de la comunicación”.
- “برامج الاتصالات” is related to “concept5815”."
http://vocabularies.unesco.org/thesaurus/concept5802,Target,Class,communication statistics,"In digital humanities, communication statistics refers to the quantitative analysis of how information is produced, transmitted, and received across digital media and cultural platforms. It includes measuring and modeling patterns such as message frequency, network structure, audience reach and engagement, diffusion/virality, sentiment or stance distributions, temporal dynamics, and cross-platform flows. These statistics help interpret communication practices, cultural trends, and social interactions using computational methods while situating findings in humanistic contexts.","- “Communication statistics” is a broader concept’s child of “Planificación de la comunicación.”
- “Communication statistics” is related to “concept5835.”
- “Planificación de la comunicación” has the narrower concept “Communication statistics.”"
http://vocabularies.unesco.org/thesaurus/concept5803,Target,Class,حواسب وتنمية,"In digital humanities, “حواسب وتنمية” likely refers to “computing and development”:
- حواسب: computers/computing (use of computational tools, data analysis, programming).
- تنمية: development (capacity-building, project development, skill/training, infrastructure, or community/discipline development).

Together: applying computing to develop methods, skills, and projects in the humanities.","- Communication strategies is related to حواسب وتنمية.
- Planificación de la comunicación has narrower concept حواسب وتنمية.
- تطبيقات الحاسب is related to حواسب وتنمية.
- تطوير المعلومات/المكتبات is related to حواسب وتنمية.
- حواسب وتنمية has broader concept Planificación de la comunicación.
- حواسب وتنمية is related to Communication strategies.
- حواسب وتنمية is related to concept5724.
- حواسب وتنمية is related to concept5725.
- حواسب وتنمية is related to concept594.
- حواسب وتنمية is related to تطبيقات الحاسب.
- حواسب وتنمية is related to تطوير المعلومات/المكتبات."
http://vocabularies.unesco.org/thesaurus/concept5804,Target,Class,اقتصاديات الاتصالات,"In digital humanities, اقتصاديات الاتصالات refers to the study of how communication systems and infrastructures (e.g., internet, platforms, networks, data flows) are produced, financed, governed, and consumed, and how their economic logics shape cultural production, access, preservation, and circulation of digital knowledge. It includes issues like platform business models, data monetization, infrastructure inequalities, access costs, IP/licensing, and the political economy influencing digital cultural heritage and research.","- “Coste de los libros” is a broader concept of “اقتصاديات الاتصالات”.
- “Financiación de la comunicación” is a broader concept of “اقتصاديات الاتصالات”.
- “Planificación de la comunicación” is a narrower concept of “اقتصاديات الاتصالات”.
- “اقتصاديات الاتصالات” is a broader concept of “Planificación de la comunicación”.
- “اقتصاديات الاتصالات” is a narrower concept of “Coste de los libros”.
- “اقتصاديات الاتصالات” is a narrower concept of “Financiación de la comunicación”.
- “اقتصاديات الاتصالات” is related to “concept585”."
http://vocabularies.unesco.org/thesaurus/concept5806,Target,Class,communication strategies,"In digital humanities, communication strategies are the planned methods and channels used to share research, data, interpretations, and projects with different audiences—academic peers, collaborators, and the public—across digital platforms. They encompass choices about messaging, media (e.g., websites, social media, interactive visualizations, podcasts), accessibility, audience engagement, metadata and documentation practices, and dissemination plans to maximize clarity, reach, impact, and sustainability of DH work.","- “Planificación de la comunicación” is related to “Communication strategies”.
- “Политика в области передачи информации и связи” has narrower concept “Communication strategies”.
- “حواسب وتنمية” is related to “Communication strategies”.
- “Communication strategies” is broader than “Политика в области передачи информации и связи”.
- “Communication strategies” is related to “Planificación de la comunicación”.
- “Communication strategies” is related to “حواسب وتنمية”."
http://vocabularies.unesco.org/thesaurus/concept5823,Target,Class,اتصالات فضائية,"In digital humanities, ""اتصالات فضائية"" means satellite communications—the use of satellites to transmit data (e.g., internet, TV/radio signals, positioning) that enable access to, sharing of, and research on digital cultural data across wide geographies.","- “Telecommunications” has narrower concept “اتصالات فضائية”.
- “اتصالات فضائية” has broader concept “Telecommunications”.
- “اتصالات فضائية” is related to “concept10626”.
- “اتصالات فضائية” is related to “concept3067”."
http://vocabularies.unesco.org/thesaurus/concept5824,Target,Class,Телематика,"Телематика: услуги/технологии передачи и обмена данными через телекоммуникационные системы (data transfer services via telecommunication systems), применяемые в цифровых гуманитарных исследованиях для сбора, передачи и анализа данных.","- “Ofimática” is related to “Телематика”.
- “Ordenador” is related to “Телематика”.
- “Technologie de la communication” is related to “Телематика”.
- “Telecommunications” is related to “Телематика”.
- “Terminal de ordenador” is related to “Телематика”.
- “Transferencia de información” is related to “Телематика”.
- “Vidéotex” is related to “Телематика”.
- “Факс” is related to “Телематика”.
- “Электронная почта” is related to “Телематика”.
- “تطبيقات الحاسب” is related to “Телематика”.
- “تكنولوجيا المعلومات” has narrower concept “Телематика”.
- “علم الحاسب” is related to “Телематика”.
- “Телематика” is broader than “تكنولوجيا المعلومات”.
- “Телематика” is related to “Ofimática”.
- “Телематика” is related to “Ordenador”.
- “Телематика” is related to “Technologie de la communication”.
- “Телематика” is related to “Telecommunications”.
- “Телематика” is related to “Terminal de ordenador”.
- “Телематика” is related to “Transferencia de información”.
- “Телематика” is related to “Vidéotex”.
- “Телематика” is related to “concept3067”.
- “Телематика” is related to “concept5844”.
- “Телематика” is related to “Факс”.
- “Телематика” is related to “Электронная почта”.
- “Телематика” is related to “تطبيقات الحاسب”.
- “Телематика” is related to “علم الحاسب”."
http://vocabularies.unesco.org/thesaurus/concept5826,Target,Class,coute,"In digital humanities, “Écoute” (French for “listening”) refers to attentive, critical listening practices—often in sound studies and digital ethnography—focusing on how we capture, analyze, and interpret audio (voices, environments, media). It emphasizes methodology and ethics of listening: sonic archives, sound mapping, audio annotation, and the socio-cultural contexts that shape what and how we hear.","- “Radioyente” is related to “Écoute”.
- “Técnica de comunicación” has narrower concept “Écoute”.
- “Коммуникационные пользователи” is related to “Écoute”.
- “اتصال بين الاشخاص” is related to “Écoute”.
- “Écoute” is a broader concept of “Técnica de comunicación”.
- “Écoute” is related to “Radioyente”.
- “Écoute” is related to “concept11783”.
- “Écoute” is related to “Коммуникационные пользователи”.
- “Écoute” is related to “اتصال بين الاشخاص”."
http://vocabularies.unesco.org/thesaurus/concept5827,Target,Class,قراءة,"In digital humanities, قراءة (qirāʾa) refers to “reading” in the expanded sense: the interpretation and analysis of texts (often Arabic) using both traditional philological methods and computational approaches (e.g., text mining, stylometry, OCR-based corpus analysis). It can also denote a specific “reading” or variant interpretation of a text or manuscript tradition.","- “Hábito de lectura” is a broader concept of “قراءة”.
- “Técnica de comunicación” has a narrower concept “قراءة”.
- “Письмо (процесс)” is related to “قراءة”.
- “قراءة” is a broader concept of “Técnica de comunicación”.
- “قراءة” has a narrower concept “Hábito de lectura”.
- “قراءة” is related to “Письмо (процесс)”."
http://vocabularies.unesco.org/thesaurus/concept5828,Target,Class,speech,"In digital humanities, “speech” typically refers to spoken language as data—audio recordings or their transcriptions—used for analysis, annotation, and computational processing (e.g., speech recognition, speaker identification, prosody/intonation study). It contrasts with written text and is examined for linguistic, cultural, historical, or performance aspects using digital tools and methods.","- “Expresión oral” is a broader concept of “Speech”.
- “Técnica de comunicación” has a narrower concept “Speech”.
- “Невербальная коммуникация” is related to “Speech”.
- “اتصال بين الاشخاص” is related to “Speech”.
- “Speech” is a broader concept of “Técnica de comunicación”.
- “Speech” has a narrower concept “Expresión oral”.
- “Speech” is related to “concept10997”.
- “Speech” is related to “concept13199”.
- “Speech” is related to “concept2992”.
- “Speech” is related to “concept8165”.
- “Speech” is related to “Невербальная коммуникация”.
- “Speech” is related to “اتصال بين الاشخاص”."
http://vocabularies.unesco.org/thesaurus/concept5829,Target,Class,Письмо (процесс),"In digital humanities, Письмо (процесс) refers to writing as an activity/process—the cognitive, social, and technical workflows of producing text (planning, drafting, revising, encoding), rather than the finished text. It includes practices like versioning, collaboration, markup (e.g., TEI), tool-mediated composition, and the study/tracing of these processes via digital artifacts (logs, commits, metadata).","- “Escritura manuscrita” is a narrower concept of “Письмо (процесс)”.
- “Technical writing” is a narrower concept of “Письмо (процесс)”.
- “Técnica de comunicación” is a broader concept of “Письмо (процесс)”.
- “Корреспонденция” is a narrower concept of “Письмо (процесс)”.
- “قراءة” is related to “Письмо (процесс)”.
- “Письмо (процесс)” is a narrower concept of “Técnica de comunicación”.
- “Письмо (процесс)” has the narrower concepts “Escritura manuscrita”, “Technical writing”, and “Корреспонденция”.
- “Письмо (процесс)” is related to “concept13216”, “concept2362”, “concept328”, “concept3384”, and “قراءة”."
http://vocabularies.unesco.org/thesaurus/concept5840,Target,Class,technologie de la communication,"In digital humanities, “technologie de la communication” refers to the tools, systems, and infrastructures that enable creating, transmitting, and receiving information—e.g., the internet, social media platforms, content management systems, messaging and video tools—used to produce, disseminate, analyze, and preserve cultural and scholarly materials.","- “Ingeniería de la televisión” is related to “Technologie de la communication”.
- “Telecommunications” is related to “Technologie de la communication”.
- “Vidéotex” is related to “Technologie de la communication”.
- “Телематика” is related to “Technologie de la communication”.
- “تكنولوجيا المعلومات” has narrower concept “Technologie de la communication”.
- “هندسة الراديو” is related to “Technologie de la communication”.
- “Technologie de la communication” is broader than “تكنولوجيا المعلومات”.
- “Technologie de la communication” is related to “Ingeniería de la televisión”.
- “Technologie de la communication” is related to “Telecommunications”.
- “Technologie de la communication” is related to “Vidéotex”.
- “Technologie de la communication” is related to “concept5844”.
- “Technologie de la communication” is related to “concept5845”.
- “Technologie de la communication” is related to “concept629”.
- “Technologie de la communication” is related to “Телематика”.
- “Technologie de la communication” is related to “هندسة الراديو”."
http://vocabularies.unesco.org/thesaurus/concept5850,Target,Class,مشاهدو التلفزيون,"“مشاهدو التلفزيون” means “television viewers” (people who watch TV), in the context of digital humanities often referring to an audience group studied via media consumption data.","- “Radioyente” is related to “مشاهدو التلفزيون”.
- “Television” is related to “مشاهدو التلفزيون”.
- “Коммуникационные пользователи” has narrower concept “مشاهدو التلفزيون”.
- “مشاهدو التلفزيون” is broader concept of “Коммуникационные пользователи”.
- “مشاهدو التلفزيون” is related to “Radioyente”.
- “مشاهدو التلفزيون” is related to “Television”.
- “مشاهدو التلفزيون” is related to “concept277”."
http://vocabularies.unesco.org/thesaurus/concept5937,Target,Class,تجميع المكانز,"في سياق الإنسانيات الرقمية، “تجميع المكانز” يعني جمع ودمج وتحسين “المكنز” (thesaurus/controlled vocabulary) من مصادر متعددة في حقل معرفي واحد، لتكوين مكنز موحّد أو مترابط. يشمل:
- توحيد المصطلحات والمتغيرات اللغوية والمرادفات.
- ربط المطابقات بين مفردات مكانز مختلفة (mapping/alignment).
- إزالة التكرار وحل التعارضات الهرمية والدلالية.
- إخراج بنية متسقة قابلة للاستخدام في الفهرسة الدلالية، الاسترجاع، الربط البيني، والويب الدلالي.","- “Thésaurus” has narrower concept “تجميع المكانز”.
- “تجميع المكانز” has broader concept “Thésaurus”."
http://vocabularies.unesco.org/thesaurus/concept5983,Target,Class,تنضيد الحروف,"في سياق الإنسانيات الرقمية، ""تنضيد الحروف"" يعني إعداد النصوص رقمياً بتنسيق طباعي منظّم—اختيار الخطوط، أحجامها، المسافات، محاذاة الفقرات، تقسيم الأسطر والصفحات—لتحقيق قراءة واضحة وجمالية متسقة عبر الشاشات أو في الإخراج الطباعي. يشمل ذلك استخدام أدوات وبرمجيات تنظيم النصوص (كـ TeX/LaTeX وغيرها) ومعايير الطباعة الرقمية.","- Photocomposition is related to تنضيد الحروف.
- Printing methods has narrower concept تنضيد الحروف.
- Лазерная печать is related to تنضيد الحروف.
- Офсетная печать is related to تنضيد الحروف.
- Печать иллюстраций is related to تنضيد الحروف.
- تنضيد الحروف is broader concept of Printing methods.
- تنضيد الحروف is related to Photocomposition.
- تنضيد الحروف is related to Лазерная печать.
- تنضيد الحروف is related to Офсетная печать.
- تنضيد الحروف is related to Печать иллюстраций."
http://vocabularies.unesco.org/thesaurus/concept6007,Target,Class,computer languages,"In digital humanities, “computer languages” are formal systems—like Python, R, JavaScript, SQL, or XML/TEI—used to represent, process, analyze, and present humanistic data. They let scholars:

- Encode sources (e.g., TEI-XML for texts, RDF for metadata)
- Transform and analyze data (e.g., Python/R for text mining, statistics, NLP)
- Query and link information (e.g., SQL, SPARQL)
- Build interfaces and visualizations (e.g., HTML/CSS/JavaScript, D3)
- Automate workflows and ensure reproducibility

They function as methodological tools for modeling humanities evidence and arguments in computational form.","- “Programmation informatique” has the narrower concept “Computer languages”.
- “Вычислительная лингвистика” is related to “Computer languages”.
- “Computer languages” has the broader concept “Programmation informatique”.
- “Computer languages” is related to “concept308”.
- “Computer languages” is related to “Вычислительная лингвистика”."
http://vocabularies.unesco.org/thesaurus/concept6009,Target,Class,Системы автоматизированного проектирования,"“Системы автоматизированного проектирования” (САПР) = Computer-Aided Design (CAD) systems.

In digital humanities, this can refer to software environments that assist in designing, modeling, and documenting complex digital projects—e.g., building data models and ontologies, designing databases and interfaces for cultural heritage archives, mapping and visualization layouts, or workflow/edition architectures—by providing tools that automate and streamline parts of the design process.","- “Computer graphics” is related to “Системы автоматизированного проектирования”.
- “Системы автоматизированного производства” is related to “Системы автоматизированного проектирования”.
- “تطبيقات الحاسب” has narrower concept “Системы автоматизированного проектирования”.
- “Системы автоматизированного проектирования” has broader concept “تطبيقات الحاسب”.
- “Системы автоматизированного проектирования” is related to “Computer graphics”.
- “Системы автоматизированного проектирования” is related to “concept17030”.
- “Системы автоматизированного проектирования” is related to “Системы автоматизированного производства”."
http://vocabularies.unesco.org/thesaurus/concept6011,Target,Class,Системы автоматизированного производства,"“Системы автоматизированного производства” = “computer-integrated/automated manufacturing systems.”

In a digital humanities context: frameworks and technologies (CIM, CAD/CAM, robotics, PLCs, MES/ERP) that automate and coordinate production processes—studied for their socio-technical history, labor impacts, human–machine interaction, and the cultural narratives of industrial automation.","- “Системы автоматизированного проектирования” is related to “Системы автоматизированного производства”.
- “تطبيقات الحاسب” has narrower concept “Системы автоматизированного производства”.
- “Системы автоматизированного производства” has broader concept “تطبيقات الحاسب”.
- “Системы автоматизированного производства” is related to “concept3403”.
- “Системы автоматизированного производства” is related to “concept6015”.
- “Системы автоматизированного производства” is related to “Системы автоматизированного проектирования”."
http://vocabularies.unesco.org/thesaurus/concept6012,Target,Class,computer graphics,"In digital humanities, computer graphics refers to the use of computational methods to create, manipulate, and visualize images and visual models—such as maps, networks, timelines, 3D reconstructions, and data visualizations—to analyze, interpret, and communicate humanities data and research findings.","- ""Системы автоматизированного проектирования"" is related to ""Computer graphics"".
- ""Computer graphics"" is narrower than ""تطبيقات الحاسب"".
- ""Computer graphics"" is related to ""concept17030"".
- ""Computer graphics"" is related to ""concept17105"".
- ""Computer graphics"" is related to ""concept343"".
- ""Computer graphics"" is related to ""concept6020"".
- ""Computer graphics"" is related to ""Системы автоматизированного проектирования""."
http://vocabularies.unesco.org/thesaurus/concept6017,Target,Class,video games,"In digital humanities, “video games” are interactive digital artifacts studied as cultural texts and socio-technical systems. Scholars analyze their narratives, mechanics, aesthetics, player communities, production contexts, and platforms to understand how games represent, construct, and circulate meaning, ideology, identity, and history. They’re both objects of interpretation (like literature or film) and datasets/environments for methods such as archival work, platform studies, code/asset analysis, ludonarrative analysis, procedural rhetoric, and computational/quantitative approaches to play and reception.","- “Video games” is a broader concept’s narrower term of “تطبيقات الحاسب”.
- “تطبيقات الحاسب” is a broader concept of “Video games”."
http://vocabularies.unesco.org/thesaurus/concept6019,Target,Class,r seau informatique,"In digital humanities, “réseau informatique” (French) means a computer network—the interconnected hardware, software, and communication infrastructure that links computers and devices to share data and resources. It underpins collaboration, data storage/transfer, and access to digital archives, tools, and platforms used in DH research and teaching.","- “Interfaz de ordenadores” is a broader concept of “Réseau informatique”.
- “Internet” is a broader concept of “Réseau informatique”.
- “Ordenador” is related to “Réseau informatique”.
- “Réseau de télécommunications” is related to “Réseau informatique”.
- “Sistema informático” is a narrower concept of “Réseau informatique”.
- “Telecommunications” is related to “Réseau informatique”.
- “Terminal de ordenador” is related to “Réseau informatique”.
- “تطبيقات الحاسب” is related to “Réseau informatique”.
- “Réseau informatique” is a broader concept of “Sistema informático”.
- “Réseau informatique” is a narrower concept of “Interfaz de ordenadores”.
- “Réseau informatique” is a narrower concept of “Internet”.
- “Réseau informatique” is related to “Ordenador”.
- “Réseau informatique” is related to “Réseau de télécommunications”.
- “Réseau informatique” is related to “Telecommunications”.
- “Réseau informatique” is related to “Terminal de ordenador”.
- “Réseau informatique” is related to “تطبيقات الحاسب”."
http://vocabularies.unesco.org/thesaurus/concept6021,Target,Class,Издательское дело в электронной форме,"“Издательское дело в электронной форме” in digital humanities refers to the full cycle of publishing activities carried out digitally: creating, editing, designing, metadataing, managing rights, distributing, and preserving publications in electronic formats (e.g., e-books, online journals, digital scholarly editions). It involves workflows and tools for digital typesetting, XML/TEI encoding, DOI assignment, open access platforms, repositories, analytics, and long-term digital preservation—integrating scholarly communication with computational methods and digital infrastructures.","- “Edición” has the narrower concept “Издательское дело в электронной форме”.
- “oткрытый доступ” is related to “Издательское дело в электронной форме”.
- “تطبيقات الحاسب” is related to “Издательское дело в электронной форме”.
- “حواسب دقيقة الحجم” is related to “Издательское дело в электронной форме”.
- “Издательское дело в электронной форме” has the broader concept “Edición”.
- “Издательское дело в электронной форме” is related to “oткрытый доступ”, “تطبيقات الحاسب”, and “حواسب دقيقة الحجم”."
http://vocabularies.unesco.org/thesaurus/concept6022,Target,Class,photocomposition,"In digital humanities, photocomposition refers to early computer-assisted typesetting systems that generated text via photographic processes rather than metal type. Characters were projected from film or stored glyphs onto light-sensitive paper or film, then transferred to print. It marked the transition from hot-metal to digital-era typography, enabling faster, more flexible page layout and font handling.","- Printing methods has narrower concept Photocomposition.
- Лазерная печать is related to Photocomposition.
- Офсетная печать is related to Photocomposition.
- Печать иллюстраций is related to Photocomposition.
- تطبيقات الحاسب is related to Photocomposition.
- تنضيد الحروف is related to Photocomposition.
- Photocomposition has broader concept Printing methods.
- Photocomposition is related to Лазерная печать.
- Photocomposition is related to Офсетная печать.
- Photocomposition is related to Печать иллюстраций.
- Photocomposition is related to تطبيقات الحاسب.
- Photocomposition is related to تنضيد الحروف."
http://vocabularies.unesco.org/thesaurus/concept6039,Target,Class,interfaz de ordenadores,"In digital humanities, “interfaz de ordenadores” (Spanish) refers to the computer interface—the layer where humans interact with digital systems (e.g., screens, menus, dashboards, visualization tools). It shapes how scholars access, analyze, annotate, and present cultural data, affecting usability, interpretation, and the visibility of metadata and biases.","- “Réseau informatique” has narrower concept “Interfaz de ordenadores”.
- “Équipement de télécommunications” is related to “Interfaz de ordenadores”.
- “Interfaz de ordenadores” has broader concept “Réseau informatique”.
- “Interfaz de ordenadores” is related to “Équipement de télécommunications”."
http://vocabularies.unesco.org/thesaurus/concept6061,Target,Class,terminal de ordenador,"In digital humanities, “terminal de ordenador” (Spanish) means a computer terminal: a text-based interface (e.g., command-line/console) used to interact with a computer or remote server, run scripts, manage data, and execute tools common in DH workflows.","- “Dispositif de mémoire d'ordinateur” is related to “Terminal de ordenador”.
- “Ordenador” has narrower concept “Terminal de ordenador”.
- “Périphérique d'ordinateur” is related to “Terminal de ordenador”.
- “Réseau informatique” is related to “Terminal de ordenador”.
- “Équipement de télécommunications” is related to “Terminal de ordenador”.
- “Телематика” is related to “Terminal de ordenador”.
- “Terminal de ordenador” has broader concept “Ordenador”.
- “Terminal de ordenador” is related to “Dispositif de mémoire d'ordinateur”.
- “Terminal de ordenador” is related to “Périphérique d'ordinateur”.
- “Terminal de ordenador” is related to “Réseau informatique”.
- “Terminal de ordenador” is related to “Équipement de télécommunications”.
- “Terminal de ordenador” is related to “Телематика”."
http://vocabularies.unesco.org/thesaurus/concept6062,Target,Class,r seau de t l communications,"In digital humanities, “Réseau de télécommunications” refers to the infrastructure and systems that transmit digital data (voice, text, images, multimedia) over distances—e.g., the internet backbone, mobile networks, fiber, routers, and protocols. It underpins access to digital archives, online platforms, data sharing, and computational services used in DH research and dissemination.","- “Réseau informatique” is related to “Réseau de télécommunications”.
- “Telecommunications” has narrower concept “Réseau de télécommunications”.
- “Réseau de télécommunications” has broader concept “Telecommunications”.
- “Réseau de télécommunications” is related to “Réseau informatique”."
http://vocabularies.unesco.org/thesaurus/concept6064,Target,Class,computer output microforms,"In digital humanities, Computer Output Microform (COM) refers to microfilm or microfiche produced directly from digital data. Instead of printing to paper, a computer records text, tables, or images onto microform media for high-density, durable archiving and distribution. COM was used to preserve large datasets, catalogs, and documentation in compact, stable formats before widespread digital storage and remains relevant for long-term preservation and legacy collections.","- “Microforme” is related to “Computer output microforms”.
- “Périphérique d'ordinateur” has narrower concept “Computer output microforms”.
- “طابعات الحاسب” is related to “Computer output microforms”.
- “Computer output microforms” has broader concept “Périphérique d'ordinateur”.
- “Computer output microforms” is related to “Microforme”.
- “Computer output microforms” is related to “طابعات الحاسب”."
http://vocabularies.unesco.org/thesaurus/concept6066,Target,Class,طابعات الحاسب,"It means “computer printers” (devices used to print digital text/images from a computer), in the context of digital humanities for producing hard copies of sources, datasets, visualizations, or outputs of analysis.","- “Computer output microforms” is related to “طابعات الحاسب”.
- “Périphérique d'ordinateur” has narrower concept “طابعات الحاسب”.
- “طابعات الحاسب” has broader concept “Périphérique d'ordinateur”.
- “طابعات الحاسب” is related to “Computer output microforms”."
http://vocabularies.unesco.org/thesaurus/concept6067,Target,Class,microforme,"In digital humanities, microform (or microforme) refers to analog formats that store miniaturized reproductions of documents—such as microfilm (reels), microfiche (flat sheets), or aperture cards—used for long-term preservation and compact storage of texts, newspapers, manuscripts, and archives. Researchers access them via microform readers and often digitize them to enable searchable, online use.","- “Computer output microforms” is related to “Microforme”.
- “Film (médias)” has narrower concept “Microforme”.
- “Microphotography” is related to “Microforme”.
- “Support visuel” is related to “Microforme”.
- “Микрофиши” has broader concept “Microforme”.
- “Оборудование для микроформ” is related to “Microforme”.
- “تكنولوجيا المعلومات” is related to “Microforme”.
- “ميكروفيلم” has broader concept “Microforme”.
- “Microforme” has broader concept “Film (médias)”.
- “Microforme” has narrower concept “Микрофиши”.
- “Microforme” has narrower concept “ميكروفيلم”.
- “Microforme” is related to “Computer output microforms”.
- “Microforme” is related to “Microphotography”.
- “Microforme” is related to “Support visuel”.
- “Microforme” is related to “Оборудование для микроформ”.
- “Microforme” is related to “تكنولوجيا المعلومات”."
http://vocabularies.unesco.org/thesaurus/concept6069,Target,Class,p riph rique d ordinateur,"In digital humanities, “périphérique d’ordinateur” means a computer peripheral—an external device that connects to a computer to input, output, or store data (e.g., keyboard, mouse, scanner, microphone, printer, external drive). These are tools used to digitize, analyze, or present cultural data.","- “Computer output microforms” is a broader concept of “Périphérique d'ordinateur”.
- “Dispositif de mémoire d'ordinateur” is related to “Périphérique d'ordinateur”.
- “Ordenador” has the narrower concept “Périphérique d'ordinateur”.
- “Terminal de ordenador” is related to “Périphérique d'ordinateur”.
- “طابعات الحاسب” is a broader concept of “Périphérique d'ordinateur”.
- “Périphérique d'ordinateur” is a broader concept of “Ordenador”.
- “Périphérique d'ordinateur” has the narrower concepts “Computer output microforms” and “طابعات الحاسب”.
- “Périphérique d'ordinateur” is related to “Dispositif de mémoire d'ordinateur”, “Terminal de ordenador”, and “concept5844”."
http://vocabularies.unesco.org/thesaurus/concept6072,Target,Class,dispositif de m moire d ordinateur,"In digital humanities, “dispositif de mémoire d’ordinateur” refers to a computer’s memory apparatus—the technical system that stores and retrieves data (RAM, cache, storage), but often extended to mean the sociotechnical arrangement through which digital traces are produced, organized, persisted, and recalled. It highlights memory as both hardware/software infrastructure and a cultural-technical mechanism shaping how data and digital archives are remembered, accessed, and interpreted.","- “Ordenador” has narrower concept “Dispositif de mémoire d'ordinateur”.
- “Organización de ficheros” is related to “Dispositif de mémoire d'ordinateur”.
- “Périphérique d'ordinateur” is related to “Dispositif de mémoire d'ordinateur”.
- “Terminal de ordenador” is related to “Dispositif de mémoire d'ordinateur”.
- “Магнитные ленты” is a broader concept of “Dispositif de mémoire d'ordinateur”.
- “Оптические диски” is a broader concept of “Dispositif de mémoire d'ordinateur”.
- “Электронные носители” is related to “Dispositif de mémoire d'ordinateur”.
- “اقراص مغناطيسية” is a broader concept of “Dispositif de mémoire d'ordinateur”.
- “Dispositif de mémoire d'ordinateur” has broader concept “Ordenador”.
- “Dispositif de mémoire d'ordinateur” has narrower concepts “Магнитные ленты”, “Оптические диски”, “اقراص مغناطيسية”.
- “Dispositif de mémoire d'ordinateur” is related to “Organización de ficheros”, “Périphérique d'ordinateur”, “Terminal de ordenador”, “Электронные носители”."
http://vocabularies.unesco.org/thesaurus/concept6081,Target,Class,Компьютерное программное обеспечение,"It means “computer software” — the programs and applications used to process, analyze, and present data. In digital humanities, this includes tools for text mining, GIS mapping, data visualization, corpus analysis, and project management.","- “Ordenador” is related to “Компьютерное программное обеспечение”.
- “Programmation informatique” has a narrower concept: “Компьютерное программное обеспечение”.
- “برمجيات مفتوحة المصدر” has a broader concept: “Компьютерное программное обеспечение”.
- “Компьютерное программное обеспечение” has a broader concept: “Programmation informatique”.
- “Компьютерное программное обеспечение” has a narrower concept: “برمجيات مفتوحة المصدر”.
- “Компьютерное программное обеспечение” is related to “Ordenador”.
- “Компьютерное программное обеспечение” is related to “concept6028”.
- “Компьютерное программное обеспечение” is related to “concept6101”."
http://vocabularies.unesco.org/thesaurus/concept6082,Target,Class,organizaci n de ficheros,"En humanidades digitales, “organización de ficheros” se refiere a cómo se estructuran, nombran, describen y almacenan los archivos (textos, imágenes, datos, código) para facilitar su preservación, recuperación y reutilización. Incluye:

- Estructura de carpetas lógica y consistente.
- Convenciones de nombres de archivos legibles y estables.
- Metadatos y documentación (README, diccionarios de datos).
- Control de versiones y seguimiento de cambios.
- Formatos abiertos y sostenibles.
- Copias de seguridad y preservación a largo plazo.

Su objetivo es asegurar la trazabilidad, la reproducibilidad y la interoperabilidad de los materiales de investigación.","- “Dispositif de mémoire d'ordinateur” is related to “Organización de ficheros”.
- “Programmation informatique” has narrower concept “Organización de ficheros”.
- “Базы данных” is related to “Organización de ficheros”.
- “Произвольный доступ” has broader concept “Органización de ficheros”.
- “اشكال البيانات” has broader concept “Organización de ficheros”.
- “Organización de ficheros” has broader concept “Programmation informatique”.
- “Organización de ficheros” has narrower concepts “Произвольный доступ” and “اشكال البيانات”.
- “Organización de ficheros” is related to “Dispositif de mémoire d'ordinateur” and “Базы данных”."
http://vocabularies.unesco.org/thesaurus/concept6083,Target,Class,configuration multiposte,"In digital humanities (often in French contexts), “configuration multiposte” means setting up software or a system to run on multiple workstations (multi-seat/multi-station). It involves deploying, configuring, and maintaining the same DH tools, data, and user settings across several computers—e.g., in a lab, classroom, or library—so multiple users can work concurrently with consistent environments (installations, paths, plugins, fonts, corpora, licenses, network shares).","- “Configuration multiposte” is a broader concept’s subordinate of “Programmation informatique.”  
- “Programmation informatique” has the narrower concept “Configuration multiposte.”"
http://vocabularies.unesco.org/thesaurus/concept6084,Target,Class,syst me en ligne,"In digital humanities, “Système en ligne” (French) means “online system” — a web-accessible platform or service used to host, access, or process digital resources (e.g., databases, catalogs, tools, or archives) over the internet.","- “Programmation informatique” has narrower concept “Système en ligne”.
- “نظم المعلومات على الخط المباشر” is related to “Système en ligne”.
- “Système en ligne” has broader concept “Programmation informatique”.
- “Système en ligne” is related to “نظم المعلومات على الخط المباشر”."
http://vocabularies.unesco.org/thesaurus/concept6086,Target,Class,Телеконференцсвязь,"Телеконференцсвязь: проведение конференций одновременно в разных местах с использованием видео, телефона или других средств связи.","- “Interactive communication” is related to “Телеконференцсвязь”.
- “Programmation informatique” is related to “Телеконференцсвязь”.
- “Telecommunications” is related to “Телеконференцсвязь”.
- “Telecommunications applications” has narrower concept “Телеконференцсвязь”.
- “مؤتمرات” is related to “Телеконференцсвязь”.
- “Телеконференцсвязь” has broader concept “Telecommunications applications”.
- “Телеконференцсвязь” is related to “Interactive communication”.
- “Телеконференцсвязь” is related to “Programmation informatique”.
- “Телеконференцсвязь” is related to “Telecommunications”.
- “Телеконференцсвязь” is related to “مؤتمرات”."
http://vocabularies.unesco.org/thesaurus/concept6104,Target,Class,اقراص مغناطيسية,"It means “magnetic disks” — storage media like hard disks or floppy disks used to store and retrieve digital data, often referenced in digital humanities for archiving and accessing datasets.","- “Dispositif de mémoire d'ordinateur” has narrower concept “اقراص مغناطيسية”.
- “اقراص مغناطيسية” has broader concept “Dispositif de mémoire d'ordinateur”."
http://vocabularies.unesco.org/thesaurus/concept6105,Target,Class,Оптические диски,"“Оптические диски” (optical discs) are digital storage media read and written with a laser, used to store and distribute data in formats like CD, DVD, and Blu‑ray. In digital humanities, they may be sources or carriers for digitized texts, audio, video, and datasets, requiring processes for extraction, preservation, and migration to stable repositories.","- “Dispositif de mémoire d'ordinateur” has a narrower concept “Оптические диски”.
- “Оптические диски” has a broader concept “Dispositif de mémoire d'ordinateur”."
http://vocabularies.unesco.org/thesaurus/concept6107,Target,Class,Электронные носители,"In digital humanities, “Электронные носители” means electronic media/storage carriers—digital formats and devices used to store and access data and cultural materials, such as hard drives, SSDs, CDs/DVDs, USB drives, memory cards, and network/cloud storage.","- “Digitalización” is related to “Электронные носители”.
- “Dispositif de mémoire d'ordinateur” is related to “Электронные носители”.
- “Matériel lisible en machine” is related to “Электронные носители”.
- “Média d'information” has narrower concept “Электронные носители”.
- “Электронные носители” has broader concept “Média d'information”.
- “Электронные носители” is related to “Digitalización”.
- “Электронные носители” is related to “Dispositif de mémoire d'ordinateur”.
- “Электронные носители” is related to “Matériel lisible en machine”."
http://vocabularies.unesco.org/thesaurus/concept6123,Target,Class,حواسب دقيقة الحجم,"It means “microcomputers” or “miniaturized computers”—very small-sized computing devices used in digital humanities for tasks like data collection, processing, or analysis in the field or lab.","- “Ofimática” is related to “حواسب دقيقة الحجم”.
- “Ordenador” has narrower concept “حواسب دقيقة الحجم”.
- “Tratamiento de textos” is related to “حواسب دقيقة الحجم”.
- “Издательское дело в электронной форме” is related to “حواسب دقيقة الحجم”.
- “حواسب دقيقة الحجم” is a broader concept of “Ordenador”.
- “حواسب دقيقة الحجم” is related to “Ofimática”.
- “حواسب دقيقة الحجم” is related to “Tratamiento de textos”.
- “حواسب دقيقة الحجم” is related to “concept9548”.
- “حواسب دقيقة الحجم” is related to “Издательское дело в электронной форме”."
http://vocabularies.unesco.org/thesaurus/concept6124,Target,Class,mini ordinateurs,"In digital humanities, “mini-ordinateurs” (French for “minicomputers”) refers to mid-sized, relatively affordable multi-user computers common from the 1960s–1980s (e.g., DEC PDP, VAX). They powered early text encoding, database, and corpus projects in labs and libraries before microcomputers/PCs became dominant.","- “Mini-ordinateurs” is a broader concept’s narrower term of “Ordenador”.  
- “Ordenador” has the narrower concept “Mini-ordinateurs”."
http://vocabularies.unesco.org/thesaurus/concept6127,Target,Class,microprocesador,Microprocesador: la unidad central de procesamiento del ordenador (CPU).,"- “Electronic circuits” is related to “Microprocesador”.
- “Ordenador” is related to “Microprocesador”.
- “Rayo láser” is related to “Microprocesador”.
- “Полупроводники” is related to “Microprocesador”.
- “Электронное оборудование” has narrower concept “Microprocesador”.
- “Microprocesador” is broader than “Электронное оборудование”.
- “Microprocesador” is related to “Electronic circuits”.
- “Microprocesador” is related to “Ordenador”.
- “Microprocesador” is related to “Rayo láser”.
- “Microprocesador” is related to “concept3403”.
- “Microprocesador” is related to “concept9548”.
- “Microprocesador” is related to “Полупроводники”."
http://vocabularies.unesco.org/thesaurus/concept6218,Target,Class,مؤتمرات,"In digital humanities, “مؤتمرات” refers specifically to conferences as entities in terms of their organization, funding, logistics, governance, and administration (not their academic content or talks).","- “Discussion de groupe” is related to “مؤتمرات”.
- “Documento de reunión” is related to “مؤتمرات”.
- “Group communication” has narrower concept “مؤتمرات”.
- “Телеконференцсвязь” is related to “مؤتمرات”.
- “مؤتمرات” is a broader concept of “Group communication”.
- “مؤتمرات” is related to “Discussion de groupe”.
- “مؤتمرات” is related to “Documento de reunión”.
- “مؤتمرات” is related to “Телеконференцсвязь”."
http://vocabularies.unesco.org/thesaurus/concept6229,Target,Class,discussion de groupe,"In digital humanities, “Discussion de groupe” (French) means “focus group” or “group discussion”: a facilitated conversation with multiple participants to gather qualitative insights about technologies, interfaces, user needs, or research practices. It’s used for user studies, requirements elicitation, evaluation of prototypes, and interpreting community perspectives.","- “Discussion de groupe” is a narrower concept of “Group communication”.
- “مؤتمرات” is related to “Discussion de groupe”.
- “Discussion de groupe” is a broader concept of “Group communication”.
- “Discussion de groupe” is related to “concept4915”.
- “Discussion de groupe” is related to “concept671”.
- “Discussion de groupe” is related to “مؤتمرات”."
http://vocabularies.unesco.org/thesaurus/concept6523,Target,Class,contr le terminologique,"In digital humanities, “Contrôle terminologique” means ensuring that:
- Synonyms and near-synonyms are treated as equivalent and cross-referenced.
- Homonyms and polysemous terms are distinguished using qualifiers (disambiguators).","- “Thésaurus” is related to “Contrôle terminologique”.
- “Contrôle terminologique” is a narrower concept of “Языки индексирования”.
- “Языки индексирования” is a broader concept of “Contrôle terminologique”.
- “Contrôle terminologique” is related to “Thésaurus”."
http://vocabularies.unesco.org/thesaurus/concept6549,Target,Class,لغات مقيدة,"في سياق الإنسانيات الرقمية، “اللغات المقيّدة” تشير إلى اللغات الاصطناعية أو الصيغ اللغوية ذات قواعد ومفردات محدودة ومضبوطة تُستخدم لأغراض تخصصية، مثل:
- لغات الضبط المعجمي والتصنيف (قوائم رؤوس الموضوعات، المفردات المنضبطة، الأنطولوجيات).
- لغات الترميز والوصف الببليوغرافي/الميتاداتا (مثل TEI، RDF، Dublin Core) بصفتها أنظمة لغوية مقيدة للتعبير عن البنية والمعنى.
هدفها تقليل الغموض وتحسين قابلية البحث والترابط البيني والمعالجة الحاسوبية للمعرفة.","- “Системы классификации” is broader than “لغات مقيدة”.
- “Языки индексирования” has narrower concept “لغات مقيدة”.
- “لغات مقيدة” is broader than “Языки индексирования”.
- “لغات مقيدة” has narrower concept “Системы классификации”."
http://vocabularies.unesco.org/thesaurus/concept6661,Target,Class,Электронная почта,"“Электронная почта” means “electronic mail (email).” In this context: it involves creating messages, sending/receiving email, and electronic filing/transmission of documents.","- “Internet” is related to “Электронная почта”.
- “Telecommunications applications” has narrower concept “Электронная почта”.
- “Tratamiento de textos” is related to “Электронная почта”.
- “Телематика” is related to “Электронная почта”.
- “Электронная почта” has broader concept “Telecommunications applications”.
- “Электронная почта” is related to “Internet”.
- “Электронная почта” is related to “Tratamiento de textos”.
- “Электронная почта” is related to “Телематика”."
http://vocabularies.unesco.org/thesaurus/concept6740,Target,Class,rapport national,"In digital humanities, “Rapport national” typically refers to a country-specific report that surveys the state of the field within that nation—covering institutions, projects, infrastructure, policies, funding, training, and community activities. It’s often part of a comparative or European/International mapping effort (e.g., DARIAH, CLARIN) to document national DH landscapes.","- “Монографии” has narrower concept “Rapport national”.
- “وثائق اولية” is related to “Rapport national”.
- “Rapport national” has broader concept “Монографии”.
- “Rapport national” is related to “وثائق اولية”."
http://vocabularies.unesco.org/thesaurus/concept6744,Target,Class,قصاصات الصحف,"It means “newspaper clippings” — cut-out excerpts from newspapers collected for reference or analysis, often used as primary sources in digital humanities projects.","- “Газетная пресса” has narrower concept “قصاصات الصحف”.
- “قصاصات الصحف” has broader concept “Газетная пресса”."
http://vocabularies.unesco.org/thesaurus/concept6973,Target,Class,توسع مكتبي,"في سياق الإنسانيات الرقمية، عبارة ""توسّع مكتبي"" تعني التمدّد أو التوسّع في بيئة العمل المكتبي الرقمية: أي زيادة الأدوات والموارد والمنصّات التي يستعين بها الباحث على حاسوبه وشبكته (برمجيات، قواعد بيانات، مستودعات، واجهات برمجة، أدوات تحليل/تصوير/تعليق)، بما يجعل ""المكتب"" يتجاوز المكان المادي إلى فضاء رقمي واسع يدعم البحث والتعاون وإدارة البيانات.","- “Biblioteca pública” is related to “توسع مكتبي”.
- “Library exhibitions” is broader than “توسع مكتبي”.
- “Promotion de l'utilisation des bibliothèques” is narrower than “توسع مكتبي”.
- “Популяризация чтения” is broader than “توسع مكتبي”.
- “توسع مكتبي” is broader than “Promotion de l'utilisation des bibliothèques”.
- “توسع مكتبي” is narrower than “Library exhibitions”.
- “توسع مكتبي” is narrower than “Популяризация чтения”.
- “توسع مكتبي” is related to “Biblioteca pública”.
- “توسع مكتبي” is related to “concept1279”.
- “توسع مكتبي” is related to “concept38”."
http://vocabularies.unesco.org/thesaurus/concept7094,Target,Class,informaci n cultural,"In digital humanities, “información cultural” refers to data and knowledge about cultural phenomena—such as texts, artworks, artifacts, performances, customs, languages, and heritage practices—captured, described, and analyzed using digital methods. It includes:

- Digitized cultural objects (images, texts, audio/video)
- Metadata and ontologies describing cultural context (provenance, period, genre, creators)
- Born-digital cultural traces (social media, web archives)
- Structured datasets about cultural heritage (museums, libraries, archives)

Its purpose is to preserve, interpret, and enable computational analysis of culture.","- “Información” has the narrower concept “Información cultural”.
- “Información cultural” has the broader concept “Información”.
- “Información cultural” is related to “concept264”."
http://vocabularies.unesco.org/thesaurus/concept7181,Target,Class,Статистика в области информации/библиотечного дела,"В цифровых гуманитарных науках «Статистика в области информации/библиотечного дела» — это применение статистических методов к данным об информации и библиотечных системах для оценки и оптимизации их работы. Включает:

- Сбор и анализ метрик: фонд, оцифровка, посещаемость, выдачи, загрузки, время сессий, запросы, клики.
- Оценку использования ресурсов: рейтинги коллекций, журналов/БД, открытый доступ, паттерны чтения.
- Библиометрия и альтметрика: цитирования, сетевой анализ авторов/тем, импакт ресурсов.
- Качество и доступность данных: полнота, дубликаты, OCR-ошибки, устойчивость идентификаторов.
- Моделирование и прогноз: спрос на коллекции, планирование лицензий, оптимизация поиска и рекомендаций.
- Оценку пользовательского опыта: A/B‑тесты интерфейсов каталогов и цифровых репозиториев.
- Отчетность и стандарты: ISO 2789, ISO 16439, COUNTER, SUSHI для сопоставимых показателей.

Цель — на основе данных принимать решения о развитии коллекций, сервисов и цифровой инфраструктуры, а также поддерживать исследование (например, анализ корпусов, научной коммуникации).","- «Планирование в области информации/библиотечного дела» имеет более узкое понятие «Статистика в области информации/библиотечного дела».
- «Статистика в области информации/библиотечного дела» является более широким понятием для «Планирование в области информации/библиотечного дела».
- «Статистика в области информации/библиотечного дела» связано с «concept5835».
- «Статистика в области информации/библиотечного дела» связано с «concept7083»."
http://vocabularies.unesco.org/thesaurus/concept7193,Target,Class,library users,"In digital humanities, “library users” are the individuals and groups who access and engage with a library’s digital and hybrid resources, services, and infrastructure for research, teaching, learning, or creative work. They include:

- Scholars, students, and instructors using digitized collections, data sets, repositories, and tools (e.g., text mining, GIS, IIIF viewers)
- Librarians and technologists collaborating on DH projects
- Community members, citizen scholars, and cultural heritage partners interacting with digital exhibits and platforms

Their needs span discovery, access, interoperability, preservation, rights/permissions, and support for computational methods.","- “Information needs” is related to “Library users”.
- “Promotion de l'utilisation des bibliothèques” is related to “Library users”.
- “Usuario de información” has the narrower concept “Library users”.
- “توجيه المستفيد من المعلومات” is related to “Library users”.
- “دراسات المستفيدين من المعلومات” is related to “Library users”.
- “Library users” has the broader concept “Usuario de información”.
- “Library users” is related to “Information needs”.
- “Library users” is related to “Promotion de l'utilisation des bibliothèques”.
- “Library users” is related to “concept277”.
- “Library users” is related to “توجيه المستفيد من المعلومات”.
- “Library users” is related to “دراسات المستفيدين من المعلومات”."
http://vocabularies.unesco.org/thesaurus/concept7387,Target,Class,Сбор данных,"In digital humanities, “Сбор данных” (Russian) means “data collection”: the process of gathering relevant digital or digitizable materials (e.g., texts, images, metadata, social media posts, archives) using methods like web scraping, API harvesting, digitization/OCR, and manual curation, with attention to provenance, ethics, and data quality.","- “Data analysis” is related to “Сбор данных”.
- “Source d'information” is related to “Сбор данных”.
- “معالجة البيانات” has narrower concept “Сбор данных”.
- “Сбор данных” is broader than “معالجة البيانات”.
- “Сбор данных” is related to “Data analysis”.
- “Сбор данных” is related to “Source d'information”.
- “Сбор данных” is related to “concept4830”.
- “Сбор данных” is related to “concept5835”.
- “Сбор данных” is related to “concept6916”.
- “Сбор данных” is related to “concept7393”."
http://vocabularies.unesco.org/thesaurus/concept7396,Target,Class,تبادل البيانات,"في سياق الإنسانيات الرقمية، ""تبادل البيانات"" يعني مشاركة مجموعات البيانات والميتاداتا بين باحثين ومؤسسات ومنصات، باستخدام معايير وصيغ قابلة للتinteroperability، لتسهيل الوصول، إعادة الاستخدام، التكامل، والتحليل المشترك (وفق مبادئ FAIR).","- “Transnational data flow” is related to “تبادل البيانات”.
- “اشكال البيانات” is related to “تبادل البيانات”.
- “معالجة البيانات” is narrower than “تبادل البيانات”.
- “تبادل البيانات” is broader than “معالجة البيانات”.
- “تبادل البيانات” is related to “Transnational data flow”.
- “تبادل البيانات” is related to “اشكال البيانات”."
http://vocabularies.unesco.org/thesaurus/concept7398,Target,Class,اشكال البيانات,"في سياق الإنسانيات الرقمية، “أشكال البيانات” تشير إلى الأنواع والبنى التي تتخذها البيانات المستخدمة/المولَّدة في المشاريع الرقمية، مثل:

- نصوص (مشروحة، مُرمَّزة مثل TEI-XML)
- بيانات مهيكلة (جداول/قواعد بيانات، CSV، SQL)
- بيانات وصفية (مخططات مثل Dublin Core)
- صور ومواد مرئية (JPEG/PNG/TIFF مع بيانات EXIF)
- صوتيات ومرئيات (WAV/MP3/MP4 مع ميتاداتا)
- خرائط وبيانات مكانية (GIS، GeoJSON، Shapefiles)
- شبكات ورسوم بيانية (Graph data مثل RDF، Neo4j)
- بيانات زمنية وسلاسل زمنية
- نصوص مُستخرَجة بالحوسبة (NLP، توكنات، ترددات، نماذج موضوعات)

المقصود هو الصيغ والتمثيلات التي تحدد كيفية تخزين البيانات، تبادلها، تحليلها، وتصورها في مشاريع الإنسانيات الرقمية.","- “Organización de ficheros” has narrower concept “اشكال البيانات”.
- “تبادل البيانات” is related to “اشكال البيانات”.
- “اشكال البيانات” has broader concept “Organización de ficheros” and is related to “تبادل البيانات”."
http://vocabularies.unesco.org/thesaurus/concept7399,Target,Class,transnational data flow,"In digital humanities, transnational data flow refers to the movement, sharing, and processing of humanities-related digital data across national borders—such as texts, images, metadata, and user interactions—through global networks and platforms. It involves cross-border storage, access, and analysis, raising issues of interoperability, copyright and licensing, language and cultural context, data sovereignty, privacy laws (e.g., GDPR), and the ethics of representing and circulating cultural heritage internationally.","- “Передача данных” has a narrower concept “Transnational data flow”.
- “تبادل البيانات” is related to “Transnational data flow”.
- “Transnational data flow” is a broader concept of “Передача данных”.
- “Transnational data flow” is related to “تبادل البيانات”."
http://vocabularies.unesco.org/thesaurus/concept7411,Target,Class,digitalizaci n,Digitalización: Conversión de una imagen en papel o de cualquier otro soporte documental tradicional a una imagen electrónica (formato digital).,"- “Base de datos a texto completo” is related to “Digitalización”.
- “Bibliothèque numérique” is related to “Digitalización”.
- “Электронные носители” is related to “Digitalización”.
- “معالجة البيانات” has narrower concept “Digitalización”.
- “Digitalización” is broader than “معالجة البيانات”.
- “Digitalización” is related to “Base de datos a texto completo”.
- “Digitalización” is related to “Bibliothèque numérique”.
- “Digitalización” is related to “concept17157”.
- “Digitalización” is related to “concept2782”.
- “Digitalización” is related to “concept8030”.
- “Digitalización” is related to “Электронные носители”."
http://vocabularies.unesco.org/thesaurus/concept7413,Target,Class,Передача данных,"“Передача данных” (Russian) in a digital humanities context means “data transmission” or “data transfer”: the process of moving data between systems, devices, or platforms (e.g., exporting datasets, transferring corpora, syncing databases, or sharing metadata across tools).","- Telecommunications has narrower concept “Передача данных”.
- Transnational data flow has broader concept “Передача данных”.
- Équipement de télécommunications is related to “Передача данных”.
- Факс is related to “Передача данных”.
- معالجة البيانات is related to “Передача данных”.
- Передача данных has broader concept “Telecommunications”.
- Передача данных has narrower concept “Transnational data flow”.
- Передача данных is related to “Équipement de télécommunications”.
- Передача данных is related to “Факс”.
- Передача данных is related to “معالجة البيانات”."
http://vocabularies.unesco.org/thesaurus/concept7414,Target,Class,tratamiento de textos,"In digital humanities, “Tratamiento de textos” refers to the processes applied to digital texts to prepare, analyze, and interpret them. This includes tasks like digitization/OCR, cleaning and normalization, encoding (e.g., TEI), tokenization and lemmatization, metadata enrichment, annotation, text mining (frequency, concordances, topic modeling), stylometry, sentiment or semantic analysis, and preparing corpora for computational research and visualization.","- “Office equipment” is related to “Tratamiento de textos”.
- “Ofimática” has narrower concept “Tratamiento de textos”.
- “Электронная почта” is related to “Tratamiento de textos”.
- “حواسب دقيقة الحجم” is related to “Tratamiento de textos”.
- “معالجة البيانات” is related to “Tratamiento de textos”.
- “Tratamiento de textos” has broader concept “Ofimática”.
- “Tratamiento de textos” is related to “Office equipment”.
- “Tratamiento de textos” is related to “Электронная почта”.
- “Tratamiento de textos” is related to “حواسب دقيقة الحجم”.
- “Tratamiento de textos” is related to “معالجة البيانات”."
http://vocabularies.unesco.org/thesaurus/concept7421,Target,Class,Факс,"In the context of digital humanities, “Факс” (Russian) means “fax” — the telefacsimile system/device for transmitting scanned text or images over telecommunication lines. It’s relevant historically for studying document transmission, archival practices, and media technologies in the late 20th century.","- “Équipement de télécommunications” has narrower concept “Факс”.
- “Передача данных” is related to “Факс”.
- “Телематика” is related to “Факс”.
- “اتصال بين الاشخاص” is related to “Факс”.
- “Факс” has broader concept “Équipement de télécommunications”.
- “Факс” is related to “Передача данных”.
- “Факс” is related to “Телематика”.
- “Факс” is related to “اتصال بين الاشخاص”."
http://vocabularies.unesco.org/thesaurus/concept7424,Target,Class,mat riel non imprim,"In digital humanities (and library/cataloging contexts), “Matériel non imprimé” is French for “non-print materials” — i.e., resources that aren’t traditional printed texts, such as audiovisual media, digital files, datasets, software, multimedia, images, maps, or other born-digital/analog non-book items.","- ISBD is related to Matériel non imprimé.
- Support visuel is related to Matériel non imprimé.
- Базы данных is related to Matériel non imprimé.
- تسجيلات is related to Matériel non imprimé.
- وثائق has narrower concept Matériel non imprimé.
- وثائق اولية is related to Matériel non imprimé.
- وثائق ثانوية is related to Matériel non imprimé.
- Matériel non imprimé is broader than وثائق.
- Matériel non imprimé is related to ISBD.
- Matériel non imprimé is related to Support visuel.
- Matériel non imprimé is related to Базы данных.
- Matériel non imprimé is related to تسجيلات.
- Matériel non imprimé is related to وثائق اولية.
- Matériel non imprimé is related to وثائق ثانوية."
http://vocabularies.unesco.org/thesaurus/concept7968,Target,Class,diapositive photographique,"In digital humanities, a “diapositive photographique” refers to a photographic transparency (slide or positive on film), typically 35mm or medium/large format, used as a source object for digitization, metadata creation, and archival description. It’s a positive image on a transparent support viewed via projection or light tables, distinguished from negatives and prints.","- “Cinta de película” is related to “Diapositive photographique”.
- “Fotografías” has the narrower concept “Diapositive photographique”.
- “Diapositive photographique” has the broader concept “Fotografías”.
- “Diapositive photographique” is related to “Cinta de película”."
http://vocabularies.unesco.org/thesaurus/concept7974,Target,Class,diccionario,"In digital humanities, “diccionario” (Spanish for “dictionary”) typically refers to a structured, curated lexical resource—often digitized—that lists words or terms with definitions, usage, and metadata. It can also denote specialized digital dictionaries (historical, dialectal, or domain-specific) used for text analysis, annotation, corpus linguistics, and computational tasks (e.g., lemmatization, named-entity recognition).","- “Enciclopedia” is related to “Diccionario”.
- “Material de referencia” has narrower concept “Diccionario”.
- “مسارد” has broader concept “Diccionario”.
- “Diccionario” has broader concept “Material de referencia”.
- “Diccionario” has narrower concept “مسارد”.
- “Diccionario” is related to “Enciclopedia”.
- “Diccionario” is related to “concept309”.
- “Diccionario” is related to “concept7984”."
http://vocabularies.unesco.org/thesaurus/concept7981,Target,Class,مسارد,مسارد: معجم أو قائمة مصطلحات (glossary) لا تُرتَّب بالضرورة ترتيبًا هجائيًا، وتقدّم تعريفات أو شروحًا لكل مصطلح؛ يُستخدم في السياقات الأكاديمية مثل الإنسانيات الرقمية.,"- “Diccionario” has a narrower concept “مسارد”.
- “مسارد” has a broader concept “Diccionario”."
http://vocabularies.unesco.org/thesaurus/concept7983,Target,Class,enciclopedia,"In digital humanities, “enciclopedia” (encyclopedia) refers to a structured, comprehensive knowledge resource—often digital—designed to compile, curate, and interlink information about cultural, historical, linguistic, or literary subjects. It typically features:

- Scholarly, vetted entries
- Standardized metadata and controlled vocabularies
- Cross-references and linked data (e.g., RDF, ontologies)
- Interoperable formats for search, analysis, and reuse

In short, it’s a curated, digitally structured knowledge base for humanities research and dissemination.","- “Diccionario” está relacionado con “Enciclopedia”.
- “Material de referencia” tiene como término más específico “Enciclopedia”.
- “Enciclopedia” es un término más específico de “Material de referencia”.
- “Enciclopedia” está relacionada con “Diccionario”."
http://vocabularies.unesco.org/thesaurus/concept8078,Target,Class,directories,"In digital humanities, “Directories” are lists of persons or organizations arranged systematically or alphabetically, providing information about each entry—usually at least the address.","- “Guides to information sources” is a broader concept of “Directories.”
- “Material de referencia” is related to “Directories.”
- “وثائق ثانوية” is a narrower concept of “Directories.”
- “Directories” is a broader concept of “وثائق ثانوية.”
- “Directories” is a narrower concept of “Guides to information sources.”
- “Directories” is related to “Material de referencia.”"
http://vocabularies.unesco.org/thesaurus/concept8079,Target,Class,guides to information sources,"In digital humanities, “guides to information sources” are curated overviews that help researchers find, evaluate, and use key resources relevant to DH work. They typically list and describe:

- Core datasets, digital archives, and repositories
- Primary source collections (digitized texts, images, audiovisual)
- Tools and platforms (text mining, GIS, visualization, NLP)
- Standards and formats (TEI, IIIF, metadata schemas)
- Reference works, bibliographies, and scholarly literature
- Instructional materials and best‑practice documentation

Their purpose is to orient users to the most credible, field-specific resources and how to access and apply them in DH research and teaching.","- “Directories” has the narrower concept “Guides to information sources.”
- “Source d'information” is related to “Guides to information sources.”
- “Руководства” is related to “Guides to information sources.”
- “Guides to information sources” has the broader concept “Directories.”
- “Guides to information sources” is related to “Source d'information.”
- “Guides to information sources” is related to “Руководства.”"
http://vocabularies.unesco.org/thesaurus/concept8154,Target,Class,disk recordings,"In digital humanities, “disc recordings” refers to historical audio recordings captured on physical discs—typically shellac 78s, vinyl LPs/45s, or lacquer transcription discs—used as primary sources. Scholars digitize and analyze these to study performance practice, oral histories, radio broadcasts, music culture, and sound technologies. The term distinguishes disc-based media from other formats (cylinders, tapes) and from born-digital audio.","- “Disc recordings” is a broader concept than “Enregistrement sonore”.  
- “Enregistrement sonore” has the narrower concept “Disc recordings”."
http://vocabularies.unesco.org/thesaurus/concept8279,Target,Class,تبسيط العلوم,"In the context of digital humanities, تبسيط العلوم means the popularization and simplification of scholarly knowledge—translating complex research, methods, and data (e.g., text mining, GIS, digital archives) into accessible formats for non-specialists through clear language, visualizations, interactive platforms, and open educational resources.","- “تبسيط العلوم” is a narrower concept of “Scientific information.”
- “Technical writing” is related to “تبسيط العلوم.”
- “تبسيط العلوم” is a broader concept’s child of “Scientific information.”
- “تبسيط العلوم” is related to “Technical writing.”
- “تبسيط العلوم” is related to “concept3974.”
- “تبسيط العلوم” is related to “concept6935.”"
http://vocabularies.unesco.org/thesaurus/concept8318,Target,Class,interlibrary loans,"In digital humanities, interlibrary loans (ILL) are services that let researchers access books, articles, manuscripts, or digital resources not held by their home institution by borrowing them from other libraries. This can include:
- Physical item lending (books, microfilm) and document delivery (scanned articles/chapters).
- Access to licensed digital content via controlled digital lending or time-limited links when permitted.
ILL supports DH projects by widening access to sources, datasets, and editions needed for analysis when local collections are incomplete.","- “Circulation internationale de matériels” is related to “Interlibrary loans”.
- “Fourniture de documents” is related to “Interlibrary loans”.
- “Library circulation” has narrower term “Interlibrary loans”.
- “Échange de publications” is related to “Interlibrary loans”.
- “تعاون المعلومات/المكتبات” is related to “Interlibrary loans”.
- “Interlibrary loans” has broader term “Library circulation”.
- “Interlibrary loans” is related to “Circulation internationale de matériels”.
- “Interlibrary loans” is related to “Fourniture de documents”.
- “Interlibrary loans” is related to “Échange de publications”.
- “Interlibrary loans” is related to “تعاون المعلومات/المكتبات”."
http://vocabularies.unesco.org/thesaurus/concept8324,Target,Class,Рукописи,"In digital humanities, “Рукописи” (Russian) means “manuscripts” — handwritten documents or texts, often historical, studied and digitized for analysis and preservation.","- ""كتب نادرة"" is related to ""Рукописи"".
- ""Рукописи"" is a narrower concept of ""وثائق"".
- ""وثائق"" has a narrower concept ""Рукописи"".
- ""Рукописи"" is related to ""concept2782"".
- ""Рукописи"" is related to ""concept2783"".
- ""Рукописи"" is related to ""concept2799"".
- ""Рукописи"" is related to ""كتب نادرة""."
http://vocabularies.unesco.org/thesaurus/concept8356,Target,Class,Официальные издания,"In digital humanities, “Официальные издания” (Russian) means “official publications”: documents formally issued by government bodies or authorized institutions (e.g., laws, decrees, statistics, reports, gazettes). These are authoritative, citable sources used for analysis, metadata creation, and reference in DH projects.","- “Общественная информация” is related to “Официальные издания”.
- “Официальные издания” is narrower than “وثائق”.
- “Официальные издания” is broader than “وثائق”.
- “Официальные издания” is related to “Общественная информация”."
http://vocabularies.unesco.org/thesaurus/concept8357,Target,Class,traducciones,"In digital humanities, “Traducciones” (Spanish for “Translations”) typically refers to the translation of texts, metadata, interfaces, or scholarly resources—often involving:

- Multilingual editions or parallel corpora
- Translation of primary sources for wider access
- Computational translation workflows (e.g., machine translation, alignment)
- Localization of digital projects and datasets","- “Traducciones” is a broader concept of “وثائق”.
- “Traducciones” is related to “concept16399”.
- “Traducciones” is related to “concept314”.
- “Traducciones” is related to “concept5793”.
- “وثائق” has the narrower concept “Traducciones”."
http://vocabularies.unesco.org/thesaurus/concept8419,Target,Class,ilustraciones,"In digital humanities, “ilustraciones” (Spanish) refers to visual materials—illustrations such as images, drawings, engravings, plates, or figures—used as sources or objects of study, metadata categories, or assets in digitized collections and scholarly analysis.","- “Dessins” is related to “Ilustraciones”.
- “Support visuel” has narrower concept “Ilustraciones”.
- “Ilustraciones” is a broader concept of “Support visuel”.
- “Ilustraciones” is related to “Dessins”.
- “Ilustraciones” is related to “concept5671”.
- “Ilustraciones” is related to “concept8420”."
http://vocabularies.unesco.org/thesaurus/concept8759,Target,Class,informaci n y desarrollo,"In digital humanities, “Información y desarrollo” refers to the contribution of scientific and social science information to the development process—that is, how knowledge and data from science and the social sciences support and drive societal development.","- “Información y desarrollo” is related to “Información/biblioteca, política”.
- “Información y desarrollo” is related to “Information en sciences sociales”.
- “Información y desarrollo” is related to “Scientific information”.
- “Información y desarrollo” is related to “Transferencia de información”.
- “Планирование в области информации/библиотечного дела” has the narrower concept “Información y desarrollo”.
- “Información y desarrollo” is broader than “Планирование в области информации/библиотечного дела”.
- “Información y desarrollo” is related to “concept16994”.
- “Información y desarrollo” is related to “concept5725”.
- “Información y desarrollo” is related to “concept594”.
- “Información y desarrollo” is related to “Распространение информации”.
- “Распространение информации” is related to “Información y desarrollo”.
- “Información/biblioteca, política” is related to “Información y desarrollo”.
- “Information en sciences sociales” is related to “Información y desarrollo”.
- “Scientific information” is related to “Información y desarrollo”.
- “Transferencia de información” is related to “Información y desarrollo”."
http://vocabularies.unesco.org/thesaurus/concept8794,Target,Class,economic information,"In digital humanities, economic information refers to data and evidence about production, exchange, labor, wealth, prices, resources, and financial systems—along with their social and cultural implications—captured, curated, and analyzed using digital methods. It can include historical records (e.g., trade logs, wage lists, tax rolls), digitized texts with economic references, geospatial and network data about markets and trade, and born-digital datasets (e.g., APIs, spreadsheets). The focus is on how such information is structured, preserved, queried, visualized, and interpreted to study economic life and its cultural, political, and historical contexts.","- “Economic information” is a broader concept than “Information en sciences sociales”.
- “Economic information” is related to “concept585”.
- “Information en sciences sociales” has the narrower concept “Economic information”."
http://vocabularies.unesco.org/thesaurus/concept8952,Target,Class,نشر الموسيقى,"In a digital humanities context, نشر الموسيقى means “music dissemination” or “music publishing/distribution”—the processes of making music accessible digitally (e.g., encoding, metadata, online archiving, streaming platforms, open access repositories) and studying those distribution practices, networks, and impacts.","- “Edición” has the narrower concept “نشر الموسيقى”.
- “نشر الموسيقى” has the broader concept “Edición”.
- “نشر الموسيقى” is related to “concept14399”."
http://vocabularies.unesco.org/thesaurus/concept9259,Target,Class,Образовательная информация,"In digital humanities, “образовательная информация” means educational information: digital content and data used for teaching and learning (e.g., digitized texts, datasets, annotations, multimedia resources, tools/tutorials) that support instruction, skill-building, and scholarly training.","- “Образовательная информация” is a narrower concept of “Información”.
- “Образовательная информация” is related to “نظام المعلومات الخاص بإدارة شؤون التعليم”.
- “Нظام المعلومات الخاص بإدارة شؤون التعليم” is related to “Образовательная информация”.
- “Образовательная информация” is a broader concept of “Información”.
- “Образовательная информация” is related to “concept9262”.
- “Образовательная информация” is related to “concept9263”.
- “Образовательная информация” is related to “concept96”.
- “Образовательная информация” is related to “نظام المعلومات الخاص بإدارة شؤون التعليم”."
http://vocabularies.unesco.org/thesaurus/concept9261,Target,Class,نظام المعلومات الخاص بإدارة شؤون التعليم,هو نظام معلوماتي يُستخدم في الإنسانيات الرقمية لإدارة بيانات وعمليات شؤون التعليم—مثل تسجيل المقررات والطلاب، الجداول، تتبّع التعلّم، التقييم، الموارد التعليمية، والتقارير—مع دمج أدوات رقمية لتحليل البيانات وتحسين اتخاذ القرار والتعليم.,"- “Sistema de información” has narrower concept “نظام المعلومات الخاص بإدارة شؤون التعليم”.
- “Образовательная информация” is related to “نظام المعلومات الخاص بإدارة شؤون التعليم”.
- “نظام المعلومات الخاص بإدارة شؤون التعليم” has broader concept “Sistema de información” and is related to “Образовательная информация”."
http://vocabularies.unesco.org/thesaurus/concept9368,Target,Class,textbooks,"In digital humanities, “textbooks” are instructional resources—often digital or digitally enhanced—that teach methods, tools, and concepts for applying computational and data-driven approaches to humanities research and pedagogy. They may include interactive modules, datasets, code notebooks, tool tutorials (e.g., text mining, GIS, network analysis), and case studies, designed for teaching DH skills and practices.","- “Textbooks” is a broader concept’s narrower term of “Руководства”.
- “Textbooks” is related to “concept17093”.
- “Textbooks” is related to “concept7291”.
- “Textbooks” is related to “concept96”.
- “Textbooks” is related to “concept99”.
- “Руководства” has the narrower concept “Textbooks”."
http://vocabularies.unesco.org/thesaurus/concept9546,Target,Class,Полупроводники,"“Полупроводники” (Russian) means “semiconductors” — materials whose electrical conductivity lies between that of conductors and insulators. 

In digital humanities context: refers to the physical substrate of computing (chips, transistors) enabling digital analysis, storage, and processing of cultural data.","- “Electronic circuits” is related to “Полупроводники”.
- “Microprocesador” is related to “Полупроводники”.
- “Rayo láser” is related to “Полупроводники”.
- “Transistors” is broader than “Полупроводники”.
- “Электронное оборудование” is narrower than “Полупроводники”.
- “دوائر متكاملة” is related to “Полупроводники”.
- “Полупроводники” is broader than “Электронное оборудование”.
- “Полупроводники” is narrower than “Transistors”.
- “Полупроводники” is related to “Electronic circuits”.
- “Полупроводники” is related to “Microprocesador”.
- “Полупроводники” is related to “Rayo láser”.
- “Полупроводники” is related to “concept622”.
- “Полупроводники” is related to “دوائر متكاملة”."
http://vocabularies.unesco.org/thesaurus/concept9744,Target,Class,معلومات الطاقة,"In a digital humanities context, ""معلومات الطاقة"" would most plausibly mean ""energy data""—structured or unstructured datasets about energy (production, consumption, grids, renewables, policy, environmental impact) used for analysis, visualization, or cultural/ socio-technical study.","- “Scientific information” has narrower concept “معلومات الطاقة”.
- “معلومات الطاقة” has broader concept “Scientific information”.
- “معلومات الطاقة” is related to “concept212”."
http://vocabularies.unesco.org/thesaurus/concept9803,Target,Class,Печать иллюстраций,"“Печать иллюстраций” (Russian) means “printing illustrations.” In a digital humanities context, it refers to producing hard-copy prints of images/figures (e.g., scans, visualizations, maps, or artwork) prepared in digital form for publications, exhibitions, or archival use.","- Photocomposition is related to “Печать иллюстраций”.
- Printing methods has narrower concept “Печать иллюстраций”.
- تنضيد الحروف is related to “Печать иллюстраций”.
- “Печать иллюстраций” has broader concept Printing methods.
- “Печать иллюстраций” is related to Photocomposition.
- “Печать иллюстраций” is related to concept9801.
- “Печать иллюстраций” is related to تنضيد الحروف."
http://vocabularies.unesco.org/thesaurus/concept9812,Target,Class,enregistrement sonore,"In digital humanities, “enregistrement sonore” (French) means an audio recording—any captured sound (speech, music, ambient audio) stored in a digital or analog medium, used as a primary source or dataset for analysis, archiving, and dissemination.","- “Audioteca” is related to “Enregistrement sonore”.
- “Disc recordings” is broader than “Enregistrement sonore”.
- “Enregistrement vidéo” is related to “Enregistrement sonore”.
- “Industria discográfica” is related to “Enregistrement sonore”.
- “Radio” is related to “Enregistrement sonore”.
- “Записи на магнитных лентах” is broader than “Enregistrement sonore”.
- “تسجيلات” is narrower than “Enregistrement sonore”.
- “Enregistrement sonore” is broader than “تسجيلات”.
- “Enregistrement sonore” is narrower than “Disc recordings”.
- “Enregistrement sonore” is narrower than “Записи на магнитных лентах”.
- “Enregistrement sonore” is related to “Audioteca”.
- “Enregistrement sonore” is related to “Enregistrement vidéo”.
- “Enregistrement sonore” is related to “Industria discográfica”.
- “Enregistrement sonore” is related to “Radio”."
http://vocabularies.unesco.org/thesaurus/concept9814,Target,Class,Записи на магнитных лентах,"In digital humanities, “Записи на магнитных лентах” means “recordings on magnetic tapes”—i.e., data or audio stored on magnetic tape media (reel-to-reel, cassette, data tapes) used as archival or legacy storage sources for digitization and analysis.","- “Enregistrement sonore” has narrower concept “Записи на магнитных лентах”.
- “Enregistrement vidéo” is related to “Записи на магнитных лентах”.
- “Записи на магнитных лентах” has broader concept “Enregistrement sonore”.
- “Записи на магнитных лентах” is related to “Enregistrement vidéo”."
