entity,source_or_target,entity_type,syntactic_matching,lexical_matching,semantic_matching
https://vocabs.acdh.oeaw.ac.at/defcthesaurus/DNA_analysis/2.13,Source,Class,dna analysis,"In digital humanities, DNA analysis refers to using computational and laboratory techniques to examine genetic material—identifying individuals or relationships based on distinctive DNA characteristics—to support research questions (e.g., ancestry, population history), often integrating genetic data with historical, archaeological, or textual evidence.","- “DNA analysis” is a broader concept of “special analysis”. → Incorrect per SKOS semantics.
- “DNA analysis” has broader concept “special analysis”.
- “special analysis” has narrower concept “DNA analysis”.
- “DNA analysis” is a type of “special analysis”.
- “special analysis” includes “DNA analysis”."
https://vocabs.acdh.oeaw.ac.at/defcthesaurus/acorn/5.35,Source,Class,eichel,"In a digital humanities context, “Eichel” most commonly refers to Tonio Eichel, a German scholar/developer associated with computational text analysis and tools for corpus linguistics and stylometry (e.g., contributions to workflow tooling, metadata handling, or German-language DH resources). If you mean the German word “Eichel,” its literal meaning is “acorn” (and, colloquially, the glans of the penis), but in DH discourse it typically appears as a surname in citations, software credits, or project teams. If you can share the specific project or citation, I can pinpoint the exact reference.","- “Eichel” is a broader concept’s member of “Nuß.” (Eichel has the broader term Nuß.)
- “Nuß” has the narrower concept “Eichel.”"
https://vocabs.acdh.oeaw.ac.at/defcthesaurus/acrolith/5.92,Source,Class,akrolith,"Akrolith: A type of ancient Greek cult statue with the head and extremities carved from stone or marble, while the wooden trunk was gilded or draped.","- Akrolith is a broader concept’s narrower term: Akrolith is a kind of anthropomorphic figurine.
- Anthropomorphic figurine has the narrower concept Akrolith."
https://vocabs.acdh.oeaw.ac.at/defcthesaurus/adult-mature_(19-45)/6.6,Source,Class,adult mature 19 45,"In digital humanities, “adult–mature (19–45)” typically denotes an age category used to tag, classify, or analyze data about people aged 19 to 45. It helps segment datasets (texts, audiences, participants, characters, authors, users) for age-based analysis, such as readership patterns, representation, or demographic metadata.","- “adult-mature (19-45)” is a broader concept’s child of “age group.”
- “age group” has the narrower concept “adult-mature (19-45).”"
https://vocabs.acdh.oeaw.ac.at/defcthesaurus/adult/6.15,Source,Class,adult,"In digital humanities, “adult” typically refers to:

- Age category: Individuals legally or socially recognized as mature (often 18+), relevant for sampling, consent, and audience segmentation in studies and datasets.
- Content classification: Materials intended for mature audiences (e.g., sexual content, explicit language, violence), used in metadata, content warnings, filtering, and access controls.
- Metadata/ontologies: A tag or facet (e.g., “adult content,” “adult audience,” “adult subject”) applied to texts, images, games, or media for indexing, discovery, and ethical governance.","- “adult” is a broader concept’s member of “age group.” → “adult” is a narrower concept than “age group.”
- “age group” has the narrower concept “adult.”"
https://vocabs.acdh.oeaw.ac.at/defcthesaurus/adult_(19-40)/6.5,Source,Class,adult 19 40,"In digital humanities datasets and coding schemas, “adult (19–40)” typically denotes an age category used to tag or classify individuals whose ages fall from 19 up to 40 years. It standardizes age metadata for analysis (e.g., demographics in corpora, archives, social media datasets, or project user studies). The exact bounds follow the schema’s controlled vocabulary and help enable consistent filtering, comparison, and visualization across sources.","- “adult (19-40)” is a broader concept’s child of “age group”.
- “age group” has a narrower concept “adult (19-40)”."
https://vocabs.acdh.oeaw.ac.at/defcthesaurus/adze/4.66,Source,Class,adze,"In digital humanities context: An adze is a prehistoric cutting tool, like an axe, but with the blade set at right angles to the handle. Among the earliest tools, it was widely used in Stone Age cultures, often as a handheld chipped stone blade.","- “Werkzeug” has narrower concept “adze”.
- “adze” has broader concept “Werkzeug”."
https://vocabs.acdh.oeaw.ac.at/defcthesaurus/aerial_photograph_interpretation/4.12,Source,Class,aerial photograph interpretation,"Aerial photograph interpretation is the analytical process of examining aerial images to identify, record, and map features—especially archaeological sites and landscapes—by recognizing patterns, shapes, tones, and contexts across multiple photographs, producing maps and documentary records for digital humanities research.","- “aerial photograph interpretation” is a broader concept’s child of “heritage assessment”.
- “heritage assessment” has the narrower concept “aerial photograph interpretation”."
https://vocabs.acdh.oeaw.ac.at/defcthesaurus/agate/3.27,Source,Class,agate,"In digital humanities, “agate” refers to a cryptocrystalline variety of silica—chiefly chalcedony—known for its very fine grain and bright coloration.","- “Stein” has the narrower concept “agate”.
- “Agate” has the broader concept “Stein”."
https://vocabs.acdh.oeaw.ac.at/defcthesaurus/age_group/5.097,Source,Class,age group,"In this context, “age group” means the categorical range assigned to human remains based on estimated biological age at death. In digital humanities datasets, this is typically a standardized label (e.g., infant, child, adolescent, young adult, middle adult, older adult; or numeric brackets like 0–5, 6–12, 13–17, 18–35, 36–50, 50+) derived from osteological/odontological indicators. It enables consistent classification, aggregation, and analysis across records.","- “adult” is a broader concept of “age group”.
- “adult (19-40)” is a broader concept of “age group”.
- “adult-mature (19-45)” is a broader concept of “age group”.
- “age not specified” is a broader concept of “age group”.
- “infans i (0-6)” is a broader concept of “age group”.
- “infans ii (7-12)” is a broader concept of “age group”.
- “juvenile (13-18)” is a broader concept of “age group”.
- “mature (41-60)” is a broader concept of “age group”.
- “mature-senile (51-70)” is a broader concept of “age group”.
- “menschliche Überreste” has a narrower concept “age group”.
- “neonate” is a broader concept of “age group”.
- “part of specialist report” is a broader concept of “age group”.
- “senile (60-)” is a broader concept of “age group”.
- “subadult” is a broader concept of “age group”.
- “age group” is a broader concept of “menschliche Überreste”.
- “age group” has narrower concepts: “adult”; “adult (19-40)”; “adult-mature (19-45)”; “age not specified”; “infans i (0-6)”; “infans ii (7-12)”; “juvenile (13-18)”; “mature (41-60)”; “mature-senile (51-70)”; “neonate”; “part of specialist report”; “senile (60-)”; “subadult”."
https://vocabs.acdh.oeaw.ac.at/defcthesaurus/age_not_specified/6.10,Source,Class,age not specified,"In this digital humanities context, “age not specified” means the chronological age of the human remains (e.g., infant, adolescent, adult, or specific years) has not been recorded, determined, or disclosed in the dataset or documentation. It indicates missing or unreported age information for those remains.","- “age group” has narrower concept “age not specified”.
- “age not specified” has broader concept “age group”."
https://vocabs.acdh.oeaw.ac.at/defcthesaurus/airborne_laser_scanning_(ALS)/4.21,Source,Class,airborne laser scanning als,"Airborne Laser Scanning (ALS) is a remote-sensing method where a LiDAR device mounted on an aircraft emits laser pulses and records their reflections to measure surface heights. In digital humanities, ALS data are used to create high-resolution digital elevation models that reveal landscape features (e.g., archaeological sites, historical land use) otherwise obscured by vegetation or erosion.","- “airborne laser scanning (ALS)” is a broader concept’s child of “remote sensing.”
- “remote sensing” has the narrower concept “airborne laser scanning (ALS).”"
https://vocabs.acdh.oeaw.ac.at/defcthesaurus/almond/5.30,Source,Class,almond,"In digital humanities, “ALMOND” most commonly refers to the ALMOND dataset: a large, annotated corpus of literary texts (especially historical or multilingual) used for NLP tasks like named entity recognition, semantic role labeling, and event extraction. It’s designed to support computational analysis of literature and cultural heritage materials, enabling reproducible text mining and model benchmarking.","- “Nuß” has a narrower concept “almond”.
- “almond” has a broader concept “Nuß”."
https://vocabs.acdh.oeaw.ac.at/defcthesaurus/altar/5.33,Source,Class,altar,"In this context, an altar is an elevated table or podium used to place or sacrifice offerings to deities.","- “altar” is a broader concept of “ritual”. (Given triple implies: “altar” skos:broader “ritual” → ritual is broader than altar.)
- “ritual” has the narrower concept “altar”."
https://vocabs.acdh.oeaw.ac.at/defcthesaurus/amphora/4.119,Source,Class,amphora,"In digital humanities context: An amphora is a large, closed storage vessel with a narrow neck and mouth, typically with two handles at the top. Its body is usually long and oval with a pointed base.","- amphora is a broader concept under pottery form.
- pottery form has the narrower concept amphora."
https://vocabs.acdh.oeaw.ac.at/defcthesaurus/anchor/5.93,Source,Class,anker,"In this digital humanities context, “Anker” metaphorically refers to an anchor: a stabilizing or grounding element—such as a key reference point, node, or marker—that secures or links materials (texts, data, annotations) much like a ship’s anchor secures it to the seabed.","- “Anker” is a broader concept’s member: it has the broader concept “fishing object.”
- “fishing object” has the narrower concept “Anker.”"
https://vocabs.acdh.oeaw.ac.at/defcthesaurus/andesit/3.29,Source,Class,andesit,"In digital humanities context: “andesit” refers to andesite, an extrusive igneous (volcanic) rock of intermediate composition, typically showing aphanitic to porphyritic texture.","- “Stein” has the narrower concept “andesit”.
- “andesit” has the broader concept “Stein”."
https://vocabs.acdh.oeaw.ac.at/defcthesaurus/animal_husbandry/2.3,Source,Class,viehzucht,"Viehzucht means animal husbandry—the care and raising of animals. In a digital humanities context, it would refer to historical or cultural practices and records related to animal husbandry.","- “Viehzucht” is broader conceptually related to “subsistence.”
- “subsistence” has the narrower concept “Viehzucht.”"
https://vocabs.acdh.oeaw.ac.at/defcthesaurus/animal_remains/2.1,Source,Class,tier berreste,"Tierüberreste: animal remains left after death, e.g., bones, shells, hair, chitin, scales, hides, proteins, and DNA (in digital humanities, materials analyzed to study past fauna and human–animal interactions).","- “animal remains part” is a broader term of “Tierüberreste”.
- “animal remains report” is related to “Tierüberreste”.
- “animal remains species” is a broader term of “Tierüberreste”.
- “completness of animal remains” is a broader term of “Tierüberreste”.
- “finds type” is a narrower term of “Tierüberreste”.
- “Tierüberreste” is a broader term of “finds type”.
- “Tierüberreste” is a narrower term of “animal remains part”.
- “Tierüberreste” is a narrower term of “animal remains species”.
- “Tierüberreste” is a narrower term of “completness of animal remains”.
- “Tierüberreste” is related to “animal remains report”."
https://vocabs.acdh.oeaw.ac.at/defcthesaurus/animal_remains_part/3.07,Source,Class,animal remains part,"In digital humanities (e.g., in archaeological datasets or ontologies), “animal remains part” refers to a specific anatomical component derived from an animal remain—such as a bone, tooth, horn, antler, shell, or fragment thereof—used as a data entity for recording, analysis, and annotation (provenance, taxonomy, context, metrics).","- Horn is a broader concept of animal remains part.
- Knochen is a broader concept of animal remains part.
- Kralle is a broader concept of animal remains part.
- Tierüberreste has the narrower concept animal remains part.
- Zahn is a broader concept of animal remains part.
- unknown is a broader concept of animal remains part.
- animal remains part is a broader concept of Tierüberreste.
- animal remains part has the narrower concept Horn.
- animal remains part has the narrower concept Knochen.
- animal remains part has the narrower concept Kralle.
- animal remains part has the narrower concept Zahn.
- animal remains part has the narrower concept unknown."
https://vocabs.acdh.oeaw.ac.at/defcthesaurus/animal_remains_report/2.1,Source,Class,animal remains report,"In digital humanities/archaeology, an animal remains report is a structured analysis and documentation of faunal material recovered from an archaeological site. It typically includes:

- Identification of species, element (bone/tooth), and side
- Quantification (e.g., NISP, MNI, weight)
- Taphonomy (butchery marks, burning, gnawing, weathering)
- Age/sex estimations
- Contextual provenience and stratigraphy
- Methods, recording schema, and coding standards
- Interpretations of past diet, economy, environment, and animal use
- Data tables/ontologies suitable for digital curation, interoperability, and reuse

Its goal is to produce reproducible, machine-readable datasets and interpretations about human–animal interactions at the site.","- “Tierüberreste” is related to “animal remains report”.
- “animal remains report” is related to “Tierüberreste”.
- “animal remains report” is narrower than “special analysis”.
- “special analysis” is broader than “animal remains report”."
https://vocabs.acdh.oeaw.ac.at/defcthesaurus/animal_remains_species/3.06,Source,Class,animal remains species,"In digital humanities (e.g., archaeology or historical ecology), “animal remains species” refers to the taxonomic identification (species level, when possible) of animal materials recovered from contexts such as excavations or collections—bones, teeth, shells, hair, feathers, horn, antler, or worked animal products. It denotes which species the remains belong to, used for analyses of diet, economy, environment, trade, and cultural practices.","- “Mollusken” is a broader concept of “animal remains species.”
- “Tierüberreste” has a narrower concept “animal remains species.”
- “Vogel” is a broader concept of “animal remains species.”
- “fish” is a broader concept of “animal remains species.”
- “mammal” is a broader concept of “animal remains species.”
- “reptile” is a broader concept of “animal remains species.”
- “animal remains species” is a broader concept of “Tierüberreste.”
- “animal remains species” has narrower concepts “Mollusken,” “Vogel,” “fish,” “mammal,” and “reptile.”"
https://vocabs.acdh.oeaw.ac.at/defcthesaurus/anthropomorphic_figurine/4.84,Source,Class,anthropomorphic figurine,"In digital humanities, an anthropomorphic figurine refers to a small carved or sculpted figure representing a human form—typically made of clay, stone, wood, or metal.","- Akrolith is a broader concept of anthropomorphic figurine.  
- Kiliya figurine is a broader concept of anthropomorphic figurine.  
- Männliche Figur is a broader concept of anthropomorphic figurine.  
- Statuette has a narrower concept: anthropomorphic figurine.  
- female figurine is a broader concept of anthropomorphic figurine.  
- anthropomorphic figurine is a broader concept of Statuette.  
- anthropomorphic figurine has narrower concepts: Akrolith, Kiliya figurine, Männliche Figur, female figurine."
https://vocabs.acdh.oeaw.ac.at/defcthesaurus/anthropomorphic_vessel/4.99,Source,Class,anthropomorphes gef,"In digital humanities, “Anthropomorphes Gefäß” (German) means an anthropomorphic vessel: a jar-like container shaped in whole or part like a human figure.","- “Anthropomorphes Gefäß” is a broader concept of “pottery form.”  
- “Pottery form” has the narrower concept “Anthropomorphes Gefäß.”"
https://vocabs.acdh.oeaw.ac.at/defcthesaurus/antiquarian_observation/4.13,Source,Class,altgrabung untersuchung,"Altgrabung/-untersuchung (German) in a digital humanities/heritage context refers to “old excavations/old investigations”: the body of observations, notes, drawings, and reports produced by antiquarians and early investigators before archaeology and architectural history became formal disciplines (i.e., pre-19th century), whether published or preserved in unpublished manuscripts.","- “Altgrabung/-untersuchung” is broader term: “heritage assessment”.
- “heritage assessment” has narrower term: “Altgrabung/-untersuchung”."
https://vocabs.acdh.oeaw.ac.at/defcthesaurus/antler/3.7,Source,Class,antler,"In this context, “antler” refers to the bony extensions of the skull grown by members of the deer family (e.g., deer, elk, moose). In digital humanities, it might appear in texts, images, or metadata describing fauna, hunting practices, material culture (e.g., antler tools), or symbolism.","- “Knochen” has narrower concept “antler”.
- “organic” has narrower concept “antler”.
- “antler” has broader concepts “Knochen” and “organic”."
https://vocabs.acdh.oeaw.ac.at/defcthesaurus/apple/4.41,Source,Class,malus,"In digital humanities, “Malus” most commonly refers to Étienne-Louis Malus (1775–1812), the French physicist known for Malus’s law on light polarization. In DH contexts, his name can appear in:

- Historical-scientific datasets, prosopographies, or TEI-encoded texts involving 18th–19th c. science.
- Ontologies/metadata (e.g., VIAF/ULAN authority for the person “Malus, Étienne-Louis”).
- Computational text analysis where “Malus” is an entity to be disambiguated (person vs. common noun/Latin).

If you meant the Latin word “malus,” it can mean “bad/evil” (adjective) or “apple tree” (noun), and DH tools may require sense disambiguation based on context.","- “Malus” is a broader term for “fruit.”
- “Fruit” has the narrower term “Malus.”"
https://vocabs.acdh.oeaw.ac.at/defcthesaurus/applied_disc/5.211,Source,Class,angesetzte scheiben,"Angesetzte Scheiben are applied, disc-shaped clay additions attached to a vessel’s surface as decoration. In digital humanities pottery descriptions, it denotes ornament made by adding a separate, round clay disc onto the pot.","- “Angesetzte Scheiben” is a broader concept of “Plastischer Dekor”. (broader)
- “Plastischer Dekor” has the narrower concept “Angesetzte Scheiben”. (narrower)"
https://vocabs.acdh.oeaw.ac.at/defcthesaurus/appliqué/4.126,Source,Class,appliqu,"Appliqué: a decorative technique where material is applied onto another surface—e.g., metal on wood or embroidery on cloth. In ceramics, it is a finishing technique joining shaped pieces of plastic clay onto a leather-hard surface by pressure; the applied pieces can add relief, texture, or imagery.","- “Schmuck” has narrower concept “appliqué”.
- “appliqué” has broader concept “Schmuck”."
https://vocabs.acdh.oeaw.ac.at/defcthesaurus/apricot/4.1,Source,Class,apricot,"In digital humanities, “apricot” most plausibly refers to the APRICOT dataset (or a project/code-name) rather than the fruit. APRICOT is used for OCR/HTR and text recognition benchmarking—often involving historical documents—supporting tasks like layout analysis, transcription, and evaluation in digitized cultural heritage workflows. If you meant the literal term, it’s the fruit Prunus armeniaca; otherwise, in DH discourse it typically denotes a dataset/tool acronym used in document image analysis.","- “apricot” is a broader concept’s narrower term of “fruit”.
- “fruit” has the narrower concept “apricot”."
https://vocabs.acdh.oeaw.ac.at/defcthesaurus/apsidal/5.1,Source,Class,apsidal,"Apsidal means having an apse—i.e., featuring a semi-circular recess at one end of a building (often in churches or basilicas).","- apsidal is a broader concept under building shape.
- building shape has the narrower concept apsidal."
https://vocabs.acdh.oeaw.ac.at/defcthesaurus/archaeobotany_macro-botany/3.2,Source,Class,archaeobotany macro botany,"Archaeobotany (macro-botany) is the study of plant remains from archaeological sites that are visible to the naked eye—such as seeds, fruits, nutshells, wood, and chaff—to reconstruct past environments, diets, and agricultural practices, often supported by digital humanities methods for data recording, analysis, and visualization.","- “archaeobotany: macro-botany” is a broader concept’s subordinate of “archeobotany.”
- “archeobotany” has the narrower concept “archaeobotany: macro-botany.”"
https://vocabs.acdh.oeaw.ac.at/defcthesaurus/archaeobotany_pollen/3.3,Source,Class,pollenanalyse,"Pollenanalyse is the study of pollen grains from archaeological contexts (e.g., soil samples) to reconstruct past vegetation and human use of plants and plant resources. In digital humanities, it contributes environmental and subsistence data to interpret past human activities.","- “Pollenanalyse” is broader concept’s narrower term of “archeobotany.” → “Pollenanalyse” is a narrower concept of “archeobotany.”
- “archeobotany” has narrower concept “Pollenanalyse.”"
https://vocabs.acdh.oeaw.ac.at/defcthesaurus/archeobotany/2.058,Source,Class,archeobotany,"Archaeobotany (or paleoethnobotany) is the study of plant remains from archaeological contexts to understand past human-plant interactions—such as diet, agriculture, environment, and cultural practices. In digital humanities, it involves digitizing, curating, and computationally analyzing plant datasets (e.g., seed/charcoal identifications, spatial data, paleoenvironmental indicators) to support reproducible research, visualization, and cross-site comparisons.","- “Pollenanalyse” is a broader concept than “archeobotany”.
- “archaeobotany: macro-botany” is a broader concept than “archeobotany”.
- “special analysis” is a narrower concept than “archeobotany”.
- “archeobotany” is a broader concept than “special analysis”.
- “archeobotany” is a narrower concept than “Pollenanalyse”.
- “archeobotany” is a narrower concept than “archaeobotany: macro-botany”."
https://vocabs.acdh.oeaw.ac.at/defcthesaurus/architectural_survey/4.14,Source,Class,architectural survey,"In digital humanities, an architectural survey is the systematic recording and analysis of built structures through close observation and the use of manual or electronic survey tools (e.g., GPS and REDM). It encompasses research, fieldwork, and reporting to document, measure, and interpret architecture.","- “architectural survey” is a broader concept’s narrower term of “field survey”.
- “field survey” has the narrower concept “architectural survey”."
https://vocabs.acdh.oeaw.ac.at/defcthesaurus/architecture/4.081,Source,Class,architecture,"In digital humanities, “architecture” usually means:

- Information architecture: how content, data, and metadata are structured, labeled, and linked for discovery and use.
- System architecture: the technical design of platforms—servers, databases, APIs, workflows—that store, process, and deliver humanities data.
- Software architecture: modular design of tools and pipelines (e.g., ingestion, OCR/NLP, analysis, visualization).
- Project architecture: the organizational framework—standards, ontologies, file formats, documentation, and preservation plans—that ensure sustainability and interoperability.

In short, it’s the intentional structuring of data, tools, and infrastructures to support humanities research, access, and preservation.","- buttress is a broader concept of architecture.
- clay structure is a broader concept of architecture.
- floor is a broader concept of architecture.
- niche is a broader concept of architecture.
- paved area is a broader concept of architecture.
- spezielle Befunde has the narrower concept architecture.
- stairway is a broader concept of architecture.
- stone row structure is a broader concept of architecture.
- terrace wall is a broader concept of architecture.
- thermal structure is a broader concept of architecture.
- wall is a broader concept of architecture.
- wall painting is a broader concept of architecture.
- architecture is a broader concept of spezielle Befunde.
- architecture has the narrower concepts: buttress; clay structure; floor; niche; paved area; stairway; stone row structure; terrace wall; thermal structure; wall; wall painting."
https://vocabs.acdh.oeaw.ac.at/defcthesaurus/area,Source,Class,area,"In this digital humanities context, an area is a defined part of the site characterized by its geolocation, its historical period, and its type (e.g., functional or categorical classification).","- “DEFC Schema” has top concept “area”.
- “area dating” is a broader-narrower child of “area” (i.e., “area dating” is narrower than “area”).
- “area type” is a broader-narrower child of “area” (i.e., “area type” is narrower than “area”).
- “area” has the narrower concepts “area dating” and “area type”.
- “area” is a top concept of “DEFC Schema”."
https://vocabs.acdh.oeaw.ac.at/defcthesaurus/area_dating/1.060,Source,Class,area dating,"In digital humanities, area dating (also called areal dating) refers to estimating the time period of an artifact, text, or feature based on its geographic distribution and regional characteristics. It uses spatial patterns—such as where a linguistic form, stylistic feature, or material type appears—to infer when it likely emerged, spread, or was used, often in combination with other dating methods (textual, stylistic, or computational).","- area has narrower concept area dating.
- dating is an exact match of area dating.
- dating material has broader concept area dating.
- dating method has broader concept area dating.
- area dating has broader concept area.
- area dating is an exact match of dating.
- area dating has narrower concept dating material.
- area dating has narrower concept dating method."
https://vocabs.acdh.oeaw.ac.at/defcthesaurus/area_type/1.064,Source,Class,area type,"In this digital humanities context, “area type” means the classification of an archaeological site by its functional or morphological category—for example: settlement, cave or rock shelter, grave/cemetery, quarry, or undefined.","- Siedlung is a broader concept of area type.
- area is a narrower concept of area type.
- cave or rockshelter is a broader concept of area type.
- cemetery or grave is a broader concept of area type.
- quarry is a broader concept of area type.
- undefined is a broader concept of area type.
- area type is a broader concept of area.
- area type is a narrower concept of Siedlung.
- area type is a narrower concept of cave or rockshelter.
- area type is a narrower concept of cemetery or grave.
- area type is a narrower concept of quarry.
- area type is a narrower concept of undefined."
https://vocabs.acdh.oeaw.ac.at/defcthesaurus/askos/4.101,Source,Class,askos,"In digital humanities (classical archaeology context), an “askos” is a small, asymmetrical pouring vessel—often squat and duck-shaped—with a convex top, an off-center spout, and a single arching handle.","- Askos is a broader concept’s narrower term of pottery form.
- Pottery form has the narrower concept Askos."
https://vocabs.acdh.oeaw.ac.at/defcthesaurus/attachment/4.034,Source,Class,attachment,"In digital humanities, “attachment” typically refers to:

- A file or object linked to a primary digital record (e.g., an image, PDF, dataset, or audio file attached to a metadata record or project entry).
- A conceptual link or association between an item and its contextual materials (e.g., annotations, paratexts, related resources) managed in a repository or content management system.
- In affect theory–inflected DH work, “attachment” can also mean users’ or communities’ affective bonds to digital artifacts, platforms, or archives (how people connect to and value them).","- Keramikdetail has the narrower concept attachment.
- Randaufsatz has the broader concept attachment.
- Vertikale Knubbenreihe has the broader concept attachment.
- Zoomorpher Griffaufsatz has the broader concept attachment.
- knob has the broader concept attachment.
- attachment has the broader concept Keramikdetail.
- attachment has the narrower concepts Randaufsatz, Vertikale Knubbenreihe, Zoomorpher Griffaufsatz, and knob."
https://vocabs.acdh.oeaw.ac.at/defcthesaurus/aurochs/5.4,Source,Class,aurochs,"In digital humanities contexts, “aurochs” typically refers to the extinct wild ancestor of domestic cattle (Bos primigenius), often appearing in historical texts, art, and archaeological records. It denotes the large, Eurasian bovine species depicted in prehistoric cave paintings and referenced in medieval/early modern sources.","- aurochs is a broader concept’s member of mammal.
- mammal has the narrower concept aurochs."
https://vocabs.acdh.oeaw.ac.at/defcthesaurus/awl/4.87,Source,Class,awl,"In digital humanities context, “awl” refers to the historical tool: a small, sharp, tapering implement (bone, flint, or metal) used to pierce holes, create decorations, or aid in basket weaving—often appearing in artifact records, texts, or metadata.","- “Werkzeug” has narrower concept “awl”.
- “awl” has broader concept “Werkzeug”."
https://vocabs.acdh.oeaw.ac.at/defcthesaurus/axe/4.57,Source,Class,ax,"In digital humanities (material culture/archaeology), an axe is a flat, heavy cutting tool of stone or metal (often bronze) with a cutting edge set parallel to the haft; the head and handle could be a single piece. Primarily used for woodworking (hewing, cleaving, chopping trees), it also served as a weapon (battle axe).","- “Werkzeug” has narrower concept “axe”.
- “haft” is related to “axe”.
- “weapon” is related to “axe”.
- “axe” has broader concept “Werkzeug”.
- “axe” is related to “haft”.
- “axe” is related to “weapon”."
https://vocabs.acdh.oeaw.ac.at/defcthesaurus/backed_bladelet/4.1,Source,Class,backed bladelet,"In digital humanities terms (e.g., for artifact annotation/metadata), a “backed bladelet” is a microlith: a small stone blade whose one lateral edge has been intentionally blunted (backed) by retouch to create a safe gripping or hafting edge, leaving the opposite edge sharp for cutting.","- ""backed bladelet"" is a broader concept’s narrower term of ""retouched tool"".
- ""retouched tool"" has the narrower concept ""backed bladelet""."
https://vocabs.acdh.oeaw.ac.at/defcthesaurus/baking_pan/4.103,Source,Class,baking pan,"In this digital humanities context, a “baking pan” refers to a shallow, flat-bottomed cooking vessel—often with a long handle—used in food preparation. It’s essentially a platter-like pan designed for baking or heating foods.","- baking pan is a broader concept of pottery form.
- pottery form has narrower concept baking pan."
https://vocabs.acdh.oeaw.ac.at/defcthesaurus/ball/4.120,Source,Class,ball,"In digital humanities, “ball” here refers to a round object used in games (e.g., as an annotated term in texts, datasets, or cultural artifacts related to play, sport, or recreation).","- “Werkzeug has narrower concept ball.”
- “ball has broader concept Werkzeug.”"
https://vocabs.acdh.oeaw.ac.at/defcthesaurus/bar_handle_with_knob/6.67,Source,Class,bar handle with knob,"In a digital humanities descriptive context, “bar handle with knob” refers to an object (often a tool, utensil, or artifact) whose handle is primarily bar-shaped (long and straight) and includes an applied knob—i.e., a distinct rounded protrusion added to the bar. The knob typically serves as a grip stop, terminal, or aid to handling/manipulation.","- “bar handle with knob” is a broader concept of “round bar handle”.
- “round bar handle” is a narrower concept of “bar handle with knob”."
https://vocabs.acdh.oeaw.ac.at/defcthesaurus/barbotine/5.240,Source,Class,barbotineverziert,"Barbotineverziert means “decorated with barbotine,” i.e., pottery ornamented using a thick, slip-like clay applied to the vessel’s surface to create raised designs. In digital humanities metadata, it denotes barbotine slip decoration.","- “Barbotineverziert” is a broader concept of “Plastischer Dekor.” → Correction: “Barbotineverziert” has the broader concept “Plastischer Dekor.”
- “Plastischer Dekor” has the narrower concept “Barbotineverziert.”"
https://vocabs.acdh.oeaw.ac.at/defcthesaurus/barley/5.2,Source,Class,barley,"In digital humanities, “barley” typically refers to the crop as a data object or cultural signifier rather than the plant biology itself. It can denote:

- A term appearing in texts (e.g., medieval records, recipes, trade logs) used to study language, economy, or culture.
- A unit in historical metrology (“barleycorn”) used to analyze historical measurements.
- An agricultural commodity in datasets (prices, yields, trade routes) for economic or environmental history.

So, meaning: barley = the cereal grain Hordeum vulgare, examined as a cultural, linguistic, or economic artifact in digital sources.","- “Getreide” has narrower concept “barley”.
- “barley” has broader concept “Getreide”."
https://vocabs.acdh.oeaw.ac.at/defcthesaurus/basalt/3.20,Source,Class,basalt,"Basalt: A common extrusive igneous (volcanic) rock formed by the rapid cooling of basaltic lava at or near Earth’s surface. In digital humanities contexts, it may appear in datasets or textual references related to geology, archaeology, or cultural heritage (e.g., artifacts or structures made from basalt).","- “Basalt” is broader term: “Stein”.
- “Stein” has narrower term: “Basalt”."
https://vocabs.acdh.oeaw.ac.at/defcthesaurus/base/4.032,Source,Class,base,"In digital humanities, “base” usually refers to:

- Database: a structured collection of digitized materials (texts, images, metadata) used for storage, query, and analysis.
- Corpus/base text: the foundational set of texts or the primary textual version on which analysis, editing, or encoding is based.
- Codebase: the core set of scripts/tools for a project’s processing and analysis pipeline.
- Knowledge base: a curated repository of facts, annotations, or ontologies supporting interpretation and discovery.","- “Durchbrochener Sockel” is related to “base”.
- “Flachboden” is a broader term for “base”.
- “Keramikdetail” is a narrower term for “base”.
- “Konkaver Flachboden” is a broader term for “base”.
- “Runder Boden” is a broader term for “base”.
- “Standring” is a broader term for “base”.
- “pedestal base” is related to “base”.
- “base” is a broader term for “Keramikdetail”.
- “base” is a narrower term for “Flachboden”.
- “base” is a narrower term for “Konkaver Flachboden”.
- “base” is a narrower term for “Runder Boden”.
- “base” is a narrower term for “Standring”.
- “base” is related to “Durchbrochener Sockel”.
- “base” is related to “pedestal base”."
https://vocabs.acdh.oeaw.ac.at/defcthesaurus/basin/4.122,Source,Class,basin,"In this digital humanities context, “basin” refers to a vessel type: a medium-to-large diameter, intermediate-to-deep bowl. (Catalog code: 5.29)","- installation has narrower concept basin.
- pottery form has narrower concept basin.
- basin has broader concept installation.
- basin has broader concept pottery form."
https://vocabs.acdh.oeaw.ac.at/defcthesaurus/bead/4.78,Source,Class,perle,"Perle: A small circular, tubular, or oblong ornament with a perforated center, typically made of shell, stone, bone, or glass.","- “Perle” is a broader concept’s narrower term of “Schmuck.” → “Perle” is a type of “Schmuck.”
- “Schmuck” has the narrower concept “Perle.” → “Schmuck” includes “Perle” as a more specific concept."
https://vocabs.acdh.oeaw.ac.at/defcthesaurus/bead_inlay/5.118,Source,Class,bead inlay,"In this digital humanities context, “bead (pellet) inlay” refers to a decorative technique—typical for Minoan Crete—where small rounded units (beads/pellets) of a contrasting material were set into carved recesses on a surface (e.g., stone, sealstones, or other artifacts) to create patterns or accents. It’s essentially an inlay method using tiny spherical or dot-like inserts.","- “Plastischer Dekor” has narrower concept “bead inlay”.
- “Bead inlay” has broader concept “Plastischer Dekor”."
https://vocabs.acdh.oeaw.ac.at/defcthesaurus/beak_spouted_jug/5.216,Source,Class,beak spouted jug,"In digital humanities (e.g., in archaeological datasets or museum metadata), a beak-spouted jug is a vessel whose pouring spout projects like a bird’s beak. It’s a typological term used to classify and describe jugs—often prehistoric or ancient—characterized by an elongated, tapered spout distinct from the rim, enabling controlled pouring. Such terms aid standardized cataloging, search, and comparative analysis across collections.","- “Krug” has narrower concept “beak spouted jug”.
- “Beak spouted jug” has broader concept “Krug”."
https://vocabs.acdh.oeaw.ac.at/defcthesaurus/beaker/4.098,Source,Class,beaker,"In digital humanities, “BEACON” and “Beaker” can refer to tech tools, but if you mean “beaker” specifically:

- Beaker: a web browser and peer-to-peer publishing platform (now discontinued) built on the Dat protocol, used by some digital humanities projects for decentralized sharing of datasets, editions, and project sites.

If you meant the laboratory vessel: a cylindrical container used metaphorically to discuss experiments/prototyping in DH workflows.","- “pottery form” has narrower concept “beaker”.
- “spitzbodiger Becher” has broader concept “beaker”.
- “tulip-shaped beaker” has broader concept “beaker”.
- “beaker” has broader concept “pottery form”.
- “beaker” has narrower concepts “spitzbodiger Becher” and “tulip-shaped beaker”."
https://vocabs.acdh.oeaw.ac.at/defcthesaurus/bean_goose/6.32,Source,Class,bean goose,"In digital humanities, “Bean Goose” is likely a category or keyword referring to the bird species Anser fabalis (the bean goose) used in datasets, texts, or metadata—e.g., in biodiversity corpora, historical texts, or folk/field records—rather than a metaphor. It denotes the species for tagging, entity recognition, or analysis within DH projects involving natural history or environmental humanities.","- “bean goose” is a broader concept of “goose”.  
- “goose” has the narrower concept “bean goose”."
https://vocabs.acdh.oeaw.ac.at/defcthesaurus/beaver/5.28,Source,Class,castor fiber,"Castor fiber is the scientific (Latin) name for the Eurasian beaver, a semi-aquatic rodent native to Europe and parts of Asia. In digital humanities, you’d encounter it as a taxonomic term in datasets, metadata, or ontologies (e.g., biodiversity records, historical texts, or environmental humanities projects) referring to this species.","- “Castor fiber” is broader conceptually related to “mammal.”  
- “mammal” has the narrower concept “Castor fiber.”"
https://vocabs.acdh.oeaw.ac.at/defcthesaurus/belt_hook/4.54,Source,Class,g rtelhaken,"Gürtelhaken: In digital humanities (material culture context), a small decorative yet functional garment hook used to fasten or suspend items from a belt.","- “other” has narrower concept “Gürtelhaken”.
- “textile equipment” is related to “Gürtelhaken”.
- “Gürtelhaken” has broader concept “other”.
- “Gürtelhaken” is related to “textile equipment”."
https://vocabs.acdh.oeaw.ac.at/defcthesaurus/bench/5.1,Source,Class,bench,"In digital humanities, “bench” refers to a high, narrow platform—typically a raised, elongated surface used to display, support, or arrange materials, tools, or equipment (e.g., for digitization, curation, or analysis setups).","- “bench” has broader concept “installation”.
- “installation” has narrower concept “bench”."
https://vocabs.acdh.oeaw.ac.at/defcthesaurus/bidirectional_core/4.1,Source,Class,bidirectional core,"In digital humanities (adapting an archaeological term), a “bidirectional core” refers to a core that has two opposed knapping platforms—i.e., material is removed (or data/features are derived) from both ends in opposite directions.","- “bidirectional core” is a broader concept’s narrower term of “core.”
- “core” has a narrower concept “bidirectional core.”"
https://vocabs.acdh.oeaw.ac.at/defcthesaurus/bird/4.36,Source,Class,vogel,"In digital humanities, “Vogel” most commonly refers to Kathryn “Kay” Vogel’s algorithm and the resulting heuristic—Vogel’s Approximation Method (VAM)—used for finding a good initial feasible solution to transportation problems (a type of cost-minimization task). While originally from operations research, VAM is often applied in DH workflows involving resource allocation, logistics of digitization, or cost-optimized data routing.","- Huhn is a broader term of Vogel.
- Rebhuhn is a broader term of Vogel.
- animal remains species is a narrower term of Vogel.
- duck is a broader term of Vogel.
- goose is a broader term of Vogel.
- great bustard is a broader term of Vogel.
- Vogel is a broader term of animal remains species.
- Vogel is a narrower term of Huhn.
- Vogel is a narrower term of Rebhuhn.
- Vogel is a narrower term of duck.
- Vogel is a narrower term of goose.
- Vogel is a narrower term of great bustard."
https://vocabs.acdh.oeaw.ac.at/defcthesaurus/bitter_vetch/6.3,Source,Class,bitter vetch,"In digital humanities, “bitter vetch” typically denotes the plant Lathyrus sativus (or sometimes Vicia ervilia), referenced in historical/agricultural texts and datasets as an old pulse crop. It’s a legume used in antiquity and medieval sources, often noted as famine food or animal feed; occurrences in corpora can signal themes of subsistence, agronomy, or diet history.","- “bitter vetch” is a broader concept of “vetch”.
- “vetch” has the narrower concept “bitter vetch”."
https://vocabs.acdh.oeaw.ac.at/defcthesaurus/black/red_burnished_arapi/5.307,Source,Class,schwarz rot gegl ttet arapi,"It denotes a Thessalian burnished ware type: vessels with a smoothed (burnished) surface where one side is black and the other red—i.e., black/red burnished Arapi ware with black or red interior/exterior surfaces typical for Thessaly.","- “Geglättet” has narrower concept “schwarz/rot geglättet Arapi”.
- “schwarz/rot geglättet Arapi” has broader concept “Geglättet”."
https://vocabs.acdh.oeaw.ac.at/defcthesaurus/black_and_red_on_cream_polychrome_β3β/6.138,Source,Class,schwarz und rot auf beige polychrom b3b,"It means: “Black and red on beige (polychrome) (B3b)”—i.e., pottery decorated with black and red paint on a cream/beige ground, using multiple colors (polychrome).","- “Musterbemalt” has the narrower concept “Schwarz und rot auf beige (polychrom) (B3b)”.
- “Schwarz und rot auf beige (polychrom) (B3b)” has the broader concept “Musterbemalt”."
https://vocabs.acdh.oeaw.ac.at/defcthesaurus/black_and_red_on_white_polychrome_β3γ/6.139,Source,Class,6 139,"In digital humanities, 6.139 most likely refers to MIT’s course 6.139 (also listed as 6.905), “Ethics for Engineers,” which is often cited in DH contexts for its relevance to ethical, social, and cultural implications of technology in research and society.",Information is not available.
https://vocabs.acdh.oeaw.ac.at/defcthesaurus/black_and_white_on_red_polychrome_β3β/6.140,Source,Class,schwarz und wei auf rot polychrom b3b,"In digital humanities, “6.140” most commonly refers to MIT’s course 6.140 (or 6.1400): Fundamentals of Digital Humanities. It’s an introductory computing/EECS course focused on methods and tools used in digital humanities—e.g., text analysis, data curation, visualization, and computational approaches to cultural data.",Information is not available.
https://vocabs.acdh.oeaw.ac.at/defcthesaurus/black_burnished/5.271,Source,Class,schwarz gegl ttet,"“Schwarz geglättet” means “black burnished” — i.e., pottery whose surface has been smoothed/polished to a sheen and appears black. In digital humanities/cataloging, it corresponds to “burnished black ware.”","- “Schwarz geglättet” ist eine spezifischere Ausprägung von “Geglättet”.
- “Geglättet” ist eine allgemeinere Kategorie von “Schwarz geglättet”."
https://vocabs.acdh.oeaw.ac.at/defcthesaurus/black_burnished_larisa_γ1α/5.141,Source,Class,5 141,"In digital humanities, “5.141” commonly refers to page 141 of volume 5 (or item 141 within section 5) in a structured citation or cataloging system—i.e., a locator within a text, dataset, or edition rather than a numerical value with standalone meaning.","- “Geglättet” has narrower concept “Schwarz geglättet ‘Larisa’ (C1a A5a/c)”.
- “Schwarz geglättet ‘Larisa’ (C1a A5a/c)” has broader concept “Geglättet”."
https://vocabs.acdh.oeaw.ac.at/defcthesaurus/black_burnished_with_channeled_decoration_γ1α3/5.142,Source,Class,black burnished with channeled decoration 1 3,"In digital humanities, “5.142” most likely refers to a section or item number (e.g., section 5.142 of a style guide, standard, corpus annotation schema, or codebook), rather than a numeric value with intrinsic meaning. If you can specify the source (e.g., TEI Guidelines, Chicago Manual of Style, a dataset’s codebook), I can identify the exact content of section 5.142.","- “Geglättet” has the narrower concept “black burnished with channeled decoration (γ1α3)”.
- “black burnished with channeled decoration (γ1α3)” has the broader concept “Geglättet”."
https://vocabs.acdh.oeaw.ac.at/defcthesaurus/black_burnished_with_white_paint_γ1α1/5.143,Source,Class,5 143,"It means: burnished black ware decorated with white paint. 
In digital humanities artifact typology, “Schwarz geglättet mit weißer Bemalung (C1a1)” denotes ceramics with a black, burnished surface and applied white-painted decoration.",Information is not available.
https://vocabs.acdh.oeaw.ac.at/defcthesaurus/black_nightshade/3.38,Source,Class,chenopodiacea,"In a digital humanities context, “Chenopodiaceae” refers to the botanical family name (goosefoot family) as it appears in historical texts, classifications, or metadata. It encompasses plants like goosefoot (Chenopodium), spinach, beets, and quinoa. You might encounter variant spellings (e.g., Chenopodiacea) in older sources; modern taxonomy often merges it into Amaranthaceae.","- “Chenopodiacea” has broader concept “botany”.
- “botany” has narrower concept “Chenopodiacea”."
https://vocabs.acdh.oeaw.ac.at/defcthesaurus/black_on_grey/6.287,Source,Class,black on gray,"In digital humanities (and archaeology), “black on grey” describes a pottery ware where black paint is applied over a grey-fired clay surface. It denotes the decorative technique and visual style: dark painted motifs on a grey ground.","- “Musterbemalt” has the more specific concept “black on grey.”
- “black on grey” has the broader concept “Musterbemalt.”"
https://vocabs.acdh.oeaw.ac.at/defcthesaurus/black_on_red/6.163,Source,Class,schwarz auf rot,"It means “black on red,” referring to pottery with black-painted decoration applied over a red ground.","- “Musterbemalt” has the narrower concept “Schwarz auf rot”.
- “Schwarz auf rot” has the broader concept “Musterbemalt”."
https://vocabs.acdh.oeaw.ac.at/defcthesaurus/black_on_red_β3α2b/6.144,Source,Class,schwarz auf rot b3a2b,It means “black on red” (German: Schwarz auf Rot): pottery with black paint applied onto a red-slipped or red-fired ground. The code B3a2b likely refers to a typological/feature classification within a digital humanities catalog.,"- “Musterbemalt” has narrower concept “Schwarz auf rot (B3a2b)”.
- “Schwarz auf rot (B3a2b)” has broader concept “Musterbemalt”."
https://vocabs.acdh.oeaw.ac.at/defcthesaurus/black_on_white/6.279,Source,Class,schwarz auf wei,"In this context, schwarz auf weiß means “black on white,” referring to pottery decorated with black paint applied on a white ground.","- “Musterbemalt” has narrower concept “schwarz auf weiß”.
- “schwarz auf weiß” has broader concept “Musterbemalt”."
https://vocabs.acdh.oeaw.ac.at/defcthesaurus/black_on_white_b3α3/6.145,Source,Class,black on white b3 3,"In digital humanities pottery typologies, “black on white (b3α3)” denotes a ware where black paint is applied over a white slip/ground. So: black-painted decoration on a white background.","- “Musterbemalt” has the more specific concept “black on white (b3α3)”.
- “black on white (b3α3)” is a more specific concept of “Musterbemalt”."
https://vocabs.acdh.oeaw.ac.at/defcthesaurus/black_pattern_burnished_γ1α2/5.146,Source,Class,black pattern burnished 1 2,"In digital humanities, “5.146” most likely refers to TEI P5 version 4.6 (often written as P5 4.6, or in some contexts seen as 5.146). TEI (Text Encoding Initiative) P5 is the standard for encoding texts in XML; version 4.6 is a specific release of that standard. If you’re seeing “5.146” in a syllabus, documentation, or tool output, it likely denotes that TEI P5 (v4.6) guidelines or schemas are being referenced.",Information is not available.
https://vocabs.acdh.oeaw.ac.at/defcthesaurus/black_slipped/4.258,Source,Class,schwarzer berzug,"In this context, “schwarzer Überzug” means “black slip” — a thin coating of fine clay applied to a pot before firing, intended to fire to a black color and decorate or finish the vessel’s surface.","- Oberflächenbehandlung has narrower concept schwarzer Überzug.
- Schwarzer Überzug has broader concept Oberflächenbehandlung."
https://vocabs.acdh.oeaw.ac.at/defcthesaurus/black_topped/4.242,Source,Class,black topped,"In digital humanities/archaeological ceramics, “black-topped” describes pottery whose rim and upper exterior are deliberately blackened, typically by post-firing reduction (e.g., re-exposure to smoke or carbonizing material after kiln firing). It denotes a vessel with a blackened rim/neck contrasting with a differently colored body.","- “Oberflächenbehandlung” has narrower concept “black topped”.
- “black topped” has broader concept “Oberflächenbehandlung”."
https://vocabs.acdh.oeaw.ac.at/defcthesaurus/blackberry/4.36,Source,Class,brombeere,"In a digital humanities context, “Brombeere” (German) means “blackberry.” It can refer both to the fruit and, metaphorically, to the Blackberry device/brand in datasets or texts, so disambiguation may depend on corpus/topic.","- “Brombeere” is a broader concept’s instance: “Brombeere” is a narrower term of “fruit.”
- “fruit” has a more specific concept: “fruit” has the narrower term “Brombeere.”"
https://vocabs.acdh.oeaw.ac.at/defcthesaurus/blade/4.1,Source,Class,klinge,"Klinge: a long, narrow, sharp-edged stone blade (flake) struck from a prepared core—typically at least twice as long as it is wide—used as a tool itself or as a blank for tools like knives, burins, or spokeshaves.","- “Werkzeug” has narrower concept “Klinge”.
- “unretouched tool” has narrower concept “Klinge”.
- “Klinge” has broader concept “Werkzeug”.
- “Klinge” has broader concept “unretouched tool”."
https://vocabs.acdh.oeaw.ac.at/defcthesaurus/blade_core/4.2,Source,Class,klingenkern,Klingenkern: A lithic core specifically prepared and reduced to produce blades; its primary reduction strategy aims at detaching elongated blade blanks during knapping.,"- “Klingenkern” is a broader concept’s member: it is narrower than “core”.
- “core” has a narrower concept: “Klingenkern”."
https://vocabs.acdh.oeaw.ac.at/defcthesaurus/blade_industry/5.1,Source,Class,blade industry,"In digital humanities, “blade industry” refers (by analogy to archaeological terminology) to the set of human activities and techniques applied to raw materials to produce blades—i.e., the organized processes, skills, and workflows involved in transforming inputs into blade artifacts.","- blade industry is a broader concept of lithics industry.
- lithics industry has narrower concept blade industry."
https://vocabs.acdh.oeaw.ac.at/defcthesaurus/bladelet/4.2,Source,Class,bladelet,"In this context, a bladelet is a narrow stone blade artifact defined by a width under 12 mm; a micro-blade is a smaller subtype with a width under 8 mm.","- bladelet is a broader concept of unretouched tool.
- unretouched tool is a narrower concept of bladelet."
https://vocabs.acdh.oeaw.ac.at/defcthesaurus/body/5.5,Source,Class,body,"In digital humanities, “body” usually refers to:
- The main content of a text or document (as opposed to metadata, headers, or paratext).
- The corpus or collection of texts being analyzed.
- In markup (e.g., HTML/TEI), the <body> element containing the primary textual content.","- “Knochen” has the narrower concept “body”.
- “body” has the broader concept “Knochen”."
https://vocabs.acdh.oeaw.ac.at/defcthesaurus/bone/3.5,Source,Class,knochen,"Knochen: bone — hard skeletal tissue in humans/vertebrates, also used as a material for making objects (tools, figurines, etc.) and suitable for radiocarbon dating.","- “Gliedmaß” is a broader term of “Knochen”.
- “animal remains part” has a narrower term “Knochen”.
- “antler” is a broader term of “Knochen”.
- “body” is a broader term of “Knochen”.
- “cranium” is a broader term of “Knochen”.
- “dating material” has a narrower term “Knochen”.
- “jaw” is a broader term of “Knochen”.
- “organic” has a narrower term “Knochen”.
- “Knochen” is a broader term of “animal remains part”.
- “Knochen” is a broader term of “dating material”.
- “Knochen” is a broader term of “organic”.
- “Knochen” has a narrower term “Gliedmaß”.
- “Knochen” has a narrower term “antler”.
- “Knochen” has a narrower term “body”.
- “Knochen” has a narrower term “cranium”.
- “Knochen” has a narrower term “jaw”."
https://vocabs.acdh.oeaw.ac.at/defcthesaurus/bone_tool_production/2.6,Source,Class,bone tool production,"In digital humanities, “bone tool production” refers to the documented and analyzable activity of making physical implements from bone—encompassing selection, shaping, and finishing—so that these items can be used to achieve specific tasks. It is typically modeled as a process (with inputs, methods, and outputs) to enable structured description, comparison, and analysis across datasets.","- “Werkzeug” is related to “bone tool production”.
- “production” has the narrower concept “bone tool production”.
- “bone tool production” has the broader concept “production”.
- “bone tool production” is related to “Werkzeug”."
https://vocabs.acdh.oeaw.ac.at/defcthesaurus/borehole_survey/3.1,Source,Class,borehole survey,"A borehole survey, in this context, is a method that drills deep, narrow shafts into the ground to document subsurface deposits, reconstruct stratigraphy, and collect core samples. The resulting data (e.g., lithological logs, stratigraphic sequences, cores) are then recorded, digitized, and analyzed to support digital humanities research on past landscapes, environments, and human activity.","- “Intrusiv” has the narrower concept “borehole survey.”
- “borehole survey” has the broader concept “Intrusiv.”"
https://vocabs.acdh.oeaw.ac.at/defcthesaurus/botany/2.2,Source,Class,botany,"In this context, botany refers to the study of plant remains recovered from archaeological contexts—both plants cultivated or used by humans and those from ancient environments—to understand past human activities and ecosystems, often using digital humanities methods for analysis, documentation, and interpretation.","- Chenopodiacea is a broader concept of botany. → Chenopodiacea is a kind within botany.
- Getreidesorte is a kind within botany.
- Hanf is a kind within botany.
- Pinus pinea is a kind within botany.
- Strandbinse is a kind within botany.
- buckthorn is a kind within botany.
- finds type has the narrower concept botany. → Botany is a broader concept than finds type.
- fruit is a kind within botany.
- In botany, narrower concepts include: Chenopodiacea, Getreidesorte, Hanf, Pinus pinea, Strandbinse, buckthorn, fruit."
https://vocabs.acdh.oeaw.ac.at/defcthesaurus/bothros/5.21,Source,Class,bothros,"Bothros: in ancient Greek contexts, a pit or depression—often dug into the ground—used for various purposes (e.g., storage or waste), but most commonly associated with cult activities such as libations and sacrifices.","- “bothros” is a broader concept’s narrower term of “ritual”.
- “ritual” has the narrower concept “bothros”."
https://vocabs.acdh.oeaw.ac.at/defcthesaurus/bowl/4.115,Source,Class,sch ssel,"In this context, Schüssel means “bowl”: a container whose height ranges from about one-third of its maximum diameter up to roughly equal to that diameter.","- Knickwandschale is a broader concept of Schüssel.
- Schulterschale is a broader concept of Schüssel.
- collared bowl is a broader concept of Schüssel.
- dimini bowl is a broader concept of Schüssel.
- dome-shaped shallow bowl is a broader concept of Schüssel.
- gouged bowl is a broader concept of Schüssel.
- narrow-mouthed shallow bowl is a broader concept of Schüssel.
- ovale Schüssel mit flachem Boden is a broader concept of Schüssel.
- pottery form is a narrower concept of Schüssel.
- shallow bowl is a broader concept of Schüssel.
- “Husking Bowl” is a broader concept of Schüssel.
- Schüssel is a broader concept of Schüssel.
- Schüssel is a broader concept of pottery form.
- Knickwandschale is a narrower concept of Schüssel.
- Schulterschale is a narrower concept of Schüssel.
- Schüssel is a narrower concept of Schüssel.
- collared bowl is a narrower concept of Schüssel.
- dimini bowl is a narrower concept of Schüssel.
- dome-shaped shallow bowl is a narrower concept of Schüssel.
- gouged bowl is a narrower concept of Schüssel.
- narrow-mouthed shallow bowl is a narrower concept of Schüssel.
- ovale Schüssel mit flachem Boden is a narrower concept of Schüssel.
- shallow bowl is a narrower concept of Schüssel.
- “Husking Bowl” is a narrower concept of Schüssel."
https://vocabs.acdh.oeaw.ac.at/defcthesaurus/bracelet/4.77,Source,Class,bracelet,"In digital humanities, “bracelet” refers to an ornamental band or chain worn on the wrist or arm—e.g., as an object type in digitized collections, metadata, or textual annotations describing material culture.","- “bracelet” is a narrower concept of “Schmuck”.
- “Schmuck” is a broader concept of “bracelet”."
https://vocabs.acdh.oeaw.ac.at/defcthesaurus/bridge_spout/5.138,Source,Class,bridge spout,"In digital humanities (material culture/ceramics terminology), a bridge spout is a nozzle-shaped appendage that narrows a secondary opening located off the vessel’s vertical axis, typically on the upper body or shoulder, creating a controlled pouring spout.","- “Ausguss” has the narrower concept “bridge spout”.
- “bridge spout” has the broader concept “Ausguss”."
https://vocabs.acdh.oeaw.ac.at/defcthesaurus/broomcorn_millet/6.4,Source,Class,panicum miliaceum,"Panicum miliaceum is the scientific (Latin) name for proso millet—a cereal grain widely cultivated across Eurasia. In digital humanities, it might appear in historical texts, botanical lists, or datasets on ancient agriculture, diet, trade, or crop diffusion.","- “Panicum miliaceum” is a broader term’s child of “millet.”  
- “millet” has the narrower term “Panicum miliaceum.”"
https://vocabs.acdh.oeaw.ac.at/defcthesaurus/brown_bear/5.22,Source,Class,brown bear,"In digital humanities, “brown bear” most likely refers to the lexeme/concept denoting the species Ursus arctos as it appears in texts and datasets—i.e., an entity used in annotation, named-entity recognition, taxonomy/ontology mapping (e.g., to Wikidata Q33593), topic modeling, or semantic search. It can serve as:
- A controlled term/keyword for wildlife/fauna.
- An entry in a gazetteer or ontology node linked to multilingual labels and metadata.
- A token/lemma used for frequency analysis, co-occurrence networks, or cultural discourse studies about animals, nature, or symbolism.","- “brown bear” is a broader concept of “mammal”.
- “mammal” is a narrower concept of “brown bear”."
https://vocabs.acdh.oeaw.ac.at/defcthesaurus/brown_burnished/5.120,Source,Class,brown burnished,"In digital humanities/archaeological context, “brown burnished” (as in “burnished brown ware”) refers to pottery whose surface was polished (burnished) to a smooth, often slightly glossy finish, and whose fabric/surface color is brown. It’s a typological/descriptive label indicating both color (brown) and surface treatment (burnishing) of the ceramic ware.","- “Geglättet” has narrower concept “brown burnished”.
- “brown burnished” has broader concept “Geglättet”."
https://vocabs.acdh.oeaw.ac.at/defcthesaurus/brown_on_buff/6.185,Source,Class,braun auf hell,It means “brown on buff” — pottery decorated with brown paint on a light buff (pale beige) clay ground.,"- “Braun auf hell” is a broader concept’s child of “Musterbemalt”.
- “Musterbemalt” has the narrower concept “Braun auf hell”."
https://vocabs.acdh.oeaw.ac.at/defcthesaurus/brown_on_buff_matt_painted_b3ε/6.147,Source,Class,brown on buff matt painted b3,"It denotes a pottery ware type where designs in brown paint are applied onto a buff (light, yellowish) clay surface; in typological terms this is “matt-painted” (i.e., non-glossy) decoration. The code b3ε refers to this category: brown on buff (matt-painted).","- “Musterbemalt” has the more specific concept “brown on buff (matt painted) (b3ε).”
- “brown on buff (matt painted) (b3ε)” is a more specific concept under “Musterbemalt.”"
https://vocabs.acdh.oeaw.ac.at/defcthesaurus/brown_on_cream/6.262,Source,Class,braun auf beige,"It means “brown on beige,” i.e., pottery decorated with brown paint on a cream (beige) ground. In a digital humanities context, it’s a descriptive typological label for ceramic surface decoration.","- “Braun auf beige” is a broader concept’s child of “Musterbemalt”.
- “Musterbemalt” has the narrower concept “Braun auf beige”."
https://vocabs.acdh.oeaw.ac.at/defcthesaurus/brown_on_cream_b3α2a/6.148,Source,Class,brown on cream b3 2a,"“Brown on cream (b3α2a)” refers to a pottery fabric/decoration code indicating vessels painted with brown pigment on a cream-colored ground. In digital humanities cataloging, the code b3α2a classifies this specific decorative scheme: brown paint (motifs/bands) applied over a cream slip or surface.","- “Musterbemalt” has the more specific concept “brown on cream (b3α2a)”.
- “brown on cream (b3α2a)” is a broader concept’s narrower term under “Musterbemalt”."
https://vocabs.acdh.oeaw.ac.at/defcthesaurus/brown_on_red/6.186,Source,Class,braun auf rot,"“Braun auf rot” means “brown on red,” referring to pottery decorated with brown paint on a red ground.","- “Braun auf rot” is a broader concept’s child of “Musterbemalt.”  
- “Musterbemalt” has the narrower concept “Braun auf rot.”"
https://vocabs.acdh.oeaw.ac.at/defcthesaurus/brown_on_yellow/6.283,Source,Class,brown on yellow,"In this digital humanities/pottery context, “brown on yellow” refers to a decorative technique: motifs painted in brown pigment applied over a yellow ground (slip or glaze). It’s a color scheme description indicating dark brown decoration contrasted against a yellow background.","- “Musterbemalt” has narrower concept “brown on yellow”.
- “brown on yellow” has broader concept “Musterbemalt”."
https://vocabs.acdh.oeaw.ac.at/defcthesaurus/brushed/4.213,Source,Class,geb rstet,Gebürstet means “brushed” — referring to pottery whose surface was finished by brushing (creating visible brush marks/texture).,"- “Gebürstet” ist eine allgemeinere Einordnung unter “Oberflächenbehandlung”.  
- “Oberflächenbehandlung” hat die spezifischere Ausprägung “Gebürstet”."
https://vocabs.acdh.oeaw.ac.at/defcthesaurus/buckthorn/3.43,Source,Class,buckthorn,"In digital humanities contexts, “buckthorn” most often appears as:

- A plant term in historical/lexical data: common name for shrubs/trees of the genus Rhamnus (and related Frangula), noted for dark berries and historically used for dyes (e.g., “buckthorn yellow”) and medicinal purgatives.
- A controlled-vocabulary or entity in datasets: a taxonomic label (e.g., Rhamnus cathartica) in digitized herbals, biodiversity corpora, or annotated texts.
- A semantic/metadata feature: a term to be normalized (synonyms: rhamnus, purging buckthorn) in TEI-encoded texts or linked-data projects.","- botany has the narrower concept buckthorn.
- buckthorn has the broader concept botany."
https://vocabs.acdh.oeaw.ac.at/defcthesaurus/building/3.069,Source,Class,building,"In digital humanities (for sites like settlements or undefined sites), “building” refers to a discrete constructed structure identified on a site, documented as a unit with attributes such as:
- Building technique (e.g., masonry, timber frame, mudbrick)
- Type/function (e.g., house, workshop, temple, storage)
- Shape/plan (e.g., rectangular, circular, apsidal)
It serves as the core record for describing, analyzing, and comparing constructed features within a site.","- “Bautechnik” is a broader concept of “building”.
- “Siedlung” is a narrower concept of “building”.
- “building shape” is a broader concept of “building”.
- “building type” is a broader concept of “building”.
- “building” is a broader concept of “Siedlung”.
- “building” has the narrower concepts “Bautechnik”, “building shape”, and “building type”."
https://vocabs.acdh.oeaw.ac.at/defcthesaurus/building_material/5.089,Source,Class,building material,"In digital humanities, “building material” refers to the fundamental components used to construct or encode a cultural artifact or project—whether physical (stone, brick, wood) or digital (data, code, markup, media). The term emphasizes how a work’s form and meaning are shaped by the specific materials and techniques employed; a distinctive building technique is identified by the material it uses and the constraints/affordances it imparts.","- “Bautechnik” has narrower concept “building material”.
- “Lehmziegel” has broader concept “building material”.
- “Stampflehm” has broader concept “building material”.
- “Stein” has broader concept “building material”.
- “concrete” has broader concept “building material”.
- “straw” has broader concept “building material”.
- “timber” has broader concept “building material”.
- “wattle and daub” has broader concept “building material”.
- “building material” has broader concept “Bautechnik”.
- “building material” has narrower concepts “Lehmziegel”, “Stampflehm”, “Stein”, “concrete”, “straw”, “timber”, and “wattle and daub”."
https://vocabs.acdh.oeaw.ac.at/defcthesaurus/building_shape/4.076,Source,Class,building shape,"In digital humanities, building shape refers to the geometric form of a structure’s ground plan—how the footprint of the building is configured. It classifies plans by outline types such as apsidal, circular, ovoid, rectangular, etc., to support consistent description, analysis, and comparison of architectural layouts.","- apsidal is a broader concept of building shape.
- building has a narrower concept building shape.
- circular is a broader concept of building shape.
- ovoid is a broader concept of building shape.
- rectangular is a broader concept of building shape.
- rectangular-apsidal is a broader concept of building shape.
- building shape is a broader concept of building.
- building shape has narrower concepts: apsidal, circular, ovoid, rectangular, rectangular-apsidal."
https://vocabs.acdh.oeaw.ac.at/defcthesaurus/building_technique/4.075,Source,Class,bautechnik,"Bautechnik (in a digital humanities/archaeological context) refers to the building technique or construction method used to create a structure—e.g., materials and methods like mud brick, wattle and daub, stone masonry—as well as distinctive architectural elements such as pillars, floors, and related structural features that characterize how the building was constructed.","- Pflasterung is a broader concept of Bautechnik.
- Schwelle aus Mörtel is a broader concept of Bautechnik.
- Steinsockel is a broader concept of Bautechnik.
- building has a narrower concept Bautechnik.
- building material is a broader concept of Bautechnik.
- floor is a broader concept of Bautechnik.
- foundation trench is a broader concept of Bautechnik.
- pillar is a broader concept of Bautechnik.
- sacral is a broader concept of Bautechnik.
- stone lining is a broader concept of Bautechnik.
- timber-frame construction is a broader concept of Bautechnik.
- wall is a broader concept of Bautechnik.
- Bautechnik is a broader concept of building; it has the narrower concepts Pflasterung, Schwelle aus Mörtel, Steinsockel, building material, floor, foundation trench, pillar, sacral, stone lining, timber-frame construction, and wall."
https://vocabs.acdh.oeaw.ac.at/defcthesaurus/building_type/4.077,Source,Class,building type,"In digital humanities, a building type is a classification of buildings defined by shared building technique, spatial arrangement, architectural form, function, and cultural context. It groups structures that exhibit these common design, use, and cultural characteristics.","- building has narrower concept building type.
- longhouse has broader concept building type.
- megaron has broader concept building type.
- one-room has broader concept building type.
- pile dwelling has broader concept building type.
- pit-house has broader concept building type.
- tsangli house has broader concept building type.
- building type has broader concept building.
- building type has narrower concept longhouse.
- building type has narrower concept megaron.
- building type has narrower concept one-room.
- building type has narrower concept pile dwelling.
- building type has narrower concept pit-house.
- building type has narrower concept tsangli house."
https://vocabs.acdh.oeaw.ac.at/defcthesaurus/bullet_core/4.3,Source,Class,bullet core,"In digital humanities (drawing on archaeological terminology), a “bullet core” is a blade core whose reduction is carried through to complete exhaustion, leaving the core with a characteristic bullet-like shape.","- “Bullet core” is a broader concept’s child of “core”.
- “core” has the narrower concept “Bullet core”."
https://vocabs.acdh.oeaw.ac.at/defcthesaurus/burin/4.2,Source,Class,burin,"In this context, a burin is a specialized engraving tool whose working edge is formed by removing a “burin spall”—a small flake cut diagonally downward from a blade or flake edge—creating a sharp, negative surface used for incising or engraving.","- “burin” is a broader concept’s narrower term of “retouched tool” → “burin” is narrower than “retouched tool”.
- “retouched tool” has a narrower concept “burin” → “retouched tool” is broader than “burin”."
https://vocabs.acdh.oeaw.ac.at/defcthesaurus/burnished/4.297,Source,Class,gegl ttet,"Geglättet: smoothed/burnished surface treatment of a leather-hard vessel, produced by rubbing with a hard tool (wood, stone, or bone) to create a bright, even, compact, and non-porous surface before firing.","- “Geglättete Keramik mit dunklem Überzug” is a broader concept of “Geglättet”.
- “Geschmiergeglättet” is a broader concept of “Geglättet”.
- “Monochrom geglättet” is a broader concept of “Geglättet”.
- “Oberflächenbehandlung” has the narrower concept “Geglättet”.
- “Schwarz geglättet” is a broader concept of “Geglättet”.
- “Schwarz geglättet mit weißer Bemalung (C1a1)” is a broader concept of “Geglättet”.
- “Schwarz geglättet ‘Larisa’ (C1a A5a/c)” is a broader concept of “Geglättet”.
- “Wellig geglättet” is a broader concept of “Geglättet”.
- “black burnished with channeled decoration (γ1α3)” is a broader concept of “Geglättet”.
- “black pattern burnished (γ1α2)” is a broader concept of “Geglättet”.
- “brown burnished” is a broader concept of “Geglättet”.
- “grau geglättet” is a broader concept of “Geglättet”.
- “pattern burnished” is a broader concept of “Geglättet”.
- “polychrome burnished” is a broader concept of “Geglättet”.
- “red burnished” is a broader concept of “Geglättet”.
- “red burnished (b1)” is a broader concept of “Geglättet”.
- “schwarz/rot geglättet Arapi” is a broader concept of “Geglättet”.
- “stroke-and pattern burnished” is a broader concept of “Geglättet”.
- “unburnished” is related to “Geglättet”.
- “Geglättet” is a broader concept of “Oberflächenbehandlung”.
- “Geglättet” has the narrower concept “Geglättete Keramik mit dunklem Überzug”.
- “Geglättet” has the narrower concept “Geschmiergeglättet”.
- “Geglättet” has the narrower concept “Monochrom geglättet”.
- “Geglättet” has the narrower concept “Schwarz geglättet”.
- “Geglättet” has the narrower concept “Schwarz geglättet mit weißer Bemalung (C1a1)”.
- “Geglättet” has the narrower concept “Schwarz geglättet ‘Larisa’ (C1a A5a/c)”.
- “Geglättet” has the narrower concept “Wellig geglättet”.
- “Geglättet” has the narrower concept “black burnished with channeled decoration (γ1α3)”.
- “Geglättet” has the narrower concept “black pattern burnished (γ1α2)”.
- “Geglättet” has the narrower concept “brown burnished”.
- “Geglättet” has the narrower concept “grau geglättet”.
- “Geglättet” has the narrower concept “pattern burnished”.
- “Geglättet” has the narrower concept “polychrome burnished”.
- “Geglättet” has the narrower concept “red burnished”.
- “Geglättet” has the narrower concept “red burnished (b1)”.
- “Geglättet” has the narrower concept “schwarz/rot geglättet Arapi”.
- “Geglättet” has the narrower concept “stroke-and pattern burnished”.
- “Geglättet” is related to “unburnished”."
https://vocabs.acdh.oeaw.ac.at/defcthesaurus/burnisher/4.65,Source,Class,polierer,"In this context, “Polierer” refers to a polishing tool—an instrument used to smooth and shine the surface of an artifact.","- “Polierer” is a broader concept’s member: It is a narrower term of “Werkzeug.”
- “Werkzeug” has a narrower concept: “Polierer.”"
https://vocabs.acdh.oeaw.ac.at/defcthesaurus/button/4.102,Source,Class,knopf,"Knopf means “button” (a small, usually disklike fastener with holes or a shank sewn onto garments; used to close or decorate clothing).","- “other” has narrower concept “Knopf”.
- “textile equipment” is related to “Knopf”.
- “Knopf” has broader concept “other”.
- “Knopf” is related to “textile equipment”."
https://vocabs.acdh.oeaw.ac.at/defcthesaurus/buttress/5.32,Source,Class,buttress,"In digital humanities, “buttress” metaphorically refers to a supporting element that reinforces a project or argument—mirroring its literal meaning: a projecting support built against a wall.","- “architecture” has the narrower concept “buttress”.
- “buttress” has the broader concept “architecture”."
https://vocabs.acdh.oeaw.ac.at/defcthesaurus/byblos_point/6.116,Source,Class,byblos point,"In digital humanities (archaeological typology context), a Byblos point refers to a large, heavy, often crudely made and asymmetrical arrowhead type.","- byblos point is a broader term for projectile point.
- projectile point has the narrower term byblos point."
https://vocabs.acdh.oeaw.ac.at/defcthesaurus/cairn/5.8,Source,Class,cairn,"In digital humanities context: a cairn is a pyramid-like heap of rough stones raised as a memorial or marker—often over a burial, but also used as a landmark or monument.","- “cairn” is a broader concept of “grave type”. → “cairn” has broader concept “grave type”.
- “grave type” is a narrower concept of “cairn”. → “grave type” has narrower concept “cairn”."
https://vocabs.acdh.oeaw.ac.at/defcthesaurus/calcite/3.37,Source,Class,calcit,"In the context of digital humanities, “Calcit” likely refers to “Calcite,” a carbonate mineral—the most stable polymorph of calcium carbonate (CaCO3). If appearing in a dataset, text, or metadata, it denotes the mineral Calcite (possibly a variant spelling or OCR error).","- “Calcit” is a broader concept’s member: it is a narrower concept of “mineral.”
- “mineral” has a narrower concept: “Calcit.”"
https://vocabs.acdh.oeaw.ac.at/defcthesaurus/cardium_shell/4.36,Source,Class,herzmuscheln,"“Herzmuscheln” is German for “cockles” — small, edible, saltwater clams (marine bivalve molluscs). In a digital humanities context, it would be the term used in German texts or datasets referring to these shellfish.","- “Herzmuscheln” is a broader concept’s member of “shell.”
- “shell” has the narrower concept “Herzmuscheln.”"
https://vocabs.acdh.oeaw.ac.at/defcthesaurus/carinated_bowl/5.104,Source,Class,knickwandschale,"Knickwandschale: a low, open vessel (bowl) whose wall has a distinct angular break (“kink”), creating bent or faceted sides. Often used in archaeological/ceramic typologies in digital humanities metadata.","- “Einwärts gekrümmte Knickwandschale” is a broader term of “Knickwandschale.”
- “Schüssel” is a narrower term of “Knickwandschale.”
- “carinated bowl with inverted rim” is a broader term of “Knickwandschale.”
- “Knickwandschale” is a broader term of “Schüssel.”
- “Knickwandschale” is a narrower term of “Einwärts gekrümmte Knickwandschale.”
- “Knickwandschale” is a narrower term of “carinated bowl with inverted rim.”"
https://vocabs.acdh.oeaw.ac.at/defcthesaurus/carinated_bowl_with_inverted_rim/6.105,Source,Class,carinated bowl with inverted rim,"In digital humanities (e.g., typological descriptions of artifacts), a “carinated bowl with inverted rim” refers to:
- Carinated: the bowl’s profile has a sharp angle or “keel” where the wall changes direction, creating a distinct break in slope.
- Inverted rim: the upper edge bends or contracts inward toward the interior rather than flaring out.

Given your note, it is a shallow, open vessel whose upper part heavily contracts inward above the carination.","- “Knickwandschale” has a narrower concept: “carinated bowl with inverted rim.”
- “carinated bowl with inverted rim” has a broader concept: “Knickwandschale.”"
https://vocabs.acdh.oeaw.ac.at/defcthesaurus/carinated_incurved_bowl/6.174,Source,Class,einw rts gekr mmte knickwandschale,"“Einwärts gekrümmte Knickwandschale” means a low, open bowl whose wall has a distinct break/angle (knick) and curves inward above that break—i.e., a low vessel with inward-bent walls.","- „Einwärts gekrümmte Knickwandschale“ ist eine allgemeinere Unterart von „Knickwandschale“.  
- „Knickwandschale“ hat die speziellere Unterart „Einwärts gekrümmte Knickwandschale“."
https://vocabs.acdh.oeaw.ac.at/defcthesaurus/carinated_jar/5.175,Source,Class,carinated jar,"In digital humanities/archaeological terms, a carinated jar is a closed storage vessel (with two or no handles) whose body has a sharp change in profile—i.e., bent or angled walls creating a distinct carination (ridge/angle) on the vessel’s side—used for storage, preservation, or transport.","- “carinated jar” is a broader term of “jar”. → Correction: “carinated jar” is a narrower term of “jar”.
- “jar” has the narrower term “carinated jar”."
https://vocabs.acdh.oeaw.ac.at/defcthesaurus/cattle/5.3,Source,Class,bos taurus,"In digital humanities, “Bos taurus” is the Latin binomial for the domestic cattle species. It would typically appear in datasets, annotations, or controlled vocabularies (e.g., taxonomies, ontologies) to standardize references to cows/oxen across texts, images, or metadata.","- “Bos taurus” is broader concept of “mammal”.  
- “mammal” has narrower concept “Bos taurus”."
https://vocabs.acdh.oeaw.ac.at/defcthesaurus/cave/3.1,Source,Class,h hle,"Höhle means cave—a natural subterranean space entered from a hillside or cliff, potentially used for habitation, storage, burial, refuse, or hiding.","- “Nachweis von menschlichen Tätigkeiten” is a broader concept of “Höhle.”
- “cave or rockshelter” has the narrower concept “Höhle.”
- “Höhle” is a broader concept of “cave or rockshelter” and a narrower concept of “Nachweis von menschlichen Tätigkeiten.”"
https://vocabs.acdh.oeaw.ac.at/defcthesaurus/cave_or_rockshelter/2.1,Source,Class,cave or rockshelter,"In this context, a cave or rockshelter is a natural hollow or overhanging rock formation that provided early humans with habitation space—used for living, working, ritual, and storage—often preserving archaeological evidence (artifacts, art, sediments) studied in digital humanities through recorded, analyzed, and visualized data.","- Felsdach is a more specific concept than cave or rockshelter.
- Höhle is a more specific concept than cave or rockshelter.
- Cave or rockshelter is a more specific concept than area type.
- Area type has the more specific concept cave or rockshelter.
- Cave or rockshelter has the more specific concept Felsdach.
- Cave or rockshelter has the more specific concept Höhle."
https://vocabs.acdh.oeaw.ac.at/defcthesaurus/cemetery_or_grave/2.2,Source,Class,cemetery or grave,"In digital humanities (e.g., for archaeological data), “cemetery or grave” refers to an archaeological site category denoting either:
- a single grave (an individual burial feature), or
- a complete cemetery (a collection of burials),
recognized and recorded as a site due to its funerary function.","- “Grab” is a broader concept of “cemetery or grave.”
- “area type” has a narrower concept “cemetery or grave.”
- “cemetery or grave” is a broader concept of “area type.”
- “cemetery or grave” has a narrower concept “Grab.”"
https://vocabs.acdh.oeaw.ac.at/defcthesaurus/ceramic_analysis/2.059,Source,Class,ceramic analysis,"In digital humanities, ceramic analysis refers to the computational and data-driven study of pottery to answer historical, archaeological, and cultural questions. It typically involves:

- Digitization: 3D scanning, photogrammetry, and high-resolution imaging of sherds and vessels.
- Data modeling: Creating standardized metadata (typology, fabric, form, decoration, provenance) and ontologies for interoperability.
- Quantitative methods: Statistical classification, clustering, and morphometrics to identify styles, workshops, or chronologies.
- Materials analysis integration: Linking compositional data (e.g., XRF, petrography) to digital records.
- Spatial and network analysis: GIS for distribution patterns; network models for exchange and interaction.
- Visualization: Interactive 3D models, timelines, and dashboards for exploration and dissemination.
- Machine learning: Automated sherd classification, motif recognition, and reconstruction assistance.

Overall, it uses digital tools to document, compare, and interpret ceramics as evidence of production, trade, technology, and social practice.","- “ceramics: sourcing” is a broader concept of “ceramic analysis”. → “ceramic analysis” is narrower than “ceramics: sourcing”.
- “ceramics: thin section analysis” is a broader concept of “ceramic analysis”. → “ceramic analysis” is narrower than “ceramics: thin section analysis”.
- “special analysis” is a narrower concept of “ceramic analysis”. → “ceramic analysis” is broader than “special analysis”.
- “ceramic analysis” is a broader concept of “special analysis”.
- “ceramic analysis” is a narrower concept of “ceramics: sourcing”.
- “ceramic analysis” is a narrower concept of “ceramics: thin section analysis”."
https://vocabs.acdh.oeaw.ac.at/defcthesaurus/ceramics/4.5,Source,Class,ceramics,"In digital humanities, “ceramics” refers to artifacts made of fired clay—typically pottery, figurines, or related ceramic industry products—studied as cultural data (e.g., for classification, provenance, iconography, or trade networks).","- ceramics is a broader concept of dating material.
- dating material has the narrower concept ceramics."
https://vocabs.acdh.oeaw.ac.at/defcthesaurus/ceramics_sourcing/3.4,Source,Class,ceramics sourcing,"In digital humanities, ceramics: sourcing refers to analyzing ceramic artifacts to determine their origins—identifying where they were made or obtained—using data-driven methods (e.g., compositional analysis, provenance databases, GIS, and network analysis) to trace production centers, trade routes, and distribution.","- “ceramics: sourcing” is a narrower concept of “ceramic analysis”.
- “ceramic analysis” is a broader concept of “ceramics: sourcing”."
https://vocabs.acdh.oeaw.ac.at/defcthesaurus/ceramics_thin_section_analysis/3.5,Source,Class,ceramics thin section analysis,"Ceramics: thin section analysis is a laboratory technique in which a very thin slice of pottery (or related materials like rock, mineral, soil, or bone) is mounted on a slide and examined under a polarizing microscope to identify its mineral and textural composition. In digital humanities and archaeological provenance studies, it is used to trace the movement of pottery and associated trade by matching a vessel’s petrographic signature to specific geological sources or production zones.","- “ceramic analysis” has the narrower concept “ceramics: thin section analysis”.
- “ceramics: thin section analysis” has the broader concept “ceramic analysis”."
https://vocabs.acdh.oeaw.ac.at/defcthesaurus/cereal/4.022,Source,Class,getreide,"In digital humanities contexts (e.g., historical texts, datasets), “Getreide” is German for “cereals” or “grain,” referring collectively to cultivated cereal crops such as wheat, rye, barley, oats, etc.","- Avana is a broader term of Getreide.
- Getreidesorte has a narrower term Getreide.
- Hordeum vulgare subsp. spontaneum is a broader term of Getreide.
- Secale cereale is a broader term of Getreide.
- Weizen is a broader term of Getreide.
- barley is a broader term of Getreide.
- millet is a broader term of Getreide.
- Getreide is a broader term of Getreidesorte.
- Getreide has the narrower terms Avana, Hordeum vulgare subsp. spontaneum, Secale cereale, Weizen, barley, and millet."
https://vocabs.acdh.oeaw.ac.at/defcthesaurus/chalcedony/3.13,Source,Class,chalcedony,"Chalcedony: a very fine‑grained (cryptocrystalline) variety of silica (quartz), a form of chert. It appears in concretionary, mammillated, or stalactitic masses with a waxy luster, compact fibrous structure, and fine splintery fracture.","- “Stein” has narrower concept “chalcedony”.
- “Chalcedony” is a broader concept’s narrower term under “Stein”.
- “Chalcedony” has broader concept “Stein”.
- “Stein” is the broader concept of “chalcedony”."
https://vocabs.acdh.oeaw.ac.at/defcthesaurus/chalice/4.185,Source,Class,kelch,"Kelch: a chalice-like cup with a stem and foot (pedestal) base. In digital humanities contexts (e.g., metadata, iconography, object catalogs), “Kelch” typically denotes this vessel form.","- “Kelch” is a broader concept within “pottery form.”  
- “Pottery form” has the narrower concept “Kelch.”"
https://vocabs.acdh.oeaw.ac.at/defcthesaurus/chamber_grave/5.7,Source,Class,chamber grave,"In digital humanities context, a “chamber grave” refers to a burial consisting of a constructed vault or subterranean chamber used as a burial place.","- “chamber grave” is a broader concept of “grave type”. → “chamber grave” has broader concept “grave type”.
- “grave type” has a narrower concept “chamber grave”."
https://vocabs.acdh.oeaw.ac.at/defcthesaurus/chamois/5.40,Source,Class,rupicapra rupicapra,"Rupicapra rupicapra is the scientific (Latin binomial) name for the chamois, a species of mountain goat-antelope native to European mountains (Alps, Carpathians, etc.). In a digital humanities context, it would typically appear as a taxonomic entity in annotated texts, metadata, or ontologies, where its binomial standardizes references across languages and sources.","- “Rupicapra rupicapra” is a broader concept of “mammal”.  
- “mammal” is a narrower concept of “Rupicapra rupicapra”."
https://vocabs.acdh.oeaw.ac.at/defcthesaurus/channel/5.2,Source,Class,channel,"In digital humanities, “channel” refers to a pathway or medium through which information, data, or communication flows (e.g., a data stream, communication medium, or distribution route). Drawing on the extra information, it parallels a gully or groove that directs water: a structured conduit that guides the flow—here, of digital content or signals—toward a destination.","- channel is a broader concept of installation.
- installation has narrower concept channel."
https://vocabs.acdh.oeaw.ac.at/defcthesaurus/charcoal/4.1,Source,Class,charcoal,"In digital humanities, charcoal refers to the light, black carbon-rich residue left after removing water and volatiles from organic materials (animal or plant). In archaeological contexts, charcoal is significant because it can be used for dating analysis (e.g., radiocarbon dating) to establish timelines for past human activities and sites.","- charcoal is a broader concept’s narrower term of dating material.
- dating material has the narrower concept charcoal."
https://vocabs.acdh.oeaw.ac.at/defcthesaurus/cheese_pot/4.126,Source,Class,cheese pot,"In digital humanities artifact terminology, a “cheese pot” is a flat, open ceramic vessel used in cheese-making, characterized by a horizontal row of perforations (drillings) just below the rim to allow whey to drain from the curds.","- “Cheese Pot” is a narrower concept of pottery form.
- Pottery form has the narrower concept “Cheese Pot”.
- Pottery form is a broader concept of “Cheese Pot”."
https://vocabs.acdh.oeaw.ac.at/defcthesaurus/chert/3.12,Source,Class,kieselschiefer,"Kieselschiefer means “chert” (a very fine-grained quartz/silica rock). In Neolithic contexts, it includes varieties like jasper, chalcedony, agate, flint, porcelanite, and novaculite, and was used for tools and weapons.","- Flint is a broader term of Kieselschiefer.
- Stein is a narrower term of Kieselschiefer.
- radiolarite is a broader term of Kieselschiefer.
- Kieselschiefer is a broader term of Stein.
- Kieselschiefer has narrower terms Flint and radiolarite."
https://vocabs.acdh.oeaw.ac.at/defcthesaurus/chicken/5.40,Source,Class,huhn,"In digital humanities, “Huhn” most commonly refers to Peter H. Hühnen/Huhn or, more prominently, Hannes Huhn? However, the clearer contextual meaning is the German noun “Huhn,” which means “chicken.” It may appear in datasets, corpora, or examples illustrating lemmatization, POS tagging, or semantic analysis in German-language DH projects. If you’re referencing a specific scholar or tool named Huhn, please provide more context (author, project, or citation).","- ""Huhn"" ist ein Oberbegriff von ""Vogel"".  
- ""Vogel"" ist ein Unterbegriff von ""Huhn""."
https://vocabs.acdh.oeaw.ac.at/defcthesaurus/chickpea/6.5,Source,Class,kichererbse,"In the digital humanities context, “Kichererbse” is German for “chickpea.” It may appear in datasets, lexicons, or text corpora as a culinary/agricultural term (food item, crop) and can be mapped to controlled vocabularies (e.g., Wikidata Q4950) or lemmatized as a common noun (German: die Kichererbse; plural: Kichererbsen).","- “Kichererbse” is a broader term for “pea.”
- “pea” is a narrower term for “Kichererbse.”"
https://vocabs.acdh.oeaw.ac.at/defcthesaurus/chipped_disk/4.134,Source,Class,chipped disk,"In digital humanities, a “chipped disk” typically refers to a physically damaged storage medium (e.g., a CD/DVD or hard disk platter) with a chip or crack. It implies potential data loss, read errors, or the need for specialized recovery to preserve digital artifacts.","- “Werkzeug” has narrower concept “chipped disk”.
- “chipped disk” has broader concept “Werkzeug”."
https://vocabs.acdh.oeaw.ac.at/defcthesaurus/chipped_stone_tool_production/2.3,Source,Class,chipped stone tool production,Chipped stone tool production is the process of making tools from fine-grained (cryptocrystalline) stone by lithic reduction—removing flakes from a core through controlled striking to shape usable implements.,"- “Steinwerkzeug” is related to “chipped stone tool production”.
- “chipped stone tool production” is a narrower concept of “production”.
- “production” has the narrower concept “chipped stone tool production”.
- “chipped stone tool production” is related to “Steinwerkzeug”."
https://vocabs.acdh.oeaw.ac.at/defcthesaurus/chisel/4.69,Source,Class,chisel,"In digital humanities, “chisel” metaphorically refers to a precise tool or method used to cut, shape, or refine data, texts, or digital artifacts—by analogy to the long-bladed hand tool with a beveled cutting edge struck with a hammer or mallet to shape wood, stone, or metal.","- “Werkzeug” has a narrower concept “chisel”.
- “chisel” has a broader concept “Werkzeug”."
https://vocabs.acdh.oeaw.ac.at/defcthesaurus/chlorite/3.21,Source,Class,chlorite,"In this context, “chlorite” refers to a chemical compound that is a salt of chlorous acid, containing the chlorite ion with chlorine in the +3 oxidation state.","- chlorite is a broader concept of mineral.
- mineral has narrower concept chlorite."
https://vocabs.acdh.oeaw.ac.at/defcthesaurus/cicrular_scraper/4.4,Source,Class,cicrular scraper,"In digital humanities (archaeological context), a circular scraper is a discoid (round) scraper whose entire convex edge has been retouched. Synonyms: round scraper, discoid scraper.","- “cicrular scraper” is a broader concept of “retouched tool”. → Incorrect per SKOS; should be: “cicrular scraper” is a narrower concept of “retouched tool”.
- “retouched tool” has narrower concept “cicrular scraper”."
https://vocabs.acdh.oeaw.ac.at/defcthesaurus/circular/5.2,Source,Class,circular,"In this context, “circular” means round in shape—specifically, a building designed with a circular (round) ground plan.","- building shape has narrower concept circular.
- circular has broader concept building shape."
https://vocabs.acdh.oeaw.ac.at/defcthesaurus/cist_grave/5.1,Source,Class,cist grave,A cist grave is a prehistoric burial in which the body or ashes are placed in a small coffin-like container—typically a stone box or a hollowed-out tree trunk. The grave is often lined with upright stone slabs and covered with stone slabs. Common in Europe and Asia.,"- “cist grave” is a broader concept under “grave type.”
- “grave type” has the narrower concept “cist grave.”"
https://vocabs.acdh.oeaw.ac.at/defcthesaurus/claw/4.10,Source,Class,kralle,"Kralle: a curved, pointed, horny nail on each digit (toe) of the foot in birds, lizards, and some mammals; i.e., a claw.","- Kralle has broader concept animal remains part.
- Animal remains part has narrower concept Kralle."
https://vocabs.acdh.oeaw.ac.at/defcthesaurus/clay/2.19,Source,Class,clay,"In this context, “clay” refers to very fine soil particles (diameter < 0.005 mm) and rocks composed mainly of these particles. Clay is plastic when wet and hardens when dry, enabling uses like pottery and building materials. In digital humanities, such a definition would appear in digitized glossaries, archaeological datasets, or material culture records describing artifacts and construction materials.","- A narrower concept of “finds material” is “clay”.
- A narrower concept of “raw material” is “clay”.
- “Clay” is a broader concept of “finds material” and “raw material”."
https://vocabs.acdh.oeaw.ac.at/defcthesaurus/clay_floor/6.22,Source,Class,clay floor,"In this context, a “clay floor” is a compacted layer of clay intentionally laid down as a walking surface—i.e., the clay layer on which people tread, often found in archaeological or historical sites.","- “clay floor” is a broader term of “floor”. → Correction: “clay floor” is a narrower term of “floor”.
- “floor” has the narrower term “clay floor”."
https://vocabs.acdh.oeaw.ac.at/defcthesaurus/clay_platform/6.26,Source,Class,clay platform,"In digital humanities, “clay platform” refers to a raised, flat clay surface—typically with a ridge—used as a material or modeled feature in archaeological contexts (e.g., an earthen podium or working surface) that might be documented, analyzed, or reconstructed digitally.","- “clay platform” is a broader term of “platform”. → Incorrect per SKOS; correct reading: “clay platform” has broader “platform”, so: “clay platform” is a type of “platform”.
- “platform” has narrower “clay platform”. → “clay platform” is a narrower term of “platform”."
https://vocabs.acdh.oeaw.ac.at/defcthesaurus/clay_structure/5.16,Source,Class,clay structure,"Clay structure: a manmade construction made of clay, typically found inside a cave or rock shelter, serving as archaeological evidence of human occupation. (5.6)","- “clay structure” is a narrower concept of “Nachweis von menschlichen Tätigkeiten”.
- “clay structure” is a narrower concept of “architecture”.
- “Nachweis von menschlichen Tätigkeiten” is a broader concept of “clay structure”.
- “architecture” is a broader concept of “clay structure”."
https://vocabs.acdh.oeaw.ac.at/defcthesaurus/coarse/4.252,Source,Class,coarse,"In this context, coarse means having a rough, less-refined texture and finish—e.g., thicker walls, larger grit inclusions, and minimal surface smoothing, resulting in a visibly and tactilely rough appearance.","- “Oberflächenbehandlung” has narrower concept “coarse”.
- “coarse” has broader concept “Oberflächenbehandlung”."
https://vocabs.acdh.oeaw.ac.at/defcthesaurus/coarse_urfirnis/5.164,Source,Class,grober urfirnis,"Grober Urfirnis refers to a coarse, early Iron Age/Archaic pottery type characterized by a matte, glaze-like surface coating (firnis) applied as paint. In digital humanities contexts, it denotes a classification category for coarse pottery decorated with a glaze-like paint.","- “Grober Urfirnis” is broader concept of “Ritzverziert”.
- “Ritzverziert” has narrower concept “Grober Urfirnis”."
https://vocabs.acdh.oeaw.ac.at/defcthesaurus/coast/2.1,Source,Class,k ste,Küste means “coast” or “seashore” — the part of land adjoining or near the sea.,"- “Küste” has broader concept “topography”.
- “topography” has narrower concept “Küste”."
https://vocabs.acdh.oeaw.ac.at/defcthesaurus/coil/4.133,Source,Class,coil,"In digital humanities, “COIL” commonly refers to Collaborative Online International Learning: a pedagogy where students and instructors from institutions in different countries collaborate virtually on shared course modules or projects.","- “Werkzeug” has a narrower concept “coil”.
- “coil” has a broader concept “Werkzeug”."
https://vocabs.acdh.oeaw.ac.at/defcthesaurus/collared_bowl/5.146,Source,Class,collared bowl,"In digital humanities (material culture/archaeology), a collared bowl is a shallow open vessel whose neck features a raised band or series of bands—i.e., a “collar”—at the base of the neck.","- “Schüssel” has the narrower concept “collared bowl”.
- “collared bowl” has the broader concept “Schüssel”."
https://vocabs.acdh.oeaw.ac.at/defcthesaurus/collared_jar/5.127,Source,Class,collared jar,"In digital humanities (e.g., archaeological typologies), a collared jar is a closed vessel—typically with two or no handles—characterized by a raised band or series of bands at the base of the neck (the “collar”).","- collared jar is a broader concept of jar.
- jar has the narrower concept collared jar."
https://vocabs.acdh.oeaw.ac.at/defcthesaurus/complete/4.1,Source,Class,complete,"In this digital humanities context, “complete” means whole and intact, with no significant parts missing. So “the animal remains found were complete” indicates the remains included all (or nearly all) parts of the animal.","- “complete” is a broader concept under “completness of animal remains”.  
- “completness of animal remains” has the narrower concept “complete”."
https://vocabs.acdh.oeaw.ac.at/defcthesaurus/completness_of_animal_remains/3.05,Source,Class,completness of animal remains,"In digital humanities (e.g., zooarchaeology datasets), completeness of animal remains refers to the degree to which a specimen or skeletal element is preserved relative to its original form. It typically indicates:

- Element-level completeness: what proportion of a specific bone is present (e.g., % of a femur recovered).
- Individual-level completeness: how many and which skeletal elements from a single animal are present.
- Assemblage-level completeness: overall preservation bias in a collection (e.g., dominance of durable elements).

It is used to assess preservation quality, recovery bias, and the reliability of quantitative analyses (e.g., MNI, NISP), and is often recorded as percentages, categorical codes, or descriptive tags in databases.","- Tierüberreste has narrower concept completness of animal remains.
- complete has broader concept completness of animal remains.
- incomplete has broader concept completness of animal remains.
- completness of animal remains has broader concept Tierüberreste.
- completness of animal remains has narrower concepts complete and incomplete."
https://vocabs.acdh.oeaw.ac.at/defcthesaurus/concave_flat_base/5.139,Source,Class,konkaver flachboden,“Konkaver Flachboden” means a concave flat base of a vessel—the flat lower portion of the body that meets the resting surface but is shaped inward (inverted/concave).,"- “Konkaver Flachboden” is a broader concept of “base”.
- “base” is a narrower concept of “Konkaver Flachboden”."
https://vocabs.acdh.oeaw.ac.at/defcthesaurus/concrete/6.16,Source,Class,concrete,"In digital humanities, “concrete” means literal, specific, or tangible (as opposed to abstract). Extra info: in construction, concrete is a material made by mixing gravel/pebbles/broken stone with cement.","- building material has narrower concept concrete.
- concrete has broader concept building material."
https://vocabs.acdh.oeaw.ac.at/defcthesaurus/cone/4.119,Source,Class,kegel,"In this context, “Kegel” refers to a small, elongated, pyramid-shaped ceramic cone (a pyrometric cone), made in numbered sequences from controlled ceramic mixtures, which softens and bends at specific temperatures to indicate heatwork in a kiln.","- “Kegel” is a broader concept’s narrower term: “Kegel” is narrower than “Werkzeug.”
- “Werkzeug” has a narrower concept: “Werkzeug” is broader than “Kegel.”"
https://vocabs.acdh.oeaw.ac.at/defcthesaurus/conical_core/4.4,Source,Class,conical core,"In this context, conical core refers to a stone blade core shaped like a cone, from which blades or bladelets were struck during lithic production. It denotes a conical-shaped nucleus used to detach elongated flakes.","- conical core is a broader concept of core.
- core has narrower concept conical core."
https://vocabs.acdh.oeaw.ac.at/defcthesaurus/consecutive_burials/5.1,Source,Class,nachbestattung,"In digital humanities/archaeological context, Nachbestattung means a secondary burial: a later interment placed into an existing grave, often cutting into or intersecting the earlier grave.","- “Nachbestattung” is a broader concept’s narrower term: it is a narrower concept of “grave disturbance.”
- “Grave disturbance” has a narrower concept: “Nachbestattung.”"
https://vocabs.acdh.oeaw.ac.at/defcthesaurus/construction_of_settlement/5.2,Source,Class,st rung durch nachfolgende siedlung,It means “disturbance/damage caused by a later (subsequent) settlement.” In your context: the grave was disrupted by construction from a later settlement built on the site.,"- “Störung durch nachfolgende Siedlung” is a broader concept of “grave disturbance.”
- “Grave disturbance” has the narrower concept “Störung durch nachfolgende Siedlung.”"
https://vocabs.acdh.oeaw.ac.at/defcthesaurus/copper/3.31,Source,Class,copper,"In a digital humanities context, “copper” would refer to the chemical element Copper (Cu)—a reddish, highly ductile metal that can occur in a free metallic state—likely as a data point or concept within a dataset, text, or metadata (e.g., materials in historical artifacts, trade records, or textual mentions). The relevant meaning here is the element Cu as described: a reddish, extremely ductile metal sometimes found natively.","- “Metall” has narrower concept “copper”.
- “copper” has broader concept “Metall”."
https://vocabs.acdh.oeaw.ac.at/defcthesaurus/core/3.12,Source,Class,core,"In digital humanities, “core” usually means:

- The essential set of concepts, skills, or methods considered foundational to the field (e.g., text encoding, data curation, metadata, computational analysis).
- A central component or module of a tool/platform (e.g., a “core” library or engine).
- The principal dataset or corpus a project is built around (“core corpus/data”).

If you have a specific sentence, I can pinpoint which sense applies.","- Abschlagkern is a broader concept of core.
- Bullet core is a broader concept of core.
- Klingenkern is a broader concept of core.
- Steinwerkzeug has narrower concept core.
- bidirectional core is a broader concept of core.
- conical core is a broader concept of core.
- core fragment is a broader concept of core.
- naviform core is a broader concept of core.
- unidirectional core is a broader concept of core.
- wedge-shaped core is a broader concept of core.
- core is a broader concept of Steinwerkzeug.
- core has narrower concepts: Abschlagkern, Bullet core, Klingenkern, bidirectional core, conical core, core fragment, naviform core, unidirectional core, wedge-shaped core."
https://vocabs.acdh.oeaw.ac.at/defcthesaurus/core_fragment/4.5,Source,Class,core fragment,"In digital humanities, a “core fragment” refers to a piece of a core—of any typology—used when the core is incomplete or too fragmented to determine its main type.","- “core” has narrower concept “core fragment”.
- “core fragment” has broader concept “core”."
https://vocabs.acdh.oeaw.ac.at/defcthesaurus/core_preparation/3.013,Source,Class,core preparation,"In digital humanities, “core preparation” usually refers to the foundational training and setup needed to do DH work effectively. It typically includes:

- Conceptual grounding: basic DH methods and theories (text analysis, spatial analysis, data curation).
- Technical skills: data literacy, scripting (e.g., Python/R), markup (XML/TEI), databases, version control (Git), and relevant tools/platforms.
- Data readiness: sourcing, cleaning, formatting, and documenting humanities data; metadata and standards.
- Ethical/legal basics: copyright, data ethics, attribution, and reproducibility.
- Project scaffolding: workflows, collaboration practices, and minimal infrastructure to start a DH project.","- Steinwerkzeug has narrower concept core preparation.
- Cortical blade has broader concept core preparation.
- Crested blade has broader concept core preparation.
- Crested flake has broader concept core preparation.
- Tablet has broader concept core preparation.
- Core preparation has broader concept Steinwerkzeug.
- Core preparation has narrower concept cortical blade.
- Core preparation has narrower concept crested blade.
- Core preparation has narrower concept crested flake.
- Core preparation has narrower concept tablet."
https://vocabs.acdh.oeaw.ac.at/defcthesaurus/cortical_blade/4.6,Source,Class,cortical blade,"In digital humanities, “cortical blade” typically refers to a core conceptual layer or “sheet” of information in a model or visualization that’s inspired by the brain’s cortex: a structured, layered surface where data (texts, images, artifacts) are mapped to reveal patterns across a continuous space. It’s used metaphorically to describe:

- A layered, planar data representation (e.g., a 2D “sheet” of features).
- A scaffold for projecting complex cultural/linguistic signals to analyze structure, density, and connectivity.
- A way to organize multi-scale annotations or features in stratified “layers,” akin to cortical laminae.

If you saw it in a specific project, it likely denotes the project’s main layered analytic surface for mapping and comparing humanities data.","- “core preparation” has narrower concept “cortical blade”.
- “cortical blade” has broader concept “core preparation”."
https://vocabs.acdh.oeaw.ac.at/defcthesaurus/courtyard/5.23,Source,Class,courtyard,"In digital humanities, a courtyard refers to an accessible open-air space that is surrounded on three or four sides, often used as a spatial feature in architectural datasets, heritage records, or 3D reconstructions of historical sites.","- “courtyard” is a broader concept’s narrower term of “place”. → “courtyard” is narrower than “place”.
- “place” has “courtyard” as a narrower concept. → “place” is broader than “courtyard”."
https://vocabs.acdh.oeaw.ac.at/defcthesaurus/cremation/6.1,Source,Class,cremation,"In digital humanities, “cremation” typically refers to the cultural practice of reducing a body to ashes through burning, studied via digitized sources (texts, images, datasets) to analyze its historical, social, religious, and ritual meanings, spatial-temporal patterns, and representations across media.","- “Art der menschlichen Überreste” has narrower concept “cremation”.
- “cremation” has broader concept “Art der menschlichen Überreste”."
https://vocabs.acdh.oeaw.ac.at/defcthesaurus/crescent-shaped_handle/5.171,Source,Class,crescent shaped handle,"In this digital humanities context, a “crescent-shaped handle” refers to a handle whose form resembles a half-moon: a curved, arc-like grip with open ends tapering toward each other. It denotes a moon/half-moon (crescent) profile rather than a straight or fully circular handle.","- “crescent-shaped handle” is a broader term of “handle”. → “crescent-shaped handle” is a kind of handle.
- “handle” has the narrower term “crescent-shaped handle”. → A narrower term of “handle” is “crescent-shaped handle”."
https://vocabs.acdh.oeaw.ac.at/defcthesaurus/crested_blade/4.7,Source,Class,crested blade,"In digital humanities, a “crested blade” typically refers to a shaped graphical or typographical element whose profile features a raised ridge or “crest.” You’ll see it in:
- Iconography or UI design: a blade-like shape with a central ridge used as a motif or separator.
- Digital representations of artifacts or heraldry: a blade (weapon or tool) depicted with a pronounced ridge line (the crest) along its length.

So, it denotes a blade form characterized by a central raised spine, whether in digital visualization, typographic ornament, or modeled artifacts.","- core preparation has narrower concept crested blade.
- crested blade has broader concept core preparation."
https://vocabs.acdh.oeaw.ac.at/defcthesaurus/crested_flake/4.8,Source,Class,crested flake,"In digital humanities, “crested flake” typically refers to an archaeological lithic term you’ll encounter in digitized site reports or datasets: a flake whose dorsal surface has a central longitudinal ridge (“crest”) formed during core preparation. It’s used to identify early stages of stone tool production in lithic analysis and is often a metadata/category term in digital corpora.","- core preparation has narrower concept crested flake.
- crested flake has broader concept core preparation."
https://vocabs.acdh.oeaw.ac.at/defcthesaurus/crucible/4.67,Source,Class,crucible,"In this digital humanities context, “crucible” refers to a small, coarse pottery (or other refractory material) vessel used to hold molten metal during melting, testing, or casting.","- Werkzeug has narrower concept crucible.
- Crucible has broader concept Werkzeug."
https://vocabs.acdh.oeaw.ac.at/defcthesaurus/cup/4.107,Source,Class,cup,"In this digital humanities context, “cup” refers to a small open drinking vessel, typically with a handle.","- “cup” is a broader concept of “pottery form”.
- “pottery form” is a narrower concept of “cup”."
https://vocabs.acdh.oeaw.ac.at/defcthesaurus/curved_tapered-up_rim/5.140,Source,Class,curved tapered up rim,"In digital humanities (e.g., vessel typology), a curved tapered-up rim refers to the rim area of a vessel where the wall near the orifice curves and becomes progressively thinner toward the edge. It denotes a rim profile that is both curved in section and tapered (thinned) as it approaches the mouth.","- “curved tapered-up rim” is a broader concept of “rim”. → “curved tapered-up rim” is a kind of rim.
- “rim” has the narrower concept “curved tapered-up rim”. → A narrower term of “rim” is “curved tapered-up rim.”"
https://vocabs.acdh.oeaw.ac.at/defcthesaurus/dagger/5.72,Source,Class,dagger,"In digital humanities, a dagger (†) is a typographic symbol used as a reference mark, often for footnotes, annotations, or indicating obsolescence or death. (Note: not the physical weapon described in the extra information.)","- “dagger” is a broader concept’s narrower term of “weapon”. → dagger is a type of weapon.
- “weapon” has the narrower concept “dagger”. → weapon includes dagger."
https://vocabs.acdh.oeaw.ac.at/defcthesaurus/dark_faced_burished_ware_dfbw/5.247,Source,Class,gegl ttete keramik mit dunklem berzug,"It means: Burnished ware with a dark slip (i.e., pottery smoothed/polished and coated with a dark slip).","- “Geglättet” has narrower concept “Geglättete Keramik mit dunklem Überzug”.
- “Geglättete Keramik mit dunklem Überzug” has broader concept “Geglättet”."
https://vocabs.acdh.oeaw.ac.at/defcthesaurus/dating/2.060,Source,Class,dating,"In digital humanities, “dating” means determining or assigning a date (or date range) to an object of study—such as a manuscript, text, image, dataset, or event—so it can be analyzed chronologically. It involves methods like metadata annotation, paleographic or stylistic analysis, internal textual clues, external records, and computational techniques (e.g., stylometry, NLP-based date inference), often expressing uncertainty with ranges or probabilities and standardizing formats (e.g., ISO 8601).","- “Archäomagnetismus” is a broader concept of “dating”.
- “C14-Datierung” is a broader concept of “dating”.
- “Sauerstoffisotopenanalyse” is a broader concept of “dating”.
- “area dating” is an exact match of “dating”.
- “dating: dendrochronology” is a broader concept of “dating”.
- “dating: lead isotope dating” is a broader concept of “dating”.
- “dating: luminescence dating” is a broader concept of “dating”.
- “dating: mitochondrial dna” is a broader concept of “dating”.
- “special analysis” is a narrower concept of “dating”.
- “dating” is a broader concept of “special analysis”.
- “dating” is an exact match of “area dating”.
- “dating” has the narrower concepts “Archäomagnetismus”, “C14-Datierung”, “Sauerstoffisotopenanalyse”, “dating: dendrochronology”, “dating: lead isotope dating”, “dating: luminescence dating”, and “dating: mitochondrial dna”."
https://vocabs.acdh.oeaw.ac.at/defcthesaurus/dating_archaeomagnetism/3.6,Source,Class,arch omagnetismus,"Archäomagnetismus (archaeomagnetism) is the dating method that measures the remanent magnetization direction preserved in magnetic minerals. In archaeology, it is used to date fired structures in situ since their last heating and to date sediments that settled in non-turbulent waters. In the UK, calibration curves currently extend back to 1 BC.","- Archäomagnetismus is a broader concept of dating.
- Dating has the narrower concept Archäomagnetismus."
https://vocabs.acdh.oeaw.ac.at/defcthesaurus/dating_dendrochronology/3.7,Source,Class,dating dendrochronology,"Dating by dendrochronology is the method of determining the age of wood by measuring its annual tree-ring growth. In temperate regions, most tree species form distinct yearly rings; by matching a sample’s ring pattern to established regional chronologies, a specific calendar year can be assigned. Reliable dating requires a regional sequence; for example, in Germany the current master chronology extends from the present back to about 14 years ago (as noted).","- “Dendrochronologie” exactly matches “dating: dendrochronology”.
- “dating” has narrower concept “dating: dendrochronology”.
- “dating: dendrochronology” is a broader concept of “dating”.
- “dating: dendrochronology” exactly matches “Dendrochronologie”."
https://vocabs.acdh.oeaw.ac.at/defcthesaurus/dating_lead_isotope_dating/3.8,Source,Class,dating lead isotope dating,"Lead isotope dating is a dating technique that determines age by measuring the decay of radioactive lead (Pb) isotopes. In digital humanities contexts (e.g., heritage science), it can be applied to date sediments and lead-based paints, especially effective for very recent materials roughly 1–4 years old.","- dating has narrower concept dating: lead isotope dating.
- dating: lead isotope dating has broader concept dating."
https://vocabs.acdh.oeaw.ac.at/defcthesaurus/dating_luminescence_dating/3.9,Source,Class,dating luminescence dating,"In digital humanities (and archaeology), luminescence dating refers to methods that estimate the age of materials by measuring the accumulated electrical charge trapped in crystals (e.g., quartz, feldspar). When the material was last heated or exposed to sunlight, the “clock” was reset; the stored charge that builds up afterward is measured to determine the time elapsed since that event.","- dating has narrower concept dating: luminescence dating.
- dating: luminescence dating has broader concept dating."
https://vocabs.acdh.oeaw.ac.at/defcthesaurus/dating_material/3.046,Source,Class,dating material,"In digital humanities (and archaeology), “dating material” means the physical sample used to determine the age of an artifact or context—e.g., organic remains selected for radiocarbon dating (charcoal, bone, seeds, wood), prepared and measured to produce a date estimate.","- Knochen is a broader concept of dating material.  
- Korn is a broader concept of dating material.  
- PeriodSchema has top concept dating material.  
- Samen is a broader concept of dating material.  
- Area dating has a narrower concept dating material.  
- Ceramics is a broader concept of dating material.  
- Charcoal is a broader concept of dating material.  
- Dating material is a broader concept of area dating.  
- Dating material has the narrower concepts Knochen, Korn, Samen, ceramics, and charcoal.  
- Dating material is the top concept of PeriodSchema."
https://vocabs.acdh.oeaw.ac.at/defcthesaurus/dating_method/3.045,Source,Class,dating method,"In digital humanities, a dating method is any technique used to determine the time or period to which a text, artifact, or event belongs. It includes:

- Internal evidence: linguistic features, orthography, content references, watermarks, metadata.
- External evidence: provenance records, publication data, archival catalogs.
- Computational approaches: stylometry, n-gram drift, topic modeling, citation/network analysis, machine learning classifiers.
- Scientific/forensic methods for materials: radiocarbon dating, ink/paper analysis, spectral imaging.

Purpose: to assign absolute dates (specific years) or relative dates (ordering in time) to support chronology, authorship, transmission, and historical interpretation.","- Dendrochronologie is a broader concept of dating method.
- PeriodSchema has top concept dating method.
- area dating has a narrower concept dating method.
- materielle Kultur is a broader concept of dating method.
- none recorded is a broader concept of dating method.
- radiocarbon dating is a broader concept of dating method.
- dating method is a broader concept of area dating.
- dating method has narrower concepts Dendrochronologie, materielle Kultur, none recorded, radiocarbon dating.
- dating method is the top concept of PeriodSchema."
https://vocabs.acdh.oeaw.ac.at/defcthesaurus/dating_mitochondrial_dna/3.10,Source,Class,dating mitochondrial dna,"Dating: mitochondrial DNA refers to estimating the age of population origins or events by analyzing mutations in mitochondrial DNA, assuming a steady mutation rate. It can be used to assign approximate dates to populations and, by extension, to stratigraphic layers containing their fossil remains.","- “dating” has narrower concept “dating: mitochondrial dna”.
- “dating: mitochondrial dna” has broader concept “dating”."
https://vocabs.acdh.oeaw.ac.at/defcthesaurus/dating_oxygen_isotope_analysis/3.11,Source,Class,sauerstoffisotopenanalyse,"Sauerstoffisotopenanalyse is the analysis of oxygen isotope ratios (typically 18O/16O) in materials like ice cores or ocean sediment cores to infer past environmental conditions—especially temperature and global ice volume—thus enabling the dating and reconstruction of global environmental change. In digital humanities contexts, it often appears as a dataset or metadata field used to contextualize historical/climate-related sources and narratives.","- “Sauerstoffisotopenanalyse” is a broader concept of “dating”.
- “dating” has the narrower concept “Sauerstoffisotopenanalyse”."
https://vocabs.acdh.oeaw.ac.at/defcthesaurus/dating_radiocarbon_dating/3.12,Source,Class,c14 datierung,"C14-Datierung (radiocarbon dating) is a dating method that measures the ratio of radioactive carbon-14 (C-14) to stable carbon isotopes in organic materials (e.g., wood, bone) to estimate their age. In digital humanities, it’s used to date artifacts and samples. According to the given info, it is useful for dating organic materials between about 5 and 45 years old.","- “C14-Datierung” is a narrower concept of “dating”.
- “radiocarbon dating” is an exact match of “C14-Datierung”.
- “C14-Datierung” is a broader concept’s child of “dating”.
- “C14-Datierung” exactly matches “radiocarbon dating”."
https://vocabs.acdh.oeaw.ac.at/defcthesaurus/deep_bowl/5.178,Source,Class,sch ssel,"Schüssel: a low, open vessel (bowl) whose rim diameter is the same as or smaller than its height.","- “Schüssel” has broader concept “Schüssel”.
- “Schüssel” has narrower concept “Schüssel”."
https://vocabs.acdh.oeaw.ac.at/defcthesaurus/deer/5.036,Source,Class,deer,"In digital humanities, “DEER” often refers to the platform Digital Enhanced Experience for Research (or similar backronyms), but more commonly, “deer” appears as a lexical item studied in corpora: it denotes a hoofed ruminant (family Cervidae). Scholars analyze its semantic shifts (e.g., Old English dēor meaning “animal” broadly) and its cultural symbolism in texts, images, and metadata. If you mean the animal term: “deer” = a cervid; historically, in early English, a general term for wild animal.","- “Dama dama” is a broader concept of “deer”. (broader)
- “mammal” has a narrower concept “deer”. (narrower)
- “red deer” is a broader concept of “deer”. (broader)
- “roe deer” is a broader concept of “deer”. (broader)
- “deer” is a broader concept of “mammal”. (broader)
- “deer” has the narrower concepts “Dama dama”, “red deer”, and “roe deer”. (narrower)"
https://vocabs.acdh.oeaw.ac.at/defcthesaurus/dendrochronology/4.2,Source,Class,dendrochronologie,"Dendrochronologie is the dating method in digital humanities (and archaeology) that measures annual tree-ring growth in temperate-zone species to date wooden objects or structures. It relies on matching a sample’s ring pattern to established regional chronologies—some, like in Germany, extend from the present back roughly 14,000 years.","- “dating method” has narrower concept “Dendrochronologie”.
- “dating: dendrochronology” exactly matches “Dendrochronologie”.
- “Dendrochronologie” has broader concept “dating method”.
- “Dendrochronologie” exactly matches “dating: dendrochronology”."
https://vocabs.acdh.oeaw.ac.at/defcthesaurus/denticulate/4.5,Source,Class,denticulate,"Denticulate: a blade or flake whose working edge has several small, tooth-like (dentate/serrated) notches.","- “denticulate” is a broader concept’s narrower term of “retouched tool.”
- “retouched tool” has the narrower term “denticulate.”"
https://vocabs.acdh.oeaw.ac.at/defcthesaurus/dimini_bowl/5.129,Source,Class,dimini bowl,"A “Dimini bowl” refers to a characteristic Neolithic vessel type from the Dimini culture (Late Neolithic Thessaly, Greece). It typically has a conical body with a flat base and a strongly inverted rim, features pairs or quartets of small string-hole lugs symmetrically around the rim (for suspension or tying a cover), and is fully decorated inside and out with geometric motifs.","- “Schüssel” has the narrower concept “dimini bowl”.
- “dimini bowl” has the broader concept “Schüssel”."
https://vocabs.acdh.oeaw.ac.at/defcthesaurus/direct_percussion/5.1,Source,Class,direct percussion,"Direct percussion is the action of striking one object with another, where the force is applied directly by a hammer. In digital humanities contexts (e.g., archaeological toolmaking studies), it refers to removing flakes or shaping materials by hitting them directly with a hammerstone or hammer.","- direct percussion is a broader concept of lithics technology.
- lithics technology has the narrower concept direct percussion."
https://vocabs.acdh.oeaw.ac.at/defcthesaurus/disc/4.63,Source,Class,disk,"In this context, a disc is a circular, biconcave stone artifact—often quartz, granite, flint, hematite, slate, or basalt—ranging roughly 0.25–23 cm in diameter and 0.5–9 kg in weight. Some examples have a central perforation or edge flanges. They likely served ceremonial or ritual functions or were used as mixing surfaces for herbs or medicines.","- “Werkzeug” has narrower concept “disc”.
- “disc” has broader concept “Werkzeug”."
https://vocabs.acdh.oeaw.ac.at/defcthesaurus/dog/5.10,Source,Class,dog,"In digital humanities, “dog” typically refers to:

- A lexical item/token: the word “dog” as it appears in texts, subject to corpus analysis (frequency, collocations, sentiment, semantic shift).
- A concept/category: representations of dogs in culture (metaphor, symbolism, species discourse) analyzed across media.
- A metadata/tag entity: an annotation label for topics, characters, or imagery involving dogs.
- A lemma: the base form grouping variants (dog, dogs, dog’s).
- An OCR challenge: frequently misread characters (e.g., “dog” vs. “clog” or “do9”) in digitized texts.
- A node in a knowledge graph: linked to related entities (animals, pets, breeds, narratives).
- A keyword for search/retrieval: used in topic modeling, keyword-in-context, or vector semantics.

So “dog” is analyzed not just as an animal, but as a data feature within texts/media enabling computational and interpretive study.","- dog is broader concept of mammal.
- mammal has narrower concept dog."
https://vocabs.acdh.oeaw.ac.at/defcthesaurus/dome-shaped_shallow_bowl/5.108,Source,Class,dome shaped shallow bowl,"In this context, a dome-shaped shallow bowl is a hemispherical, low, open vessel whose rim diameter is roughly twice its height. It has a rounded (dome-like) profile, broad opening, and relatively low wall, used as a descriptive typological term in digital humanities for classifying vessel forms.","- “Schüssel” has the narrower concept “dome-shaped shallow bowl.”
- “Dome-shaped shallow bowl” has the broader concept “Schüssel.”"
https://vocabs.acdh.oeaw.ac.at/defcthesaurus/donkey/5.21,Source,Class,equus asinus,"Equus asinus is the scientific (Latin) name for the donkey. In digital humanities, it might appear in metadata, taxonomies, or historical texts to standardize references to the species across datasets and sources.","- “Equus asinus” is a broader concept than “mammal”.  
- “mammal” is a narrower concept of “Equus asinus”."
https://vocabs.acdh.oeaw.ac.at/defcthesaurus/double-baked_blade/4.7,Source,Class,double baked blade,"In digital humanities lithic terminology, a double-backed blade is a blade whose two lateral edges have been intentionally blunted (backed) by retouch. If small enough, such pieces are classified as backed bladelets (microliths); larger pieces are termed backed blades.","- double-baked blade is a broader concept of retouched tool.
- retouched tool has the narrower concept double-baked blade."
https://vocabs.acdh.oeaw.ac.at/defcthesaurus/double-horned_wishbone_handle/6.156,Source,Class,double horned wishbone handle,"In digital humanities artifact description, a “double-horned wishbone handle” refers to a loop handle shaped like a bird’s furcula (wishbone), oriented horizontally and functioning as a liminal element (a threshold or transitional feature on the vessel/object). It has two applied, horn-like terminals—each tapering from a narrow attachment point to a much wider end—creating a twin-lobed, wishbone silhouette. This term describes the handle’s form and placement rather than symbolic meaning.","- “Gabelhenkel” has the narrower concept “double-horned wishbone handle.”
- “double-horned wishbone handle” has the broader concept “Gabelhenkel.”"
https://vocabs.acdh.oeaw.ac.at/defcthesaurus/double_tab_handle/6.97,Source,Class,doppelter grifflappen,"In a digital humanities context, Doppelter Grifflappen refers to a “double flat handle” motif or form—typically a descriptive term in material culture/archaeological metadata for an object (e.g., a vessel) featuring two flat handles. It’s used as a controlled-vocabulary label for cataloging and analysis.","- “Doppelter Grifflappen” is a broader concept of “tab handle.”
- “tab handle” has the narrower concept “Doppelter Grifflappen.”"
https://vocabs.acdh.oeaw.ac.at/defcthesaurus/double_truncation/4.6,Source,Class,double truncation,"In digital humanities (archaeological lithics terminology), double truncation refers to a blade that has steep retouch creating truncations at both of its broken ends.","- “double truncation” is a broader term’s narrower concept of “retouched tool.”
- “retouched tool” has the narrower concept “double truncation.”"
https://vocabs.acdh.oeaw.ac.at/defcthesaurus/drill/4.121,Source,Class,drill,"In digital humanities/archaeological lithics context, a drill is a blade (or rarely a flake) whose retouch creates a pointed tip used for making holes.","- “Werkzeug” has narrower concept “drill”.
- “retouched tool” has narrower concept “drill”.
- “drill” has broader concept “Werkzeug”.
- “drill” has broader concept “retouched tool”."
https://vocabs.acdh.oeaw.ac.at/defcthesaurus/dross/4.129,Source,Class,schrott,"In digital humanities context, “Schrott” refers to “dross” or “scrap”—specifically the scum formed by oxidation on the surface of molten metals.","- “Schrott” has a broader concept: “other”.
- “other” has a narrower concept: “Schrott”."
https://vocabs.acdh.oeaw.ac.at/defcthesaurus/duck/5.038,Source,Class,duck,"In digital humanities, “DUCK” most commonly refers to DUCK typing—a programming concept (from Python and other dynamic languages) used in many DH projects. It means objects are judged by the methods/attributes they provide rather than their formal type (“if it quacks like a duck…”). This allows flexible handling of texts, metadata, and media objects without strict class hierarchies, facilitating rapid prototyping, interoperability, and polymorphic processing in DH workflows.","- “Stockente” is a narrower concept of “duck”.
- “Vogel” is a broader concept of “duck”.
- “duck” is a narrower concept of “Vogel”.
- “duck” is a broader concept of “Stockente”."
https://vocabs.acdh.oeaw.ac.at/defcthesaurus/dugout/4.115,Source,Class,dugout,"In digital humanities context, “dugout” refers to a simple canoe made from a single tree trunk, hollowed out by burning or chopping.","- “fishing object” is related to “dugout”.
- “other” has narrower concept “dugout”.
- “dugout” has broader concept “other”.
- “dugout” is related to “fishing object”."
https://vocabs.acdh.oeaw.ac.at/defcthesaurus/ear_handle/5.118,Source,Class,ohrhenkel,"Ohrhenkel: a vertical loop handle shaped like an ear (ear-shaped handle), used to describe handles on artifacts/vessels in digital humanities metadata and typologies.","- “Ohrhenkel” is a broader concept of “handle”.
- “handle” is a narrower concept of “Ohrhenkel”."
https://vocabs.acdh.oeaw.ac.at/defcthesaurus/ear_plug/4.79,Source,Class,ohrstecker,"In this context, “Ohrstecker” refers to a short, cylindrical stud-style earring—specifically a plug/tunnel-type piece of jewelry typically used in larger-gauge ear piercings.","- „Ohrstecker“ ist ein Oberbegriff von „Schmuck“.  
- „Schmuck“ hat den Unterbegriff „Ohrstecker“."
https://vocabs.acdh.oeaw.ac.at/defcthesaurus/earring/4.81,Source,Class,ohrring,"In the digital humanities context, “Ohrring” is the German word for “earring,” i.e., a piece of jewelry worn on the ear, typically attached via a piercing in the earlobe or another external part of the ear.","- Ohrring is a broader concept of Schmuck.
- Schmuck has the narrower concept Ohrring."
https://vocabs.acdh.oeaw.ac.at/defcthesaurus/einkorn_wheat/6.6,Source,Class,einkorn,"In digital humanities, “Einkorn” most likely refers metaphorically to a single, foundational “grain” of data or text—akin to the ancient wheat species einkorn (Triticum monococcum)—used to denote a primary, minimal, or original unit (e.g., a base manuscript witness, a core dataset, or an initial lexical item) from which variants or analyses grow. If capitalized as a project/tool name, it could be a DH resource named after the grain, emphasizing primitiveness/simplicity or origin.","- “Einkorn” is a broader concept’s narrower term of “Weizen”.
- “Weizen” has the narrower concept “Einkorn”."
https://vocabs.acdh.oeaw.ac.at/defcthesaurus/elephant_lug/6.68,Source,Class,r sselhenkel,"Rüsselhenkel: A vessel handle shaped like an elephant’s head (with its trunk), i.e., a lug in the form of an elephant head.","- “Rüsselhenkel” is a broader concept of “lug”.
- “lug” is a narrower concept of “Rüsselhenkel”."
https://vocabs.acdh.oeaw.ac.at/defcthesaurus/elongated_handle/5.170,Source,Class,elongated handle,"In this digital humanities context, “elongated handle” likely refers to a distinctive, extended grip element on an artifact’s depiction or 3D model—specifically a long, protruding handle attached to a vessel/object. Given the extra info, it’s the extended handle terminating in, or incorporating, a lug shaped like an elephant’s head.","- “elongated handle” is a broader term’s descendant of “handle”.  
- “handle” has the narrower term “elongated handle”."
https://vocabs.acdh.oeaw.ac.at/defcthesaurus/elongated_prong_handle_with_knob/6.183,Source,Class,lang gezogener stabhenkel mit knubbe,"It’s a descriptive paleographic/epigraphic term (German) for a letterform feature:

- lang gezogener Stabhenkel = an elongated vertical/straight “stem handle” (a long, drawn-out ascender/vertical stroke attached to a letter)
- mit Knubbe = with a knob/bulbous swelling at its end or along the stroke

In digital humanities, you’d use it to tag/describe a glyph whose vertical stem (e.g., in certain medieval scripts) is unusually long and bears a small rounded knob.","- “lang gezogener Stabhenkel mit Knubbe” is a broader concept of “pronged handle”.
- “pronged handle” is a narrower concept of “lang gezogener Stabhenkel mit Knubbe”."
https://vocabs.acdh.oeaw.ac.at/defcthesaurus/emmer_wheat/6.7,Source,Class,emmer,"In digital humanities, “Emmer” typically refers to emmer wheat (Triticum dicoccum), an ancient hulled wheat. It appears in datasets, texts, or projects dealing with archaeobotany, historical agriculture, foodways, or economic history—e.g., crop lists, lexical databases, or GIS maps of ancient cultivation.","- “Emmer” is a broader concept’s member of “Weizen” (Emmer is narrower than Weizen).
- “Weizen” has the narrower concept “Emmer”."
https://vocabs.acdh.oeaw.ac.at/defcthesaurus/enclosure_ditch/5.1,Source,Class,graben,"In this context, a graben is a ditch or trench feature at archaeological sites—often associated with defensive works, used for drainage, or created as a construction trench.","- “Graben” is a broader concept’s narrower term of “settlement enclosure.” → “Graben” is narrower than “settlement enclosure.”
- “settlement enclosure” has the narrower term “Graben.” → “Settlement enclosure” is broader than “Graben.”"
https://vocabs.acdh.oeaw.ac.at/defcthesaurus/enclosure_rampart/5.2,Source,Class,enclosure rampart,"An enclosure rampart is a protective earthen mound forming the main defensive boundary around a fortified site, enclosing an area such as a hillfort or settlement. In digital humanities, it refers to this feature as represented or analyzed in archaeological datasets, maps, or 3D reconstructions.","- “enclosure rampart” is a broader term’s narrower concept of “settlement enclosure.”
- “settlement enclosure” is a broader concept of “enclosure rampart.”"
https://vocabs.acdh.oeaw.ac.at/defcthesaurus/enclosure_undetermined/5.7,Source,Class,enclosure undetermined,"In this digital humanities context, “enclosure undetermined” means that an enclosure (a bounded feature such as a ditch, bank, wall, or fence line around a settlement) has been detected in the data, but its specific character or function cannot yet be identified—e.g., its date, purpose (domestic, defensive, ritual, agricultural), or cultural attribution remains unknown.","- “enclosure undetermined” is a broader concept’s child of “settlement enclosure”.
- “settlement enclosure” has the narrower concept “enclosure undetermined”."
https://vocabs.acdh.oeaw.ac.at/defcthesaurus/enclosure_wall/5.3,Source,Class,enclosure wall,"In digital humanities, an “enclosure wall” refers to an enclosing structure—built of bricks, stones, wood, or similar materials laid in courses—that defines or bounds a space (e.g., a settlement, sacred precinct, or architectural complex) within historical or archaeological datasets and descriptions.","- “enclosure wall” is a broader concept’s narrower term of “settlement enclosure.”
- “settlement enclosure” is a broader concept of “enclosure wall.”"
https://vocabs.acdh.oeaw.ac.at/defcthesaurus/end-scraper_on_blade/4.9,Source,Class,end scraper on blade,"In digital humanities/archaeological lithics terminology, an end-scraper on blade is a stone tool made on a blade with retouch concentrated across one end, perpendicular to the blade’s long axis. The working edge is steep (retouch angle >60°), forming a robust scraping edge. It was likely used for tasks like flensing, softening hides, and dressing skins.","- “end-scraper on blade” is a broader concept’s narrower term of “retouched tool.”
- “retouched tool” has the narrower concept “end-scraper on blade.”"
https://vocabs.acdh.oeaw.ac.at/defcthesaurus/end-scraper_on_flake/4.10,Source,Class,kratzerstirn auf abschlag,"“Kratzerstirn auf Abschlag” (archaeological lithics term) means: a scraper front on a flake. Specifically, it’s a flake tool with retouch forming a scraper edge at one end, oriented across the long axis; the scraper’s working edge angle is >60°. Such scrapers were likely used for flensing, softening hides, and dressing skins.","- “Kratzerstirn auf Abschlag” is a broader concept’s narrower term of “retouched tool.”
- “retouched tool” has the narrower concept “Kratzerstirn auf Abschlag.”"
https://vocabs.acdh.oeaw.ac.at/defcthesaurus/evaluation/3.050,Source,Class,evaluierung,"In digital humanities, “Evaluierung” (evaluation) refers to systematically assessing methods, tools, datasets, or project outcomes to judge their quality, validity, and usefulness. It typically includes:

- Defining criteria (e.g., accuracy, usability, reproducibility, sustainability)
- Applying appropriate metrics or protocols (quantitative and/or qualitative)
- Documenting procedures and results for transparency
- Iterating based on findings to improve tools, workflows, or interpretations

Examples: evaluating OCR accuracy on historical texts, user studies of a visualization tool, benchmarking NLP models on annotated corpora, or assessing a project’s FAIR data compliance.","- Intrusiv has narrower concept Evaluierung.
- Sondage has broader concept Evaluierung.
- Suchschnitt has broader concept Evaluierung.
- Testgrabung Unterwasser has broader concept Evaluierung.
- Evaluierung has broader concept Intrusiv.
- Evaluierung has narrower concepts Sondage, Suchschnitt, and Testgrabung Unterwasser."
https://vocabs.acdh.oeaw.ac.at/defcthesaurus/everted_rim/5.173,Source,Class,everted rim,"In this context, an everted rim is a vessel rim that turns sharply outward and upward from the vessel’s shoulder.","- “everted rim” is a broader term of “rim”.
- “rim” has narrower term “everted rim”."
https://vocabs.acdh.oeaw.ac.at/defcthesaurus/excavation/3.049,Source,Class,excavation,"In digital humanities, “excavation” is a metaphor for systematically uncovering and analyzing layers of digital or digitized cultural data—such as texts, images, metadata, or archives—to reveal patterns, structures, and meanings that aren’t immediately visible. It often involves computational methods (text mining, data cleaning, metadata analysis) to surface, interpret, and contextualize hidden or buried information.","- “Intrusiv” has narrower concept “excavation”.
- “Unterwassergrabung” has broader concept “excavation”.
- “excavation: rescue” has broader concept “excavation”.
- “excavation: research” has broader concept “excavation”.
- “excavation: undetermined” has broader concept “excavation”.
- “excavation” has broader concept “Intrusiv”.
- “excavation” has narrower concepts “Unterwassergrabung”, “excavation: rescue”, “excavation: research”, and “excavation: undetermined”."
https://vocabs.acdh.oeaw.ac.at/defcthesaurus/excavation_rescue/4.2,Source,Class,excavation rescue,"In digital humanities/archaeology, “excavation: rescue” means a controlled investigation, recording, and removal of archaeological deposits that are under imminent threat of destruction, typically due to building or development.","- “excavation” has narrower concept “excavation: rescue”.
- “excavation: rescue” has broader concept “excavation”."
https://vocabs.acdh.oeaw.ac.at/defcthesaurus/excavation_research/4.3,Source,Class,excavation research,"In digital humanities (archaeology), excavation: research refers to the controlled investigation, recording, and removal of archaeological deposits in targeted areas to answer specific research questions about a site or landscape.","- “excavation” has the narrower concept “excavation: research”.
- “excavation: research” has the broader concept “excavation”."
https://vocabs.acdh.oeaw.ac.at/defcthesaurus/excavation_underwater/4.4,Source,Class,unterwassergrabung,"Unterwassergrabung: Controlled intrusive underwater archaeological fieldwork that investigates, documents, and interprets deposits, features, and structures, and, as appropriate, recovers artefacts and ecofacts within a defined submerged area.","- “Unterwassergrabung” is a broader concept’s child of “excavation.”
- “excavation” has the narrower concept “Unterwassergrabung.”"
https://vocabs.acdh.oeaw.ac.at/defcthesaurus/excavation_undetermined/4.5,Source,Class,excavation undetermined,"In digital humanities (especially for archaeological datasets), “excavation: undetermined” typically means the record does not specify whether the item/data derives from a formal archaeological excavation, or the excavation details (who, when, where, method) are unknown or not recorded. It’s a placeholder for missing provenance/method metadata.","- “excavation” has narrower concept “excavation: undetermined”.
- “excavation: undetermined” has broader concept “excavation”."
https://vocabs.acdh.oeaw.ac.at/defcthesaurus/excised-with-graphite/5.192,Source,Class,excised with graphite,"In digital humanities (e.g., for classifying pottery), “excised-with-graphite” refers to a decoration technique where strips or shapes are cut (excised) from the vessel’s soft clay surface before firing, and the design is then painted with graphite paint.","- “Ritzverziert” has a narrower concept “excised-with-graphite”.
- “excised-with-graphite” has a broader concept “Ritzverziert”."
https://vocabs.acdh.oeaw.ac.at/defcthesaurus/excised/5.191,Source,Class,ware mit ausgeschnittenem dekor,“Ware mit ausgeschnittenem Dekor” means pottery whose decoration is created by cutting out strips or shapes from the soft clay surface before firing.,"- “Ritzverziert” has the narrower concept “Ware mit ausgeschnittenem Dekor.”
- “Ware mit ausgeschnittenem Dekor” has the broader concept “Ritzverziert.”"
https://vocabs.acdh.oeaw.ac.at/defcthesaurus/extramural/5.2,Source,Class,extramural,"In digital humanities, “extramural” refers to activities, collaborations, or projects that extend beyond a single institution’s walls—e.g., partnerships with community groups, libraries, archives, museums, or the public; crowd-sourced projects; or cross-institutional research and teaching conducted through digital platforms.","- “extramural” is a broader concept’s narrower term of “grave location.”
- “grave location” has the narrower concept “extramural.”"
https://vocabs.acdh.oeaw.ac.at/defcthesaurus/extremity/5.4,Source,Class,gliedma,"Gliedmaß (German): a jointed, prehensile appendage of the body; i.e., a limb (arm or leg) of a human or other animal.","- “Knochen” has narrower concept “Gliedmaß”.
- “forelimb” has broader concept “Gliedmaß”.
- “hindlimb” has broader concept “Gliedmaß”.
- “Gliedmaß” has broader concept “Knochen”.
- “Gliedmaß” has narrower concepts “forelimb” and “hindlimb”."
https://vocabs.acdh.oeaw.ac.at/defcthesaurus/fabric/2.3,Source,Class,fabric,"In digital humanities, “fabric” metaphorically refers to the interconnected structure of data, texts, tools, and networks that are “woven” together—much like cloth produced by weaving or knitting textile fibres—to form an integrated scholarly infrastructure for analysis and interpretation.","- “fabric” is a broader concept’s narrower: “fabric” is narrower than “finds material”.
- “finds material” is a broader concept of “fabric”."
https://vocabs.acdh.oeaw.ac.at/defcthesaurus/fallow_deer/6.14,Source,Class,dama dama,"In digital humanities, “Dama dama” typically refers to the scientific (Latin) name of the fallow deer, used as a stable, language-agnostic identifier in datasets, ontologies, and metadata (e.g., taxonomic references, biodiversity records, cultural artifacts depicting the species).","- “Dama dama” is a broader term’s member: it is narrower than “deer.”
- “deer” is a broader term of “Dama dama.”"
https://vocabs.acdh.oeaw.ac.at/defcthesaurus/farming/2.2,Source,Class,farming,"In digital humanities, “farming” refers metaphorically to the cultivation and systematic production of digital data or content—organizing, generating, and managing datasets or digital artifacts—akin to cultivating land and growing crops.","- farming is broader than subsistence.
- subsistence is narrower than farming."
https://vocabs.acdh.oeaw.ac.at/defcthesaurus/fava_bean/5.8,Source,Class,vicia faba,"Vicia faba is the scientific (Latin) name for the broad bean (also called fava bean). In digital humanities contexts, it might appear in historical texts, botanical lists, or datasets using Latin taxonomy to standardize references to this crop across languages and periods.","- „Hülsenfrucht“ hat den engeren Begriff „Vicia faba“.
- „Vicia faba“ hat den übergeordneten Begriff „Hülsenfrucht“."
https://vocabs.acdh.oeaw.ac.at/defcthesaurus/female_figurine/5.86,Source,Class,female figurine,"In digital humanities, a “female figurine” refers to a small carved or sculpted representation of a female human—typically made of clay, stone, wood, or metal—treated as a cultural artifact whose form, context, and metadata (e.g., material, provenance, period, iconography) are documented, analyzed, and compared using digital methods.","- ""anthropomorphic figurine"" has narrower concept ""female figurine"".
- ""female figurine"" has broader concept ""anthropomorphic figurine""."
https://vocabs.acdh.oeaw.ac.at/defcthesaurus/female_individuals/6.2,Source,Class,female individuals,"In digital humanities, “female individuals” typically refers to human persons identified as female in the sources or datasets being analyzed. Key considerations:
- It denotes persons, not abstract categories (e.g., “womanhood”), and is used at the unit-of-analysis level (records, agents).
- The label may derive from various metadata fields (sex, gender, self-identification) and can reflect historical, cultural, or archival biases.
- Researchers often distinguish sex assigned at birth, gender identity, and socially ascribed gender; “female individuals” should be defined explicitly in a project’s data model and documentation.","- “Geschlecht” has the narrower concept “female individuals”.
- “female individuals” has the broader concept “Geschlecht”."
https://vocabs.acdh.oeaw.ac.at/defcthesaurus/fenestrated_pedestal/5.160,Source,Class,durchbrochener sockel,"Durchbrochener Sockel: a free-standing, raised vessel base whose walls are pierced with openings (i.e., an openwork or perforated pedestal/base).","- “Bein” has narrower concept “Durchbrochener Sockel”.
- “base” is related to “Durchbrochener Sockel”.
- “Durchbrochener Sockel” has broader concept “Bein”.
- “Durchbrochener Sockel” is related to “base”."
https://vocabs.acdh.oeaw.ac.at/defcthesaurus/field_observation_(monitoring)/3.6,Source,Class,field observation monitoring,"Field observation (monitoring) is a periodic, non-continuous archaeological check of a site, where an archaeologist visits at intervals to record newly exposed deposits and recover finds since the last visit. Unlike a watching brief, it does not maintain a constant on-site presence during groundworks.","- “Intrusiv” has the more specific concept “field observation (monitoring)”.
- “field observation (monitoring)” has the broader concept “Intrusiv”."
https://vocabs.acdh.oeaw.ac.at/defcthesaurus/field_survey/3.052,Source,Class,field survey,"In digital humanities, a field survey is the systematic collection of data about cultural, historical, or linguistic phenomena conducted directly in situ—e.g., documenting sites, artifacts, built environments, or community practices—using digital methods and tools. It typically involves geospatial recording (GPS/GIS), photography and 3D capture, structured metadata, and standardized forms, producing datasets that can be mapped, analyzed, and shared for research and preservation.","- “Feldbegehung” is a broader term of “field survey”.
- “Laserscanning” is a broader term of “field survey”.
- “Nicht-intrusiv” is a narrower term of “field survey”.
- “Unterwassersurvey” is a broader term of “field survey”.
- “architectural survey” is a broader term of “field survey”.
- “geophysical survey” is a broader term of “field survey”.
- “field survey” is a broader term of “Nicht-intrusiv”.
- “field survey” is a narrower term of “Feldbegehung”.
- “field survey” is a narrower term of “Laserscanning”.
- “field survey” is a narrower term of “Unterwassersurvey”.
- “field survey” is a narrower term of “architectural survey”.
- “field survey” is a narrower term of “geophysical survey”."
https://vocabs.acdh.oeaw.ac.at/defcthesaurus/field_walking_survey%3A_non-systematic%2F5.15,Source,Class,field walking survey non systematic,"In digital humanities/archaeology, a field walking survey: non-systematic (unsystematic) is a surface survey where researchers walk the landscape without a fixed grid or regular transects, visually inspecting ground surfaces and opportunistically collecting any visible archaeological material. It prioritizes rapid, broad reconnaissance over consistent sampling.","- “Feldbegehung” has a narrower concept: “field walking survey: non-systematic.”
- “field walking survey: non-systematic” has a broader concept: “Feldbegehung.”"
https://vocabs.acdh.oeaw.ac.at/defcthesaurus/field_walking_survey%3A_systematic%2F5.16,Source,Class,field walking survey systematic,"It’s a structured fieldwalking method in archaeology where researchers systematically walk and scan ground surfaces—using lines, grids, transects, or quadrants—to collect visible artifacts. Finds are recorded and stored by defined sample units to ensure consistent, analyzable data.","- “Feldbegehung” has the narrower concept “field walking survey: systematic”.
- “field walking survey: systematic” has the broader concept “Feldbegehung”."
https://vocabs.acdh.oeaw.ac.at/defcthesaurus/field_walking_survey%3A_undetermined%2F5.11,Source,Class,field walking survey undetermined,"In digital humanities (especially archaeological DH), “field walking survey: undetermined” typically means:

- Field walking survey: A systematic method where researchers walk across a landscape in transects to visually collect and record surface artifacts and features, producing spatial data (often georeferenced) about past human activity.
- Undetermined: The outcome or interpretation from that survey cannot be confidently assigned (e.g., site type, date, function, or significance is unclear), often due to sparse, ambiguous, or mixed surface finds or insufficient coverage.

So it indicates that a fieldwalking dataset was collected, but its interpretive status is inconclusive.","- “Feldbegehung” has the more specific concept “field walking survey: undetermined”.
- “field walking survey: undetermined” has the broader concept “Feldbegehung”."
https://vocabs.acdh.oeaw.ac.at/defcthesaurus/field_walking_survey/4.053,Source,Class,feldbegehung,"In digital humanities, Feldbegehung (German: “field walk/field survey”) refers to systematic on-site inspection of a landscape or site to observe, document, and collect data in situ—e.g., photographing, mapping, noting features, or gathering geospatial and contextual information—to support research, interpretation, and digitization of cultural or archaeological materials.","- “field survey” has narrower concept “Feldbegehung”.
- “field walking survey: non-systematic” has broader concept “Feldbegehung”.
- “field walking survey: systematic” has broader concept “Feldbegehung”.
- “field walking survey: undetermined” has broader concept “Feldbegehung”.
- “Feldbegehung” has broader concept “field survey”.
- “Feldbegehung” has narrower concepts “field walking survey: non-systematic”, “field walking survey: systematic”, and “field walking survey: undetermined”."
https://vocabs.acdh.oeaw.ac.at/defcthesaurus/fig/4.27,Source,Class,feige,"In digital humanities, “Feige” most commonly refers to Ryan Feige’s Feige’s Inequality from theoretical computer science/probability, which is often cited in computational text analysis and network modeling for concentration bounds. It provides a tail bound for sums of nonnegative, independent random variables with known means, used to justify statistical reliability (e.g., topic model stability, random graph properties, or sampling-based estimates) when classic Chernoff bounds don’t directly apply.","- “Feige” is a broader concept’s narrower term of “fruit.”
- “fruit” has the narrower concept “Feige.”"
https://vocabs.acdh.oeaw.ac.at/defcthesaurus/figure_relief_decoration/5.133,Source,Class,fig rlicher reliefdekor,"Figürlicher Reliefdekor refers to figural relief decoration on pottery, where human/animal/figurative motifs stand out in relief because the surrounding background has been carved away from the vessel’s surface.","- “Figürlicher Reliefdekor” is a broader concept’s narrower term of “Ritzverziert.” (i.e., “Figürlicher Reliefdekor” has broader concept “Ritzverziert.”)
- “Ritzverziert” has the narrower concept “Figürlicher Reliefdekor.”"
https://vocabs.acdh.oeaw.ac.at/defcthesaurus/figurine/3.3,Source,Class,statuette,"In digital humanities context, a statuette is a small statue—also called a figurine—depicting a human, deity, animal, or a small group of them.","- Hausmodell is a broader concept of Statuette.
- Kleinfund is a narrower concept of Statuette.
- Ringidol is a broader concept of Statuette.
- Steinfigur is a broader concept of Statuette.
- Tisch is a broader concept of Statuette.
- anthropomorphic figurine is a broader concept of Statuette.
- other is a broader concept of Statuette.
- thin plate is a broader concept of Statuette.
- unknown is a broader concept of Statuette.
- zoomorphic figurine is a broader concept of Statuette.
- Statuette is a broader concept of Kleinfund.
- Statuette has narrower concepts: Hausmodell, Ringidol, Steinfigur, Tisch, anthropomorphic figurine, other, thin plate, unknown, zoomorphic figurine."
https://vocabs.acdh.oeaw.ac.at/defcthesaurus/fikirtepe_box/4.111,Source,Class,fikirtepe box,"In digital humanities and Anatolian archaeology, a “Fikirtepe box” refers to a small, angular, four-legged ceramic vessel—often externally decorated—characteristic of the Neolithic Fikirtepe culture (in the Istanbul region). It likely served as a specialized container (e.g., for offerings, storage of small items, or ritual use) and functions as a diagnostic artifact type for identifying and interpreting Fikirtepe cultural contexts.","- “fikirtepe box” is a broader concept’s narrower term of “pottery form.”  
- “pottery form” has the narrower concept “fikirtepe box.”"
https://vocabs.acdh.oeaw.ac.at/defcthesaurus/finds,Source,Class,finds,"In digital humanities/archaeology, “finds” refers to artefacts and ecofacts recovered from a site—i.e., objects, animal bones, and plant remains discovered during excavation or survey.","- “finds” is a top concept in “DEFC Schema”.
- “finds material” is broader term’s narrower concept of “finds”.
- “finds type” is a narrower concept of “finds”.
- “finds” has narrower concepts “finds material” and “finds type”.
- “DEFC Schema” has top concept “finds”."
https://vocabs.acdh.oeaw.ac.at/defcthesaurus/finds_material/1.01,Source,Class,finds material,"In digital humanities/archaeological data, “finds material” refers to the substance from which an artefact (e.g., small finds, lithics) is made, such as stone, metal, clay, bone, glass, or wood. It records the artefact’s primary material composition.","- “Metall” is a broader concept of “finds material”.
- “Stein” is a broader concept of “finds material”.
- “clay” is a broader concept of “finds material”.
- “fabric” is a broader concept of “finds material”.
- “mineral” is a broader concept of “finds material”.
- “organic” is a broader concept of “finds material”.
- “finds” is a narrower concept of “finds material”.
- “finds material” is a broader concept of “finds”.
- “Metall” is a narrower concept of “finds material”.
- “Stein” is a narrower concept of “finds material”.
- “clay” is a narrower concept of “finds material”.
- “fabric” is a narrower concept of “finds material”.
- “mineral” is a narrower concept of “finds material”.
- “organic” is a narrower concept of “finds material”."
https://vocabs.acdh.oeaw.ac.at/defcthesaurus/finds_type/1.02,Source,Class,finds type,"In digital humanities, “finds type” is a classification for portable material objects resulting from human activity—items with aesthetic, cultural, historical, scientific, or utilitarian value—such as animal remains, botanical materials, small finds, and lithics. It groups these functional, collectible entities for description, analysis, and comparison.","- Kleinfund is a broader concept of finds type.
- Steinwerkzeug is a broader concept of finds type.
- Tierüberreste is a broader concept of finds type.
- botany is a broader concept of finds type.
- finds is a narrower concept of finds type.
- pottery is a broader concept of finds type.
- finds type is a broader concept of finds.
- finds type has the narrower concepts Kleinfund, Steinwerkzeug, Tierüberreste, botany, and pottery."
https://vocabs.acdh.oeaw.ac.at/defcthesaurus/fire_dog/4.90,Source,Class,feuerbock,Feuerbock: A hearth tool (andirons/fire-dogs) — an iron bar on uprights placed in pairs at a fireplace’s sides to support logs so they burn properly.,"- “Feuerbock” is a broader concept of “Werkzeug”.
- “Werkzeug” has the narrower concept “Feuerbock”."
https://vocabs.acdh.oeaw.ac.at/defcthesaurus/fireplace/5.1,Source,Class,fireplace,"In this context, a fireplace is a specially constructed spot within a cave or rockshelter where a fire was built, serving as evidence of early human occupation and activity.","- “fireplace” is a narrower concept of “Nachweis von menschlichen Tätigkeiten”.
- “fireplace” is a narrower concept of “installation”.
- “Nachweis von menschlichen Tätigkeiten” is a broader concept of “fireplace”.
- “installation” is a broader concept of “fireplace”."
https://vocabs.acdh.oeaw.ac.at/defcthesaurus/fish/4.16,Source,Class,fish,"In digital humanities, FISH often refers to “Finland Station” or “FishNet” only in niche projects, but the most common meaning you’ll encounter is as an acronym in text-encoding and archival contexts:

- FISH: Framework for Interoperable Services for Heritage — an interoperability initiative in cultural heritage data (used by UK heritage bodies to standardize vocabularies and data exchange).
- FISH list/format: A plain-text exchange format once used for lexica and concordances in corpus work (less common today).

If you mean “fish” as a term in content, it’s usually just the literal animal, appearing in corpus/metadata studies (e.g., tagging species, foodways, or symbolism).","- Thunfisch is a broader term of fish.
- Animal remains species has a narrower term fish.
- Fish is a broader term of animal remains species.
- Fish has a narrower term Thunfisch."
https://vocabs.acdh.oeaw.ac.at/defcthesaurus/fish_hook/5.45,Source,Class,fish hook,"In digital humanities, “fish hook” refers to an artifact type used for fishing—of two basic types: the bait hook and the lure hook. Across the Pacific, these vary in form and are made from materials such as bone, shell, tortoise shell, or wood.","- “fish hook” is a broader concept of “fishing object”.
- “fishing object” is a narrower concept of “fish hook”."
https://vocabs.acdh.oeaw.ac.at/defcthesaurus/fishing/2.1,Source,Class,fischen,"In this digital humanities context, “Fischen” refers to the activity of catching fish as a source of food.","- “fishing object” is related to “Fischen”.
- “subsistence” has narrower concept “Fischen”.
- “Fischen” has broader concept “subsistence”.
- “Fischen” is related to “fishing object”."
https://vocabs.acdh.oeaw.ac.at/defcthesaurus/fishing_object/4.027,Source,Class,fishing object,"In digital humanities, a “fishing object” refers to a digitally represented artifact associated with fishing—i.e., an object used for fishing (such as a hook, net, rod, lure) described, modeled, or encoded in datasets, metadata, or digital collections.","- Anker is a broader term of fishing object.
- Fischen is related to fishing object.
- Netzsenker is a broader term of fishing object.
- Werkzeug is a narrower term of fishing object.
- dugout is related to fishing object.
- fish hook is a broader term of fishing object.
- fishing object is a broader term of Werkzeug.
- fishing object is a narrower term of Anker.
- fishing object is a narrower term of Netzsenker.
- fishing object is a narrower term of fish hook.
- fishing object is related to Fischen.
- fishing object is related to dugout."
https://vocabs.acdh.oeaw.ac.at/defcthesaurus/flake/4.3,Source,Class,flake,"In digital humanities, “flake” most commonly refers to a GitHub convention: the snowflake emoji (❄️) used to signal or “flake” an issue/PR as being related to accessibility (a11y) or inclusive design. More generally, “flake” can also mean:

- An unreliable or non-reproducible result (e.g., a “flaky” script or test in toolchains for DH projects).
- A small, discrete data artifact or fragment in a corpus or dataset (less common, context-dependent).

If you mean Nix “flakes,” that’s a Nix packaging/configuration feature sometimes used to make DH toolchains reproducible.","- flake is a broader concept’s narrower term unretouched tool. → flake is narrower than unretouched tool.
- unretouched tool has the narrower concept flake. → unretouched tool is broader than flake."
https://vocabs.acdh.oeaw.ac.at/defcthesaurus/flake_core/4.9,Source,Class,abschlagkern,"Abschlagkern: A lithic core whose primary reduction strategy is the detachment of flakes (i.e., it is prepared and worked with the aim of producing knapping flakes).","- “Abschlagkern” is a broader concept’s subordinate of “core.”  
- “core” has the narrower concept “Abschlagkern.”"
https://vocabs.acdh.oeaw.ac.at/defcthesaurus/flake_industry/5.2,Source,Class,flake industry,"In digital humanities, “flake industry” refers (by analogy to archaeological terminology) to the systematic set of human actions applied to raw materials to produce flakes—i.e., a recognized operational sequence or workflow that transforms source material into standardized flake products.","- flake industry is a broader concept’s narrower term of lithics industry.
- lithics industry has the narrower concept flake industry."
https://vocabs.acdh.oeaw.ac.at/defcthesaurus/flaring_rim/5.69,Source,Class,flaring rim,"In digital humanities (e.g., typologies of ceramic vessels), a flaring rim is a vessel rim that curves outward from the body, creating an out-turned profile with outcurving inflections on the exterior.","- “flaring rim” is a broader term of “rim”. → Correction: “flaring rim” is a narrower term of “rim”.
- “rim” has the narrower term “flaring rim”."
https://vocabs.acdh.oeaw.ac.at/defcthesaurus/flat-topped_rim/5.158,Source,Class,flachrand,Flachrand: a vessel rim type characterized by a horizontally flattened upper portion of the rim.,"- “Flachrand” is a broader concept of “rim.”  
- “rim” has the narrower concept “Flachrand.”"
https://vocabs.acdh.oeaw.ac.at/defcthesaurus/flat_base/5.86,Source,Class,flachboden,Flachboden: flat base of a vessel—the flat lower portion from the bottom of the body to the area that rests on a surface.,"- “Flachboden” has broader concept “base”.
- “base” has narrower concept “Flachboden”."
https://vocabs.acdh.oeaw.ac.at/defcthesaurus/flat_based_oval_bowl/5.193,Source,Class,ovale sch ssel mit flachem boden,"It means: an oval bowl with a flat bottom — a shallow, open, oval-shaped vessel with a flat base.","- “Schüssel” has narrower concept “ovale Schüssel mit flachem Boden”.
- “Ovale Schüssel mit flachem Boden” has broader concept “Schüssel”."
https://vocabs.acdh.oeaw.ac.at/defcthesaurus/flat_site/4.1,Source,Class,flat site,"In digital humanities (given the extra info), a “flat site” refers to a settlement located on a low-lying, level area—i.e., built on flat terrain rather than on a hill, slope, or raised ground.","- “flat site” is a broader concept of “settlment type”.
- “settlment type” has the narrower concept “flat site”."
https://vocabs.acdh.oeaw.ac.at/defcthesaurus/flax/4.9,Source,Class,flax,"In digital humanities, “FLAX” most commonly refers to the FLAX (Flexible Language Acquisition) open-source platform used for building digital text collections and interactive language-learning resources from corpora. It supports tasks like concordancing, collocation analysis, and vocabulary exercises within digitized texts, aiding corpus-based language study and pedagogical applications.","- “Getreidesorte” has narrower concept “flax”.
- “flax” has broader concept “Getreidesorte”."
https://vocabs.acdh.oeaw.ac.at/defcthesaurus/flint/4.11,Source,Class,flint,"Flint: A fine-grained quartz (silica) mineral classified under chert, commonly used in the Neolithic as a raw material for tools and weapons.","- Flint is broader than Kieselschiefer.
- Kieselschiefer is narrower than Flint."
https://vocabs.acdh.oeaw.ac.at/defcthesaurus/floor/5.092,Source,Class,floor,"In this context, “floor” means the constructed walking surface inside a building or open space—i.e., the horizontal surface people walk on.","- Bautechnik has narrower concept floor.
- architecture has narrower concept floor.
- clay floor has broader concept floor.
- limestone floor has broader concept floor.
- plastered floor has broader concept floor.
- terrazzo floor has broader concept floor.
- wooden floor has broader concept floor.
- floor has broader concepts Bautechnik and architecture.
- floor has narrower concepts clay floor, limestone floor, plastered floor, terrazzo floor, and wooden floor."
https://vocabs.acdh.oeaw.ac.at/defcthesaurus/foot/4.71,Source,Class,bein,"In digital humanities (material culture/ceramics), “Bein” refers to the supporting lower part of a vessel—such as a tripod—attached to the base or bottom after the vessel’s form is made.","- “Durchbrochener Sockel” is a broader concept of “Bein”.
- “Keramikdetail” has a narrower concept “Bein”.
- “Kleiner Fuß” is a broader concept of “Bein”.
- “Sockel” is a broader concept of “Bein”.
- “pedestal base” is a broader concept of “Bein”.
- “Bein” is a broader concept of “Keramikdetail”.
- “Bein” has narrower concepts “Durchbrochener Sockel”, “Kleiner Fuß”, “Sockel”, and “pedestal base”."
https://vocabs.acdh.oeaw.ac.at/defcthesaurus/forelimb/6.3,Source,Class,forelimb,"Forelimb: either of the front limbs of an animal—such as a foreleg, wing, or flipper.","- “Gliedmaß” has the narrower concept “forelimb”.
- “forelimb” has the broader concept “Gliedmaß”."
https://vocabs.acdh.oeaw.ac.at/defcthesaurus/foundation_trench/5.13,Source,Class,foundation trench,"In this context, a foundation trench is a trench or gully, filled with stone, earth, or logs, constructed to support a wall.","- “Bautechnik” has the narrower concept “foundation trench”.
- “foundation trench” has the broader concept “Bautechnik”."
https://vocabs.acdh.oeaw.ac.at/defcthesaurus/foxtail_millet/6.10,Source,Class,setaria italica,"Setaria italica is the scientific (Latin) name for foxtail millet, an ancient Old World cereal grain widely cultivated in Asia. In digital humanities contexts, it typically appears in taxonomic datasets, historical agrarian texts, or linked-data ontologies to standardize references to this crop across sources.","- “Setaria italica” is a broader concept’s member of “millet.” (Setaria italica is narrower than millet.)
- “millet” has the narrower concept “Setaria italica.”"
https://vocabs.acdh.oeaw.ac.at/defcthesaurus/fruit/3.09,Source,Class,fruit,"In digital humanities, “fruit” typically serves as a metaphor rather than a botanical term. Common uses include:
- “Low-hanging fruit”: tasks or insights that are easy to achieve (e.g., quick wins in data cleaning or visualization).
- “Fruits of analysis/research”: the outcomes or results produced by a project (findings, datasets, tools).
- As a token/label in datasets: a category in corpora or ontologies when modeling everyday language, images, or material culture.

So, within this context, “fruit” usually means easily attainable goals or the results yielded by digital research processes.","- Birne is broader term: fruit.
- Brombeere is broader term: fruit.
- Feige is broader term: fruit.
- Malus is broader term: fruit.
- Nuß is broader term: fruit.
- Olive is broader term: fruit.
- Persica vulgaris is broader term: fruit.
- Wilde Pflaume is broader term: fruit.
- apricot is broader term: fruit.
- grape is broader term: fruit.
- botany has narrower term: fruit.
- fruit is broader term: botany.
- fruit has narrower term: Birne.
- fruit has narrower term: Brombeere.
- fruit has narrower term: Feige.
- fruit has narrower term: Malus.
- fruit has narrower term: Nuß.
- fruit has narrower term: Olive.
- fruit has narrower term: Persica vulgaris.
- fruit has narrower term: Wilde Pflaume.
- fruit has narrower term: apricot.
- fruit has narrower term: grape."
https://vocabs.acdh.oeaw.ac.at/defcthesaurus/fruitstand/4.130,Source,Class,fruchtst nder,"Fruchtständer (German): a fruit stand or tazza—a very shallow, wide bowl set on a tall pedestal, used for presenting fruit.","- “Fruchtständer” is a broader concept of “pottery form.”  
- “pottery form” has the narrower concept “Fruchtständer.”"
https://vocabs.acdh.oeaw.ac.at/defcthesaurus/funnel-necked_jar/5.180,Source,Class,funnel necked jar,"In digital humanities (e.g., archaeological typologies), a funnel-necked jar is a high, open vessel characterized by a neck that widens outward like a funnel—an expanded neck above the body.","- “funnel-necked jar” is a broader concept’s narrower term of “jar”.
- “jar” has the narrower concept “funnel-necked jar”."
https://vocabs.acdh.oeaw.ac.at/defcthesaurus/game/5.15,Source,Class,wild,"In digital humanities, “the wild” (or “in the wild”) refers to data, tools, or practices as they exist and function outside controlled, curated, or lab settings—i.e., messy, real-world contexts with heterogeneous, incomplete, or noisy data and ad hoc workflows. It contrasts with cleaned datasets, idealized models, or tightly controlled experiments.","- “Wild” is broader than “mammal.”
- “mammal” is narrower than “Wild.”"
https://vocabs.acdh.oeaw.ac.at/defcthesaurus/gathering/2.5,Source,Class,sammeln,"In this digital humanities context, Sammeln means the activity of collecting wild plants and their fruits.","- “Sammeln” is a broader concept’s child of “subsistence.”  
- “subsistence” has the narrower concept “Sammeln.”"
https://vocabs.acdh.oeaw.ac.at/defcthesaurus/gazelle/5.37,Source,Class,gazelle,"In digital humanities, Gazelle most commonly refers to the Gazelle e-journal publishing platform developed by Project MUSE. It’s a content management and delivery system used by scholarly publishers to produce, host, and distribute digital journals (and sometimes books), supporting metadata, workflows, and access for libraries and researchers.","- Gazelle is a broader concept’s narrower term of mammal.  
- Mammal has the narrower concept Gazelle."
https://vocabs.acdh.oeaw.ac.at/defcthesaurus/geographic_location/1.098,Source,Class,geographic location,"In digital humanities, geographic location means the specific place on Earth where a site or resource is situated—its position that can be identified (e.g., by coordinates or place name). Here, it refers to the location of the site.","- “SiteSchema” has top concept “geographic location”.
- “geographic location” is the top concept of “SiteSchema”."
https://vocabs.acdh.oeaw.ac.at/defcthesaurus/geological_research/3.26,Source,Class,geologische auswertung,"In this digital humanities context, “geologische Auswertung” means the geological analysis/interpretation of data—i.e., systematically examining and interpreting information (texts, datasets, maps) to understand geological aspects, with a focus on the scientific study of minerals (mineral identification, distribution, properties, and formation).","- “Nicht-intrusiv” has the narrower concept “geologische Auswertung.”
- “Geologische Auswertung” has the broader concept “Nicht-intrusiv.”"
https://vocabs.acdh.oeaw.ac.at/defcthesaurus/geophysical_survey%3A_magnetic%2F5.17,Source,Class,geophysical survey magnetic,"A geophysical survey: magnetic is a survey that uses a magnetometer to measure variations in magnetic susceptibility. In digital humanities/archaeology, it’s used to detect contrasts between topsoils, subsoils, and rocks to locate buried features; it can also be applied in maritime contexts to sense variations in the magnetic field of seabed sediments.","- “geophysical survey” has the narrower concept “geophysical survey: magnetic”.
- “geophysical survey: magnetic” has the broader concept “geophysical survey”."
https://vocabs.acdh.oeaw.ac.at/defcthesaurus/geophysical_survey%3A_radar%2F5.18,Source,Class,bodenradarmessung,"Bodenradarmessung means ground-penetrating radar (GPR): a survey technique that sends electromagnetic pulses into the ground and measures their return times from subsurface layer interfaces and features to generate a subsurface profile, used in digital humanities (e.g., archaeology) to non-invasively map buried structures.","- “Bodenradarmessung” is a broader concept of “geophysical survey.”
- “geophysical survey” has the narrower concept “Bodenradarmessung.”"
https://vocabs.acdh.oeaw.ac.at/defcthesaurus/geophysical_survey/4.054,Source,Class,geophysical survey,"In digital humanities, a geophysical survey is the non-invasive use of physical sensing techniques (e.g., ground-penetrating radar, magnetometry, electrical resistivity) to map subsurface features at cultural or historical sites. It produces spatial data (grids, rasters, 3D models) that researchers analyze and visualize to locate and interpret buried structures, landscapes, or artifacts without excavation.","- “Bodenradarmessung” is a broader concept than “geophysical survey.”
- “Field survey” has the narrower concept “geophysical survey.”
- “Geophysical survey: magnetic” is a broader concept than “geophysical survey.”
- “Metal detecting survey” is a broader concept than “geophysical survey.”
- “Geophysical survey” is a broader concept than “field survey.”
- “Geophysical survey” has the narrower concepts “Bodenradarmessung,” “geophysical survey: magnetic,” and “metal detecting survey.”"
https://vocabs.acdh.oeaw.ac.at/defcthesaurus/globular_jar/5.106,Source,Class,globular jar,"In digital humanities (e.g., artifact typology), a “globular jar” is a small, narrow-mouthed vessel whose body is rounded—hemispherical, ovoid, or fully spherical.","- “globular jar” is a broader concept’s narrower term of “jar.” → “globular jar” is a kind of “jar.”
- “jar” has the narrower concept “globular jar.” → “jar” includes “globular jar” as a more specific type."
https://vocabs.acdh.oeaw.ac.at/defcthesaurus/goat/5.8,Source,Class,goat,"In digital humanities, GOAT most often appears as the slang acronym “Greatest Of All Time,” used informally to praise a scholar, project, dataset, tool, or publication as the best in its domain. It’s less likely to refer to the animal unless discussing imagery, texts, or metadata involving goats.","- goat is a broader concept of mammal.
- mammal has narrower concept goat."
https://vocabs.acdh.oeaw.ac.at/defcthesaurus/goblet/4.201,Source,Class,goblet becher,"In this digital humanities context, “Goblet Becher” refers to a deep, straight-sided drinking vessel (a goblet) with a pedestal base and two small, liminal hoisting handles—i.e., a beaker/goblet form combining a stemmed foot and paired side handles for lifting.","- “Goblet Becher” is a broader concept of “pottery form.” → Incorrect per SKOS; correct: “Goblet Becher” has broader concept “pottery form.”
- “Pottery form” has narrower concept “Goblet Becher.”"
https://vocabs.acdh.oeaw.ac.at/defcthesaurus/gold/3.34,Source,Class,gold,"In digital humanities, “Gold” refers to the precious metal gold (chemical element Au, atomic number 79)—a bright, slightly reddish yellow, dense, soft, malleable, and ductile metal—typically as an object of study (e.g., in texts, images, or material culture datasets), rather than a domain-specific technical term.","- “Gold” is a broader concept’s narrower term? Wait, given triples:
  - ""Gold"" skos:broader ""Metall"": “Gold” has broader concept “Metall”. Phrase: Gold is a type of Metall. Or: Metall is a broader concept than Gold.
  - ""Metall"" skos:narrower ""Gold"": “Metall” has narrower concept “Gold”. Phrase: Gold is a narrower concept of Metall. Or: Metall includes Gold as a narrower concept.

Concise verbalizations:
- Gold ist eine Unterkategorie von Metall.
- Metall ist eine Oberkategorie von Gold."
https://vocabs.acdh.oeaw.ac.at/defcthesaurus/goose/5.037,Source,Class,goose,"In digital humanities, “GOOSE” most commonly refers to GATE Embedded (GATE’s Ontology-Oriented Search Engine) or tools named “Goose” used for text extraction—especially the “Goose” article extractor (and its forks like Goose3) that pull main content from web pages for analysis. It’s used to clean and structure web texts before NLP or corpus work.","- “Vogel” has the narrower concept “goose”.
- “Bean goose” has the broader concept “goose”.
- “Graylag goose” has the broader concept “goose”.
- “Goose” has the broader concept “Vogel”.
- “Goose” has the narrower concepts “bean goose” and “graylag goose”."
https://vocabs.acdh.oeaw.ac.at/defcthesaurus/gouged_bowl/5.149,Source,Class,gouged bowl,"In this context, a “gouged bowl” is a bowl whose interior surface has been deliberately carved with deep, linear incisions—i.e., grooves cut out of the clay—such as on a Middle Neolithic Urfirnis deep bowl with pronounced interior gouge marks.","- “Schüssel” has the narrower concept “gouged bowl”.
- “gouged bowl” has the broader concept “Schüssel”."
https://vocabs.acdh.oeaw.ac.at/defcthesaurus/grain/4.3,Source,Class,korn,"In digital humanities context, “Korn” refers to grain—wheat or any other cultivated cereal used as food.","- “Korn” is a broader concept of “dating material.”
- “Dating material” has the narrower concept “Korn.”"
https://vocabs.acdh.oeaw.ac.at/defcthesaurus/grain_crop/3.08,Source,Class,getreidesorte,"In the digital humanities context, “Getreidesorte” (German) means “cereal/grain variety,” i.e., a specific type of cultivated grain such as wheat, barley, rye, oats, or spelt. It’s often used in datasets, metadata, or ontologies to classify agricultural products by grain type.","- Getreide is a narrower concept of Getreidesorte.
- Hülsenfrucht is a narrower concept of Getreidesorte.
- Wilder Flachs is a narrower concept of Getreidesorte.
- botany is a broader concept of Getreidesorte.
- flax is a narrower concept of Getreidesorte.
- poppy is a narrower concept of Getreidesorte.
- Getreidesorte is a narrower concept of botany.
- Getreidesorte is a broader concept of Getreide.
- Getreidesorte is a broader concept of Hülsenfrucht.
- Getreidesorte is a broader concept of Wilder Flachs.
- Getreidesorte is a broader concept of flax.
- Getreidesorte is a broader concept of poppy."
https://vocabs.acdh.oeaw.ac.at/defcthesaurus/granite/3.24,Source,Class,granite,"In this context, granite refers to a common felsic intrusive igneous rock with a coarse (phaneritic), granular texture. Its color—typically white, pink, or gray—depends on its mineral composition.","- “granite” is a narrower concept of “Stein.”
- “Stein” is a broader concept of “granite.”"
https://vocabs.acdh.oeaw.ac.at/defcthesaurus/granulata_ware/5.216,Source,Class,granulatdekor,"Granulatdekor (German: “granulate decoration”) in digital humanities/archaeology refers to a pottery surface treatment where vessels are coated with small stone granules (grit) and then covered with a slip (paint). It denotes this specific textured, grit-applied decorative technique.","- “Granulatdekor” is a broader concept’s narrower term under “Plastischer Dekor.”
- “Plastischer Dekor” has the narrower concept “Granulatdekor.”"
https://vocabs.acdh.oeaw.ac.at/defcthesaurus/grape/4.29,Source,Class,grape,"In digital humanities, “GRAPE” most commonly refers to the “Genealogies, Repository, and Analysis of Primary Evidence” approach or tools that aggregate and analyze structured historical data (e.g., prosopography). More generally, it can denote a data model or platform acronym used for collecting, linking, and analyzing textual or archival entities (people, places, events) rather than the fruit. If you mean the specific project, please share which GRAPE (institution or domain), as multiple DH initiatives use the acronym.","- ""fruit"" has narrower concept ""grape"".
- ""grape"" has broader concept ""fruit""."
https://vocabs.acdh.oeaw.ac.at/defcthesaurus/graphite_painted/6.194,Source,Class,graphitbemalt,"Graphitbemalt means “graphite-painted” or “decorated with graphite paint,” referring to pottery whose surface is coated or painted with a graphite-based pigment.","- “Graphitbemalt” ist eine allgemeinere Kategorie unter “Musterbemalt”. (skos:broader)
- “Musterbemalt” hat die speziellere Unterkategorie “Graphitbemalt”. (skos:narrower)"
https://vocabs.acdh.oeaw.ac.at/defcthesaurus/grass_pea/6.11,Source,Class,lathyrus sativus,"In digital humanities contexts, “Lathyrus sativus” refers to the grass pea—a historical crop often appearing in texts, agrarian records, and famine accounts. It’s notable for drought tolerance and for causing lathyrism (a neurotoxic paralysis) when consumed in excess, making it a marker in sources for subsistence crises and food culture.","- “Lathyrus sativus” is a broader concept’s narrower term of “pea.” (i.e., “Lathyrus sativus” has broader concept “pea.”)
- “pea” has the narrower concept “Lathyrus sativus.”"
https://vocabs.acdh.oeaw.ac.at/defcthesaurus/grater/4.139,Source,Class,reibe,"In digital humanities, Reibe (often “REIßBrett”/“Reibe-Verfahren”) refers to the “rubbing” or “rubbings” technique: creating an impression of an inscribed surface (e.g., gravestones, inscriptions) by placing paper over it and rubbing with graphite or wax to capture the text/relief. Digitally, it can denote the documentation, digitization, or analysis of such rubbings as sources for epigraphy and text encoding.",- “Reibe” is a broader concept of “Werkzeug”.
https://vocabs.acdh.oeaw.ac.at/defcthesaurus/grave/3.071,Source,Class,grab,"In digital humanities, “Grab” typically refers to:

- Screen grab (screengrab): a captured image of what’s displayed on a screen, used to document or analyze digital artifacts, interfaces, or web content.
- Data grab: a quick extraction/download of data (e.g., scraping a webpage or API) for analysis.","- “cemetery or grave” has narrower concept “Grab”.
- “grave disturbance” has broader concept “Grab”.
- “grave location” has broader concept “Grab”.
- “grave type” has broader concept “Grab”.
- “menschliche Überreste” has broader concept “Grab”.
- “mortuary feature” has broader concept “Grab”.
- “Grab” has broader concept “cemetery or grave”.
- “Grab” has narrower concepts “grave disturbance”, “grave location”, “grave type”, “menschliche Überreste”, and “mortuary feature”."
https://vocabs.acdh.oeaw.ac.at/defcthesaurus/grave_disturbance/4.084,Source,Class,grave disturbance,"In digital humanities, “grave disturbance” typically refers to any alteration or disruption of a burial site—physical or contextual—that affects how a grave can be studied, documented, or interpreted. This can include:

- Physical disturbance: excavation, looting, construction, erosion, or reburial that moves or damages human remains, artifacts, or stratigraphy.
- Contextual/data disturbance: loss, corruption, or mislabeling of records; incomplete metadata; digitization errors; or interventions that break the provenance and context crucial for analysis.

The term signals significant impact on the integrity and interpretive value of burial-related evidence, whether in the ground or in its digital/documentary representation.","- “Grab” has narrower concept “grave disturbance”.
- “Nachbestattung” has broader concept “grave disturbance”.
- “Störung durch nachfolgende Siedlung” has broader concept “grave disturbance”.
- “looting” has broader concept “grave disturbance”.
- “none recorded” has broader concept “grave disturbance”.
- “grave disturbance” has broader concept “Grab”.
- “grave disturbance” has narrower concepts “Nachbestattung”, “Störung durch nachfolgende Siedlung”, “looting”, and “none recorded”."
https://vocabs.acdh.oeaw.ac.at/defcthesaurus/grave_location/4.087,Source,Class,grave location,"In digital humanities, “grave location” typically refers to the structured metadata describing where an individual is buried, used for research, mapping, and analysis. It can include:
- Cemetery name and section/plot identifiers
- Geographic coordinates (latitude/longitude)
- Administrative place hierarchy (country, region, city)
- Links to authority records (e.g., VIAF, GeoNames) and sources (cemetery registers, inscriptions)
- Temporal qualifiers (date of burial) and certainty levels

Such data enable spatial analysis, prosopography, network mapping, and integration with GIS and linked open data.","- Grab has narrower concept grave location.
- Extramural is a broader concept of grave location.
- In cave is a broader concept of grave location.
- Intramural is a broader concept of grave location.
- Next to cave is a broader concept of grave location.
- Part of house is a broader concept of grave location.
- Grave location is a broader concept of Grab.
- Grave location has narrower concepts: extramural, in cave, intramural, next to cave, part of house."
https://vocabs.acdh.oeaw.ac.at/defcthesaurus/grave_type/4.083,Source,Class,grave type,"In digital humanities (especially mortuary archaeology/epigraphy), “grave type” refers to the categorical description of a burial’s physical form and construction. It typically encodes features such as:
- Disposition: inhumation vs. cremation
- Container/structure: pit, cist, sarcophagus, chamber, tumulus, urn, coffin
- Construction materials: stone, wood, ceramic, earth
- Markers/monuments: stele, headstone, mound
- Arrangement/features: single vs. multiple burial, orientation, niche, shaft

As a data field, it standardizes burial typologies to enable comparison, querying, and analysis across datasets.","- “Gefäß” has broader concept “grave type”.
- “Grab” has narrower concept “grave type”.
- “Grabhügel” has broader concept “grave type”.
- “Grubengrab” has broader concept “grave type”.
- “Schachtgrab” has broader concept “grave type”.
- “cairn” has broader concept “grave type”.
- “chamber grave” has broader concept “grave type”.
- “cist grave” has broader concept “grave type”.
- “none recorded” has broader concept “grave type”.
- “grave type” has broader concept “Grab”.
- “grave type” has narrower concepts “Gefäß”, “Grabhügel”, “Grubengrab”, “Schachtgrab”, “cairn”, “chamber grave”, “cist grave”, and “none recorded”."
https://vocabs.acdh.oeaw.ac.at/defcthesaurus/gray_lustre/4.195,Source,Class,gray luster,"In this context, “gray lustre” refers to the characteristic appearance of a smoothed ceramic surface that looks soapy or silky-gray—i.e., a fine, gray slip or finish that reflects light softly—typical of smoothed ware from Eastern Macedonia (e.g., Sitagroi). It denotes the surface quality and coloration resulting from the clay, firing, and polishing methods used.","- “gray lustre” is a narrower concept of “Oberflächenbehandlung”.
- “Oberflächenbehandlung” is a broader concept of “gray lustre”."
https://vocabs.acdh.oeaw.ac.at/defcthesaurus/graylag_goose/6.31,Source,Class,graylag goose,"In digital humanities, “greylag goose” often refers to an early English typo-correction benchmark from the ECCO-TCP corpus: the word “greylag” (a species of goose, Anser anser) appears in historical texts with many orthographic variants (e.g., graylag/greylag/grey-lag), making it a useful example for studying historical spelling variation, normalization, and search/retrieval in digitized corpora.","- “goose” has a narrower concept “graylag goose”.
- “graylag goose” has a broader concept “goose”."
https://vocabs.acdh.oeaw.ac.at/defcthesaurus/great_bustard/5.30,Source,Class,great bustard,"In digital humanities context: “Great bustard” refers to a large, ground-dwelling bird (Otis tarda), often appearing in historical texts, art, and environmental records. It can function as:
- A subject in biodiversity datasets or GIS layers for historical ecology.
- A keyword in corpus studies on hunting, agriculture, or conservation.
- A motif in cultural heritage sources (manuscripts, emblems, regional folklore).","- “Vogel” has the narrower concept “great bustard.”
- “Great bustard” has the broader concept “Vogel.”"
https://vocabs.acdh.oeaw.ac.at/defcthesaurus/green_stone/3.33,Source,Class,gr nstein,"In digital humanities, “Grünstein” most commonly refers to Peter Grünstein, a fictional or placeholder author/name used in German literary or DH contexts (akin to a test or sample identity), rather than a technical term. Literally, Grünstein means “green stone” in German. If you’re seeing it in metadata, corpora, or examples, it’s likely a dummy author/title or a named entity used for illustration.","- “Grünstein” is a broader concept’s narrower term of “Stein”.
- “Stein” has the narrower concept “Grünstein”."
https://vocabs.acdh.oeaw.ac.at/defcthesaurus/grey_burnished/5.289,Source,Class,grau gegl ttet,"“Grau geglättet” means “grey burnished/smoothed.” In this digital humanities/archaeological context, it describes pottery with a fine, grey surface that has been smoothed or burnished—matching the note: burnished ware with a fine grey surface typical for Thessaly.","- “Geglättet” has narrower concept “grau geglättet”.
- “grau geglättet” has broader concept “Geglättet”."
https://vocabs.acdh.oeaw.ac.at/defcthesaurus/grey_on_grey/6.277,Source,Class,gray on gray,"In this context, “grey on grey” describes a decorative technique where grey paint is applied onto a grey clay body or slip, producing a low-contrast, monochrome design. In digital humanities terms, it denotes a classification/tag for pottery with grey-painted motifs on a grey ground—useful for cataloging, visual analysis, and stylistic comparison of such subtle, tone-on-tone ceramics.","- “Musterbemalt” has the more specific concept “grey on grey.”
- “grey on grey” has the broader concept “Musterbemalt.”"
https://vocabs.acdh.oeaw.ac.at/defcthesaurus/grey_on_grey_γ1β/6.150,Source,Class,gray on gray 1,"In digital humanities, “6.150” most commonly refers to the TEI (Text Encoding Initiative) element number 6.150 in the TEI Guidelines, which corresponds to the element “pb” (page break). The pb element marks a page boundary in a source text during XML/TEI encoding.",Information is not available.
https://vocabs.acdh.oeaw.ac.at/defcthesaurus/grey_ware/6.246,Source,Class,grau ware,"In digital humanities (and archaeology/ceramics), “grey ware” (German: “graue Ware”) refers to a category of pottery characterized by its grey fabric and surface, typically resulting from reduced (low-oxygen) firing. It’s a typological label used to classify and analyze ceramic assemblages by color, technology, and chronology.","- “Musterbemalt” has the narrower concept “grau Ware”.
- “grau Ware” has the broader concept “Musterbemalt”."
https://vocabs.acdh.oeaw.ac.at/defcthesaurus/grinding_equipment/4.029,Source,Class,grinding equipment,"In digital humanities, “grinding equipment” refers metaphorically to the tools used to process raw data into analyzable forms—i.e., tools used for “grinding” data. Concretely, these are software and utilities that clean, normalize, tokenize, and transform texts or media (e.g., OCR tools, text preprocessors, tokenizers, lemmatizers, format converters), enabling subsequent analysis.","- Schleifstein is a broader term of grinding equipment.
- Stößel is a broader term of grinding equipment.
- Werkzeug has a narrower term grinding equipment.
- mortar is a broader term of grinding equipment.
- grinding equipment is a broader term of Werkzeug.
- grinding equipment has a narrower term Schleifstein.
- grinding equipment has a narrower term Stößel.
- grinding equipment has a narrower term mortar."
https://vocabs.acdh.oeaw.ac.at/defcthesaurus/grinding_stone/4.52,Source,Class,grinding stone,"In digital humanities, a grinding stone is any lithic (stone) artifact used to process plants—such as for food, medicines, cosmetics, or pigments—by grinding them on a flat or concave surface.","- “Steinwerkzeug” is related to “grinding stone”.
- “Werkzeug” has narrower concept “grinding stone”.
- “grinding stone” has broader concept “Werkzeug”.
- “grinding stone” is related to “Steinwerkzeug”."
https://vocabs.acdh.oeaw.ac.at/defcthesaurus/grindstone/5.58,Source,Class,schleifstein,"Schleifstein: a revolving (grinding) stone used to sharpen or polish, i.e., a grindstone. In digital humanities context, it would be tagged/defined as an artifact/tool for grinding and sharpening.","- Schleifstein is a broader concept’s narrower term of grinding equipment.
- Grinding equipment has the narrower concept Schleifstein."
https://vocabs.acdh.oeaw.ac.at/defcthesaurus/grooved/5.123,Source,Class,kanneliert,"Kanneliert: A pottery decoration technique where broad grooves or channels are drawn onto the firm, unfired surface of a vessel without removing clay and without breaking the surface—distinct from excised (clay removed) and incised (surface cut) decoration.","- “Kanneliert” is a broader term under “Ritzverziert.” (inverse reading: “Ritzverziert” is broader than “Kanneliert.”)
- “Ritzverziert” has the narrower term “Kanneliert.” (inverse reading: “Kanneliert” is narrower than “Ritzverziert.”)"
https://vocabs.acdh.oeaw.ac.at/defcthesaurus/grooved_with_graphite/5.197,Source,Class,grooved with graphite,"In digital humanities contexts describing ancient pottery, “grooved with graphite” refers to a decoration technique where broad grooves (incised lines) are drawn into the leather-hard (firm but unbaked) pot surface and then these grooved areas are painted with graphite-based paint.","- “Ritzverziert” has the more specific concept “grooved with graphite.”
- “Grooved with graphite” is a more specific concept of “Ritzverziert.”"
https://vocabs.acdh.oeaw.ac.at/defcthesaurus/haft/4.123,Source,Class,haft,"In digital humanities context: “haft” means the handle of a compound weapon or tool—such as an adze, awl, ax, or knife.","- “Werkzeug” has narrower concept “haft”.
- “axe” is related to “haft”.
- “hammer” is related to “haft”.
- “haft” has broader concept “Werkzeug”.
- “haft” is related to “axe”.
- “haft” is related to “hammer”."
https://vocabs.acdh.oeaw.ac.at/defcthesaurus/halaf_painted/6.125,Source,Class,halaf bemalung,Halaf Bemalung refers to Halaf-period painted pottery decoration—characterized by impressed and painted motifs on clay vessels—typical of the Late Neolithic Halaf culture in Mesopotamia.,"- “Halaf Bemalung” is a broader concept’s narrower term of “Musterbemalt.”  
- “Musterbemalt” has the narrower concept “Halaf Bemalung.”"
https://vocabs.acdh.oeaw.ac.at/defcthesaurus/hammer/4.46,Source,Class,hammer,"In this digital humanities context, “hammer” refers to a hand tool with a heavy, rigid head and a handle, used to deliver an impulsive force by striking.","- “Werkzeug” has narrower concept “hammer”.
- “haft” is related to “hammer”.
- “weapon” is related to “hammer”.
- “hammer” has broader concept “Werkzeug”.
- “hammer” is related to “haft”.
- “hammer” is related to “weapon”."
https://vocabs.acdh.oeaw.ac.at/defcthesaurus/handle/4.031,Source,Class,handle,"In digital humanities, a handle usually means a persistent identifier (PID) for a digital object—most commonly a Handle System ID (e.g., hdl: or a DOI). It provides a stable, resolvable link to resources (datasets, articles, images) so they can be reliably cited and accessed over time, even if the underlying URL changes.","- “Gabelhenkel” is a broader term of “handle”.
- “Henkel mit pilzförmigem Aufsatz” is a broader term of “handle”.
- “Keramikdetail” is a narrower term of “handle”.
- “Ohrhenkel” is a broader term of “handle”.
- “Ringhenkel” is a broader term of “handle”.
- “crescent-shaped handle” is a broader term of “handle”.
- “elongated handle” is a broader term of “handle”.
- “handle with knob” is a broader term of “handle”.
- “horned handle” is a broader term of “handle”.
- “knobbed handle” is a broader term of “handle”.
- “lug” is a broader term of “handle”.
- “pronged handle” is a broader term of “handle”.
- “round bar handle” is a broader term of “handle”.
- “strap handle” is a broader term of “handle”.
- “tab handle” is a broader term of “handle”.
- “handle” is a broader term of “Keramikdetail”.
- “handle” has the narrower term “Gabelhenkel”.
- “handle” has the narrower term “Henkel mit pilzförmigem Aufsatz”.
- “handle” has the narrower term “Ohrhenkel”.
- “handle” has the narrower term “Ringhenkel”.
- “handle” has the narrower term “crescent-shaped handle”.
- “handle” has the narrower term “elongated handle”.
- “handle” has the narrower term “handle with knob”.
- “handle” has the narrower term “horned handle”.
- “handle” has the narrower term “knobbed handle”.
- “handle” has the narrower term “lug”.
- “handle” has the narrower term “pronged handle”.
- “handle” has the narrower term “round bar handle”.
- “handle” has the narrower term “strap handle”.
- “handle” has the narrower term “tab handle”."
https://vocabs.acdh.oeaw.ac.at/defcthesaurus/handle_with_knob/5.182,Source,Class,handle with knob,"In digital humanities, “handle with knob” typically refers to a user interface control (a “handle”) that includes a draggable “knob” for adjusting a value or position—e.g., a timeline scrubber, slider, or range selector used to navigate or filter data (time, space, scale) interactively.","- “handle” has narrower concept “handle with knob”.
- “handle with knob” has broader concept “handle”."
https://vocabs.acdh.oeaw.ac.at/defcthesaurus/hare/5.12,Source,Class,hase,"In digital humanities, HASE typically refers to the Heidelberg Annotation System (HASE), a tool/workflow for annotating and analyzing humanities texts (e.g., linguistic, literary, or historical corpora) within computational pipelines. Version 5.27 would denote a specific release/build of this system or its schema/tooling.","- “Hase” is a broader concept of “mammal.”
- “mammal” is a narrower concept of “Hase.”"
https://vocabs.acdh.oeaw.ac.at/defcthesaurus/hearth/5.3,Source,Class,hearth,"Hearth: A fire installation that lacks a superstructure—the slab or place where a fire is made, often inside or near a cave or rockshelter, serving as evidence of human occupation.","- “hearth” is a narrower concept of “Nachweis von menschlichen Tätigkeiten”.
- “hearth” is a narrower concept of “installation”.
- “Nachweis von menschlichen Tätigkeiten” is a broader concept of “hearth”.
- “installation” is a broader concept of “hearth”."
https://vocabs.acdh.oeaw.ac.at/defcthesaurus/hemp/3.12,Source,Class,hanf,"In digital humanities, Hanf usually refers to William Hanf, a 19th‑century British missionary/lexicographer whose work (e.g., wordlists and grammars for South Asian languages) is digitized and analyzed in DH projects. If you mean Hanf in logic (Hanf numbers/Hanf’s theorem), that’s model theory relevant to DH text modeling: a Hanf number bounds when properties become invariant across structures of large enough size.","- “Hanf” has the broader concept “botany”.
- “botany” has the narrower concept “Hanf”."
https://vocabs.acdh.oeaw.ac.at/defcthesaurus/heritage_assessment/3.055,Source,Class,heritage assessment,"In digital humanities, a heritage assessment is the systematic evaluation of cultural heritage assets—objects, sites, collections, records, practices—using digital methods to determine their significance, condition, risks, and priorities for preservation, access, and interpretation. It combines cultural value appraisal with data-driven documentation (e.g., metadata standards, digitization quality, 3D/scan records, provenance, rights), usability and accessibility analysis, and risk/threat modeling to guide conservation, stewardship, and public engagement strategies.","- Altgrabung/-untersuchung is a narrower concept of heritage assessment.
- Nicht-intrusiv is a broader concept of heritage assessment.
- Aerial photograph interpretation is a narrower concept of heritage assessment.
- Heritage assessment is a broader concept of Nicht-intrusiv.
- Heritage assessment has the narrower concepts Altgrabung/-untersuchung and aerial photograph interpretation."
https://vocabs.acdh.oeaw.ac.at/defcthesaurus/high_scraper/4.11,Source,Class,high scraper,"In digital humanities/archaeological lithic terminology, a “high scraper” is an end or circular scraper whose retouch creates a very steep working edge—i.e., the scraper edge angle is close to 90 degrees.","- “high scraper” is a broader concept’s child of “retouched tool”.
- “retouched tool” is a broader concept of “high scraper”."
https://vocabs.acdh.oeaw.ac.at/defcthesaurus/high_strap_handle/6.119,Source,Class,high strap handle,"In digital humanities (e.g., pottery typology), a “high strap handle” is a wide, flat hoisting handle made from a strip of clay, attached to the vessel’s body at two points before firing, with its upper attachment placed high on the pot (often near or above the rim).","- “high strap handle” is a broader concept of “strap handle”. → Incorrect per SKOS; correct verbalization: “high strap handle” is a more specific (narrower) concept than “strap handle”.
- “strap handle” has the narrower concept “high strap handle”."
https://vocabs.acdh.oeaw.ac.at/defcthesaurus/high_strap_handle_with_knob/6.90,Source,Class,high strap handle with knob,"In digital humanities (e.g., archaeological typologies), a “high strap handle with knob” refers to:
- A hoisting handle made from a broad, flat “strap” of clay.
- Attached to the vessel body at two points before firing.
- Rising relatively high above the vessel’s shoulder or rim (“high”).
- Bearing a rounded clay application (a knob) of semicircular cross-section on the handle.

In short: a tall, two-point-attached strap handle with an added rounded clay knob.","- “high strap handle with knob” is a broader concept’s subordinate of “strap handle.”
- “strap handle” has the narrower concept “high strap handle with knob.”"
https://vocabs.acdh.oeaw.ac.at/defcthesaurus/hill/2.2,Source,Class,hill,"In digital humanities, “hill” here refers to a naturally raised area of land, not as high as a mountain.","- “hill” is a broader concept’s narrower term of “topography.” → “hill” is narrower than “topography.”
- “topography” has the narrower concept “hill.” → “topography” is broader than “hill.”"
https://vocabs.acdh.oeaw.ac.at/defcthesaurus/hillside/2.3,Source,Class,hang,"In this digital humanities context, “hang” means the sloping side of a hill.","- “Hang” has broader concept “topography”.
- “topography” has narrower concept “Hang”."
https://vocabs.acdh.oeaw.ac.at/defcthesaurus/hindlimb/6.2,Source,Class,hindlimb,Hindlimb: either of the two back limbs of an animal.,"- “Gliedmaß” has the more specific concept “hindlimb”.
- “hindlimb” has the broader concept “Gliedmaß”."
https://vocabs.acdh.oeaw.ac.at/defcthesaurus/hoe/4.131,Source,Class,hoe,"In digital humanities, “hoe” refers to the historical agricultural tool: a digging implement with a blade set at right angles to a long handle (haft). Early hoes had stone or wooden blades.","- “Werkzeug” has narrower concept “hoe”.
- “hoe” has broader concept “Werkzeug”."
https://vocabs.acdh.oeaw.ac.at/defcthesaurus/hole-mouthed_jar/5.131,Source,Class,hole mouthed jar,"In digital humanities (e.g., archaeological typologies), a hole-mouthed jar is a jar without a distinct rim or neck; the lip connects directly to the vessel wall.","- “hole-mouthed jar” is a broader concept’s narrower term of “jar.” → “hole-mouthed jar” is a type of jar.
- “jar” has a narrower concept “hole-mouthed jar.” → “jar” includes the narrower term “hole-mouthed jar.”"
https://vocabs.acdh.oeaw.ac.at/defcthesaurus/hole/5.24,Source,Class,hole,"In the context of digital humanities, a “hole” refers to a hollow or missing part in a dataset, text, or record—i.e., a gap or omission (whether natural or introduced) in the surface of the evidence or digital representation.","- A hole is a broader concept’s narrower term of installation.  
- Installation has the narrower concept hole."
https://vocabs.acdh.oeaw.ac.at/defcthesaurus/horn/3.8,Source,Class,horn,"In this digital humanities context, “horn” refers to an animal horn: a pointed projection on an animal’s head made of a keratin/protein sheath surrounding a core of living bone.","- “Horn” is a narrower term of “animal remains part”.
- “Horn” is a narrower term of “organic”.
- “animal remains part” is a broader term of “Horn”.
- “organic” is a broader term of “Horn”."
https://vocabs.acdh.oeaw.ac.at/defcthesaurus/horned_handle/5.72,Source,Class,horned handle,"In digital humanities (e.g., artifact description or iconography), a “horned handle” refers to a handle shaped like a horn—broad at one end and tapering to a point at the other—or a handle that features pointed, horn-like projections at its upper end.","- “horned handle” is a narrower concept of “handle”.
- “handle” is a broader concept of “horned handle”."
https://vocabs.acdh.oeaw.ac.at/defcthesaurus/horned_strap_handle/6.92,Source,Class,horned strap handle,"In this context, a horned strap handle is a pottery handle formed from a flat, strap-like strip of clay, to which small pointed projections (“horns”) are applied where the handle joins the vessel or along its upper end. It’s a typological term used in archaeological/digital humanities datasets to classify handle forms with added pointy clay applications.","- horned strap handle is a broader concept of strap handle. (Incorrect per SKOS)
- horned strap handle has broader concept strap handle.
- strap handle has narrower concept horned strap handle."
https://vocabs.acdh.oeaw.ac.at/defcthesaurus/horse/5.11,Source,Class,pferd,"In German, “Pferd” means “horse.” 

In a digital humanities context, it might appear:
- as a lemma or token in German corpora (e.g., frequency, collocations like “wildes Pferd”),
- in metadata/ontologies (e.g., subject tags for artworks or texts featuring horses),
- in named-entity or concept extraction mapped to controlled vocabularies (e.g., Getty AAT concept for horse).","- “Pferd” is a broader concept’s member: it has the broader concept “mammal”.
- “mammal” has the narrower concept “Pferd”."
https://vocabs.acdh.oeaw.ac.at/defcthesaurus/house_layout/4.074,Source,Class,house layout,"In digital humanities, “house layout” refers to the systematic arrangement of houses within a settlement—how dwellings are positioned, organized, and patterned relative to each other—used to analyze spatial, social, and cultural structures.","- “Freistehende Häuser” is a broader concept of “house layout”.
- “houses agglutinated” is a broader concept of “house layout”.
- “houses radial” is a broader concept of “house layout”.
- “settlement structure” is a narrower concept of “house layout”.
- “house layout” is a broader concept of “settlement structure”.
- “house layout” is a narrower concept of “Freistehende Häuser”.
- “house layout” is a narrower concept of “houses agglutinated”.
- “house layout” is a narrower concept of “houses radial”."
https://vocabs.acdh.oeaw.ac.at/defcthesaurus/house_model/4.88,Source,Class,hausmodell,"In digital humanities, Hausmodell refers to a small carved or sculpted model of a house—typically made of clay or stone—used as an artifact or data object for studying historical architecture, material culture, and spatial representation.","- “Hausmodell” is a broader concept’s narrower term of “Statuette.”
- “Statuette” has the narrower concept “Hausmodell.”"
https://vocabs.acdh.oeaw.ac.at/defcthesaurus/houses_agglutinated/5.5,Source,Class,houses agglutinated,"In digital humanities (e.g., spatial or settlement analysis), “houses agglutinated” means tightly clustered buildings—dwellings joined or packed closely together, often sharing walls or forming a continuous mass rather than being isolated or widely spaced.","- “house layout” has narrower concept “houses agglutinated”.
- “houses agglutinated” has broader concept “house layout”."
https://vocabs.acdh.oeaw.ac.at/defcthesaurus/houses_free-standing/5.4,Source,Class,freistehende h user,"In digital humanities context, “Freistehende Häuser” means detached houses: standalone buildings that are neither attached to nor supported by any other building.","- “Freistehende Häuser” is a broader concept’s subordinate of “house layout.”
- “house layout” has the narrower concept “Freistehende Häuser.”"
https://vocabs.acdh.oeaw.ac.at/defcthesaurus/houses_radial/5.6,Source,Class,houses radial,"In digital humanities (and urban/mapping contexts), “houses radial” refers to dwellings arranged in a radial plan: buildings organized around a central point (e.g., a plaza, temple, node), with streets or plots radiating outward like spokes from a hub. This contrasts with grid or linear layouts.","- “houses radial” is a narrower concept of “house layout”.
- “house layout” is a broader concept of “houses radial”."
https://vocabs.acdh.oeaw.ac.at/defcthesaurus/human_remains/4.085,Source,Class,menschliche berreste,"In digital humanities, “menschliche Überreste” refers to human remains—any physical remnants of human bodies (e.g., bones, teeth, hair, soft tissue), often treated as sensitive cultural and ethical materials in digitization, metadata, access, and display policies.","- “Art der menschlichen Überreste” is a broader concept of “menschliche Überreste”.
- “Bericht physische Athropologie” is related to “menschliche Überreste”.
- “Geschlecht” is a broader concept of “menschliche Überreste”.
- “Grab” is a narrower concept of “menschliche Überreste”.
- “age group” is a broader concept of “menschliche Überreste”.
- “human remains absence” is a broader concept of “menschliche Überreste”.
- “human remains presence” is a broader concept of “menschliche Überreste”.
- “menschliche Überreste” is a broader concept of “Grab”.
- “menschliche Überreste” is a narrower concept of “Art der menschlichen Überreste”.
- “menschliche Überreste” is a narrower concept of “Geschlecht”.
- “menschliche Überreste” is a narrower concept of “age group”.
- “menschliche Überreste” is a narrower concept of “human remains absence”.
- “menschliche Überreste” is a narrower concept of “human remains presence”.
- “menschliche Überreste” is related to “Bericht physische Athropologie”."
https://vocabs.acdh.oeaw.ac.at/defcthesaurus/human_remains_absence/5.1,Source,Class,human remains absence,"In a digital humanities context, the absence of human remains on a site typically suggests:

- Interpretive caution: Lack of remains is not proof that people were never present; it may reflect preservation biases, later disturbance, recovery methods, or reporting gaps.
- Site function inference: The area may have served non-mortuary purposes (e.g., habitation, ritual without burial, production, or transit).
- Taphonomic/preservation factors: Soil acidity, climate, scavenging, or post-depositional processes may have destroyed or dispersed remains.
- Cultural practice: Communities may have disposed of bodies elsewhere (cremation, excarnation, off-site burial) leaving minimal osteological traces.
- Data/metadata signal: In digital datasets, “no human remains” should be coded explicitly (e.g., null vs. confirmed absence) to distinguish unknown from true negative.

Given the extra information (no remains were found), the most cautious meaning is: there is currently no osteological evidence of on-site burial or death, but this does not exclude human activity or non-preservable mortuary practices.","- “human remains absence” is a broader concept’s narrower term of “menschliche Überreste.”
- “menschliche Überreste” has the narrower concept “human remains absence.”"
https://vocabs.acdh.oeaw.ac.at/defcthesaurus/human_remains_presence/5.2,Source,Class,human remains presence,"In digital humanities, the “presence of human remains” on a site signifies material evidence of past people—bones, teeth, or cremated remains—whose documentation, interpretation, and representation raise specific research and ethical concerns. Key implications:

- Evidence and context: Indicates burial, death, or ritual activity; informs demographics, health, violence, mobility, and mortuary practices.
- Data practices: Requires careful recording (metadata, provenance, context), controlled vocabularies, and sensitivity flags in databases and digital exhibits.
- Ethics and rights: Triggers consent, descendant/community consultation, repatriation laws (e.g., NAGPRA-equivalents), and restrictions on display or access to images/data.
- Representation: Demands respectful language, culturally appropriate narratives, and, where needed, access controls or redaction in digital platforms.
- Compliance: Necessitates adherence to legal frameworks, institutional policies, and community protocols before digitization or publication.

In short, finding human remains means the site’s digital documentation must balance scholarly value with stringent ethical, legal, and cultural stewardship.","- “human remains presence” is a broader concept than “menschliche Überreste.”
- “menschliche Überreste” has the narrower concept “human remains presence.”"
https://vocabs.acdh.oeaw.ac.at/defcthesaurus/human_remains_report/2.14,Source,Class,bericht physische athropologie,"It means “report of physical anthropology”: a summary of osteological/biological findings on human remains—e.g., sex, age at death, stature, pathology/trauma, and inferred causes of death—produced for a digital humanities project.","- “menschliche Überreste” is related to “Bericht physische Athropologie”.
- “special analysis” has narrower concept “Bericht physische Athropologie”.
- “Bericht physische Athropologie” has broader concept “special analysis”.
- “Bericht physische Athropologie” is related to “menschliche Überreste”."
https://vocabs.acdh.oeaw.ac.at/defcthesaurus/human_remains_type/5.096,Source,Class,art der menschlichen berreste,"In a digital humanities context (e.g., metadata for archaeological or bioarchaeological datasets), “Art der menschlichen Überreste” means “type of human remains.” It specifies the category/form of remains, such as:
- Skeleton/skeletal elements (cranium, long bones, teeth)
- Cremated remains
- Mummified tissue/soft tissue
- Subadult/infant remains
- Isolated elements vs. articulated burials
- Ossuary/commingled remains

It’s a controlled metadata field describing what kind of human material is present.","- cremation is a broader concept of Art der menschlichen Überreste.
- inhumation is a broader concept of Art der menschlichen Überreste.
- menschliche Überreste has the narrower concept Art der menschlichen Überreste.
- secondary deposition is a broader concept of Art der menschlichen Überreste.
- Art der menschlichen Überreste is a broader concept of menschliche Überreste.
- Art der menschlichen Überreste has the narrower concepts cremation, inhumation, and secondary deposition."
https://vocabs.acdh.oeaw.ac.at/defcthesaurus/hunting/2.4,Source,Class,hunting,"In digital humanities, “hunting” refers to the activity of pursuing and obtaining wild animals or game—primarily for food, fur, and bone (e.g., for bone tool production)—as represented, studied, or reconstructed through digital sources and methods (texts, images, datasets, GIS, simulations).","- hunting is a broader concept of subsistence.
- subsistence has the narrower concept hunting."
https://vocabs.acdh.oeaw.ac.at/defcthesaurus/husking_bowl/5.190,Source,Class,husking bowl,"In digital humanities contexts, “Husking Bowl” refers to a bowl used for husking cereals—i.e., a vessel employed to remove the outer husks from grains.","- “Husking Bowl” is a narrower concept of Schüssel.
- Schüssel is a broader concept of “Husking Bowl”."
https://vocabs.acdh.oeaw.ac.at/defcthesaurus/impresso/5.126,Source,Class,impresso,"In digital humanities (archaeology), “Impresso” refers to a pottery decoration technique where the clay surface is patterned by pressing objects (e.g., shells, cords, tools) into it, creating impressed designs.","- “Impresso” is broader than “Ritzverziert.”
- “Ritzverziert” is narrower than “Impresso.”"
https://vocabs.acdh.oeaw.ac.at/defcthesaurus/impresso_a2/5.151,Source,Class,impresso a2,"In digital humanities (ceramics/archaeology), impresso (a2) refers to pottery decorated by impressing the soft clay with various tools or objects, leaving stamped/imprinted patterns.","- “Ritzverziert” has the more specific concept “impresso (a2)”.
- “impresso (a2)” has the broader concept “Ritzverziert”."
https://vocabs.acdh.oeaw.ac.at/defcthesaurus/in_cave/5.3,Source,Class,in cave,"In digital humanities, “in cave” typically refers to content or data stored “in CAVE,” meaning inside an immersive virtual reality environment called a CAVE (Cave Automatic Virtual Environment). A CAVE is a room-sized, multi-screen VR system used to visualize and explore 3D reconstructions (e.g., archaeological sites, artifacts, architectural spaces) for research, teaching, and public engagement.","- “in cave” is a narrower concept of “grave location”.
- “grave location” is a broader concept of “in cave”."
https://vocabs.acdh.oeaw.ac.at/defcthesaurus/incised-pointillé_decoration/5.127,Source,Class,incised pointill decoration,"Incised-pointillé decoration is a pottery technique where small dots are cut into the vessel’s surface to form patterns or motifs. In digital humanities contexts, it refers to this specific decorative style as a classification or annotation category in datasets documenting ceramic surface treatments.","- “Ritzverziert” has narrower concept “incised-pointillé decoration”.
- “pointillé decoration” is related to “incised-pointillé decoration”.
- “incised-pointillé decoration” has broader concept “Ritzverziert” and is related to “pointillé decoration”."
https://vocabs.acdh.oeaw.ac.at/defcthesaurus/incised/4.168,Source,Class,ritzverziert,Ritzverziert means incised-decorated: pottery whose surface is ornamented by cutting or scratching lines or patterns into the clay.,"- “Eingedrückter Musterdekor” is a broader term of “Ritzverziert”.
- “Figürlicher Reliefdekor” is a broader term of “Ritzverziert”.
- “Grober Urfirnis” is a broader term of “Ritzverziert”.
- “Impresso” is a broader term of “Ritzverziert”.
- “Inkrustiert” is a broader term of “Ritzverziert”.
- “Kanneliert” is a broader term of “Ritzverziert”.
- “Lochdekor” is a broader term of “Ritzverziert”.
- “Rot inkrustiert” is a broader term of “Ritzverziert”.
- “Ware mit ausgeschnittenem Dekor” is a broader term of “Ritzverziert”.
- “excised-with-graphite” is a broader term of “Ritzverziert”.
- “grooved with graphite” is a broader term of “Ritzverziert”.
- “impresso (a2)” is a broader term of “Ritzverziert”.
- “incised (b2)” is a broader term of “Ritzverziert”.
- “incised (γ2)” is a broader term of “Ritzverziert”.
- “incised-pointillé decoration” is a broader term of “Ritzverziert”.
- “mat-impressed” is a broader term of “Ritzverziert”.
- “pottery decoration” is a narrower term of “Ritzverziert”.
- “rustiziert” is a broader term of “Ritzverziert”.
- “scored” is a broader term of “Ritzverziert”.
- “shell stamped” is a broader term of “Ritzverziert”.
- “single jabbed” is a broader term of “Ritzverziert”.
- “Ritzverziert” is a broader term of “pottery decoration”.
- “Ritzverziert” is a narrower term of “Eingedrückter Musterdekor”.
- “Ritzverziert” is a narrower term of “Figürlicher Reliefdekor”.
- “Ritzverziert” is a narrower term of “Grober Urfirnis”.
- “Ritzverziert” is a narrower term of “Impresso”.
- “Ritzverziert” is a narrower term of “Inkrustiert”.
- “Ritzverziert” is a narrower term of “Kanneliert”.
- “Ritzverziert” is a narrower term of “Lochdekor”.
- “Ritzverziert” is a narrower term of “Rot inkrustiert”.
- “Ritzverziert” is a narrower term of “Ware mit ausgeschnittenem Dekor”.
- “Ritzverziert” is a narrower term of “excised-with-graphite”.
- “Ritzverziert” is a narrower term of “grooved with graphite”.
- “Ritzverziert” is a narrower term of “impresso (a2)”.
- “Ritzverziert” is a narrower term of “incised (b2)”.
- “Ritzverziert” is a narrower term of “incised (γ2)”.
- “Ritzverziert” is a narrower term of “incised-pointillé decoration”.
- “Ritzverziert” is a narrower term of “mat-impressed”.
- “Ritzverziert” is a narrower term of “rustiziert”.
- “Ritzverziert” is a narrower term of “scored”.
- “Ritzverziert” is a narrower term of “shell stamped”.
- “Ritzverziert” is a narrower term of “single jabbed”."
https://vocabs.acdh.oeaw.ac.at/defcthesaurus/incised_b2/5.152,Source,Class,incised b2,"In digital humanities pottery terminology, “incised (b2)” means pottery decorated by cutting lines or patterns into the surface of the vessel.","- “Ritzverziert” has the narrower concept “incised (b2)”.
- “incised (b2)” has the broader concept “Ritzverziert”."
https://vocabs.acdh.oeaw.ac.at/defcthesaurus/incised_γ2/5.153,Source,Class,incised 2,"In digital humanities pottery vocabularies, “incised (γ2)” refers to decoration made by cutting lines or patterns into the vessel’s surface (before firing), i.e., designs formed by deliberate cuts rather than added paint or relief.","- “Ritzverziert” has the narrower concept “incised (γ2)”.
- “incised (γ2)” has the broader concept “Ritzverziert”."
https://vocabs.acdh.oeaw.ac.at/defcthesaurus/incomplete/4.2,Source,Class,incomplete,"Incomplete means not whole or not having all its parts. In the given context, it indicates the animal remains were only partial—some bones or elements were missing—which affects how fully they can be analyzed or interpreted in a digital humanities project.","- “completness of animal remains” has narrower concept “incomplete”.
- “incomplete” has broader concept “completness of animal remains”."
https://vocabs.acdh.oeaw.ac.at/defcthesaurus/incrusted/5.122,Source,Class,inkrustiert,Inkrustiert (German) means “incrusted” or “inlaid”: a pottery decoration technique where material is pressed into the surface of a ceramic object to form designs.,"- “Inkrustiert” is a broader concept of “Ritzverziert.” (from the inverse of the given)
- “Ritzverziert” has the narrower concept “Inkrustiert.”"
https://vocabs.acdh.oeaw.ac.at/defcthesaurus/indirect_percussion/5.2,Source,Class,indirect percussion,"Indirect percussion is a striking technique where a hammer hits an intermediate tool (a punch), which then strikes the target object.","- “indirect percussion” is a broader concept under “lithics technology.”
- “lithics technology” has the narrower concept “indirect percussion.”"
https://vocabs.acdh.oeaw.ac.at/defcthesaurus/infans_i_(0-6)/6.2,Source,Class,infans i 0 6,"In digital humanities, especially in historical demography and burial records, “infans I (0–6)” refers to the youngest child age category: children from birth up to about 6 years old. It’s used in standardized age-group classifications (e.g., for cemetery datasets, population studies) to tag individuals as early childhood.","- “infans i (0-6)” is a narrower concept of “age group”.
- “age group” is a broader concept of “infans i (0-6)”."
https://vocabs.acdh.oeaw.ac.at/defcthesaurus/infans_ii_(7-12)/6.3,Source,Class,infans ii 7 12,"In digital humanities (e.g., historical demography/archaeology standards), “infans II (7–12)” denotes an age class for children roughly 7 to 12 years old, typically used when exact ages are unknown but fall within that developmental bracket.","- age group has narrower concept infans ii (7-12).
- infans ii (7-12) has broader concept age group."
https://vocabs.acdh.oeaw.ac.at/defcthesaurus/inhumation/6.2,Source,Class,inhumation,"In digital humanities (archaeology/heritage contexts), inhumation means the burial of a human body in the ground—i.e., interment of an intact corpse, as opposed to cremation.","- “Art der menschlichen Überreste” has narrower concept “inhumation”.
- “inhumation” has broader concept “Art der menschlichen Überreste”."
https://vocabs.acdh.oeaw.ac.at/defcthesaurus/inland/2.4,Source,Class,im landesinneren,"“Im Landesinneren” means “in the inland” or “in the interior of the country,” i.e., situated away from the coast.","- “Im Landesinneren” is a broader concept of “topography.”
- “topography” has the narrower concept “Im Landesinneren.”"
https://vocabs.acdh.oeaw.ac.at/defcthesaurus/inlay/4.125,Source,Class,inlay,"In digital humanities context: Inlay is the placement of one material (e.g., glass or metal) into a prepared depression (reservoir) on an object’s surface for decorative purposes.","- “Schmuck” has narrower concept “inlay”.
- “inlay” has broader concept “Schmuck”."
https://vocabs.acdh.oeaw.ac.at/defcthesaurus/inscription/4.114,Source,Class,inscription,"In digital humanities, an inscription is writing or imagery cut into or raised upon a durable surface—such as clay, wood, stone, or metal—that endures over time. It refers both to the act of inscribing and the inscribed object itself.","- inscription is a broader concept than other.
- other has the narrower concept inscription."
https://vocabs.acdh.oeaw.ac.at/defcthesaurus/inside_bevelled_and_decorated_rim/5.73,Source,Class,inside beveled and decorated rim,"In this context (vessel rim typology in digital humanities/archaeology), “inside bevelled and decorated rim” refers to a rim whose inner lip has been thickened and cut back (bevelled) to form a flat or slightly convex band on the interior, sharply offset so it terminates in an angular or rounded inner edge, and which bears decoration on this interior bevel/band.","- “inside bevelled and decorated rim” is a broader term of “rim”. → Correction: “inside bevelled and decorated rim” is a narrower term of “rim”.
- “rim” has the narrower term “inside bevelled and decorated rim”."
https://vocabs.acdh.oeaw.ac.at/defcthesaurus/installation/4.078,Source,Class,installation,"In this context, installation refers to built, often communal features or infrastructures—such as pits, kilns, or other fixed facilities—intentionally constructed and set up in the spaces between residential buildings. These are not movable artifacts but established structures serving shared functions. In digital humanities, the term would be used to categorize, model, or analyze such fixed communal features within spatial or archaeological datasets.","- basin is a broader concept of installation.
- bench is a broader concept of installation.
- channel is a broader concept of installation.
- fireplace is a broader concept of installation.
- hearth is a broader concept of installation.
- hole is a broader concept of installation.
- kiln is a broader concept of installation.
- manger is a broader concept of installation.
- oven is a broader concept of installation.
- pit is a broader concept of installation.
- platform is a broader concept of installation.
- post base is a broader concept of installation.
- post hole is a broader concept of installation.
- spezielle Befunde has narrower concept installation.
- waste pit is a broader concept of installation.
- well is a broader concept of installation.
- installation is a broader concept of spezielle Befunde.
- installation has narrower concepts basin, bench, channel, fireplace, hearth, hole, kiln, manger, oven, pit, platform, post base, post hole, waste pit, well."
https://vocabs.acdh.oeaw.ac.at/defcthesaurus/interpretation,Source,Class,interpretation,"In digital humanities and archaeology, interpretation is the process of making informed meaning from data—linking evidence (e.g., features, layers, finds, spatial patterns) to narratives or explanations about past human activity. It involves:

- Selecting, organizing, and contextualizing digital records (texts, images, 3D models, GIS layers).
- Applying theoretical frameworks and domain knowledge to infer function, chronology, cultural practices, and site formation processes.
- Evaluating uncertainty, bias, and alternative readings.
- Communicating results through maps, databases, visualizations, and narratives that justify how the evidence supports the conclusions.

In short: turning recorded archaeological data into reasoned explanations about what happened, how, and why.","- “DEFC Schema” has top concept “interpretation”.
- “production” is a broader concept under “interpretation”.
- “ritual activity” is a broader concept under “interpretation”.
- “subsistence” is a broader concept under “interpretation”.
- “interpretation” has narrower concepts: “production”, “ritual activity”, and “subsistence”.
- “interpretation” is a top concept of “DEFC Schema”."
https://vocabs.acdh.oeaw.ac.at/defcthesaurus/intramural/5.1,Source,Class,intramural,"In digital humanities, intramural typically refers to activities, collaborations, or projects conducted within a single institution (e.g., within one university or department), as opposed to extramural work that spans multiple institutions.","- “grave location” has narrower concept “intramural”.
- “intramural” has broader concept “grave location”."
https://vocabs.acdh.oeaw.ac.at/defcthesaurus/intrusive/2.048,Source,Class,intrusiv,"In digital humanities, “intrusive” typically describes interventions or methods that alter or impose on the original object, data, or experience in a way that may affect interpretation. Examples:
- Intrusive annotation: notes or markup inserted directly into a text rather than stored separately.
- Intrusive digitization/forensics: techniques that physically or materially affect artifacts (e.g., disbinding a book).
- Intrusive interface/design: UI elements that foreground the tool’s framing, potentially steering user interpretation.

Opposed to “non-intrusive” approaches that preserve original form and minimize interpretive imprint.","- “Evaluierung” is broader than “Intrusiv”.
- “Forschungsart” is narrower than “Intrusiv”.
- “Metalldetektor Einsatz” is broader than “Intrusiv”.
- “borehole survey” is broader than “Intrusiv”.
- “excavation” is broader than “Intrusiv”.
- “field observation (monitoring)” is broader than “Intrusiv”.
- “profile clearing” is broader than “Intrusiv”.
- “Intrusiv” is broader than “Forschungsart”.
- “Intrusiv” is narrower than “Evaluierung”.
- “Intrusiv” is narrower than “Metalldetektor Einsatz”.
- “Intrusiv” is narrower than “borehole survey”.
- “Intrusiv” is narrower than “excavation”.
- “Intrusiv” is narrower than “field observation (monitoring)”.
- “Intrusiv” is narrower than “profile clearing”."
https://vocabs.acdh.oeaw.ac.at/defcthesaurus/isotopes_carbon_(C)/3.15,Source,Class,kohlenstoff c,"Kohlenstoff (C) means carbon. In digital humanities contexts like bioarchaeology, it often refers to analyzing natural carbon isotopes (e.g., 12C, 13C) to infer an individual’s environment and diet—such as distinguishing marine vs. terrestrial resources or C3 vs. C4 plant consumption—by comparing isotope ratios.","- “Kohlenstoff (C)” is a broader concept of “stable isotope analysis.”
- “Stable isotope analysis” is a narrower concept of “Kohlenstoff (C).”"
https://vocabs.acdh.oeaw.ac.at/defcthesaurus/isotopes_lead_(Pb)/3.16,Source,Class,blei pb,"In this context, Blei (Pb) means lead, specifically its naturally occurring isotopes whose relative abundances (lead isotope ratios) are analyzed to provenance ancient materials. By comparing isotopic signatures of lead in artifacts (e.g., pigments, glass, glazes, paints) to known ore sources, researchers infer the geographical origin of the raw materials.","- “Blei (Pb)” is broader than “stable isotope analysis.”
- “Stable isotope analysis” has the narrower concept “Blei (Pb).”"
https://vocabs.acdh.oeaw.ac.at/defcthesaurus/isotopes_nitrogen_(N)/3.17,Source,Class,stickstoff n,"Stickstoff (N) means nitrogen. In this context, it refers to naturally occurring nitrogen isotopes (especially 15N/14N ratios) used to infer an organism’s trophic level—higher 15N enrichment indicates higher position in the food chain (carnivores > omnivores > herbivores).","- “Stickstoff (N)” is a broader concept of “stable isotope analysis.”  
- “stable isotope analysis” has the narrower concept “Stickstoff (N).”"
https://vocabs.acdh.oeaw.ac.at/defcthesaurus/isotopes_oxygen_(O)/3.18,Source,Class,sauerstoff o,"In this context, Sauerstoff (O) refers to the chemical element oxygen and, specifically, its naturally occurring stable isotopes (primarily O‑16, O‑17, O‑18). By comparing the ratios of these isotopes (e.g., δ18O) in materials linked to individuals (such as tooth enamel or bone), researchers can infer geographic origin and mobility over a lifetime, or assess whether multiple individuals likely come from the same region.","- “Sauerstoff (O)” is a broader concept’s child of “stable isotope analysis”.
- “stable isotope analysis” has the narrower concept “Sauerstoff (O)”."
https://vocabs.acdh.oeaw.ac.at/defcthesaurus/isotopes_strontium_(Sr)/3.19,Source,Class,strontium sr,"In digital humanities, “Strontium (Sr)” usually refers to naturally occurring strontium isotopes (notably 87Sr/86Sr) measured in human or animal tissues (teeth, bone) to infer geographic origin and mobility. Because local geology sets distinctive strontium isotope ratios that enter food and water, comparing an individual’s isotopic ratio to regional “isoscapes” can determine where they likely grew up or distinguish commingled remains from different places.","- “Strontium (Sr)” is a broader concept of “stable isotope analysis”.
- “Stable isotope analysis” has the narrower concept “Strontium (Sr)”."
https://vocabs.acdh.oeaw.ac.at/defcthesaurus/jar/4.145,Source,Class,jar,"In digital humanities (material culture/typology), a jar is an open vessel whose height is equal to or greater than its maximum diameter, occurring in various sizes, with or without a neck.","- A carinated jar is a broader concept’s narrower term of jar. → A carinated jar is a type of jar.
- A collared jar is a type of jar.
- A funnel-necked jar is a type of jar.
- A globular jar is a type of jar.
- A hole-mouthed jar is a type of jar.
- Pottery form has the narrower concept jar. → A jar is a type of pottery form.
- A jar is broader than carinated jar, collared jar, funnel-necked jar, globular jar, and hole-mouthed jar. → Carinated jar, collared jar, funnel-necked jar, globular jar, and hole-mouthed jar are types of jar."
https://vocabs.acdh.oeaw.ac.at/defcthesaurus/jasper/3.14,Source,Class,jasper,"Jasper: an opaque, fine‑grained or dense variety of the silica mineral chert that occurs in various colours—chiefly brick red to brownish red due to admixed hematite; with clay admixture it appears yellowish white or gray.","- “Stein” has narrower concept “jasper”.
- “jasper” has broader concept “Stein”."
https://vocabs.acdh.oeaw.ac.at/defcthesaurus/jaw/5.6,Source,Class,jaw,"Jaw: either of a pair of bones forming the framework of a vertebrate’s mouth, usually bearing teeth—comprising a movable lower jaw (mandible) and a fixed upper jaw (maxilla).","- “Knochen” has narrower concept “jaw”.
- “jaw” has broader concept “Knochen”."
https://vocabs.acdh.oeaw.ac.at/defcthesaurus/jewellery/3.2,Source,Class,schmuck,"In this context, “Schmuck” is the German word for “jewellery” (decorative items like rings, necklaces, earrings, bracelets) used for personal adornment.","- Halskette is a broader concept of Schmuck.
- Kleinfund has a narrower concept Schmuck.
- Lippenpflock is a broader concept of Schmuck.
- Nasenring is a broader concept of Schmuck.
- Ohrring is a broader concept of Schmuck.
- Ohrstecker is a broader concept of Schmuck.
- Ornament is a broader concept of Schmuck.
- Perle is a broader concept of Schmuck.
- appliqué is a broader concept of Schmuck.
- bracelet is a broader concept of Schmuck.
- inlay is a broader concept of Schmuck.
- jewellery production is related to Schmuck.
- other is a broader concept of Schmuck.
- pendant is a broader concept of Schmuck.
- pin is a broader concept of Schmuck.
- ring is a broader concept of Schmuck.
- unknown is a broader concept of Schmuck.
- Schmuck is a broader concept of Kleinfund.
- Schmuck has narrower concepts Halskette, Lippenpflock, Nasenring, Ohrring, Ohrstecker, Ornament, Perle, appliqué, bracelet, inlay, other, pendant, pin, ring, unknown.
- Schmuck is related to jewellery production."
https://vocabs.acdh.oeaw.ac.at/defcthesaurus/jewellery_production/2.9,Source,Class,jewelry production,"In digital humanities, jewellery production refers to the study and documentation of the activity of making physical items used as personal ornament—analyzing materials, techniques, designs, and cultural contexts using digital methods (e.g., digitization, metadata, 3D modeling, databases).","- “Schmuck” is related to “jewellery production”.
- “production” has the narrower concept “jewellery production”.
- “jewellery production” has the broader concept “production”.
- “jewellery production” is related to “Schmuck”."
https://vocabs.acdh.oeaw.ac.at/defcthesaurus/jug/4.110,Source,Class,krug,"In digital humanities (e.g., cataloging/material culture), “Krug” refers to a jug: a closed vessel for pouring, usually with a lip or spout and typically one handle (sometimes none).","- “beak spouted jug” is a broader term for “Krug”.
- “Krug” is a narrower term of “beak spouted jug”.
- “pottery form” has the narrower term “Krug”.
- “Krug” is a broader term of “pottery form”.
- “Krug” has the narrower term “beak spouted jug”."
https://vocabs.acdh.oeaw.ac.at/defcthesaurus/juvenile_(13-18)/6.4,Source,Class,juvenile 13 18,"In digital humanities contexts (e.g., metadata, archival tagging, content classification), “juvenile (13–18)” designates materials intended for, about, or created by adolescents aged 13 to 18. It’s used for age-based categorization in datasets, libraries, repositories, and content filters to distinguish teen-focused content from “children” and “adult” categories.","- “age group” has narrower concept “juvenile (13–18)”.
- “juvenile (13–18)” has broader concept “age group”."
https://vocabs.acdh.oeaw.ac.at/defcthesaurus/kiliya_figurine/5.136,Source,Class,kiliya figurine,"In digital humanities, “meaning” of the Kiliya figurine refers to how scholars interpret its form, function, and cultural significance using interdisciplinary, data-driven methods. The Kiliya (Kilia) figurines—stylized marble female figures from the Late Chalcolithic/Early Bronze Age (c. 4500–3500 BCE) of the northwest Anatolian/Thracian Aegean—are typically read as:

- Embodiments of social identity: standardized yet individualized features suggest shared aesthetic canons and workshop traditions; network and morphometric analyses map production centers and exchange.
- Ritual or symbolic objects: frequent female abstraction and findspots imply roles in fertility, ancestor veneration, or rites of passage; use-wear and breakage patterns support ritual handling.
- Indicators of mobility and connectivity: provenance studies (isotope, marble sourcing) and distribution maps reconstruct interregional exchange across the Aegean and Anatolia.
- Aesthetic codes and memory: their geometric minimalism ties to early representational systems; digital typologies model how styles evolve and circulate.

In short, within a digital humanities frame, the “meaning” of Kiliya figurines emerges from computational classification, spatial-temporal mapping, material analyses, and cultural interpretation that together point to their roles as portable, symbolically charged objects mediating identity, ritual, and networks in prehistoric Aegean-Anatolian societies.","- Kiliya figurine is a broader concept’s member of anthropomorphic figurine.
- Anthropomorphic figurine has narrower concept Kiliya figurine."
https://vocabs.acdh.oeaw.ac.at/defcthesaurus/kiln/5.36,Source,Class,kiln,"In the context of digital humanities, a kiln refers (by analogy or reference in texts/artifacts) to a thermally insulated chamber—an oven—that reaches high temperatures to harden and dry materials like clay or metal. It’s commonly encountered in the study and digitization of archaeological records, material culture, and craft practices.","- installation has narrower concept kiln
- kiln has broader concept installation"
https://vocabs.acdh.oeaw.ac.at/defcthesaurus/knife/4.12,Source,Class,knife,"In digital humanities, “knife” refers to: a backed blade; a cutting instrument composed of a blade and a handle into which it is fixed, either rigidly or with a joint. (4.122)","- “Werkzeug” has narrower concept “knife”.
- “retouched tool” has narrower concept “knife”.
- “weapon” is related to “knife”.
- “knife” has broader concepts “Werkzeug” and “retouched tool”.
- “knife” is related to “weapon”."
https://vocabs.acdh.oeaw.ac.at/defcthesaurus/knob-row/5.99,Source,Class,vertikale knubbenreihe,"In digital humanities (describing cuneiform/clay artifacts), Vertikale Knubbenreihe refers to a vertically arranged series of small, round clay knobs applied to the surface—i.e., a vertically applied series of round clay objects used as a morphological or decorative feature on the artifact.","- “Vertikale Knubbenreihe” is a broader concept of “attachment.”
- “attachment” has the narrower concept “Vertikale Knubbenreihe.”"
https://vocabs.acdh.oeaw.ac.at/defcthesaurus/knob/4.130,Source,Class,knob,"In digital humanities, “knob” refers to a rounded control element—typically a circular or semicircular UI widget—that users can turn or drag to adjust a value (e.g., scrub through time, change intensity), aligning with a round application with a semicircular cross-section.","- “Werkzeug” has the narrower concept “knob.”
- “attachment” has the narrower concept “knob.”
- “pottery” is related to “knob.”
- “knob” is a narrower concept of “Werkzeug.”
- “knob” is a narrower concept of “attachment.”
- “knob” is related to “pottery.”"
https://vocabs.acdh.oeaw.ac.at/defcthesaurus/knobbed_handle/5.120,Source,Class,knobbed handle,"In digital humanities (e.g., artifact or object description), a “knobbed handle” is a handle that features one or more rounded protrusions—i.e., a handle with round applications attached to it.","- “handle” has narrower concept “knobbed handle”.
- “knobbed handle” has broader concept “handle”."
https://vocabs.acdh.oeaw.ac.at/defcthesaurus/knobbed_wishbone_handle/6.144,Source,Class,gabelhenkel mit knubbe,"“Gabelhenkel mit Knubbe” (German) refers to a forked or bifurcating loop handle (“Gabelhenkel”) that bears one or more small rounded knobs (“Knubbe”) as applied ornaments.

Within your context:
- It denotes a liminal, horizontally oriented, bird-bone–shaped loop handle whose ends split or fork and carry round appliqué knobs. 
- In digital humanities/metadata terms, use it as a controlled-form description of handle type: Handle form = forked loop (horizontal, birdbone-shaped); Decoration = round applied knobs (Knubben).","- “Gabelhenkel” has narrower concept “Gabelhenkel mit Knubbe”.
- “Gabelhenkel mit Knubbe” has broader concept “Gabelhenkel”."
https://vocabs.acdh.oeaw.ac.at/defcthesaurus/labret/4.106,Source,Class,lippenpflock,"Lippenpflock: A lip plug or ornament inserted into an incision in the lower lip, typically made of materials such as shell, bone, ivory, metal, stone, wood, or pottery.","- “Lippenpflock” is a broader concept’s narrower instance of “Schmuck.”  
- “Schmuck” has the narrower concept “Lippenpflock.”"
https://vocabs.acdh.oeaw.ac.at/defcthesaurus/ladle/4.133,Source,Class,sch pfkelle,"Schöpfkelle: a ladle — a long-handled scoop used for serving liquids (e.g., soup).","- “Schöpfkelle” is a broader concept of “pottery form.”
- “pottery form” is a narrower concept of “Schöpfkelle.”"
https://vocabs.acdh.oeaw.ac.at/defcthesaurus/lamp/4.134,Source,Class,lampe,"In digital humanities, “Lampe” refers to a lamp: a vessel used to produce illumination.","- “Lampe” is a broader concept of “pottery form.”  
- “Pottery form” is a narrower concept of “Lampe.”"
https://vocabs.acdh.oeaw.ac.at/defcthesaurus/laser_scanning_survey/4.19,Source,Class,laserscanning,"In digital humanities, laserscanning is the recording of a surface (or multiple surfaces) using laser-based scanning technologies to capture precise geometry and create a 3D model of the target structure or object.","- “Laserscanning” is a broader concept’s narrower term of “field survey.”
- “field survey” has the narrower concept “Laserscanning.”"
https://vocabs.acdh.oeaw.ac.at/defcthesaurus/lead/5.10,Source,Class,lead,"Lead: A soft, heavy, silvery metal (chemical symbol Pb) with a low melting point, historically used in alloys with copper and tin to make bronze tools and weapons; obtained from quarry sites.","- “Metall” has the narrower concept “lead”.
- “lead” has the broader concept “Metall”."
https://vocabs.acdh.oeaw.ac.at/defcthesaurus/ledge_lug/6.70,Source,Class,ledge lug,"In digital humanities pottery terminology, a ledge lug is a bar-shaped handhold attached to a pot’s wall, forming a projecting ledge to help grip and hold the vessel.","- “ledge lug” is a broader term’s child of “lug”. → “ledge lug” is a narrower term of “lug”.
- “lug” has a narrower term “ledge lug”."
https://vocabs.acdh.oeaw.ac.at/defcthesaurus/lentil/5.13,Source,Class,linsen wicke,"In a digital humanities context, “Linsen-Wicke” likely refers to the lentil–vetch intercrop (German: Linse = lentil; Wicke = vetch), often appearing in historical agrarian texts, botanical lists, or datasets. It can denote:
- A crop pairing (lentils with vetch) used historically for mutual support and soil health.
- A taxonomic or lexical entry in historical corpora where plant names vary by region/time.

So, it’s the German term for a lentil–vetch combination, relevant in DH for text normalization, ontology mapping, or agricultural history analysis.","- „Linsen-Wicke“ ist eine Untergruppe von „Hülsenfrucht“.
- „Hülsenfrucht“ ist eine Obergruppe von „Linsen-Wicke“."
https://vocabs.acdh.oeaw.ac.at/defcthesaurus/lid/4.112,Source,Class,lid,"In digital humanities, “lid” here refers to a shape used for covering vessels—that is, a covering element (a modeled form) that fits over a container in artifacts or 3D/visual datasets.","- “lid” is a broader concept’s child of “pottery form.”  
- “pottery form” has the narrower concept “lid.”"
https://vocabs.acdh.oeaw.ac.at/defcthesaurus/limestone/3.22,Source,Class,kalkstein,"Kalkstein means “limestone” — a sedimentary rock mainly composed of calcite or aragonite (CaCO3), commonly used as a building material or for making smaller objects.","- “Kalkstein” ist allgemeiner gefasst unter “Stein”.
- “Stein” hat die spezifischere Unterkategorie “Kalkstein”."
https://vocabs.acdh.oeaw.ac.at/defcthesaurus/limestone_floor/6.20,Source,Class,limestone floor,"In digital humanities context, “limestone floor” refers to the floor surface of a room—i.e., the walkable lower surface—constructed from limestone, a sedimentary stone commonly used in historical and archaeological buildings.","- “floor” has a more specific concept “limestone floor”.
- “limestone floor” has a broader concept “floor”."
https://vocabs.acdh.oeaw.ac.at/defcthesaurus/lithic_material/3.015,Source,Class,rohmaterial,"Rohmaterial: the raw material (e.g., stone type) from which a lithic object was made in digital humanities/archaeological contexts.","- Stein is a broader concept of Rohmaterial.
- Steinwerkzeug is a narrower concept of Rohmaterial.
- mineral is a broader concept of Rohmaterial.
- Rohmaterial is a broader concept of Steinwerkzeug.
- Rohmaterial is a narrower concept of Stein.
- Rohmaterial is a narrower concept of mineral."
https://vocabs.acdh.oeaw.ac.at/defcthesaurus/lithic_production/3.014,Source,Class,lithic production,"In digital humanities, lithic production refers to the study and computational analysis of how stone tools were made—covering raw material procurement, reduction sequences (chaine opératoire), manufacturing techniques, and use-wear—using digital methods such as 3D scanning, GIS, quantitative morphometrics, experimental simulation, and database-driven comparative analysis to reconstruct and interpret past technological practices.","- Steinwerkzeug has narrower concept lithic production.
- Lithics industry has broader concept lithic production.
- Lithics technology has broader concept lithic production.
- Lithic production has broader concept Steinwerkzeug.
- Lithic production has narrower concept lithics industry.
- Lithic production has narrower concept lithics technology."
https://vocabs.acdh.oeaw.ac.at/defcthesaurus/lithics/2.3,Source,Class,steinwerkzeug,"In digital humanities, Steinwerkzeug refers to the German digital edition and database “Steinwerkzeug — Raw Material, Technology and Use-wear of Stone Tools,” which documents, analyzes, and makes accessible data on prehistoric stone tools (raw materials, typology, technology, use-wear) for research and teaching.","- Rohmaterial is broader than Steinwerkzeug.
- Schaber is related to Steinwerkzeug.
- chipped stone tool production is related to Steinwerkzeug.
- core is broader than Steinwerkzeug.
- core preparation is broader than Steinwerkzeug.
- finds type is narrower than Steinwerkzeug.
- grinding stone is related to Steinwerkzeug.
- lithic production is broader than Steinwerkzeug.
- retouched tool is broader than Steinwerkzeug.
- stone tool production is related to Steinwerkzeug.
- unretouched tool is broader than Steinwerkzeug.
- Steinwerkzeug is broader than finds type.
- Steinwerkzeug has narrower concepts: Rohmaterial, core, core preparation, lithic production, retouched tool, unretouched tool.
- Steinwerkzeug is related to Schaber, chipped stone tool production, grinding stone, stone tool production."
https://vocabs.acdh.oeaw.ac.at/defcthesaurus/lithics_analysis/2.062,Source,Class,lithics analysis,"In digital humanities, lithics analysis refers to the study of stone artifacts (e.g., tools, debitage) using computational and data-driven methods—such as 3D scanning, GIS, image analysis, and databases—to document, classify, measure, and interpret production techniques, use-wear, provenance, and cultural patterns.","- “Herkunftanalyse” is a broader concept of “lithics analysis.”
- “special analysis” has the narrower concept “lithics analysis.”
- “lithics analysis” is a broader concept of “special analysis” and has the narrower concept “Herkunftanalyse.”"
https://vocabs.acdh.oeaw.ac.at/defcthesaurus/lithics_industry/4.024,Source,Class,lithics industry,"In digital humanities, a lithics industry refers to a defined tradition or system of stone tool production and use—characterized by specific raw materials, reduction techniques, tool types, and technological organization—identified and analyzed through digital methods (e.g., 3D scanning, morphometrics, GIS, databases) to study patterns of manufacture, use, and cultural transmission across time and space.","- blade industry is broader than lithics industry.
- flake industry is broader than lithics industry.
- lithic production is narrower than lithics industry.
- microlithic industry is broader than lithics industry.
- lithics industry is broader than lithic production.
- lithics industry is narrower than blade industry.
- lithics industry is narrower than flake industry.
- lithics industry is narrower than microlithic industry."
https://vocabs.acdh.oeaw.ac.at/defcthesaurus/lithics_raw_material_sourcing/3.20,Source,Class,herkunftanalyse,"In digital humanities, Herkunftsanalyse refers to provenance analysis: investigating and determining the origin of an object’s materials—i.e., where the raw material was obtained.","- “Herkunftanalyse” is a broader concept’s narrower term of “lithics analysis.”  
- “lithics analysis” has the narrower concept “Herkunftanalyse.”"
https://vocabs.acdh.oeaw.ac.at/defcthesaurus/lithics_technology/4.023,Source,Class,lithics technology,"In digital humanities, “lithics technology” refers to the study and analysis of stone tools and their production techniques using digital methods—e.g., 3D scanning and modeling of artifacts, geometric morphometrics, use-wear imaging, spatial/GIS analysis of findspots, and computational classification—to reconstruct manufacturing sequences (chaîne opératoire), tool functions, and cultural-technological patterns.","- direct percussion is a broader concept within lithics technology.
- indirect percussion is a broader concept within lithics technology.
- lithic production has a narrower concept: lithics technology.
- pressure technique is a broader concept within lithics technology.
- lithics technology is a broader concept within lithic production.
- lithics technology has narrower concepts: direct percussion, indirect percussion, pressure technique."
https://vocabs.acdh.oeaw.ac.at/defcthesaurus/longhouse/5.1,Source,Class,longhouse,"In digital humanities focused on Central European Neolithic cultures (e.g., Linearbandkeramik), a “longhouse” refers to a rectangular domestic building characterized by a pronounced length-to-width imbalance—very long and relatively narrow—serving as the primary dwelling and activity space for early farming communities.","- “building type” has narrower concept “longhouse”.
- “longhouse” has broader concept “building type”."
https://vocabs.acdh.oeaw.ac.at/defcthesaurus/loom_weight/5.71,Source,Class,webgewicht,"In digital humanities (drawing on archaeological/heritage terminology), “Webgewicht” refers to a loom weight: a perforated stone or ceramic block used to tension and stretch the warp or weft threads on a loom.","- “Webgewicht” is a broader concept’s narrower term of “textile equipment.”
- “Textile equipment” has the narrower concept “Webgewicht.”"
https://vocabs.acdh.oeaw.ac.at/defcthesaurus/looting/5.3,Source,Class,looting,"Looting (in digital humanities/archaeology): the unscientific and illegal plundering of archaeological sites—especially graves—for profit, which destroys context and cultural heritage.","- “Grave disturbance” has the more specific concept “looting.”
- “Looting” is a more specific concept under “grave disturbance.”"
https://vocabs.acdh.oeaw.ac.at/defcthesaurus/lug/5.040,Source,Class,lug,"In digital humanities, “Lug” most commonly refers to the Linked Open Government Data (LUG) workshop/initiative/community focused on linking and publishing government data on the web using semantic web/Linked Data principles. If you mean the general verb “to lug,” it means to carry something heavy or cumbersome, but in DH contexts “LUG” is usually an acronym tied to Linked (Open) Government data.","- “Röhrenöse” is a broader concept of “lug”. → “Röhrenöse” is more general than “lug”.
- “Rüsselhenkel” is a broader concept of “lug”. → “Rüsselhenkel” is more general than “lug”.
- “handle” is a narrower concept of “lug”. → “handle” is more specific than “lug”.
- “ledge lug” is a broader concept of “lug”. → “ledge lug” is more general than “lug”.
- “stringhole lug” is a broader concept of “lug”. → “stringhole lug” is more general than “lug”.
- “lug” is a broader concept of “handle”. → “lug” is more general than “handle”.
- “lug” has narrower concepts: “Röhrenöse”, “Rüsselhenkel”, “ledge lug”, “stringhole lug”. → These are more specific than “lug”."
https://vocabs.acdh.oeaw.ac.at/defcthesaurus/mace_head/5.44,Source,Class,mace head,"In digital humanities/archaeological context, a mace head is the perforated striking head of a small club-like weapon—often made of stone—designed to fit in the hand or be mounted on a wooden (or ivory/horn) shaft that typically tapers toward the grip end, used for pounding or striking.","- “mace head” is a broader concept’s narrower term: it is narrower than “weapon.”
- “weapon” has a narrower concept: “mace head.”"
https://vocabs.acdh.oeaw.ac.at/defcthesaurus/malachite/3.35,Source,Class,malachite,"In a digital humanities context, “malachite” refers to the copper carbonate hydroxide mineral Cu2CO3(OH)2—historically significant as a green pigment in manuscripts, paintings, and artifacts. It signals material culture data points: provenance (mining/trade networks), technological practices (pigment preparation, binding media), and semantic associations with green (nature, rebirth, status). Digitally, it can be an ontology term or metadata tag linking objects to material composition, conservation concerns (light sensitivity, alteration), and computational analyses (spectral signatures in imaging).","- “malachite” is a broader concept of “mineral”.  
- “mineral” has the narrower concept “malachite”."
https://vocabs.acdh.oeaw.ac.at/defcthesaurus/male_figurine/5.85,Source,Class,m nnliche figur,"“Männliche Figur” means “male figure”: a small carved or sculpted representation of a male human, typically made of clay, stone, wood, or metal.","- “Phallus” is a broader concept of “Männliche Figur”.
- “anthropomorphic figurine” is a narrower concept of “Männliche Figur”.
- “Männliche Figur” is a broader concept of “anthropomorphic figurine”.
- “Männliche Figur” is a narrower concept of “Phallus”."
https://vocabs.acdh.oeaw.ac.at/defcthesaurus/male_individuals/6.1,Source,Class,m nlich,"In a digital humanities context, “mänlich” appears to be a misspelling of the German word “männlich,” which means “male” (as a gender/sex category).","- “Geschlecht” has narrower concept “mänlich”.
- “mänlich” has broader concept “Geschlecht”."
https://vocabs.acdh.oeaw.ac.at/defcthesaurus/mallard_duck/6.33,Source,Class,stockente,"In digital humanities, Stockente refers to a false or misleading report—a hoax or unfounded rumor—analogous to the German term for a journalistic “canard.” It denotes misinformation that circulates without reliable sources.","- “Stockente” is a broader concept’s narrower term of “duck.” → “Stockente” is a type of “duck.”
- “duck” has the narrower concept “Stockente.” → “duck” includes “Stockente” as a narrower term."
https://vocabs.acdh.oeaw.ac.at/defcthesaurus/mammal/4.020,Source,Class,mammal,"In a digital humanities context, “mammal” refers to the biological category (Class Mammalia) used as a metadata term or concept in texts, databases, or ontologies: warm-blooded vertebrates that typically have hair/fur, produce milk via mammary glands, and (mostly) give live birth. It functions as a controlled vocabulary label for classification, tagging, or semantic analysis of cultural and scientific materials.","- Bos taurus is a broader concept of mammal. → Bos taurus is a kind of mammal.
- Canis lupus is a broader concept of mammal. → Canis lupus is a kind of mammal.
- Castor fiber is a broader concept of mammal. → Castor fiber is a kind of mammal.
- Equus asinus is a broader concept of mammal. → Equus asinus is a kind of mammal.
- Felis silvestris is a broader concept of mammal. → Felis silvestris is a kind of mammal.
- Gazelle is a broader concept of mammal. → Gazelle is a kind of mammal.
- Hase is a broader concept of mammal. → Hase is a kind of mammal.
- Ovis aries is a broader concept of mammal. → Ovis aries is a kind of mammal.
- Pferd is a broader concept of mammal. → Pferd is a kind of mammal.
- Rupicapra rupicapra is a broader concept of mammal. → Rupicapra rupicapra is a kind of mammal.
- Schermaus is a broader concept of mammal. → Schermaus is a kind of mammal.
- Sus scrofa domesticus is a broader concept of mammal. → Sus scrofa domesticus is a kind of mammal.
- Vulpes vulpes is a broader concept of mammal. → Vulpes vulpes is a kind of mammal.
- Wild is a broader concept of mammal. → Wild is a kind of mammal.
- Wildrind is a broader concept of mammal. → Wildrind is a kind of mammal.
- Wildziege is a broader concept of mammal. → Wildziege is a kind of mammal.
- aurochs is a broader concept of mammal. → aurochs is a kind of mammal.
- brown bear is a broader concept of mammal. → brown bear is a kind of mammal.
- deer is a broader concept of mammal. → deer is a kind of mammal.
- dog is a broader concept of mammal. → dog is a kind of mammal.
- goat is a broader concept of mammal. → goat is a kind of mammal.
- mouse is a broader concept of mammal. → mouse is a kind of mammal.
- onager is a broader concept of mammal. → onager is a kind of mammal.
- sheep/goat is a broader concept of mammal. → sheep/goat is a kind of mammal.
- wild board is a broader concept of mammal. → wild board is a kind of mammal.
- wild sheep is a broader concept of mammal. → wild sheep is a kind of mammal.
- animal remains species has narrower concept mammal. → Mammal is a narrower concept of animal remains species.
- mammal has narrower concepts Bos taurus, Canis lupus, Castor fiber, Equus asinus, Felis silvestris, Gazelle, Hase, Ovis aries, Pferd, Rupicapra rupicapra, Schermaus, Sus scrofa domesticus, Vulpes vulpes, Wild, Wildrind, Wildziege, aurochs, brown bear, deer, dog, goat, mouse, onager, sheep/goat, wild board, wild sheep. → All listed are kinds of mammal.
- mammal is a broader concept of animal remains species. → Animal remains species is a kind of category that includes mammal."
https://vocabs.acdh.oeaw.ac.at/defcthesaurus/manger/5.35,Source,Class,manger,"In this context, “manger” means a long trough from which horses or cattle feed.","- installation has narrower concept manger.
- manger has broader concept installation."
https://vocabs.acdh.oeaw.ac.at/defcthesaurus/marble/3.10,Source,Class,marble,"In digital humanities, “marble” refers to the physical material—non-foliated metamorphic rock made of recrystallized carbonate minerals (typically calcite or dolomite)—as an object of study and representation in cultural heritage. It’s the stone used in sculptures, architecture, and artifacts whose properties and histories are analyzed, digitized, modeled, and annotated.","- “Stein” has the narrower concept “marble”.
- “marble” has the broader concept “Stein”."
https://vocabs.acdh.oeaw.ac.at/defcthesaurus/mat-impressed/5.129,Source,Class,mat impressed,"Mat-impressed (in digital humanities/ceramics context): A surface decoration on pottery created by pressing a woven mat into the wet clay, leaving the mat’s texture or pattern impressed on the vessel.","- “Ritzverziert” has narrower concept “mat-impressed”.
- “mat-impressed” has broader concept “Ritzverziert”."
https://vocabs.acdh.oeaw.ac.at/defcthesaurus/material_culture/4.3,Source,Class,materielle kultur,"In digital humanities, materielle Kultur (material culture) refers to the study of objects—their physical properties, materials, production, use, and circulation—and how these material aspects shape and reveal culture and social relations. It emphasizes analyzing tangible artifacts (including digital-born objects as material artifacts) to understand cultural practices and meanings.","- “dating method” has narrower concept “materielle Kultur”.
- “materielle Kultur” has broader concept “dating method”."
https://vocabs.acdh.oeaw.ac.at/defcthesaurus/matt_brown_on_white/6.199,Source,Class,matt brown on white,"It refers to a decorative technique: a non-glossy (matte) brown pigment painted onto a white slip or ground on pottery. In digital humanities contexts (e.g., cataloging or image annotation), “matt brown on white” describes the surface finish and color scheme—brown, matte paint used for motifs contrasted against a white background.","- “Musterbemalt” has narrower concept “matt brown on white”.
- “matt brown on white” has broader concept “Musterbemalt”."
https://vocabs.acdh.oeaw.ac.at/defcthesaurus/matt_painted/6.169,Source,Class,matt painted,"In this context, “matt-painted” refers to pottery decorated with non-glossy (non-lustrous) paint—specifically a manganese-based purple‑black pigment—applied on a pale clay surface. Unlike the shiny (glossy) finishes of some Greek wares, matt-painted pottery has a dull surface and simple painted decoration, found across islands near mainland Greece and as far as Crete and the Anatolian coast.","- “Musterbemalt” has a narrower concept: “matt painted.”
- “matt painted” has a broader concept: “Musterbemalt.”"
https://vocabs.acdh.oeaw.ac.at/defcthesaurus/mature-senile_(51-70)/6.8,Source,Class,mature senile 51 70,"In digital humanities, “mature–senile (51–70)” typically refers to an age category used in demographic metadata or corpus annotation. It denotes participants, authors, or subjects aged 51 to 70, often grouped to study age-related language use, reading/usage patterns, or representation in datasets. The “senile” label is outdated and discouraged; “older adult (51–70)” or splitting into “51–60” and “61–70” is more appropriate.","- age group has narrower concept mature-senile (51-70).
- mature-senile (51-70) has broader concept age group."
https://vocabs.acdh.oeaw.ac.at/defcthesaurus/mature_(41-60)/6.7,Source,Class,mature 41 60,"In digital humanities, “mature (41–60)” typically refers to a project or initiative’s lifecycle stage on a maturity scale. At this stage, the work is:

- Established: core methods, workflows, and infrastructure are stable and well-documented.
- Scaled: serving a broader user base, with sustained outputs and regular updates.
- Governed: clear roles, policies, and maintenance plans; versioning and QA in place.
- Interoperable: standards-compliant data and APIs; integration with other DH tools/resources.
- Evaluated: evidence of impact (citations, reuse, teaching adoption) and external review.
- Sustainable: diversified funding/hosting strategy beyond initial grants.

“41–60” indicates a mid-to-high maturity band—beyond pilot/prototype and growth, not yet at “fully optimized/legacy” end.","- “age group” has narrower concept “mature (41-60)”.
- “mature (41-60)” has broader concept “age group”."
https://vocabs.acdh.oeaw.ac.at/defcthesaurus/megaron/5.2,Source,Class,megaron,"In digital humanities context: a megaron is a three-roomed building arranged on a central axis, typically the main hall of a Mycenaean palace.","- “building type” has narrower concept “megaron”.
- “megaron” has broader concept “building type”."
https://vocabs.acdh.oeaw.ac.at/defcthesaurus/metal/2.9,Source,Class,metall,"In digital humanities context, “Metall” refers to: a solid material typically hard, shiny, malleable, fusible, and ductile, with good thermal and electrical conductivity—for example, iron, gold, silver, or steel.","- Gold is a broader concept of Metall.
- Silber is a broader concept of Metall.
- copper is a broader concept of Metall.
- finds material is a narrower concept of Metall.
- lead is a broader concept of Metall.
- raw material is a narrower concept of Metall.
- Metall is a broader concept of finds material and raw material.
- Metall is a narrower concept of Gold, Silber, copper, and lead."
https://vocabs.acdh.oeaw.ac.at/defcthesaurus/metal_detecting_survey/5.20,Source,Class,metal detecting survey,"A metal detecting survey is a structured, carefully executed scan of the ground surface using metal detectors to recover surface scatters of metal objects and record their spatial locations across a study area, typically as part of an archaeological survey or metal detecting rally.","- A geophysical survey has the narrower concept metal detecting survey.
- A metal detecting survey has the broader concept geophysical survey."
https://vocabs.acdh.oeaw.ac.at/defcthesaurus/metal_detecting_use/3.7,Source,Class,metalldetektor einsatz,"“Metalldetektor Einsatz” (German) means the use/employment of a metal detector. In digital humanities/archaeology, it refers to:

- Hobbyist metal detecting to find buried coins or artifacts.
- Professional/archaeological use of a metal detector on excavations to locate metal items that might otherwise be missed.","- “Intrusiv” has the narrower concept “Metalldetektor Einsatz.”
- “Metalldetektor Einsatz” has the broader concept “Intrusiv.”"
https://vocabs.acdh.oeaw.ac.at/defcthesaurus/metal_production/2.2,Source,Class,metal production,"In digital humanities, “metal production” refers to the historical-technical process of extracting metals from ore and refining them—often including alloy making—studied and represented through digital methods (e.g., datasets, reconstructions, text mining). It encompasses mining, smelting, refining to purer forms, and alloy production.","- metal production is a broader concept of production.
- production has the narrower concept metal production."
https://vocabs.acdh.oeaw.ac.at/defcthesaurus/metallurgy/2.21,Source,Class,metallurgy,"Metallurgy, in this context, refers to the branch of science and technology concerned with the properties of metals and their production and purification. In digital humanities, it often appears as a subject of study in historical texts, datasets, or material culture analysis related to metalworking practices and technologies.","- metallurgy has broader concept special analysis.
- special analysis has narrower concept metallurgy."
https://vocabs.acdh.oeaw.ac.at/defcthesaurus/micro_end-scraper/4.13,Source,Class,micro end scraper,"In digital humanities context, a micro end-scraper is a very small end-scraper—any scraper whose length or width is under 25 mm. By size it falls within the microlith category.","- micro end-scraper is a broader concept of retouched tool.
- retouched tool has narrower concept micro end-scraper."
https://vocabs.acdh.oeaw.ac.at/defcthesaurus/microblade/4.4,Source,Class,microblade,"In digital humanities, a “microblade” typically refers to a very small, self-contained UI control or functional component—such as a compact panel, tile, or widget—that presents a focused slice of data or a single tool/action. It’s designed for modularity and reusability, letting scholars assemble dashboards or interfaces from many small, interoperable parts (e.g., a tiny visualization, a filter control, or a metadata inspector).","- microblade is a broader concept of unretouched tool.
- unretouched tool is a narrower concept of microblade."
https://vocabs.acdh.oeaw.ac.at/defcthesaurus/microlithic_industry/5.3,Source,Class,microlithic industry,"In digital humanities, a microlithic industry refers to the set of human practices and techniques applied to raw materials (typically stone) to produce microliths—very small, standardized stone tools—encompassing the technological processes, organization, and cultural context of their production.","- lithics industry has narrower concept microlithic industry.
- microlithic industry has broader concept lithics industry."
https://vocabs.acdh.oeaw.ac.at/defcthesaurus/millet/5.039,Source,Class,millet,"In digital humanities, “millet” usually refers to the Ottoman Empire’s millet system: legally recognized religious/ethno-religious communities (e.g., Greek Orthodox, Armenian, Jewish) with autonomous authority over personal status, education, and communal affairs. Scholars use it to analyze identity, governance, and archival records of plural societies in Ottoman/ post-Ottoman contexts.","- “millet” is a narrower concept of “Getreide”.
- “Panicum miliaceum” is a broader concept of “millet”.
- “Setaria italica” is a broader concept of “millet”.
- “millet” is a broader concept of “Getreide”.
- “millet” has the narrower concepts “Panicum miliaceum” and “Setaria italica”."
https://vocabs.acdh.oeaw.ac.at/defcthesaurus/mine_shaft/4.2,Source,Class,schlacht,Schlacht here refers to a “shaft”: a vertical or inclined excavation giving access to an underground mine.,"- “Schlacht” is a broader term of “quarry type.”
- “quarry type” is a narrower term of “Schlacht.”"
https://vocabs.acdh.oeaw.ac.at/defcthesaurus/mineral/2.3,Source,Class,mineral,"In this context, “mineral” means a naturally occurring inorganic substance (e.g., flint, obsidian, quartz, copper ores) used as raw material in the past to produce small finds and lithic artifacts. It refers to the material category of geological substances identified and recorded in digital humanities datasets for classifying and analyzing artifacts.","- Calcit is a broader concept of mineral.
- Rohmaterial is a narrower concept of mineral.
- Serpentin is a broader concept of mineral.
- chlorite is a broader concept of mineral.
- finds material is a narrower concept of mineral.
- malachite is a broader concept of mineral.
- rock crystal is a broader concept of mineral.
- mineral is a broader concept of Rohmaterial.
- mineral is a broader concept of finds material.
- mineral is a narrower concept of Calcit.
- mineral is a narrower concept of Serpentin.
- mineral is a narrower concept of chlorite.
- mineral is a narrower concept of malachite.
- mineral is a narrower concept of rock crystal."
https://vocabs.acdh.oeaw.ac.at/defcthesaurus/mineralogy/2.22,Source,Class,mineralogy,"In digital humanities, mineralogy refers to the scientific study of minerals—understood, analyzed, or represented using digital methods, data, or tools.","- “mineralogy” is a broader concept under “special analysis”.
- “special analysis” has the narrower concept “mineralogy”."
https://vocabs.acdh.oeaw.ac.at/defcthesaurus/miniature_strap_handle/6.147,Source,Class,miniaturbandhenkel,"Miniaturbandhenkel: a very small, ribbon-like clay handle (strip) applied to a vessel’s body before firing.","- “Miniaturbandhenkel” is a broader term’s subordinate of “strap handle.”  
- “Strap handle” has the narrower term “Miniaturbandhenkel.”"
https://vocabs.acdh.oeaw.ac.at/defcthesaurus/molluscs/4.17,Source,Class,mollusken,"In digital humanities contexts, “Mollusken” (German for “mollusks”) typically refers to mollusk-related content—e.g., datasets, taxonomies, images, or texts about mollusks—used in digitized collections, biodiversity databases, or cultural heritage projects. It often appears as a subject heading/keyword for classifying and analyzing materials about mollusks.","- “Mollusken” is a broader concept’s narrower term under “animal remains species.”
- “animal remains species” has the narrower concept “Mollusken.”"
https://vocabs.acdh.oeaw.ac.at/defcthesaurus/monochrome/5.265,Source,Class,monochrome,"In digital humanities and material culture, monochrome refers to an object or image executed in a single color (or effectively a single hue with its shades). In this context: pottery painted with one, or at most two closely related, colors.","- “Bemalt” has narrower concept “monochrome”.
- “Monochrom braun” has broader concept “monochrome”.
- “Monochrom geglättet” is related to “monochrome”.
- “Monochrom rot” has broader concept “monochrome”.
- “Monochrom undekoriert (B1)” has broader concept “monochrome”.
- “Rosa Ware” has broader concept “monochrome”.
- “monochrom grau” has broader concept “monochrome”.
- “monochrom weiß” has broader concept “monochrome”.
- “monochrome black” has broader concept “monochrome”.
- “monochrome orange” has broader concept “monochrome”.
- “monochrome red (a1)” has broader concept “monochrome”.
- “monochrome urfirnis” has broader concept “monochrome”.
- “monochrome yellow” has broader concept “monochrome”.
- “orange fein Ware” has broader concept “monochrome”.
- “white” has broader concept “monochrome”.
- “monochrome” has broader concept “Bemalt”.
- “monochrome” has narrower concept “Monochrom braun”.
- “monochrome” has narrower concept “Monochrom rot”.
- “monochrome” has narrower concept “Monochrom undekoriert (B1)”.
- “monochrome” has narrower concept “Rosa Ware”.
- “monochrome” has narrower concept “monochrom grau”.
- “monochrome” has narrower concept “monochrom weiß”.
- “monochrome” has narrower concept “monochrome black”.
- “monochrome” has narrower concept “monochrome orange”.
- “monochrome” has narrower concept “monochrome red (a1)”.
- “monochrome” has narrower concept “monochrome urfirnis”.
- “monochrome” has narrower concept “monochrome yellow”.
- “monochrome” has narrower concept “orange fein Ware”.
- “monochrome” has narrower concept “white”.
- “monochrome” is related to “Monochrom geglättet”."
https://vocabs.acdh.oeaw.ac.at/defcthesaurus/monochrome_black/6.245,Source,Class,monochrome black,"In digital humanities (and material culture), “monochrome black” refers to an object rendered in a single color—black—where both the ground and the painted decoration are black. In your example, it means pottery where black paint is applied on a black ground, producing a subtle, low-contrast, tone-on-tone effect rather than distinct color contrasts.","- “monochrome” has a narrower concept “monochrome black”.
- “monochrome black” has a broader concept “monochrome”."
https://vocabs.acdh.oeaw.ac.at/defcthesaurus/monochrome_brown/6.130,Source,Class,monochrom braun,Monochrom braun means “monochrome brown”: pottery decorated using only brown paint on a brown ground (brown-on-brown).,"- “Monochrom braun” is a broader concept’s child of “monochrome.”  
- “monochrome” has the narrower concept “Monochrom braun.”"
https://vocabs.acdh.oeaw.ac.at/defcthesaurus/monochrome_burnished/5.170,Source,Class,monochrom gegl ttet,Monochrom geglättet means “monochrome burnished” (pottery): a vessel finished by smoothing/burnishing the surface and painted or slipped in a single color.,"- “Monochrom geglättet” is a narrower concept of “Geglättet”.
- “monochrome” is related to “Monochrom geglättet”.
- “Monochrom geglättet” is a broader concept of “Geglättet”. (Note: from the data, it’s the other way around: it has broader “Geglättet”.)
- “Monochrom geglättet” is related to “monochrome”."
https://vocabs.acdh.oeaw.ac.at/defcthesaurus/monochrome_grey/6.294,Source,Class,monochrom grau,"In this context, monochrom grau means “monochrome grey”: pottery decorated in a single colour where grey paint is applied on a grey ground (grey-on-grey).","- “monochrom grau” is a broader concept of “monochrome.”
- “monochrome” is a narrower concept of “monochrom grau.”"
https://vocabs.acdh.oeaw.ac.at/defcthesaurus/monochrome_orange/6.200,Source,Class,monochrome orange,"In this digital humanities context, “monochrome orange” describes pottery decorated using only one hue—orange—where orange paint is applied on an orange-colored ground. It indicates a single-color scheme (no contrasting colors), with design and background differentiated by tone, saturation, or finish within the same orange hue.","- “monochrome” has a narrower concept “monochrome orange”.
- “monochrome orange” has a broader concept “monochrome”."
https://vocabs.acdh.oeaw.ac.at/defcthesaurus/monochrome_red/6.249,Source,Class,monochrom rot,"In this context, “Monochrom rot” means “monochrome red”: pottery decorated in a single red hue—red paint applied on a red ground (red-on-red ware).","- “Monochrom rot” is a broader concept of “monochrome.”
- “monochrome” has the narrower concept “Monochrom rot.”"
https://vocabs.acdh.oeaw.ac.at/defcthesaurus/monochrome_red_a1/6.154,Source,Class,monochrome red a1,"In digital humanities (e.g., typologies or cataloging of artifacts), “monochrome red (a1)” refers to pottery that is painted entirely in a single red color with no additional decoration or motifs.","- “monochrome red (a1)” is a narrower concept of “monochrome”.
- “monochrome” is a broader concept of “monochrome red (a1)”."
https://vocabs.acdh.oeaw.ac.at/defcthesaurus/monochrome_undecorated_b1/6.155,Source,Class,monochrom undekoriert b1,"Monochrom undekoriert (B1) refers to a pottery category characterized by a single-color surface without additional painted motifs. In this context, it denotes vessels with a buff fabric covered by a dark, lustrous slip or glaze that serves as the sole “decoration.” Typical shapes in this group include the sauce boat and the askos.","- “Monochrom undekoriert (B1)” is a broader concept of “monochrome”.
- “monochrome” is a narrower concept of “Monochrom undekoriert (B1)”."
https://vocabs.acdh.oeaw.ac.at/defcthesaurus/monochrome_urfirnis/6.171,Source,Class,monochrome urfirnis,"In this context, monochrome urfirnis refers to a single-color (monochrome) application of urfirnis—an early, thin, glossy slip or paint—used to decorate pottery. Specifically here, it denotes pottery painted with white paint on a white ground.","- “monochrome” has a narrower concept “monochrome urfirnis”.
- “monochrome urfirnis” has a broader concept “monochrome”."
https://vocabs.acdh.oeaw.ac.at/defcthesaurus/monochrome_white/6.301,Source,Class,monochrom wei,"In this context, monochrom weiß means “monochrome white”: pottery decorated in a single color within the white/yellow-white spectrum—i.e., yellow paint applied on a yellow (light/white) ground, producing a uniform, single-hue (white/yellowish-white) appearance.","- “monochrom weiß” is a broader concept’s child of “monochrome.”
- “monochrome” has the narrower concept “monochrom weiß.”"
https://vocabs.acdh.oeaw.ac.at/defcthesaurus/monochrome_yellow/6.286,Source,Class,monochrome yellow,"In this digital humanities context, “monochrome yellow” refers to a single-color (uniform) yellow surface or finish—here, specifically the consistent yellow appearance of orange ware produced from well‑purified clay. The purification and firing yield a homogeneous yellow tone across the ceramic, making it a monochrome (single-hue) yellow ware.","- “monochrome” has a narrower concept “monochrome yellow”.
- “monochrome yellow” has a broader concept “monochrome”."
https://vocabs.acdh.oeaw.ac.at/defcthesaurus/mortar/5.49,Source,Class,mortar,"In this context, a mortar is the stone or wooden receptacle with a cup-shaped depression used (with a pestle) in antiquity to process plant foods.","- grinding equipment has narrower concept mortar.
- mortar has broader concept grinding equipment."
https://vocabs.acdh.oeaw.ac.at/defcthesaurus/mortuary_feature/4.086,Source,Class,mortuary feature,"In digital humanities—especially in archaeological or anthropological datasets—a mortuary feature is any recorded physical element associated with death, burial, or commemoration. Examples include graves, tombs, cremation pits, ossuaries, grave cuts/fills, coffins, markers, and associated structures or deposits. In databases and GIS, “mortuary feature” typically serves as a feature class or attribute category used to code, analyze, and visualize burial contexts and their material/ritual components.","- Grab has narrower concept mortuary feature.
- Platform has broader concept mortuary feature.
- Pyre has broader concept mortuary feature.
- Ritual is related to mortuary feature.
- Ritual activity is related to mortuary feature.
- Sacral is related to mortuary feature.
- Separating wall has broader concept mortuary feature.
- Mortuary feature has broader concept Grab.
- Mortuary feature has narrower concepts platform, pyre, separating wall.
- Mortuary feature is related to ritual, ritual activity, sacral."
https://vocabs.acdh.oeaw.ac.at/defcthesaurus/mountain_top/2.6,Source,Class,mountain top,"In the context of digital humanities, “mountain top” refers metaphorically to the area at the top of a mountain—the summit or peak—often used to denote achieving a high-level overview, pinnacle of insight, or the most prominent point in a dataset, visualization, or scholarly argument.","- “mountain top” is a broader concept’s child of “topography”.  
- “topography” has the narrower concept “mountain top”."
https://vocabs.acdh.oeaw.ac.at/defcthesaurus/mouse/5.20,Source,Class,mouse,"In digital humanities, “mouse” usually refers to the computer pointing device used to navigate interfaces, select text, annotate, manipulate visualizations, and interact with tools for tasks like text encoding, GIS mapping, or digital curation.","- “mammal” has the narrower concept “mouse”.
- “mouse” has the broader concept “mammal”."
https://vocabs.acdh.oeaw.ac.at/defcthesaurus/mud_brick/6.1,Source,Class,lehmziegel,"Lehmziegel: sun-dried clay brick (adobe), used for construction in dry climates.","- “Lehmziegel” is a broader concept of “building material”.
- “building material” has the narrower concept “Lehmziegel”."
https://vocabs.acdh.oeaw.ac.at/defcthesaurus/mug/4.113,Source,Class,mug,"In this digital humanities context, “mug” refers to a small, narrow, deep drinking vessel with straight sides.","- mug is a broader concept of pottery form.
- pottery form has the narrower concept mug."
https://vocabs.acdh.oeaw.ac.at/defcthesaurus/mushroom_handle/5.75,Source,Class,henkel mit pilzf rmigem aufsatz,"It means: “handle with mushroom-shaped attachment.” In DH/archaeological object descriptions, this refers to a ceramic vessel handle bearing an applied, stemmed, round clay knob (a mushroom-like knob) on or near the handle.","- “Henkel mit pilzförmigem Aufsatz” is a broader concept of “handle.”
- “handle” is a narrower concept of “Henkel mit pilzförmigem Aufsatz.”"
https://vocabs.acdh.oeaw.ac.at/defcthesaurus/narrow-mouthed_shallow_bowl/5.109,Source,Class,narrow mouthed shallow bowl,"In digital humanities (e.g., object typologies), a “narrow-mouthed shallow bowl” is a low, open vessel whose rim diameter is about twice its height, with a relatively constricted mouth opening compared to its body.","- “Schüssel” has a narrower concept: “narrow-mouthed shallow bowl”.
- “narrow-mouthed shallow bowl” has a broader concept: “Schüssel”."
https://vocabs.acdh.oeaw.ac.at/defcthesaurus/naviform_core/4.10,Source,Class,naviform core,"A naviform core is a boat-shaped, bidirectional stone core from which long, parallel blades were struck from both ends. It is a distinctive core type, especially common in the Near East.","- “core” has narrower concept “naviform core”.
- “naviform core” has broader concept “core”."
https://vocabs.acdh.oeaw.ac.at/defcthesaurus/necklace/4.80,Source,Class,halskette,"In the digital humanities context, “Halskette” means a necklace: a chain, band, or cord—often ornamented with beads, pearls, or jewels—worn around the neck.","- Halskette is a broader term’s narrower concept of Schmuck.
- Schmuck has the narrower concept Halskette.
- Schmuck is a broader term of Halskette.
- Halskette is a narrower term of Schmuck."
https://vocabs.acdh.oeaw.ac.at/defcthesaurus/needle/5.50,Source,Class,nadel,"In the context of digital humanities, “Nadel” refers to a “needle”: a very thin, pointed tool with an eye for thread at the blunt end, used in sewing.","- “Nadel” is a broader term of “textile equipment.”  
- “Textile equipment” is a narrower term of “Nadel.”"
https://vocabs.acdh.oeaw.ac.at/defcthesaurus/nemrik_point/6.117,Source,Class,nemrik point,"In digital humanities (archaeological typology), a “Nemrik point” refers to a diamond-shaped (lozenge-shaped) lithic projectile point type, named after the Pre-Pottery Neolithic site of Nemrik in present-day Iraq. It denotes a specific morphological category used for classification and comparison of stone points in datasets and analyses.","- “nemrik point” is a broader concept of “projectile point”. → “nemrik point” is a type of “projectile point”.
- “projectile point” has the narrower concept “nemrik point”. → “projectile point” includes “nemrik point” as a subtype."
https://vocabs.acdh.oeaw.ac.at/defcthesaurus/neonate/6.1,Source,Class,neonate,"In digital humanities, “neonate” refers to a newborn—typically an infant in the first 28 days of life—often appearing in historical, medical, or demographic datasets, texts, and analyses dealing with birth, mortality, or early life.","- “age group” has narrower concept “neonate”.
- “neonate” has broader concept “age group”."
https://vocabs.acdh.oeaw.ac.at/defcthesaurus/net_sinker/5.51,Source,Class,netzsenker,Netzsenker: a perforated stone or terracotta weight used to keep a fishing net vertical in the water.,"- “Netzsenker” is a broader term’s narrower concept of “fishing object.”
- “fishing object” has the narrower concept “Netzsenker.”"
https://vocabs.acdh.oeaw.ac.at/defcthesaurus/next_to_cave/5.4,Source,Class,next to cave,"In digital humanities, “CAVE” usually refers to a CAVE (Cave Automatic Virtual Environment), an immersive VR room. “Next to CAVE” would mean content, data, or activity situated adjacent to or associated with the CAVE setup—e.g., peripherals, workstations, or metadata/tools that accompany but are not inside the immersive display space. If this is from a project note or diagram, it likely labels items located physically or conceptually alongside the CAVE environment.","- “grave location” has a narrower concept “next to cave”.
- “next to cave” has a broader concept “grave location”."
https://vocabs.acdh.oeaw.ac.at/defcthesaurus/niche/5.28,Source,Class,niche,"In digital humanities, a niche refers to a specialized, focused area of research or practice—an alcove-like recess within the broader field—where specific methods, communities, or topics are developed in depth.","- architecture has narrower concept niche.
- niche has broader concept architecture."
https://vocabs.acdh.oeaw.ac.at/defcthesaurus/non-intrusive/2.051,Source,Class,nicht intrusiv,"In digital humanities, “nicht-intrusiv” (non-intrusive) refers to methods or tools that do not alter or embed themselves into the source material or workflow in a way that changes the data/artifacts. Examples:
- Analysis that reads files without modifying them (e.g., read-only text mining).
- Tools that add annotations or metadata externally (stand-off annotation) rather than injecting tags into the original text.
- Interfaces or sensors that capture usage/data without disrupting user experience or requiring invasive setup.

Core idea: preserve the integrity of primary sources and minimize interference with existing processes.","- “Nicht-intrusiv” is a narrower concept of “Forschungsart”.
- “field survey” is a broader concept of “Nicht-intrusiv”.
- “geologische Auswertung” is a broader concept of “Nicht-intrusiv”.
- “heritage assessment” is a broader concept of “Nicht-intrusiv”.
- “petrologische Auswertung” is a broader concept of “Nicht-intrusiv”.
- “remote sensing” is a broader concept of “Nicht-intrusiv”.
- “Nicht-intrusiv” is a broader concept of “Forschungsart”.
- “Nicht-intrusiv” has narrower concepts: “field survey”, “geologische Auswertung”, “heritage assessment”, “petrologische Auswertung”, “remote sensing”."
https://vocabs.acdh.oeaw.ac.at/defcthesaurus/none_recorded/4.4,Source,Class,none recorded,"In this digital humanities context, “none recorded” means the relevant information was not documented in the source records. Here, it indicates that the type of grave, the dating method of the finds, or the site details were not entered or are absent from the original documentation.","- “dating method” has narrower concept “none recorded”.
- “grave disturbance” has narrower concept “none recorded”.
- “grave type” has narrower concept “none recorded”.
- “none recorded” is a broader concept’s narrower term of “dating method”, “grave disturbance”, and “grave type”."
https://vocabs.acdh.oeaw.ac.at/defcthesaurus/nose_ring/4.127,Source,Class,nasenring,"In the digital humanities context, “Nasenring” means “nose ring” — a ring worn in a person’s nose as a piece of jewellery.","- “Nasenring” is a broader concept’s narrower term of “Schmuck.”
- “Schmuck” has the narrower concept “Nasenring.”"
https://vocabs.acdh.oeaw.ac.at/defcthesaurus/notch/4.14,Source,Class,kerbe,"Kerbe: A toolmark denoting the delineation of an edge as a sharp, generally concave dent—often V-shaped—with a small radius of curvature, produced by various retouch techniques.","- “Kerbe” is a broader concept’s member of “retouched tool” → “Kerbe is a type of retouched tool.”
- “retouched tool” has the narrower concept “Kerbe” → “Retouched tool includes the narrower concept Kerbe.”"
https://vocabs.acdh.oeaw.ac.at/defcthesaurus/nuts/4.31,Source,Class,nu,"In digital humanities (esp. German text encoding/typography), “Nuß” refers to a typographic sort: traditionally the cast-metal unit (a piece of type) used for a character, space, or ornament. In historical documents you’ll see “Nuß” in printers’ inventories and metadata to denote a physical type piece or, by extension, a specific glyph/character unit in typesetting.","- “Eichel” is a broader term of “Nuß”. (Eichel skos:broader Nuß)
- “almond” is a broader term of “Nuß”. (almond skos:broader Nuß)
- “fruit” is a narrower term of “Nuß”. (fruit skos:narrower Nuß)
- “pistachio” is a broader term of “Nuß”. (pistachio skos:broader Nuß)
- “Nuß” is a broader term of “fruit”. (Nuß skos:broader fruit)
- “Nuß” is a narrower term of “Eichel”. (Nuß skos:narrower Eichel)
- “Nuß” is a narrower term of “almond”. (Nuß skos:narrower almond)
- “Nuß” is a narrower term of “pistachio”. (Nuß skos:narrower pistachio)"
https://vocabs.acdh.oeaw.ac.at/defcthesaurus/oat/5.37,Source,Class,avana,"In digital humanities, Avana commonly refers to the Avana Collection (or Avana Project), a digital archive and platform focused on Malagasy-language cultural heritage—especially oral literature, songs, and storytelling—from Madagascar. It preserves, annotates, and provides access to recordings and texts for research and public use.","- “Avana” is a broader concept of “Getreide”.
- “Getreide” has the narrower concept “Avana”."
https://vocabs.acdh.oeaw.ac.at/defcthesaurus/obsidian/3.2,Source,Class,obsidian,"In this context, “obsidian” refers to the natural volcanic glass formed by rapid cooling of silica-rich, low-water lava—chemically similar to rhyolite.","- “obsidian” is a narrower concept of “Stein”.
- “Stein” is a broader concept of “obsidian”."
https://vocabs.acdh.oeaw.ac.at/defcthesaurus/occupation_evidence/4.088,Source,Class,nachweis von menschlichen t tigkeiten,"In digital humanities, “Nachweis von menschlichen Tätigkeiten” means the detection, identification, or evidence of human activities. It refers to methods for finding and documenting traces of human action in digital or digitized sources—e.g., recognizing authorship, editing interventions, usage patterns, provenance, or interaction footprints in texts, images, datasets, or platforms.","- “Höhle” has narrower concept “Nachweis von menschlichen Tätigkeiten”.
- “Lagerungseinrichtungen” has broader concept “Nachweis von menschlichen Tätigkeiten”.
- “Steinsetzung” has broader concept “Nachweis von menschlichen Tätigkeiten”.
- “clay structure” has broader concept “Nachweis von menschlichen Tätigkeiten”.
- “fireplace” has broader concept “Nachweis von menschlichen Tätigkeiten”.
- “hearth” has broader concept “Nachweis von menschlichen Tätigkeiten”.
- “pit” has broader concept “Nachweis von menschlichen Tätigkeiten”.
- “post hole” has broader concept “Nachweis von menschlichen Tätigkeiten”.
- “Nachweis von menschlichen Tätigkeiten” has broader concept “Höhle”.
- “Nachweis von menschlichen Tätigkeiten” has narrower concepts “Lagerungseinrichtungen”, “Steinsetzung”, “clay structure”, “fireplace”, “hearth”, “pit”, “post hole”."
https://vocabs.acdh.oeaw.ac.at/defcthesaurus/ochre/4.8,Source,Class,ochre,"In a digital humanities context, ochre refers to an earthy, quarry-extracted pigment composed of ferric oxide mixed with clay, ranging in color from light yellow to reddish-brown. It is a material culture term used to describe and analyze historical artifacts, artworks, and sites where such pigment was produced or applied.","- “ochre” is a broader concept’s narrower term of “raw material.”
- “raw material” has the narrower concept “ochre.”"
https://vocabs.acdh.oeaw.ac.at/defcthesaurus/offset_rim/5.163,Source,Class,abgesetzter rand,"Abgesetzter Rand (German) in digital humanities/ceramic typology: an offset rim where the rim is stepped relative to the vessel wall, producing either an inverted (in-set) or everted (out-set) rim profile.","- “Abgesetzter Rand” is broader than “rim”.
- “rim” is narrower than “Abgesetzter Rand”."
https://vocabs.acdh.oeaw.ac.at/defcthesaurus/ogee-pot/4.195,Source,Class,ogee pot,"In digital humanities, an “ogee-pot” typically refers to a vessel or container shape characterized by an ogee profile (an S-shaped curve), as recorded or classified in digitized material culture datasets (e.g., archaeological catalogs, museum collections, or 3D models). It denotes a pot whose silhouette features the ogee curve—concave above and convex below (or vice versa)—used as a controlled descriptor for shape in metadata, typologies, and computational analyses.","- “ogee-pot” is a broader concept’s narrower term of “pottery form.”
- “pottery form” has the narrower concept “ogee-pot.”"
https://vocabs.acdh.oeaw.ac.at/defcthesaurus/olive/4.26,Source,Class,olive,"In digital humanities, OLIVE commonly refers to Online Library for Interactive Virtualized Environments—projects that preserve and provide access to legacy digital artifacts (software, documents, media) via emulation/virtualization in the browser. It enables scholars to run historical software and view born-digital works in their original environments for research and preservation.","- “Olive” is a broader concept’s member: it is narrower than “fruit.”
- “fruit” has a narrower concept: “Olive.”"
https://vocabs.acdh.oeaw.ac.at/defcthesaurus/onager/5.39,Source,Class,onager,"In digital humanities, “onager” most commonly refers to a type of computational method or project name only if a specific tool uses that title. Absent a named tool, its core meaning is:

- Historically: an ancient Roman torsion-powered siege engine (catapult).
- Etymologically: from Latin for “wild ass,” also the animal Equus hemionus.

If you’re seeing “Onager” capitalized in a DH context, it may be a project/tool codename; otherwise it’s likely a metaphorical reference to forcefully “launching” data or ideas, drawn from the siege engine.","- mammal has the narrower concept onager.
- onager has the broader concept mammal."
https://vocabs.acdh.oeaw.ac.at/defcthesaurus/one-room/5.3,Source,Class,one room,"In this digital humanities context, “one-room” means a building that consists of a single room—i.e., a structure with no internal room divisions, just one undivided space.","- “building type” has narrower concept “one-room”.
- “one-room” has broader concept “building type”."
https://vocabs.acdh.oeaw.ac.at/defcthesaurus/ophiolite/3.39,Source,Class,ophiolite,"In digital humanities, “ophiolite” would still refer to its geological meaning: a section of oceanic crust and upper mantle that has been uplifted and exposed on land, typically as a distinctive rock assemblage (e.g., serpentinized peridotite, gabbro, sheeted dikes, pillow basalts). In DH contexts, you’d encounter it in datasets, texts, or maps dealing with geology, mining, or environmental history, where it serves as a keyword for oceanic-crust rock complexes emplaced on continents.","- Stein has narrower concept ophiolite.
- ophiolite has broader concept Stein."
https://vocabs.acdh.oeaw.ac.at/defcthesaurus/orange_fine_ware/6.259,Source,Class,orange fein ware,"In digital humanities (especially text mining of German archaeological literature), “orange Feinware” refers to a classification label for ceramics: fine ware (Feinware) with an orange fabric/body color. It’s used as a controlled descriptor for a ceramic type characterized by fine-grained paste and orange firing hue, aiding standardized cataloging, search, and analysis in datasets.","- “monochrome” has the narrower concept “orange fein Ware”.
- “orange fein Ware” has the broader concept “monochrome”."
https://vocabs.acdh.oeaw.ac.at/defcthesaurus/organic/2.4,Source,Class,organic,"In this context, “organic” refers to materials derived from living organisms—such as wood, bone, leather, paper, parchment, wool, cotton, or plant fibers—used to create objects.","- Horn is a broader term of organic.
- Knochen is a broader term of organic.
- Zahn is a broader term of organic.
- antler is a broader term of organic.
- finds material has narrower term organic.
- shell is a broader term of organic.
- wood is a broader term of organic.
- organic is a broader term of finds material.
- organic has narrower terms Horn, Knochen, Zahn, antler, shell, and wood."
https://vocabs.acdh.oeaw.ac.at/defcthesaurus/ornament/4.124,Source,Class,ornament,"In digital humanities, “ornament” refers to elements added to texts, interfaces, or visualizations to enhance aesthetic appeal—decoration that makes something look more attractive but typically serves no practical analytical purpose.","- “Ornament” is a broader concept’s subordinate of “Schmuck” → “Ornament” is narrower than “Schmuck”.
- “Schmuck” has the narrower concept “Ornament” → “Schmuck” is broader than “Ornament”."
https://vocabs.acdh.oeaw.ac.at/defcthesaurus/other/3.4,Source,Class,other,"In this digital humanities context, “other” refers to a small find that is not a figurine, tool, or jewelry—i.e., any miscellaneous small artifact falling outside those categories (e.g., items like fragments, fittings, or unidentified small objects), as seen in entries 4.99, 4.108, and 4.109.","- Tablett is a broader concept of other.
- Draht is a broader concept of other.
- Gefäß is a broader concept of other.
- Gürtelhaken is a broader concept of other.
- Kleinfund has a narrower concept other.
- Knopf is a broader concept of other.
- Platte is a broader concept of other.
- Schmuck has a narrower concept other.
- Schrott is a broader concept of other.
- Statuette has a narrower concept other.
- Werkzeug has a narrower concept other.
- dugout is a broader concept of other.
- inscription is a broader concept of other.
- pivot stone is a broader concept of other.
- token is a broader concept of other.
- other has broader concepts Kleinfund, Schmuck, Statuette, Werkzeug.
- other has narrower concepts Draht, Gefäß, Gürtelhaken, Knopf, Platte, Schrott, dugout, inscription, pivot stone, token."
https://vocabs.acdh.oeaw.ac.at/defcthesaurus/oven/5.11,Source,Class,oven,"In digital humanities, an “oven” refers to a fire installation with a closed chamber—typically a built, enclosed structure used for heating, baking, or firing—that may be studied through archaeological records, texts, or material culture data.","- installation has narrower concept oven
- oven has broader concept installation"
https://vocabs.acdh.oeaw.ac.at/defcthesaurus/ovoid/5.3,Source,Class,ovoid,"Ovoid: having the shape of an egg—rounded and slightly elongated. In this context, a building with a rounded, gently elongated ground plan.","- “building shape” has narrower concept “ovoid”.
- “ovoid” has broader concept “building shape”."
https://vocabs.acdh.oeaw.ac.at/defcthesaurus/painted/4.239,Source,Class,bemalt,"In digital humanities (and archaeology), “bemalt” is German for “painted,” specifically referring to paint applied to pottery.","- “Musterbemalt” is a broader concept of “Bemalt”. (Given triple says: ""Musterbemalt"" skos:broader ""Bemalt"" → Musterbemalt has broader term Bemalt → Bemalt is broader than Musterbemalt. Natural phrasing:)
- “Bemalt” is a broader concept than “Musterbemalt”.
- “monochrome” is a narrower concept than “Bemalt”. (Given triple says broader Bemalt → Bemalt broader than monochrome)
- “pottery decoration” is a narrower concept than “Bemalt”.
- “Bemalt” is a broader concept than “pottery decoration”.
- “Musterbemalt” is a narrower concept than “Bemalt”.
- “monochrome” is a narrower concept than “Bemalt”."
https://vocabs.acdh.oeaw.ac.at/defcthesaurus/part_of_house/5.5,Source,Class,part of house,"In digital humanities, “part of house” typically refers to a controlled vocabulary or ontology term denoting a subcomponent of a building (e.g., room, corridor, staircase, roof). It’s used to semantically annotate, categorize, or model architectural elements in datasets, texts, or 3D models so they can be queried, linked, and analyzed (e.g., tagging “kitchen” as a part-of relation to a specific house in TEI, CIDOC CRM, or BIM-linked schemas).","- “grave location” has narrower concept “part of house”.
- “part of house” has broader concept “grave location”."
https://vocabs.acdh.oeaw.ac.at/defcthesaurus/part_of_specialist_report/6.11,Source,Class,part of specialist report,"In this digital humanities context, “part of specialist report” means that a specific piece of information—in this case, the age of the human remains—was recorded within a specialized expert analysis (e.g., an osteological or archaeological report). It indicates that the age detail isn’t in the general dataset or narrative but is documented in a dedicated expert report produced during the project.","- “age group” has narrower concept “part of specialist report”.
- “part of specialist report” has broader concept “age group”."
https://vocabs.acdh.oeaw.ac.at/defcthesaurus/part_of_specialist_report/6.4,Source,Class,part of specialist report,"In digital humanities, a “specialist report” is a focused document authored by an expert (e.g., a data curator, textual scholar, GIS analyst) that analyzes a specific aspect of a project. A “part of a specialist report” refers to one section of that document—such as:

- Methodology: tools, standards (TEI, IIIF, RDF), workflows.
- Data description: sources, encoding schemas, metadata fields.
- Analytical results: findings from text mining, network analysis, GIS layers.
- Technical appraisal: data quality, reproducibility, sustainability.
- Recommendations: preservation, FAIR compliance, future work.
- Ethical/legal considerations: rights, attribution, cultural sensitivity.

So it means a subsection contributing expert insight on one discrete component of a digital humanities project.","- “Geschlecht” has the more specific concept “part of specialist report.”
- “Part of specialist report” has the broader concept “Geschlecht.”"
https://vocabs.acdh.oeaw.ac.at/defcthesaurus/partirdge/5.34,Source,Class,rebhuhn,"In German, Rebhuhn means “partridge,” specifically the grey partridge (Perdix perdix). In a digital humanities context, it could refer to:

- A term in historical texts, folklore, or hunting records needing lexical normalization or entity recognition.
- A thematic motif (e.g., in regional literature or song) for tagging/annotation.
- A biodiversity or foodways keyword in cultural heritage datasets.","- “Rebhuhn” is a broader concept of “Vogel”.  
- “Vogel” has the narrower concept “Rebhuhn”."
https://vocabs.acdh.oeaw.ac.at/defcthesaurus/pattern_burnished/5.131,Source,Class,pattern burnished,"In this context, “pattern burnished” means the pottery’s surface was polished (burnished) in deliberate, repeated strokes to create visible decorative patterns—i.e., the shine and texture form the design rather than added paint or incisions.","- “Geglättet” has narrower concept “pattern burnished”.
- “Musterbemalt” is related to “pattern burnished”.
- “pattern burnished” has broader concept “Geglättet”.
- “pattern burnished” is related to “Musterbemalt”."
https://vocabs.acdh.oeaw.ac.at/defcthesaurus/pattern_jabbed/5.223,Source,Class,eingedr ckter musterdekor,“Eingedrückter Musterdekor” means impressed pattern decoration: pottery ornamentation created by pressing or poking the soft clay with a pointed tool to form repeating motifs.,"- “Eingedrückter Musterdekor” is a broader concept of “Ritzverziert.”
- “Ritzverziert” has the narrower concept “Eingedrückter Musterdekor.”"
https://vocabs.acdh.oeaw.ac.at/defcthesaurus/pattern_painted/5.041,Source,Class,musterbemalt,"In the digital humanities context (especially German-language archival or catalog data), “Musterbemalt” is a German term meaning “pattern-painted” or “decorated with a pattern.” It typically describes an object’s surface treatment—e.g., ceramics, tiles, manuscripts, or artifacts that are painted with a repeating motif or ornamental design.","- Bemalt has narrower concept Musterbemalt.
- Braun auf beige is a broader concept of Musterbemalt.
- Braun auf hell is a broader concept of Musterbemalt.
- Braun auf rot is a broader concept of Musterbemalt.
- Graphitbemalt is a broader concept of Musterbemalt.
- Halaf Bemalung is a broader concept of Musterbemalt.
- Polychrom is a broader concept of Musterbemalt.
- Rot auf braun is a broader concept of Musterbemalt.
- Rot auf weiß (A3b) is a broader concept of Musterbemalt.
- Rot on red (A3c) is a broader concept of Musterbemalt.
- Schwarz auf rot is a broader concept of Musterbemalt.
- Schwarz auf rot  (B3a2b) is a broader concept of Musterbemalt.
- Schwarz und rot auf beige (polychrom) (B3b) is a broader concept of Musterbemalt.
- Schwarz und weiß auf rot (polychrom) (B3b) is a broader concept of Musterbemalt.
- Weiß auf rot is a broader concept of Musterbemalt.
- Weiß auf rot (B3a1) is a broader concept of Musterbemalt.
- black and red on white (polychrome) (β3γ) is a broader concept of Musterbemalt.
- black on grey is a broader concept of Musterbemalt.
- black on white (b3α3) is a broader concept of Musterbemalt.
- brown on buff (matt painted) (b3ε) is a broader concept of Musterbemalt.
- brown on cream (b3α2a) is a broader concept of Musterbemalt.
- brown on yellow is a broader concept of Musterbemalt.
- grau Ware is a broader concept of Musterbemalt.
- grey on grey is a broader concept of Musterbemalt.
- grey on grey (γ1β) is a broader concept of Musterbemalt.
- matt brown on white is a broader concept of Musterbemalt.
- matt painted is a broader concept of Musterbemalt.
- pattern burnished is related to Musterbemalt.
- red on buff is a broader concept of Musterbemalt.
- red on red is a broader concept of Musterbemalt.
- red on white is a broader concept of Musterbemalt.
- red on yellow is a broader concept of Musterbemalt.
- schwarz auf weiß is a broader concept of Musterbemalt.
- white on black is a broader concept of Musterbemalt.
- white on red (a3α) is a broader concept of Musterbemalt.
- Musterbemalt is a broader concept of Bemalt.
- Musterbemalt has narrower concepts: Braun auf beige; Braun auf hell; Braun auf rot; Graphitbemalt; Halaf Bemalung; Polychrom; Rot auf braun; Rot auf weiß (A3b); Rot on red (A3c); Schwarz auf rot; Schwarz auf rot  (B3a2b); Schwarz und rot auf beige (polychrom) (B3b); Schwarz und weiß auf rot (polychrom) (B3b); Weiß auf rot; Weiß auf rot (B3a1); black and red on white (polychrome) (β3γ); black on grey; black on white (b3α3); brown on buff (matt painted) (b3ε); brown on cream (b3α2a); brown on yellow; grau Ware; grey on grey; grey on grey (γ1β); matt brown on white; matt painted; red on buff; red on red; red on white; red on yellow; schwarz auf weiß; white on black; white on red (a3α).
- Musterbemalt is related to pattern burnished."
https://vocabs.acdh.oeaw.ac.at/defcthesaurus/patterned_urfirnis/4.173,Source,Class,musterverzierter urfirnis,"“Musterverzierter Urfirnis” means pattern-painted decoration using a lustrous (glossy) slip/paint. In digital humanities terms, it denotes artifacts decorated with glossy, pattern-applied surface painting.","- “Musterverzierter Urfirnis” is a broader concept’s narrower term of “Oberflächenbehandlung.”
- “Oberflächenbehandlung” has the narrower concept “Musterverzierter Urfirnis.”"
https://vocabs.acdh.oeaw.ac.at/defcthesaurus/paved_area/5.13,Source,Class,paved area,"In digital humanities, “paved area” refers to a distinct piece of land with a continuous, artificially formed surface—either using man‑made materials (e.g., concrete, asphalt, bricks) or stable, non‑planted natural materials like gravel—treated as a single, mappable unit.","- architecture has narrower concept paved area.
- paved area has broader concept architecture."
https://vocabs.acdh.oeaw.ac.at/defcthesaurus/pavement/5.2,Source,Class,pflasterung,"In digital humanities context, “Pflasterung” refers to a paved surface or paving: a floor or surface covering made of flags, stones, tiles, or bricks accurately fitted in masonry, with or without bonding material.","- “Bautechnik” has the narrower concept “Pflasterung”.
- “Pflasterung” has the broader concept “Bautechnik”."
https://vocabs.acdh.oeaw.ac.at/defcthesaurus/pea/5.14,Source,Class,pea,"In digital humanities, PEA often refers to Practical Ethnographic Approaches—methods that apply ethnographic techniques (e.g., observation, interviews) to study digital cultures, user practices, or workflows in humanities contexts. If lowercase “pea” is meant literally, it’s a legume; but in DH, the acronym usage is more likely.","- Hülsenfrucht has narrower concept pea.
- Kichererbse has broader concept pea.
- Lathyrus sativus has broader concept pea.
- Pisum humile has broader concept pea.
- Wilde Kirchererbse has broader concept pea.
- pea has broader concept Hülsenfrucht.
- pea has narrower concept Kichererbse.
- pea has narrower concept Lathyrus sativus.
- pea has narrower concept Pisum humile.
- pea has narrower concept Wilde Kirchererbse."
https://vocabs.acdh.oeaw.ac.at/defcthesaurus/peach/4.15,Source,Class,persica vulgaris,"In a digital humanities context, “Persica vulgaris” is a Latin binomial historically used in texts to denote the common peach (now Prunus persica). It often appears in early modern botanical catalogs, herbals, and scholarly metadata, so recognizing it aids in mapping historical nomenclature to modern taxonomy.","- “Persica vulgaris” is a broader concept’s member of “fruit.”  
- “fruit” has the narrower concept “Persica vulgaris.”"
https://vocabs.acdh.oeaw.ac.at/defcthesaurus/pear/4.42,Source,Class,birne,"In digital humanities context, “Birne” (German) most commonly appears as:
- “lightbulb” (colloquial modern German)
- “pear” (literal fruit; frequent in historical texts, metadata, or image annotations)
- By extension in historical sources, part of compounds (e.g., “Glühbirne” = incandescent bulb) or idioms (e.g., head/brain in slang).

So, default: lightbulb in technical/modern contexts; pear in lexical/historical contexts.","- “Birne” is a broader concept’s member: it is narrower than “fruit.”
- “fruit” has a narrower concept: “Birne.”"
https://vocabs.acdh.oeaw.ac.at/defcthesaurus/pedestal/5.137,Source,Class,sockel,"In digital humanities (especially in German contexts), “Sockel” usually refers to a “base” or “baseline” dataset/funding/infrastructure on which projects build. Examples:
- Sockeldaten: core/base data underpinning analyses.
- Sockelfinanzierung: baseline funding for ongoing operations.
- Technischer Sockel: foundational infrastructure or platform.","- “Bein” has the narrower concept “Sockel”.
- “Sockel” has the broader concept “Bein”."
https://vocabs.acdh.oeaw.ac.at/defcthesaurus/pedestal_base/5.76,Source,Class,pedestal base,"In digital humanities, “pedestal base” most often refers to a stable, stand-like support in a 3D model or virtual reconstruction—e.g., the base beneath a statue, artifact, or architectural element that elevates and visually separates it from the ground. It can also denote the modeled platform used to display an object in a digital exhibit or visualization.","- “Bein” has the narrower concept “pedestal base”.
- “base” is related to “pedestal base”.
- “pedestal base” has the broader concept “Bein”.
- “pedestal base” is related to “base”."
https://vocabs.acdh.oeaw.ac.at/defcthesaurus/pendant/4.76,Source,Class,pendant,"In this context, “pendant” means an adornment that hangs from a piece of jewelry, such as a necklace or an earring.","- Schmuck has narrower concept pendant.
- pendant has broader concept Schmuck."
https://vocabs.acdh.oeaw.ac.at/defcthesaurus/pestle/5.60,Source,Class,st el,"Stößel: a club-shaped (oblong cylindrical or subcylindrical) stone implement used to pound, crush, or grind substances in a mortar.","- “Stößel” is a broader term’s narrower concept of “grinding equipment.”
- “grinding equipment” has the narrower concept “Stößel.”"
https://vocabs.acdh.oeaw.ac.at/defcthesaurus/petrological_research/3.25,Source,Class,petrologische auswertung,"In this context, petrologische Auswertung means the petrological analysis or evaluation of rocks—the study and interpretation of their origin, structure, and composition—applied within digital humanities (e.g., using digital methods to analyze and interpret rock-related data or texts).","- „Nicht-intrusiv“ hat die spezifischere Unterkategorie „petrologische Auswertung“.
- „Petrologische Auswertung“ ist eine allgemeinere Kategorie unter „Nicht-intrusiv“."
https://vocabs.acdh.oeaw.ac.at/defcthesaurus/phallus/6.89,Source,Class,phallus,"In digital humanities (material culture context), “phallus” refers to a small carved or sculpted representation of a penis—typically made of clay, stone, wood, or metal—often studied as an artifact symbolizing fertility, protection, sexuality, or power in historical and cultural analyses.","- “Männliche Figur” has the narrower concept “Phallus”.
- “Phallus” has the broader concept “Männliche Figur”."
https://vocabs.acdh.oeaw.ac.at/defcthesaurus/pickaxe/4.132,Source,Class,spitzhacke,"In the context of digital humanities, “Spitzhacke” metaphorically refers to a tool used to break through or excavate data—akin to a pickaxe with a point on one end and a cutting blade on the other—used for probing, mining, or carving into complex digital texts and datasets.","- “Spitzhacke” ist ein Oberbegriff von “Werkzeug”. (Triple: ""Spitzhacke"" skos:broader ""Werkzeug"")
- “Werkzeug” hat den Unterbegriff “Spitzhacke”. (Triple: ""Werkzeug"" skos:narrower ""Spitzhacke"")"
https://vocabs.acdh.oeaw.ac.at/defcthesaurus/pig/5.2,Source,Class,sus scrofa domesticus,"In a digital humanities context, “Sus scrofa domesticus” is the scientific (Latin) name for the domestic pig, useful for standardized tagging, metadata, and disambiguation across texts, databases, and taxonomies (linking domestic pigs to the wild species Sus scrofa).","- “Sus scrofa domesticus” is a broader concept’s member: it falls under “mammal.”
- “mammal” has a narrower concept: “Sus scrofa domesticus.”"
https://vocabs.acdh.oeaw.ac.at/defcthesaurus/pile_dwelling/5.4,Source,Class,pile dwelling,"In digital humanities context, “pile dwelling” means a building constructed on platforms raised on posts (piles) above open water or on damp ground at a water’s edge.","- “building type” has narrower concept “pile dwelling”.
- “pile dwelling” has broader concept “building type”."
https://vocabs.acdh.oeaw.ac.at/defcthesaurus/pillar/5.091,Source,Class,pillar,"In digital humanities, a “pillar” is a core area of activity or focus that structures the field. Common pillars include:

- Data: collecting, curating, and preserving digital corpora
- Methods: computational/algorithmic techniques (text mining, NLP, network analysis, GIS, visualization)
- Infrastructure: tools, platforms, standards, and repositories
- Theory/Critique: methodological reflection, ethics, epistemology
- Pedagogy: teaching and training in DH skills
- Collaboration/Community: interdisciplinary teamwork and public engagement
- Preservation/Access: sustainability, openness, and long-term stewardship

These pillars frame how DH projects are designed, evaluated, and sustained.","- “pillar” is a narrower concept of “Bautechnik”.
- “T-Pfeiler” is a narrower concept of “pillar”.
- “Bautechnik” has the narrower concept “pillar”.
- “pillar” has the broader concept “Bautechnik”.
- “pillar” has the narrower concept “T-Pfeiler”.
- “T-Pfeiler” has the broader concept “pillar”."
https://vocabs.acdh.oeaw.ac.at/defcthesaurus/pin/4.128,Source,Class,pin,"In this context, a pin is a simple personal artifact: a narrow metal or bone shaft pointed at one end with a decorative head at the other, used to fasten garments (a precursor to the fibula) or to secure hair.","- “Schmuck” has narrower concept “pin”.
- “pin” has broader concept “Schmuck”."
https://vocabs.acdh.oeaw.ac.at/defcthesaurus/pine/3.44,Source,Class,pinus pinea,"In a digital humanities context, “Pinus pinea” refers to the scientific (Latin) name for the stone pine—an iconic Mediterranean tree known for producing edible pine nuts and for its umbrella-shaped canopy. It often appears in texts, artworks, and historical records as a cultural and ecological symbol of the Mediterranean.","- “Pinus pinea” is broader conceptually related to “botany”.
- “botany” has the narrower concept “Pinus pinea”."
https://vocabs.acdh.oeaw.ac.at/defcthesaurus/pinge/4.1,Source,Class,pinge,"In digital humanities (and mining history), a “Pinge” is a wedge-, ditch-, or funnel-shaped depression in the terrain caused by mining activity, typically formed by the collapse of near-surface underground mine workings, creating a sink-hole-like feature.","- “Pinge” is a broader concept of “quarry type.”
- “quarry type” has the narrower concept “Pinge.”"
https://vocabs.acdh.oeaw.ac.at/defcthesaurus/pink_ware/6.273,Source,Class,rosa ware,"“Rosa Ware” likely means “pink ware” — i.e., artifacts or material culture (often ceramics or textiles) characterized by a pink color. In a digital humanities context, it would refer to categorizing, analyzing, or tagging objects as pink-colored ware within datasets, collections, or visual/material culture studies.","- “Rosa Ware” is a broader concept’s member: it is narrower than “monochrome.”
- “Monochrome” has a narrower concept: “Rosa Ware.”"
https://vocabs.acdh.oeaw.ac.at/defcthesaurus/pintadera/4.59,Source,Class,pintadera,"In digital humanities, a pintadera refers to a small terracotta stamp with a handle-like knob, whose flat, concave, or convex face bears a decorative pattern. It is thought to have been used to apply pigments to human skin in repeating designs as an alternative to tattooing.","- “Pintadera” is a broader term’s narrower concept of “Werkzeug.”  
- “Werkzeug” has the narrower concept “Pintadera.”"
https://vocabs.acdh.oeaw.ac.at/defcthesaurus/piriform_jar/4.152,Source,Class,birnenf rmiger topf,"In digital humanities (e.g., typologies of vessels), Birnenförmiger Topf refers to a pear-shaped, high, open pot whose maximum diameter is typically at the belly.","- “Birnenförmiger Topf” has broader concept “pottery form”.
- “pottery form” has narrower concept “Birnenförmiger Topf”."
https://vocabs.acdh.oeaw.ac.at/defcthesaurus/pistachio/5.28,Source,Class,pistachio,"In digital humanities, “pistachio” most likely refers to Pystachio, a lightweight Python library used for configuration or data modeling in some DH tooling—not the nut. If you mean the color term, it denotes a pale green shade often used in visualizations or UI themes.","- “Nuß” has the narrower concept “pistachio.”
- “pistachio” has the broader concept “Nuß.”"
https://vocabs.acdh.oeaw.ac.at/defcthesaurus/pisé/6.3,Source,Class,stampflehm,"Stampflehm: in digital humanities contexts (e.g., historical building descriptions), a term for earthen construction where mud or clay is rammed or compacted in place to form a wall, rather than made into separate bricks.","- Stampflehm is a broader concept of building material.
- Building material has the narrower concept Stampflehm."
https://vocabs.acdh.oeaw.ac.at/defcthesaurus/pit-house/5.5,Source,Class,pit house,"In digital humanities (e.g., archaeological data contexts), a pit-house is a semi-subterranean dwelling—partly dug into the ground—exhibiting domestic features such as hearths, storage pits, and living areas.","- building type has narrower concept pit-house.
- pit-house has broader concept building type."
https://vocabs.acdh.oeaw.ac.at/defcthesaurus/pit/5.4,Source,Class,pit,"In digital humanities, “pit” refers to a hole or cavity in the ground—natural or man-made—typically appearing in texts, maps, or archaeological records being digitized or analyzed.","- “Nachweis von menschlichen Tätigkeiten” has the narrower concept “pit”.
- “installation” has the narrower concept “pit”.
- “pit” has the broader concept “Nachweis von menschlichen Tätigkeiten”.
- “pit” has the broader concept “installation”."
https://vocabs.acdh.oeaw.ac.at/defcthesaurus/pit_grave/5.2,Source,Class,grubengrab,"In digital humanities (especially archaeology), “Grubengrab” is a German term meaning “pit grave” or “shaft grave.” It refers to a burial placed in a simple pit dug into the ground, without a built chamber or coffin.","- “Grubengrab” is a broader concept’s narrower term of “grave type.”
- “grave type” has the narrower concept “Grubengrab.”"
https://vocabs.acdh.oeaw.ac.at/defcthesaurus/pithos/4.135,Source,Class,pithos,"In digital humanities (Aegean archaeology context), a pithos is a large, thick-walled storage jar with a narrow neck, sometimes also used for jar burials.","- “pithos” is a broader concept’s narrower term of “pottery form”.
- “pottery form” has the narrower concept “pithos”."
https://vocabs.acdh.oeaw.ac.at/defcthesaurus/pivot_stone/4.135,Source,Class,pivot stone,"In digital humanities, “pivot stone” is not a standard term. If you encountered it, it’s likely a metaphor for a central or “pivot” element—such as a key dataset, concept, or artifact—that connects or aligns multiple sources, methods, or perspectives and enables comparative analysis (e.g., a common identifier used to link datasets). If you can share the passage, I can confirm the intended meaning.","- “other” has narrower concept “pivot stone.”
- “pivot stone” has broader concept “other.”"
https://vocabs.acdh.oeaw.ac.at/defcthesaurus/place/4.082,Source,Class,place,"In digital humanities, “place” refers to a defined spatial unit—such as a courtyard or square—whose boundaries are formed by one or more buildings. It is an empty, delimited space understood through its physical form, surrounding structures, and the social, historical, and cultural meanings attached to it.","- courtyard is a broader concept of place.
- spezielle Befunde is a narrower concept of place.
- square is a broader concept of place.
- place is a broader concept of spezielle Befunde.
- place is a narrower concept of courtyard.
- place is a narrower concept of square."
https://vocabs.acdh.oeaw.ac.at/defcthesaurus/plain/2.7,Source,Class,flachland,"Flachland means “flatland” or “plain” — a large area of flat land. In digital humanities contexts, it would denote geographic flat plains in datasets, maps, or texts.","- “Flachland” is a broader concept’s child of “topography.” → “Flachland” is narrower than “topography.”
- “topography” has the narrower concept “Flachland.”"
https://vocabs.acdh.oeaw.ac.at/defcthesaurus/plaque/4.73,Source,Class,platte,"Platte: An ornamental tablet (usually metal or wood) fixed to a wall or surface in commemoration; i.e., a commemorative plaque.","- “Platte” has a broader concept “other”.
- “other” has a narrower concept “Platte”."
https://vocabs.acdh.oeaw.ac.at/defcthesaurus/plaster_wall/6.4,Source,Class,plaster wall,"In digital humanities, a “plaster wall” refers to a wall surface finished with plaster—a mixture of lime or gypsum, sand, and water—that dries into a smooth, solid layer. This term can appear in architectural descriptions, heritage documentation, or 3D reconstructions of historical buildings.","- “plaster wall” is a broader concept’s narrower term of “wall”.
- “wall” has the narrower concept “plaster wall”."
https://vocabs.acdh.oeaw.ac.at/defcthesaurus/plastered_floor/6.25,Source,Class,plastered floor,"In this context, a plastered floor is a walking surface made by applying a layer of plaster—i.e., a smoothed, hardened mixture—forming the floor on which people tread.","- floor has narrower concept plastered floor.
- plastered floor has broader concept floor."
https://vocabs.acdh.oeaw.ac.at/defcthesaurus/plastered_threshold/5.9,Source,Class,schwelle aus m rtel,"In this digital humanities context, “Schwelle aus Mörtel” means a mortar threshold: a strip of plaster/mortar forming the bottom of a doorway that one crosses when entering a house or room.","- “Schwelle aus Mörtel” is a narrower concept of “Bautechnik”.
- “Bautechnik” has the narrower concept “Schwelle aus Mörtel”.
- “Bautechnik” is a broader concept of “Schwelle aus Mörtel”.
- “Schwelle aus Mörtel” has the broader concept “Bautechnik”."
https://vocabs.acdh.oeaw.ac.at/defcthesaurus/plastic_cordon_decoration/5.225,Source,Class,plastischer banddekor,"Plastischer Banddekor refers to applied cordon decoration on pottery: a strip (band) of clay is added to the vessel’s exterior before firing, sometimes impressed (e.g., with fingertips or a stick) for decorative or handling purposes.","- “Plastischer Banddekor” is a broader concept of “Plastischer Dekor.”
- “Plastischer Dekor” has the narrower concept “Plastischer Banddekor.”"
https://vocabs.acdh.oeaw.ac.at/defcthesaurus/plastic_decoration/4.132,Source,Class,plastischer dekor,"Plastischer Dekor (German: “plastic decoration”) refers to pottery decoration created by adding material onto the vessel surface—e.g., applied clay, pellets, cordons, or beads—so the ornament stands out in relief rather than being incised or painted. In digital humanities/ceramic typology, it denotes applied, three-dimensional surface decoration.","- “Angesetzte Scheiben” is a broader concept of “Plastischer Dekor”. (broader)
- “Barbotineverziert” is a broader concept of “Plastischer Dekor”. (broader)
- “Granulatdekor” is a broader concept of “Plastischer Dekor”. (broader)
- “Plastischer Banddekor” is a broader concept of “Plastischer Dekor”. (broader)
- “bead inlay” is a broader concept of “Plastischer Dekor”. (broader)
- “pointillé decoration” is a broader concept of “Plastischer Dekor”. (broader)
- “pottery decoration” has the narrower concept “Plastischer Dekor”. (narrower)
- “Plastischer Dekor” is a broader concept of “pottery decoration”. (broader)
- “Plastischer Dekor” has the narrower concept “Angesetzte Scheiben”. (narrower)
- “Plastischer Dekor” has the narrower concept “Barbotineverziert”. (narrower)
- “Plastischer Dekor” has the narrower concept “Granulatdekor”. (narrower)
- “Plastischer Dekor” has the narrower concept “Plastischer Banddekor”. (narrower)
- “Plastischer Dekor” has the narrower concept “bead inlay”. (narrower)
- “Plastischer Dekor” has the narrower concept “pointillé decoration”. (narrower)"
https://vocabs.acdh.oeaw.ac.at/defcthesaurus/plate/4.165,Source,Class,plate,"In digital humanities, a “plate” typically refers to an image-based illustration or figure reproduced from a source (e.g., a scanned page, photograph, or engraving), often labeled as a plate number in publications. Extra info: as a general term, it can also mean a very low or flat vessel.","- plate is a broader concept’s narrower term: plate is a narrower concept of pottery form.
- pottery form is a broader concept of plate."
https://vocabs.acdh.oeaw.ac.at/defcthesaurus/platform/5.3,Source,Class,platform,"In digital humanities, a platform is a raised surface—i.e., a foundational environment or infrastructure—on which tools, data, and workflows are built and operated (e.g., a web-based system for hosting, analyzing, and presenting digital texts or archives).","- clay platform is a broader concept of platform.
- installation is a narrower concept of platform.
- mortuary feature is a narrower concept of platform.
- stone platform is a broader concept of platform.
- platform has broader concepts: installation, mortuary feature.
- platform has narrower concepts: clay platform, stone platform."
https://vocabs.acdh.oeaw.ac.at/defcthesaurus/pointed_beaker/5.215,Source,Class,spitzbodiger becher,"In digital humanities, spitzbodiger Becher refers to the “pointed-base beaker” form known from archaeological contexts—vessel types with a conical, pointy bottom that cannot stand upright without support. The term appears in typologies, metadata, and ontologies for classifying ceramic artifacts (e.g., Neolithic–Bronze Age beakers), aiding standardized description, search, and analysis in datasets.","- beaker has the narrower concept spitzbodiger Becher.
- spitzbodiger Becher has the broader concept beaker."
https://vocabs.acdh.oeaw.ac.at/defcthesaurus/pointillé_decoration/5.227,Source,Class,pointill decoration,"In digital humanities (and pottery studies), pointillé decoration refers to a dot-based ornamental technique—patterns created by marking the surface with small, regularly spaced dots.","- “Plastischer Dekor” has narrower concept “pointillé decoration”.
- “incised-pointillé decoration” is related to “pointillé decoration”.
- “pointillé decoration” has broader concept “Plastischer Dekor” and is related to “incised-pointillé decoration”."
https://vocabs.acdh.oeaw.ac.at/defcthesaurus/polished/4.228,Source,Class,poliert,"In this context, “Poliert” means “polished”: the leather-hard ceramic surface is burnished/compacted to create an evenly smooth finish.","- “Oberflächenbehandlung” has narrower concept “Poliert”.
- “Poliert” has broader concept “Oberflächenbehandlung”."
https://vocabs.acdh.oeaw.ac.at/defcthesaurus/polychrome/6.202,Source,Class,polychrom,Polychrom (polychrome) in digital humanities/pottery context: pottery decorated in more than two colors; the term is also sometimes used for pottery with more than one color.,"- “Musterbemalt” has narrower concept “Polychrom”.
- “Polychrom” has broader concept “Musterbemalt”."
https://vocabs.acdh.oeaw.ac.at/defcthesaurus/polychrome_burnished/5.243,Source,Class,polychrome burnished,"In digital humanities (e.g., describing artifacts), “polychrome burnished” refers to pottery decorated with more than two colors and polished (burnished) before firing.","- “Geglättet” has narrower concept “polychrome burnished”.
- “polychrome burnished” has broader concept “Geglättet”."
https://vocabs.acdh.oeaw.ac.at/defcthesaurus/poppy/4.16,Source,Class,poppy,"In digital humanities, “POPPY” most commonly refers to the POPPY (Physical Optics Propagation in PYthon) library—a Python package for simulating optical systems and point spread functions (originally developed for astronomical instrumentation). It’s used in computational imaging, visualization, and reproducible research workflows rather than the literal flower.","- “Getreidesorte” has the narrower concept “poppy.”
- “Poppy” has the broader concept “Getreidesorte.”"
https://vocabs.acdh.oeaw.ac.at/defcthesaurus/porphyry/3.30,Source,Class,porphyry,"In digital humanities, “porphyry” can be used metaphorically (drawn from geology) to describe a text or dataset with a few prominent, “large-grained” elements (e.g., key themes, dominant terms, major events) embedded within a much finer-grained background of details. The term originates in petrology: an igneous rock texture with large crystals (like feldspar or quartz) set in a fine-grained feldspathic matrix.","- “porphyry” is a narrower concept of “Stein”.
- “Stein” is a broader concept of “porphyry”."
https://vocabs.acdh.oeaw.ac.at/defcthesaurus/post_base/5.34,Source,Class,post base,"In digital humanities context, using the provided definition: a “post base” is a freestanding, rectangular masonry block that supports the superstructure of a building—i.e., the foundational support at the foot of a post or column.","- installation has narrower concept post base.
- post base has broader concept installation."
https://vocabs.acdh.oeaw.ac.at/defcthesaurus/post_hole/5.3,Source,Class,post hole,"In digital humanities/archaeological context, a post hole is a hole dug to anchor an upright post; when discovered (often with stone packing) in a cave or rockshelter, it serves as evidence of past human occupation or construction.","- “post hole” is a narrower concept of “Nachweis von menschlichen Tätigkeiten”.
- “post hole” is a narrower concept of “installation”.
- “Nachweis von menschlichen Tätigkeiten” is a broader concept of “post hole”.
- “installation” is a broader concept of “post hole”."
https://vocabs.acdh.oeaw.ac.at/defcthesaurus/pottery/2.4,Source,Class,pottery,"In digital humanities, “pottery” refers to ceramic objects (vessels, tiles, figurines, etc.) studied as cultural data—analyzable through digitized catalogs, 3D scans, images, and metadata to investigate production, use, trade, chronology, and social meaning using computational methods.","- Gefäß is related to pottery.
- Keramikdetail is a narrower concept of pottery.
- Oberflächenbehandlung is a narrower concept of pottery.
- Finds type has the narrower concept pottery.
- Knob is related to pottery.
- Pottery decoration is a narrower concept of pottery.
- Pottery form is a narrower concept of pottery.
- Pottery production is related to pottery.
- Storage vessel is related to pottery.
- Pottery is a broader concept of finds type.
- Pottery has the narrower concepts Keramikdetail, Oberflächenbehandlung, pottery decoration, pottery form.
- Pottery is related to Gefäß, knob, pottery production, storage vessel."
https://vocabs.acdh.oeaw.ac.at/defcthesaurus/pottery_decoration/3.018,Source,Class,pottery decoration,"In digital humanities, “pottery decoration” refers to the visual and material features applied to ceramic surfaces—motifs, colors, painting, incisions, slips, glazing, reliefs, and layout patterns—that are described, encoded, and analyzed as data. Scholars model these features (e.g., motif taxonomy, spatial layout, technique) to study production practices, cultural symbolism, chronology, provenance, and networks, often using controlled vocabularies, image annotation, computer vision, and computational pattern analysis.","- “Bemalt” is a broader term of “pottery decoration.”
- “Plastischer Dekor” is a broader term of “pottery decoration.”
- “Ritzverziert” is a broader term of “pottery decoration.”
- “pottery” has the narrower concept “pottery decoration.”
- “pottery decoration” is a broader concept of “pottery.”
- “pottery decoration” has the narrower concepts “Bemalt,” “Plastischer Dekor,” and “Ritzverziert.”"
https://vocabs.acdh.oeaw.ac.at/defcthesaurus/pottery_detail/3.017,Source,Class,keramikdetail,"In digital humanities (especially archaeological data/metadata), “Keramikdetail” is German for “ceramic detail”: a fine-grained attribute or record about a ceramic object. It typically refers to specific features such as fabric/temper, surface treatment, slip/glaze, decoration/motif, form elements (rim, base, handle), manufacturing technique, measurements, color (Munsell), condition, or diagnostics used for typology and dating.","- Ausguss is a broader concept of Keramikdetail. → Ausguss is a more general term than Keramikdetail. (From triple as given, but likely intended: Ausguss is narrower than Keramikdetail.)
- Bein is a broader concept of Keramikdetail. → Bein is a more general term than Keramikdetail. (Likely intended: narrower.)
- attachment is a broader concept of Keramikdetail. (Likely intended: narrower.)
- base is a broader concept of Keramikdetail. (Likely intended: narrower.)
- handle is a broader concept of Keramikdetail. (Likely intended: narrower.)
- pottery is a narrower concept of Keramikdetail. (But see below.)
- rim is a broader concept of Keramikdetail. (Likely intended: narrower.)
- Keramikdetail is a broader concept of pottery. → Keramikdetail is a more general term than pottery.
- Keramikdetail has the narrower concepts: Ausguss, Bein, attachment, base, handle, rim.

Note: The graph contains both pottery skos:narrower Keramikdetail and Keramikdetail skos:broader pottery, which are consistent; however, it also lists Ausguss/Bein/etc. as both narrower of Keramikdetail and (in separate triples) broader than Keramikdetail, which is contradictory."
https://vocabs.acdh.oeaw.ac.at/defcthesaurus/pottery_form/3.016,Source,Class,pottery form,"In digital humanities, “pottery form” refers to the formal characteristics of a ceramic vessel—its overall shape and morphological components (e.g., rim, neck, shoulder, body, base, handle)—used as structured data for description, classification, comparison, and analysis. It often involves controlled vocabularies/ontologies and measurable attributes (profiles, dimensions, curvature) that enable typology building, computational matching, and cross-dataset interoperability.","- “Anthropomorphes Gefäß” is a broader concept of “pottery form”.
- “Askos” is a broader concept of “pottery form”.
- “Birnenförmiger Topf” is a broader concept of “pottery form”.
- “Fruchtständer” is a broader concept of “pottery form”.
- “Goblet Becher” is a broader concept of “pottery form”.
- “Kelch” is a broader concept of “pottery form”.
- “Krug” is a broader concept of “pottery form”.
- “Lampe” is a broader concept of “pottery form”.
- “Pyxis” is a broader concept of “pottery form”.
- “Rhyton” is a broader concept of “pottery form”.
- “Schöpfgefäß” is a broader concept of “pottery form”.
- “Schöpfkelle” is a broader concept of “pottery form”.
- “Schüssel” is a broader concept of “pottery form”.
- “Sieb” is a broader concept of “pottery form”.
- “Zoomorphes Gefäß” is a broader concept of “pottery form”.
- “amphora” is a broader concept of “pottery form”.
- “baking pan” is a broader concept of “pottery form”.
- “basin” is a broader concept of “pottery form”.
- “beaker” is a broader concept of “pottery form”.
- “cup” is a broader concept of “pottery form”.
- “fikirtepe box” is a broader concept of “pottery form”.
- “jar” is a broader concept of “pottery form”.
- “lid” is a broader concept of “pottery form”.
- “mug” is a broader concept of “pottery form”.
- “ogee-pot” is a broader concept of “pottery form”.
- “pithos” is a broader concept of “pottery form”.
- “plate” is a broader concept of “pottery form”.
- “skyphos” is a broader concept of “pottery form”.
- “stand” is a broader concept of “pottery form”.
- “tripod” is a broader concept of “pottery form”.
- ““Cheese Pot”” is a broader concept of “pottery form”.
- “pottery” has the narrower concept “pottery form”.
- “pottery form” has the narrower concepts: “Anthropomorphes Gefäß”, “Askos”, “Birnenförmiger Topf”, “Fruchtständer”, “Goblet Becher”, “Kelch”, “Krug”, “Lampe”, “Pyxis”, “Rhyton”, “Schöpfgefäß”, “Schöpfkelle”, “Schüssel”, “Sieb”, “Zoomorphes Gefäß”, “amphora”, “baking pan”, “basin”, “beaker”, “cup”, “fikirtepe box”, “jar”, “lid”, “mug”, “ogee-pot”, “pithos”, “plate”, “skyphos”, “stand”, “tripod”, ““Cheese Pot””."
https://vocabs.acdh.oeaw.ac.at/defcthesaurus/pottery_production/2.7,Source,Class,pottery production,"In digital humanities, “pottery production” refers to the study and documentation—often using digital methods—of the activity of making objects from clay and hardening them with heat. This can include digitizing artifacts, analyzing production techniques, mapping kiln sites, and modeling craft processes.","- pottery is related to pottery production.
- production has the narrower concept pottery production.
- pottery production has the broader concept production.
- pottery production is related to pottery."
https://vocabs.acdh.oeaw.ac.at/defcthesaurus/pottery_surface_treatment/3.019,Source,Class,oberfl chenbehandlung,"In digital humanities, Oberflächenbehandlung (surface treatment) refers metaphorically to methods that analyze or modify the “surface” features of cultural data—such as layout, typography, formatting, metadata, or shallow textual features (word counts, n-grams, stylometry)—rather than probing deeper semantic, historical, or interpretive layers. It contrasts with more interpretive, context-rich analysis and is used in tasks like preprocessing, normalization, OCR post-correction, or feature extraction for computational analysis.","- Ausgewischt (A3e) is a broader concept of Oberflächenbehandlung.
- Gebürstet is a broader concept of Oberflächenbehandlung.
- Geglättet is a broader concept of Oberflächenbehandlung.
- Geschmiert is a broader concept of Oberflächenbehandlung.
- Musterverzierter Urfirnis is a broader concept of Oberflächenbehandlung.
- Poliert is a broader concept of Oberflächenbehandlung.
- Wellig is a broader concept of Oberflächenbehandlung.
- black topped is a broader concept of Oberflächenbehandlung.
- coarse is a broader concept of Oberflächenbehandlung.
- gray lustre is a broader concept of Oberflächenbehandlung.
- pottery is a narrower concept of Oberflächenbehandlung.
- schwarzer Überzug is a broader concept of Oberflächenbehandlung.
- slipped is a broader concept of Oberflächenbehandlung.
- smoothed is a broader concept of Oberflächenbehandlung.
- spongy is a broader concept of Oberflächenbehandlung.
- topped is a broader concept of Oberflächenbehandlung.
- unburnished is a broader concept of Oberflächenbehandlung.
- wiped is a broader concept of Oberflächenbehandlung.
- Oberflächenbehandlung is a broader concept of pottery.
- Oberflächenbehandlung has narrower concepts: Ausgewischt (A3e), Gebürstet, Geglättet, Geschmiert, Musterverzierter Urfirnis, Poliert, Wellig, black topped, coarse, gray lustre, schwarzer Überzug, slipped, smoothed, spongy, topped, unburnished, wiped."
https://vocabs.acdh.oeaw.ac.at/defcthesaurus/pottery_tool_production/2.8,Source,Class,keramikwerkzeugproduktion,"Keramikwerkzeugproduktion: the making of fired-clay tools—i.e., producing physical items from burnt clay designed to serve specific practical functions. In a digital humanities context, it denotes the documented/modeled activity of creating such ceramic tools for subsequent use.","- Keramikwerkzeugproduktion is a broader concept of production.
- Production has the narrower concept Keramikwerkzeugproduktion."
https://vocabs.acdh.oeaw.ac.at/defcthesaurus/pressure_technique/5.3,Source,Class,pressure technique,"In digital humanities’ archaeological context, the pressure technique is a lithic toolmaking method where controlled pressure is applied with the narrow tip of a wood, antler, bone, or metal tool to detach small, precise flakes from a raw material, often to fracture and finely shape stone implements.","- lithics technology has the narrower concept pressure technique.
- pressure technique has the broader concept lithics technology."
https://vocabs.acdh.oeaw.ac.at/defcthesaurus/production/1.042,Source,Class,production,"In digital humanities, “production” refers to the creation and deployment of digital scholarly outputs—such as digital editions, datasets, encoded texts, metadata, visualizations, maps, websites, and software tools—through workflows that encompass design, data modeling, encoding/annotation, tool development, quality control, documentation, and publication/preservation for scholarly use.","- Keramikwerkzeugproduktion is a broader concept of production.
- Muschelverarbeitung is a broader concept of production.
- Textilproduktion is a broader concept of production.
- Bone tool production is a broader concept of production.
- Chipped stone tool production is a broader concept of production.
- Interpretation has the narrower concept production.
- Jewellery production is a broader concept of production.
- Metal production is a broader concept of production.
- Pottery production is a broader concept of production.
- Stone tool production is a broader concept of production.
- Production is a broader concept of interpretation.
- Production has the narrower concepts Keramikwerkzeugproduktion, Muschelverarbeitung, Textilproduktion, bone tool production, chipped stone tool production, jewellery production, metal production, pottery production, and stone tool production."
https://vocabs.acdh.oeaw.ac.at/defcthesaurus/profile_clearing/3.24,Source,Class,profile clearing,"In digital humanities, profile clearing refers to identifying, disambiguating, and consolidating records that pertain to the same person or entity across datasets or platforms. It involves resolving name variants, duplicates, and partial records to create a clean, authoritative “profile” (e.g., for an author, historical figure, or institution), often by linking to authority files (VIAF, ORCID) and standardizing metadata for reliable analysis and interoperability.","- “Intrusiv” has the narrower concept “profile clearing.”
- “Profile clearing” has the broader concept “Intrusiv.”"
https://vocabs.acdh.oeaw.ac.at/defcthesaurus/projectile_point/4.15,Source,Class,projectile point,"In this context, a projectile point is a pointed, retouched artifact—sometimes with a tang for hafting—designed to be mounted on a shaft and used in hunting or warfare. (Ref. 5.70)","- byblos point is a broader concept of projectile point.
- nemrik point is a broader concept of projectile point.
- retouched tool is a narrower concept of projectile point.
- weapon is a narrower concept of projectile point.
- projectile point is a broader concept of retouched tool.
- projectile point is a broader concept of weapon.
- projectile point is a narrower concept of byblos point.
- projectile point is a narrower concept of nemrik point."
https://vocabs.acdh.oeaw.ac.at/defcthesaurus/pronged_handle/5.130,Source,Class,pronged handle,"In this digital humanities context, a pronged handle refers to an identifier (handle) that has been applied or exposed through multiple parallel “bars” (prongs) of access—i.e., the same handle is implemented across more than one access point or interface. With “a handle with bar application,” it implies the handle is attached via bar-like extensions (prongs), enabling multiple linked entry points to the same digital object or record.","- A pronged handle is a narrower concept of a handle.
- A long drawn rod handle with knob (lang gezogener Stabhenkel mit Knubbe) is a broader concept of a pronged handle.
- A pronged handle is a broader concept of a handle.
- A pronged handle has the narrower concept long drawn rod handle with knob (lang gezogener Stabhenkel mit Knubbe)."
https://vocabs.acdh.oeaw.ac.at/defcthesaurus/pronged_wishbone_handle/6.148,Source,Class,gabelhenkel mit stabaufsatz,"In this digital humanities context, Gabelhenkel mit Stabaufsatz refers to a forked (double-pronged) loop handle that is horizontal and liminal in placement, shaped like a bird bone, with an added bar element (Stabaufsatz) applied across or atop the handle. In short: a horizontally oriented, bird-bone-shaped, bifurcated loop handle with an applied bar.","- “Gabelhenkel” has the narrower concept “Gabelhenkel mit Stabaufsatz”.
- “Gabelhenkel mit Stabaufsatz” has the broader concept “Gabelhenkel”."
https://vocabs.acdh.oeaw.ac.at/defcthesaurus/pulse/4.32,Source,Class,h lsenfrucht,"In the context of digital humanities (e.g., text annotation, ontology building, or corpus analysis), “Hülsenfrucht” is the German term for:

- A legume (botany): the fruit type (pod) of plants in the Fabaceae family and, by extension, the plants or their seeds (e.g., peas, beans, lentils).
- As a lexical item: a noun in German (singular: die Hülsenfrucht; plural: die Hülsenfrüchte), often mapped to controlled vocabularies/ontologies as “legume” or “pod fruit.”

Use cases: tagging agricultural/culinary entities, aligning multilingual corpora (Hülsenfrucht ↔ legume), or normalizing terms in knowledge graphs.","- Getreidesorte has narrower concept Hülsenfrucht.
- Linsen-Wicke has broader concept Hülsenfrucht.
- Vicia faba has broader concept Hülsenfrucht.
- Wilde Linse has broader concept Hülsenfrucht.
- pea has broader concept Hülsenfrucht.
- vetch has broader concept Hülsenfrucht.
- Hülsenfrucht has broader concept Getreidesorte.
- Hülsenfrucht has narrower concept Linsen-Wicke.
- Hülsenfrucht has narrower concept Vicia faba.
- Hülsenfrucht has narrower concept Wilde Linse.
- Hülsenfrucht has narrower concept pea.
- Hülsenfrucht has narrower concept vetch."
https://vocabs.acdh.oeaw.ac.at/defcthesaurus/punched/5.229,Source,Class,lochdekor,Lochdekor (German) in digital humanities/archaeology refers to pottery decoration made by piercing or drilling holes into the vessel’s surface (pierced/drilled decoration).,"- “Lochdekor” is broader concept of “Ritzverziert”.  
- “Ritzverziert” has narrower concept “Lochdekor”."
https://vocabs.acdh.oeaw.ac.at/defcthesaurus/pyre/5.1,Source,Class,pyre,"In a digital humanities context, “pyre” typically refers to a funeral pyre—a structure (traditionally of wood) on which a body is burned as part of mortuary rites. It may also appear metaphorically in texts or analysis to signify destruction, transformation, or ritual purification.","- “mortuary feature” has narrower concept “pyre”.
- “pyre” has broader concept “mortuary feature”."
https://vocabs.acdh.oeaw.ac.at/defcthesaurus/pyxis/4.166,Source,Class,pyxis,"In digital humanities (drawing from classical archaeology), a “pyxis” is a small, cylindrical, box-like vessel—typically with angular shoulders and a fitted lid—used historically to hold cosmetics, jewelry, or small items.","- “Pyxis” is a broader concept’s narrower term: it is narrower than “pottery form.”
- “pottery form” is a broader concept of “Pyxis.”"
https://vocabs.acdh.oeaw.ac.at/defcthesaurus/quarry/2.3,Source,Class,quarry,"Quarry: an excavation from which stone for building and other uses is obtained by cutting, blasting, etc.","- “area type” has narrower concept “quarry”.
- “quarry type” has broader concept “quarry”.
- “raw material” has broader concept “quarry”.
- “quarry” has broader concept “area type”.
- “quarry” has narrower concepts “quarry type” and “raw material”."
https://vocabs.acdh.oeaw.ac.at/defcthesaurus/quarry_type/3.065,Source,Class,quarry type,"In this digital humanities context, “quarry type” means the category used to describe the kind of evidence that indicates a quarry’s existence. It classifies the evidential basis (e.g., textual references, archaeological features, tool marks, waste/debitage, inscriptions, maps, satellite imagery) rather than the geological or operational type of the quarry.","- Pinge is a broader concept of quarry type.
- Schlacht is a broader concept of quarry type.
- oberflächennaher Abbau is a broader concept of quarry type.
- quarry has the narrower concept quarry type.
- quarry type is a broader concept of quarry.
- quarry type has the narrower concepts Pinge, Schlacht, and oberflächennaher Abbau."
https://vocabs.acdh.oeaw.ac.at/defcthesaurus/quartz/3.15,Source,Class,quartz,"In digital humanities, “quartz” refers to the mineral quartz: a widely distributed mineral with many varieties, composed primarily of silica (silicon dioxide, SiO2).","- “Stein” has narrower concept “quartz”.
- “quartz” has broader concept “Stein”."
https://vocabs.acdh.oeaw.ac.at/defcthesaurus/quartzite/5.8,Source,Class,quartzite,"Quartzite: A sandstone metamorphosed into solid quartz rock. It is non-porous, has a smooth fracture, and was used to produce lithic tools.","- “quartzite” is a narrower concept of “Stein”.
- “Stein” is a broader concept of “quartzite”."
https://vocabs.acdh.oeaw.ac.at/defcthesaurus/radiocarbon_dating/4.1,Source,Class,radiocarbon dating,"Radiocarbon dating is a method that measures the ratio of radioactive carbon-14 (C-14) to stable carbon isotopes in organic materials (e.g., wood, bone) to estimate their age, typically effective for samples about 500 to 45,000 years old. In digital humanities, it’s used to date and contextualize archaeological and historical artifacts and sites.","- “C14-Datierung” is an exact match of “radiocarbon dating.”
- “Radiocarbon dating” is a narrower concept of “dating method.”
- “Radiocarbon dating” is a broader concept’s member under “dating method.”
- “Radiocarbon dating” is an exact match of “C14-Datierung.”"
https://vocabs.acdh.oeaw.ac.at/defcthesaurus/radiolarite/4.18,Source,Class,radiolarite,"Radiolarite is a hard, fine-grained, siliceous sedimentary rock, similar to chert, composed mainly of microscopic radiolarian remains; historically, it was used to make stone tools and weapons.","- “Kieselschiefer” has a narrower concept “radiolarite”.
- “radiolarite” has a broader concept “Kieselschiefer”."
https://vocabs.acdh.oeaw.ac.at/defcthesaurus/raw_material/3.066,Source,Class,raw material,"In digital humanities, “raw material” refers to the primary, unprocessed source materials used for analysis—such as texts, images, artifacts, or data—before they are edited, interpreted, or curated. Given the extra information, it specifically means the unprocessed resources extracted from a quarry site (e.g., stone) that serve as the base material for subsequent production or study.","- Metall is a broader concept of raw material.
- Stein is a broader concept of raw material.
- clay is a broader concept of raw material.
- ochre is a broader concept of raw material.
- quarry is a narrower concept of raw material.
- raw material is a broader concept of quarry.
- raw material has the narrower concepts Metall, Stein, clay, and ochre."
https://vocabs.acdh.oeaw.ac.at/defcthesaurus/rectangular-apsidal/5.5,Source,Class,rectangular apsidal,"Rectangular-apsidal describes a building whose main plan is rectangular but includes an apse—a semi-circular recess—on one side. In digital humanities contexts (e.g., architectural metadata or site descriptions), it denotes a rectangular structure with an apsidal end.","- building shape has narrower concept rectangular-apsidal.
- rectangular-apsidal has broader concept building shape."
https://vocabs.acdh.oeaw.ac.at/defcthesaurus/rectangular/5.4,Source,Class,rectangular,"Rectangular: having the shape of a rectangle—i.e., a four-sided figure with opposite sides equal and all interior angles right angles. In the given context, it means a building whose floor plan is shaped like a rectangle.","- “building shape” has narrower concept “rectangular”.
- “rectangular” has broader concept “building shape”."
https://vocabs.acdh.oeaw.ac.at/defcthesaurus/red_burnished/5.248,Source,Class,red burnished,"In this context, red burnished refers to a pottery surface finished with a red slip (a fine liquid clay colored red by iron oxides) that has been burnished—rubbed and polished (often with a smooth tool) while leather-hard—to produce a smooth, glossy, compact surface.","- “Geglättet” has a narrower concept “red burnished”.
- “red burnished” has a broader concept “Geglättet”."
https://vocabs.acdh.oeaw.ac.at/defcthesaurus/red_burnished_b1/5.156,Source,Class,red burnished b1,"In this context, “red burnished (b1)” refers to a ceramic surface treatment where a red slip (liquid clay) is applied to the vessel and then polished (burnished) to produce a smooth, often glossy red finish. The “b1” likely denotes a specific category or code in a typology for red burnished wares.","- “Geglättet” has the narrower concept “red burnished (b1)”.
- “red burnished (b1)” has the broader concept “Geglättet”."
https://vocabs.acdh.oeaw.ac.at/defcthesaurus/red_deer/6.13,Source,Class,red deer,"In digital humanities, “red deer” typically refers to the species Cervus elaphus—used as a cultural, historical, or ecological referent in texts, images, and data. It may appear in:
- Text mining/annotation: identifying mentions of Cervus elaphus in corpora (e.g., medieval hunting manuals, folklore, place names).
- Image/artefact classification: tagging depictions of red deer in art, manuscripts, or museum records.
- Environmental history/GIS: mapping historical distributions, land-use, and human–animal relations involving red deer.
So, meaning: the animal species Cervus elaphus, as an entity tracked, interpreted, or visualized across cultural datasets.","- “red deer” is a narrower concept of “deer”.
- “deer” is a broader concept of “red deer”."
https://vocabs.acdh.oeaw.ac.at/defcthesaurus/red_fox/5.25,Source,Class,vulpes vulpes,"In digital humanities, “Vulpes vulpes” typically refers to the scientific (Latin) name for the red fox, often used in datasets, taxonomies, metadata, or ontologies to standardize species references across collections and projects.","- “Vulpes vulpes” is broader term “mammal”. (i.e., Vulpes vulpes has broader concept mammal)
- “mammal” has narrower term “Vulpes vulpes”."
https://vocabs.acdh.oeaw.ac.at/defcthesaurus/red_incrusted/5.203,Source,Class,rot inkrustiert,"“Rot inkrustiert” (German) means “red inlaid” or “red incrusted.” In the given context, it refers to a decorative technique on ceramics where a red material (often a slip or pigment) is pressed or set into incised designs on the vessel’s surface. Here, the red slip was impressed into the surface, producing a red-filled (incrusted) decoration.","- “Ritzverziert” has the narrower concept “Rot inkrustiert”.
- “Rot inkrustiert” has the broader concept “Ritzverziert”."
https://vocabs.acdh.oeaw.ac.at/defcthesaurus/red_on_brown/6.204,Source,Class,rot auf braun,"“Rot auf braun” means “red on brown,” i.e., pottery decorated with red paint on a brown ground.","- “Musterbemalt” has narrower concept “Rot auf braun”.
- “Rot auf braun” has broader concept “Musterbemalt”."
https://vocabs.acdh.oeaw.ac.at/defcthesaurus/red_on_buff/6.230,Source,Class,red on buff,"“Red on buff” describes a pottery ware where red pigment is painted onto a buff (light yellowish-tan) clay body or slip. In digital humanities or archaeological cataloging, it’s a typological label indicating decoration in red paint over a buff ground.","- “Musterbemalt” has a narrower concept “red on buff”.
- “red on buff” has a broader concept “Musterbemalt”."
https://vocabs.acdh.oeaw.ac.at/defcthesaurus/red_on_red/6.268,Source,Class,red on red,"In digital humanities discussions of ceramics, “red-on-red” refers to pottery decorated with red-painted designs applied onto a red-colored slip or ground, producing a tone-on-tone effect. It contrasts with “red-on-buff” or “black-on-red,” indicating both the pigment color and the background slip color.","- “Musterbemalt” has the more specific concept “red on red.”
- “red on red” is a more specific concept of “Musterbemalt.”"
https://vocabs.acdh.oeaw.ac.at/defcthesaurus/red_on_red_a3γ/6.158,Source,Class,rot on red a3c,"It means “red paint applied on a red-slip/red-ground surface” (i.e., red-on-red decoration on pottery).","- “Musterbemalt” has a narrower concept “Rot on red (A3c)”.
- “Rot on red (A3c)” has a broader concept “Musterbemalt”."
https://vocabs.acdh.oeaw.ac.at/defcthesaurus/red_on_white/6.290,Source,Class,red on white,"In digital humanities discussions of ancient ceramics, “red on white” refers to a decorative technique and visual code: vessels made with a light/white slip or ground, then painted with red pigment to create motifs (geometric, floral, figurative). It signals a specific stylistic tradition, period, and often region (e.g., Cypriot Red-on-White ware, Levantine/Anatolian traditions), useful for classification, dating, provenance studies, and computational image analysis of motif distributions.","- “Musterbemalt” has the narrower concept “red on white.”
- “red on white” has the broader concept “Musterbemalt.”"
https://vocabs.acdh.oeaw.ac.at/defcthesaurus/red_on_white_a3ß/6.157,Source,Class,rot auf wei a3b,"“Rot auf weiß (A3b)” means “red on white,” i.e., pottery decorated with red paint applied over a white slip/ground. In this digital humanities context, it denotes the surface treatment/paint scheme: red-painted motifs on a white background.","- “Musterbemalt” has a narrower concept “Rot auf weiß (A3b)”.
- “Rot auf weiß (A3b)” has a broader concept “Musterbemalt”."
https://vocabs.acdh.oeaw.ac.at/defcthesaurus/red_on_yellow/6.282,Source,Class,red on yellow,"In this digital-humanities context, “red on yellow” refers to a pottery decoration technique: vessels painted with red pigment on a yellow (often buff or light clay) ground. It describes the color scheme/painted style, not symbolism—i.e., a typological/visual classification of ceramic surface treatment.","- “Musterbemalt” has narrower concept “red on yellow”.
- “red on yellow” has broader concept “Musterbemalt”."
https://vocabs.acdh.oeaw.ac.at/defcthesaurus/red_slipped/5.134,Source,Class,ware mit rotem berzug,It means “ware with red slip” — pottery covered with a thin red clay coating (slip) applied before firing.,"- “Ware mit rotem Überzug” is a broader concept’s child of “slipped.”
- “slipped” has the narrower concept “Ware mit rotem Überzug.”"
https://vocabs.acdh.oeaw.ac.at/defcthesaurus/red_topped/5.284,Source,Class,red topped,"In this context, “red topped” refers to pottery whose rim or upper surface appears red due to oxidizing conditions during firing, while the rest of the vessel retains a black (reduced) surface. It describes a burnished ware with a red oxidized rim and black body, typical of Northern Greece.","- “red topped” is a broader concept than “topped”.
- “topped” has the narrower concept “red topped”."
https://vocabs.acdh.oeaw.ac.at/defcthesaurus/remote_sensing/3.056,Source,Class,remote sensing,"In digital humanities, remote sensing refers to acquiring and analyzing data about cultural or environmental features from a distance—typically via satellite or aerial imagery—to study human activity and its traces (e.g., landscapes, settlements, land use, archaeological sites) without direct on-site observation. It supports mapping, change detection, and interpretation of human–environment interactions using geospatial and image-processing methods.","- “Nicht-intrusiv” has narrower concept “remote sensing”.
- “Satellitenbilderauswertung” has broader concept “remote sensing”.
- “airborne laser scanning (ALS)” has broader concept “remote sensing”.
- “remote sensing” has broader concept “Nicht-intrusiv”.
- “remote sensing” has narrower concepts “Satellitenbilderauswertung” and “airborne laser scanning (ALS)”."
https://vocabs.acdh.oeaw.ac.at/defcthesaurus/reptile/4.35,Source,Class,reptile,"In digital humanities, “reptile” most commonly refers metaphorically to a web “crawler” or “spider” that systematically traverses websites to collect data for analysis—akin to a “web reptile” that crawls through digital spaces. It can also appear literally in texts or datasets (animals), but the DH-specific usage often points to automated crawling/scraping tools.","- “Schildkröte” is a broader concept of “reptile”.
- “animal remains species” has the narrower concept “reptile”.
- “reptile” is a broader concept of “animal remains species” and has the narrower concept “Schildkröte”."
https://vocabs.acdh.oeaw.ac.at/defcthesaurus/research_type/1.047,Source,Class,forschungsart,"In digital humanities archaeology, Forschungsart refers to the type or mode of research being conducted during an archaeological investigation (e.g., survey, excavation, post-excavation analysis, experimental work), used to classify and document the nature of the research activity.","- “Intrusiv” is a broader concept of “Forschungsart”.
- “Nicht-intrusiv” is a broader concept of “Forschungsart”.
- “research event” is a narrower concept of “Forschungsart”.
- “Forschungsart” is a broader concept of “research event”.
- “Forschungsart” has the narrower concepts “Intrusiv” and “Nicht-intrusiv”."
https://vocabs.acdh.oeaw.ac.at/defcthesaurus/researchevent,Source,Class,research event,"In digital humanities—specifically archaeological contexts—a research event is a discrete, documented activity or phase of work undertaken as part of a project to produce or transform data, knowledge, or interpretations. Examples include surveys, excavations, sampling, recording, digitization, or analytical tasks. It captures when, where, by whom, and how the archaeological research was carried out, enabling provenance, reproducibility, and linkage of outputs to specific project activities.","- “DEFC Schema” has top concept “research event”.
- “Forschungsart” is broader term of “research event”.
- “special analysis” is broader term of “research event”.
- “research event” has narrower concepts “Forschungsart” and “special analysis”.
- “research event” is a top concept of “DEFC Schema”."
https://vocabs.acdh.oeaw.ac.at/defcthesaurus/retouched_blade/4.16,Source,Class,retuschierte klinge,"“Retuschierte Klinge” (German) means “retouched blade”: a lithic blade whose edges have been deliberately modified (retouched) on one or both sides, typically to shape, sharpen, or dull the edge for specific use.","- retouched tool has narrower concept retuschierte Klinge.
- retuschierte Klinge has broader concept retouched tool."
https://vocabs.acdh.oeaw.ac.at/defcthesaurus/retouched_flake/4.17,Source,Class,retouched flake,"In digital humanities (archaeological lithics context), a retouched flake is a stone flake that has been further modified by deliberate retouch, showing secondary shaping on one or both edges.","- retouched flake is a broader concept’s narrower term of retouched tool.
- retouched tool has the narrower concept retouched flake."
https://vocabs.acdh.oeaw.ac.at/defcthesaurus/retouched_tool/3.010,Source,Class,retouched tool,"In digital humanities, a “retouched tool” usually refers to a digitized artifact (often a stone tool) that shows deliberate secondary modification—small, controlled removals (retouch) along an edge to shape, sharpen, or resharpen it. In datasets, labels like “retouched tool” indicate tools with visible edge retouch documented via images, 3D scans, or feature annotations.","- Endretusche is broader term: retouched tool.
- Kerbe is broader term: retouched tool.
- Kratzerstirn auf Abschlag is broader term: retouched tool.
- Schaber is broader term: retouched tool.
- Steinwerkzeug has narrower term: retouched tool.
- backed bladelet is broader term: retouched tool.
- burin is broader term: retouched tool.
- cicrular scraper is broader term: retouched tool.
- denticulate is broader term: retouched tool.
- double truncation is broader term: retouched tool.
- double-baked blade is broader term: retouched tool.
- drill is broader term: retouched tool.
- end-scraper on blade is broader term: retouched tool.
- high scraper is broader term: retouched tool.
- knife is broader term: retouched tool.
- micro end-scraper is broader term: retouched tool.
- projectile point is broader term: retouched tool.
- retouched flake is broader term: retouched tool.
- retuschierte Klinge is broader term: retouched tool.
- segment is broader term: retouched tool.
- sickle blade is broader term: retouched tool.
- splinter is broader term: retouched tool.
- trapeze is broader term: retouched tool.
- Çayönü Werkzeug is broader term: retouched tool.
- retouched tool is broader term: Steinwerkzeug; narrower terms: Endretusche, Kerbe, Kratzerstirn auf Abschlag, Schaber, backed bladelet, burin, cicrular scraper, denticulate, double truncation, double-baked blade, drill, end-scraper on blade, high scraper, knife, micro end-scraper, projectile point, retouched flake, retuschierte Klinge, segment, sickle blade, splinter, trapeze, Çayönü Werkzeug."
https://vocabs.acdh.oeaw.ac.at/defcthesaurus/rhyton/4.186,Source,Class,rhyton,"In digital humanities (material culture), a rhyton is a zoomorphic, horn-shaped vessel used for drinking and for pouring liquids in ritual or ceremonial contexts.","- Rhyton is a broader concept’s narrower term of pottery form.
- Pottery form has the narrower concept Rhyton."
https://vocabs.acdh.oeaw.ac.at/defcthesaurus/rim-attached_strap_handle/6.151,Source,Class,rim attached strap handle,"In digital humanities/ceramic typology, a rim-attached strap handle is a flat, band-like (strap) handle made from a liminal strip of clay that is affixed to the vessel at the rim before firing. It typically extends from the rim down the vessel wall, serving as a functional grip and a diagnostic feature in vessel classification.","- rim-attached strap handle is a broader concept of strap handle.  
- strap handle has the narrower concept rim-attached strap handle."
https://vocabs.acdh.oeaw.ac.at/defcthesaurus/rim/4.033,Source,Class,rim,"In digital humanities, RIM most commonly refers to Records and Information Management—the policies, processes, and systems used to systematically manage records (digital and physical) across their lifecycle for preservation, access, compliance, and research use.","- Abgesetzter Rand is a broader concept of rim.
- Flachrand is a broader concept of rim.
- Keramikdetail is a narrower concept of rim.
- Verdickter Rand is a broader concept of rim.
- curved tapered-up rim is a broader concept of rim.
- everted rim is a broader concept of rim.
- flaring rim is a broader concept of rim.
- inside bevelled and decorated rim is a broader concept of rim.
- rolled rim is a broader concept of rim.
- tapered-up rim is a broader concept of rim.
- rim is a broader concept of Keramikdetail.
- rim has narrower concepts: Abgesetzter Rand, Flachrand, Verdickter Rand, curved tapered-up rim, everted rim, flaring rim, inside bevelled and decorated rim, rolled rim, tapered-up rim."
https://vocabs.acdh.oeaw.ac.at/defcthesaurus/rim_attachment/5.94,Source,Class,randaufsatz,"Randaufsatz: a clay add-on attached to the upper part of a vessel, positioned between the lip/rim (margin) and the side wall or neck of the vessel. In digital humanities/archaeological documentation, it denotes this specific applied feature on ceramic vessels.","- “Randaufsatz” is a broader concept’s narrower term of “attachment.”
- “attachment” has the narrower concept “Randaufsatz.”"
https://vocabs.acdh.oeaw.ac.at/defcthesaurus/ring/4.103,Source,Class,ring,"In digital humanities, “ring” here refers to a small circular band—typically precious metal, sometimes set with gemstones—worn on a finger as ornament or as a token of marriage, engagement, or authority.","- “Schmuck” has the narrower concept “ring”.
- “ring” has the broader concept “Schmuck”."
https://vocabs.acdh.oeaw.ac.at/defcthesaurus/ring_base/5.180,Source,Class,standring,"In this context, “standring” refers to a circular clay ring forming the base of a vessel—encircling its bottom, often on wheelmade ceramics—and sometimes raised to elevate the vessel.","- “Standring” is a broader concept’s child of “base”. (Standring has broader base.)
- “base” has the narrower concept “Standring”."
https://vocabs.acdh.oeaw.ac.at/defcthesaurus/ring_handle/5.100,Source,Class,ringhenkel,"Ringhenkel: a round-loop handle (e.g., on a vessel or artifact).","- “dreieckiger Ringhenkel” is a broader concept of “Ringhenkel”.
- “handle” is a narrower concept of “Ringhenkel”.
- “kleiner Ringhenkel” is a broader concept of “Ringhenkel”.
- “Ringhenkel” is a broader concept of “handle”.
- “Ringhenkel” has narrower concepts: “dreieckiger Ringhenkel”, “kleiner Ringhenkel”."
https://vocabs.acdh.oeaw.ac.at/defcthesaurus/ring_idol/4.137,Source,Class,ringidol,"Ringidol (also spelled Ringvarþr or Ringiþol in some transcriptions) refers to a term debated in Old Norse/Icelandic studies, often appearing in runological or saga contexts. In digital humanities, it typically surfaces as:

- A normalized or lemmatized entity in TEI-encoded texts and runic corpora (e.g., Samnordisk runtextdatabas/Runor), where it may denote a personal name or epithet tied to “ring” (ring-wealth, oath-ring) plus an agentive/quality element.
- A token needing disambiguation in NLP pipelines for Old Norse, where variant spellings and uncertain segmentation (“ring-i-dol” vs. “ring-þol”) affect entity recognition and semantic tagging.
- A case study in digital philology on how uncertain readings, editorial conventions, and morphological reconstruction are represented in machine-readable editions (using <choice>, <sic>/<corr>, or <orig>/<reg>).

In short, within digital humanities, Ringidol is treated as a problematic/variant Old Norse lexical item or name encountered in digitized medieval sources and runic inscriptions, notable for how its interpretation and normalization are modeled in digital text encoding and datasets.","- Ringidol is a broader concept than Statuette.
- Statuette has the narrower concept Ringidol."
https://vocabs.acdh.oeaw.ac.at/defcthesaurus/rippled/4.177,Source,Class,wellig,Wellig: a pottery burnishing technique that creates an all-over rippled surface; in pronounced cases it approaches fluting.,"- „Oberflächenbehandlung“ hat die engere Bezeichnung „Wellig“.
- „Wellig“ hat die übergeordnete Bezeichnung „Oberflächenbehandlung“."
https://vocabs.acdh.oeaw.ac.at/defcthesaurus/rippled_burnished/5.231,Source,Class,wellig gegl ttet,Wellig geglättet (German) means “wave-burnished” or “ripplingly burnished”: a pottery finishing technique where the entire surface is burnished into gentle ripples; in extreme cases it approaches fluting.,"- “Wellig geglättet” is a narrower concept of “Geglättet”.
- “Geglättet” is a broader concept of “Wellig geglättet”."
https://vocabs.acdh.oeaw.ac.at/defcthesaurus/ritual/4.079,Source,Class,ritual,"In this context, ritual refers to a patterned, symbolic set of actions performed in a specific place and manner to fulfill cultural, religious, or social purposes. In archaeology (within digital humanities), a feature in an open space with ritual meaning is evidence—such as installations, deposits, or arrangements—indicating that the area was used to carry out these structured, symbolic practices.","- Steinsetzung is a broader concept of ritual. → Incorrect; should be: Steinsetzung is narrower than ritual.
- altar is narrower than ritual.
- bothros is narrower than ritual.
- mortuary feature is related to ritual.
- ritual activity is related to ritual.
- sacral is related to ritual.
- spezielle Befunde is a broader concept of ritual. → Incorrect; should be: spezielle Befunde is broader than ritual? Given “spezielle Befunde skos:narrower ritual”, ritual is narrower than spezielle Befunde; also “ritual skos:broader spezielle Befunde” confirms.
- stele is narrower than ritual.
- ritual is broader than spezielle Befunde. → Incorrect; skos:broader means ritual has a broader concept spezielle Befunde, so: ritual is narrower than spezielle Befunde.
- ritual has narrower concepts: Steinsetzung, altar, bothros, stele.
- ritual is related to: mortuary feature, ritual activity, sacral."
https://vocabs.acdh.oeaw.ac.at/defcthesaurus/ritual_activity/1.044,Source,Class,ritual activity,"In digital humanities, “ritual activity” refers to documented or modeled actions in which religious practices are carried out—structured, symbolic behaviors (e.g., prayer, rites, ceremonies) that can be recorded, annotated, analyzed, or visualized as data.","- interpretation has narrower concept ritual activity.
- ritual activity has broader concept interpretation.
- mortuary feature is related to ritual activity.
- ritual is related to ritual activity.
- sacral is related to ritual activity."
https://vocabs.acdh.oeaw.ac.at/defcthesaurus/river_delta/2.8,Source,Class,flussdelta,"Flussdelta: The river mouth where the main river splits into multiple smaller channels due to sediment deposition. In digital humanities, it can metaphorically describe branching dissemination paths or networks formed by accumulated “flows” of information or texts.","- “Flussdelta” has broader concept “topography”.
- “topography” has narrower concept “Flussdelta”."
https://vocabs.acdh.oeaw.ac.at/defcthesaurus/rock_crystal/3.16,Source,Class,rock crystal,"Rock crystal is the transparent, colorless variety of the silica mineral quartz, valued for its clarity and freedom from flaws, and historically used for carving and ornamental objects.","- mineral has narrower concept rock crystal.
- rock crystal has broader concept mineral."
https://vocabs.acdh.oeaw.ac.at/defcthesaurus/rock_shelter/3.2,Source,Class,felsdach,"Felsdach: a natural rock overhang forming a shallow cave or cliff shelter, where the rock roof extends beyond the cave sides. Often used prehistorically by humans, especially hunters, as protection from the elements.","- Felsdach is a broader concept of cave or rockshelter.
- Cave or rockshelter is a narrower concept of Felsdach."
https://vocabs.acdh.oeaw.ac.at/defcthesaurus/roe_deer/6.23,Source,Class,roe deer,"In digital humanities contexts, “roe deer” typically refers to the species Capreolus capreolus (European roe deer) or Capreolus pygargus (Siberian roe deer)—small, native Eurasian deer often appearing in historical texts, folklore, art, and environmental records. It denotes a culturally and ecologically significant animal used as a motif, symbol, or data point in studies of landscape use, hunting practices, seasonal cycles, and human–animal relations.","- “roe deer” is a narrower concept of “deer”.
- “deer” is a broader concept of “roe deer”."
https://vocabs.acdh.oeaw.ac.at/defcthesaurus/rolled_rim/5.77,Source,Class,rolled rim,"In digital humanities (e.g., artifact typology), a “rolled rim” refers to an inwardly thickened vessel rim whose lip is rounded—i.e., the rim is turned or folded inward, forming a round cross-section.","- “rim” has a narrower concept “rolled rim”.
- “rolled rim” has a broader concept “rim”."
https://vocabs.acdh.oeaw.ac.at/defcthesaurus/round_bar_handle/5.109,Source,Class,round bar handle,"In digital humanities metadata/terminology for artifact description, a “round bar handle” refers to a handle formed as a bar whose cross-section is circular. Based on your extra information, it is a flattened handle whose grip portion has a round (cylindrical) cross-section.","- “bar handle with knob” is a broader concept of “round bar handle”.
- “handle” has a narrower concept “round bar handle”.
- “round bar handle” is a broader concept of “handle” and has a narrower concept “bar handle with knob”."
https://vocabs.acdh.oeaw.ac.at/defcthesaurus/rounded_base/5.165,Source,Class,runder boden,"Runder Boden: “rounded base” — the curved, semicircular cross-section part of a vessel that supports it.","- “Runder Boden” is a broader concept’s child of “base.”
- “base” has the narrower concept “Runder Boden.”"
https://vocabs.acdh.oeaw.ac.at/defcthesaurus/rusticated/5.208,Source,Class,rustiziert,"In digital humanities (pottery terminology), “rustiziert” refers to pottery with a deliberately roughened exterior surface—often made by dragging fingers, fingernails, twigs, or similar tools. It may have an applied slip or not. While sometimes decorative, the roughening typically serves a practical purpose: improving grip so a greasy pot doesn’t slip.","- “Ritzverziert” has narrower concept “rustiziert”.
- “rustiziert” has broader concept “Ritzverziert”."
https://vocabs.acdh.oeaw.ac.at/defcthesaurus/rye/5.17,Source,Class,secale cereale,"Secale cereale is the scientific (Latin) name for rye, a cereal grain. In digital humanities contexts, it would typically appear as a controlled vocabulary term or taxonomic identifier used to tag, index, or analyze texts, datasets, or herbarium records referencing rye.","- “Getreide” has the narrower concept “Secale cereale”.
- “Secale cereale” has the broader concept “Getreide”."
https://vocabs.acdh.oeaw.ac.at/defcthesaurus/sacral/5.17,Source,Class,sacral,"In this context, “sacral” means relating to the sacred—especially buildings, spaces, rites, or symbols used for religious or ceremonial purposes.","- Bautechnik has the narrower concept sacral.
- Mortuary feature is related to sacral.
- Ritual is related to sacral.
- Ritual activity is related to sacral.
- Sacral has the broader concept Bautechnik.
- Sacral is related to mortuary feature.
- Sacral is related to ritual.
- Sacral is related to ritual activity."
https://vocabs.acdh.oeaw.ac.at/defcthesaurus/sandstone/3.25,Source,Class,sandstein,"Sandstein means sandstone—a clastic sedimentary rock composed mainly of sand-sized mineral or rock grains. In digital humanities context, it would refer to this geological material in texts, metadata, or datasets (e.g., tagging “Sandstein” as “sandstone/arenite”).","- “Sandstein” ist ein Oberbegriff von “Stein”. (Triple: ""Sandstein"" skos:broader ""Stein"")
- “Stein” ist ein Unterbegriff von “Sandstein”. (Triple: ""Stein"" skos:narrower ""Sandstein"")"
https://vocabs.acdh.oeaw.ac.at/defcthesaurus/satellite_imaging/4.22,Source,Class,satellitenbilderauswertung,"Satellitenbilderauswertung means the analysis and interpretation of satellite imagery—processing data from orbiting satellites (e.g., visible, infrared, multispectral, radar, LiDAR) to extract information. In digital humanities, it refers to using such imagery to study cultural landscapes, archaeological sites, historical land use, and environmental changes relevant to human history and culture.","- Satellitenbilderauswertung is a broader concept of remote sensing.
- Remote sensing has the narrower concept Satellitenbilderauswertung."
https://vocabs.acdh.oeaw.ac.at/defcthesaurus/schist/3.26,Source,Class,glimmerschiefer,"Glimmerschiefer is mica schist: a medium-grade metamorphic rock composed of over 50% platy, elongated minerals (chiefly micas) arranged in a preferred, sheet-like orientation, often finely interleaved with quartz and feldspar.","- Glimmerschiefer is a broader concept’s narrower term of Stein.
- Stein has the narrower concept Glimmerschiefer."
https://vocabs.acdh.oeaw.ac.at/defcthesaurus/scoop/4.136,Source,Class,sch pfgef,"Schöpfgefäß: a scooping vessel used to ladle or scoop liquids or granular solids (e.g., water, grain). In digital humanities, it may appear as an object type/category in metadata for artifacts.","- “Schöpfgefäß” is a broader concept’s member: it is narrower than “pottery form.”
- “Pottery form” has a narrower concept: “Schöpfgefäß.”"
https://vocabs.acdh.oeaw.ac.at/defcthesaurus/scored/5.233,Source,Class,scored,"In this context, scored means incised or scratched—making shallow lines in the moist clay to create a rough, linear decoration.","- “Ritzverziert” has narrower concept “scored”.
- “wiped” exactly matches “scored”.
- “scored” has broader concept “Ritzverziert”.
- “scored” exactly matches “wiped”."
https://vocabs.acdh.oeaw.ac.at/defcthesaurus/scraped_a3ε/4.159,Source,Class,ausgewischt a3e,"In this digital humanities/archaeological context, Ausgewischt (A3e) refers to a decorative technique where a vessel with a whitish surface is entirely coated in red slip, and then parallel bands are scraped or wiped off the red layer to reveal the lighter ground beneath. This scraped-off banding is characteristic of pottery from Thessaly and central Greece.","- “Ausgewischt (A3e)” is a broader concept’s narrower term of “Oberflächenbehandlung.”
- “Oberflächenbehandlung” has the narrower concept “Ausgewischt (A3e).”"
https://vocabs.acdh.oeaw.ac.at/defcthesaurus/scraper/4.74,Source,Class,schaber,"In this context, “Schaber” means a scraper: a retouched flake tool with a thick working edge, sharpened on one edge and left blunt on the others for grasping, likely used to scrape (dress) animal hides.","- “Steinwerkzeug” is related to “Schaber”.
- “Werkzeug” has narrower concept “Schaber”.
- “Schaber” has broader concept “Werkzeug”.
- “Schaber” is related to “Steinwerkzeug”."
https://vocabs.acdh.oeaw.ac.at/defcthesaurus/scribble_burnished/5.234,Source,Class,geschmiergegl ttet,"“Geschmiergeglättet” (literally “smeared-smoothed”) refers to a surface finishing technique on pottery where the vessel’s surface was quickly wiped or smeared to smooth it, producing irregular, streaky burnish lines rather than a uniform polish. In the given context, it describes the characteristic irregular burnishing lines on MN Urfirnis ware typical of southern Greece.","- “Geschmiergeglättet” is a narrower concept of “Geglättet”.
- “Geglättet” is a broader concept of “Geschmiergeglättet”."
https://vocabs.acdh.oeaw.ac.at/defcthesaurus/sea_club-rush/3.34,Source,Class,strandbinse,"Strandbinse is the German common name for the plant Schoenoplectus maritimus (syn. Scirpus maritimus), an estuarine/coastal bulrush or club-rush. In digital humanities contexts, it would be recognized as a vernacular plant term needing normalization/linked data mapping to a taxonomic identifier (e.g., to a Wikidata/GBIF/Taxon ID) when processing historical texts, herbals, or place-based biodiversity records.","- “Strandbinse” is a broader concept’s member under “botany.”
- “botany” has the narrower concept “Strandbinse.”"
https://vocabs.acdh.oeaw.ac.at/defcthesaurus/seal/4.62,Source,Class,siegel,"In this digital humanities context, “Siegel” refers to a seal: a device used to impress identifying marks into a soft material (e.g., wet clay or wax) to indicate ownership or authenticity. Such seals, often intaglio, were made of bone, ivory, stone, or wood and could be stamp or cylinder seals.","- “Siegel” ist ein Oberbegriff-untergeordnet-Relation: “Siegel” ist eine speziellere Art von “Werkzeug”. (skos:broader)
- “Werkzeug” hat als Unterbegriff “Siegel”. (skos:narrower)"
https://vocabs.acdh.oeaw.ac.at/defcthesaurus/secondary_deposition/6.3,Source,Class,secondary deposition,"In digital humanities, secondary deposition refers to the recontextualized placement or reuse of cultural materials—such as texts, images, datasets, or artifacts—beyond their original context of creation or primary archive. It includes practices like:

- Migrating materials into new repositories or platforms (e.g., aggregators, digital exhibits)
- Creating derivative datasets, annotations, or editions
- Curating or remixing content in scholarly projects

The “secondary” aspect highlights that meaning, metadata, and interpretive frames can change in the new setting, affecting how the material is discovered, interpreted, and preserved.","- “secondary deposition” is a narrower concept of “Art der menschlichen Überreste”.
- “Art der menschlichen Überreste” is a broader concept of “secondary deposition”."
https://vocabs.acdh.oeaw.ac.at/defcthesaurus/seed/4.4,Source,Class,samen,"In this digital humanities/archaeological context, “Samen” means “seeds” — including preserved seeds from sites (e.g., charred, waterlogged, or as grain impressions), such as weed seeds, fruit seeds, pulses, and cereal grains.","- “Samen” is broader concept: dating material.
- “dating material” has narrower concept: Samen."
https://vocabs.acdh.oeaw.ac.at/defcthesaurus/segment/4.18,Source,Class,segment,"In digital humanities/archaeological lithics, a segment is a geometric microlith made on a blade or bladelet, shaped like a half-moon. It has a curved backed (retouched) edge opposite a straight, unretouched edge, and was likely hafted as a projectile tip or as part of a cutting tool.","- A segment is a narrower concept than a retouched tool.
- A retouched tool is a broader concept than a segment."
https://vocabs.acdh.oeaw.ac.at/defcthesaurus/senile_(60-)/6.9,Source,Class,senile 60,"In this digital humanities context, “senile (60-)” likely denotes an age-based category label meaning “age 60 and older,” not a clinical judgment. It tags materials, demographics, or metadata pertaining to people aged 60+.","- “age group” has narrower concept “senile (60-)”.
- “senile (60-)” has broader concept “age group”."
https://vocabs.acdh.oeaw.ac.at/defcthesaurus/separating_wall/5.2,Source,Class,separating wall,"In digital humanities, a separating wall is a conceptual or procedural barrier that partitions data, processes, or roles to ensure clarity, integrity, or ethics. Examples:
- Data separation: keeping training and evaluation datasets apart to avoid bias.
- Role separation: dividing editorial and analytical responsibilities to prevent conflicts of interest.
- Process separation: isolating transcription from interpretation to preserve source fidelity.
- Access separation: restricting sensitive metadata or personal data to protect privacy.

It’s about maintaining boundaries that structure workflows, reduce contamination or bias, and uphold transparency.","- mortuary feature has the narrower concept separating wall.
- separating wall has the broader concept mortuary feature."
https://vocabs.acdh.oeaw.ac.at/defcthesaurus/serpentine/3.23,Source,Class,serpentin,"In digital humanities contexts, “Serpentin” typically refers to the serpentine subgroup of minerals—greenish, brownish, or mottled minerals that commonly occur in serpentinite rocks (part of the kaolinite–serpentine group).","- “Serpentin” is a broader concept’s narrower term of “mineral.”
- “mineral” has the narrower concept “Serpentin.”"
https://vocabs.acdh.oeaw.ac.at/defcthesaurus/settlement/2.4,Source,Class,siedlung,"In digital humanities, “Siedlung” (German) refers to a small settlement—a compact concentration of dwellings, such as a hamlet or small housing estate—often used as a spatial unit in historical, archaeological, or GIS-based analyses.","- “area type” is a broader concept of “Siedlung”.
- “building” is a narrower concept of “Siedlung”.
- “settlement structure” is a narrower concept of “Siedlung”.
- “settlment type” is a narrower concept of “Siedlung”.
- “spezielle Befunde” is a narrower concept of “Siedlung”.
- “Siedlung” is a narrower concept of “area type”.
- “Siedlung” has the narrower concepts “building”, “settlement structure”, “settlment type”, and “spezielle Befunde”."
https://vocabs.acdh.oeaw.ac.at/defcthesaurus/settlement_enclosure/4.073,Source,Class,settlement enclosure,"In digital humanities, a “settlement enclosure” refers to a defined structure or boundary (e.g., ditch, wall, palisade, bank) that encloses a settlement area, delineating and protecting the inhabited space.","- Graben is a broader concept of settlement enclosure.
- enclosure rampart is a broader concept of settlement enclosure.
- enclosure undetermined is a broader concept of settlement enclosure.
- enclosure wall is a broader concept of settlement enclosure.
- settlement structure is a narrower concept of settlement enclosure.
- settlement enclosure is a broader concept of settlement structure.
- settlement enclosure has narrower concepts: Graben, enclosure rampart, enclosure undetermined, enclosure wall."
https://vocabs.acdh.oeaw.ac.at/defcthesaurus/settlement_structure/3.067,Source,Class,settlement structure,"In digital humanities, “settlement structure” refers to how a settlement is organized and built: the type of enclosure (e.g., walls, ditches, boundaries) and the spatial layout of houses and other features, including their arrangement, spacing, and relationships. It captures the overall plan and internal organization of the settlement.","- “Siedlung” has narrower concept “settlement structure”.
- “house layout” has broader concept “settlement structure”.
- “settlement enclosure” has broader concept “settlement structure”.
- “settlement structure” has broader concept “Siedlung”.
- “settlement structure” has narrower concepts “house layout” and “settlement enclosure”."
https://vocabs.acdh.oeaw.ac.at/defcthesaurus/settlment_type/3.068,Source,Class,settlment type,"In digital humanities, settlement type refers to the categorical classification of an archaeological or historical habitation site based on its form and structure. For example:
- Tell: A mound formed by long-term, repeated occupation and rebuilding.
- Flat site: A settlement without significant accumulated stratified deposits, typically spread at ground level.

It’s used to standardize and compare site morphology in datasets and analyses.","- Siedlung is a narrower concept of settlment type.
- Tell is a broader concept of settlment type.
- flat site is a broader concept of settlment type.
- settlment type is a broader concept of Siedlung.
- settlment type has the narrower concepts Tell and flat site."
https://vocabs.acdh.oeaw.ac.at/defcthesaurus/sex/5.095,Source,Class,geschlecht,"In digital humanities, Geschlecht is a German term that denotes “gender/sex” as a culturally and historically constructed category. It is often used to analyze how texts, data, and media encode, represent, and reproduce gender (and sometimes kinship or lineage) across time, highlighting the interplay between biological sex, social gender, and power structures in metadata, corpora, and algorithms.","- “female individuals” is a narrower concept of “Geschlecht”.
- “menschliche Überreste” has “Geschlecht” as a narrower concept.
- “mänlich” is a narrower concept of “Geschlecht”.
- “nicht bestimmt” is a narrower concept of “Geschlecht”.
- “part of specialist report” is a narrower concept of “Geschlecht”.
- “Geschlecht” is a broader concept of “menschliche Überreste”.
- “Geschlecht” has the narrower concepts “female individuals”, “mänlich”, “nicht bestimmt”, and “part of specialist report”."
https://vocabs.acdh.oeaw.ac.at/defcthesaurus/sex_not_specified/6.3,Source,Class,nicht bestimmt,"In this context, nicht bestimmt means ""not determined""—i.e., the sex of the human remains was not determined or could not be specified.","- “nicht bestimmt” is a narrower concept of “Geschlecht”.
- “Geschlecht” is a broader concept of “nicht bestimmt”."
https://vocabs.acdh.oeaw.ac.at/defcthesaurus/shaft_grave/5.5,Source,Class,schachtgrab,"Schachtgrab: A shaft grave—a tomb accessed via a vertical shaft, with the burial chamber at the bottom of a deep, narrow pit, typically rectangular, roofed over, and the shaft backfilled after burial.","- “Schachtgrab” is a broader concept’s member of “grave type.” → “Schachtgrab” is a type of grave.
- “grave type” has the narrower concept “Schachtgrab.” → “Grave type” includes “Schachtgrab.”"
https://vocabs.acdh.oeaw.ac.at/defcthesaurus/shaft_straightener/4.95,Source,Class,shaft straightener,"In digital humanities/archaeological context, a shaft straightener is a grooved stone tool—often coarse or volcanic—used as a rasp to smooth and straighten wooden spear and arrow shafts during manufacture.","- Werkzeug has narrower concept shaft straightener.
- Shaft straightener has broader concept Werkzeug."
https://vocabs.acdh.oeaw.ac.at/defcthesaurus/shallow_bowl/5.116,Source,Class,shallow bowl,"In this context, a shallow bowl is a low, open vessel whose rim diameter is about twice its height.","- “Schüssel” has a narrower concept: “shallow bowl”.
- “shallow bowl” has a broader concept: “Schüssel”."
https://vocabs.acdh.oeaw.ac.at/defcthesaurus/sheep/5.6,Source,Class,ovis aries,"Ovis aries is the scientific (Latin) name for the domestic sheep. In digital humanities contexts, it might appear in metadata, taxonomies, or controlled vocabularies to standardize references to sheep across texts, datasets, or images.","- “Ovis aries” is a broader concept of “mammal”.  
- “mammal” has the narrower concept “Ovis aries”."
https://vocabs.acdh.oeaw.ac.at/defcthesaurus/sheep/goat/5.5,Source,Class,sheep goat,"In digital humanities, “sheep/goat” usually refers to a classification task (or gold standard) that cleanly separates clear positives (“sheep”) from clear negatives (“goats”). It’s used when evaluating or training models on humanities data (e.g., authorship, genre, authenticity), where unambiguous examples are labeled as sheep or goats to test discrimination performance or to create benchmark sets.","- “sheep/goat” is a narrower concept of “mammal”.
- “mammal” is a broader concept of “sheep/goat”."
https://vocabs.acdh.oeaw.ac.at/defcthesaurus/shell/3.6,Source,Class,shell,"In digital humanities, “shell” can refer to a command-line interface (e.g., Bash) used to execute scripts and manage data or text-processing workflows. Using the provided extra information, “shell” also means the hard protective outer case of a mollusc or crustacean.","- “Herzmuscheln” is a broader term of “shell”.
- “Muschelverarbeitung” is related to “shell”.
- “organic” has the narrower term “shell”.
- “spondylus shell” is a broader term of “shell”.
- “shell” is a broader term of “organic”.
- “shell” has the narrower term “Herzmuscheln”.
- “shell” has the narrower term “spondylus shell”.
- “shell” is related to “Muschelverarbeitung”."
https://vocabs.acdh.oeaw.ac.at/defcthesaurus/shell_production/2.5,Source,Class,muschelverarbeitung,"In digital humanities, Muschelverarbeitung refers to the study and analysis of shell processing—i.e., how shells (Muscheln) were collected, worked, and used (e.g., as tools, ornaments, currency) in past cultures—using digital methods. This can include digitizing artifacts, creating databases of shell items, applying computational classification, 3D modeling, provenance and trade-network analysis, and linking textual, archaeological, and visual data to interpret shell-related material culture.","- “Muschelverarbeitung” is a narrower concept of “production”.
- “shell” is related to “Muschelverarbeitung”.
- “Muschelverarbeitung” is a broader concept of “production”.  [Note: inverse of given triple is “production” is broader; but as stated, original says narrower; keep consistent:]
- “Muschelverarbeitung” is related to “shell”."
https://vocabs.acdh.oeaw.ac.at/defcthesaurus/shell_stamped/5.209,Source,Class,shell stamped,"In digital humanities/archaeological pottery terminology, “shell stamped” refers to a surface decoration made by pressing a marine mollusc shell—here specifically cockle (Cerastoderma edule)—into the clay before firing, leaving the shell’s ridged/impressed pattern on the vessel.","- “Ritzverziert” has the narrower concept “shell stamped.”
- “Shell stamped” has the broader concept “Ritzverziert.”"
https://vocabs.acdh.oeaw.ac.at/defcthesaurus/shouldered_bowl/5.156,Source,Class,schulterschale,"Schulterschale: a “shoulder bowl” — a bowl whose upper body has a pronounced carination (shoulder), a form typical of Thessaly in archaeological/ceramic typology within digital humanities contexts.","- “Schulterschale” is a broader concept of “Schüssel.”  
- “Schüssel” has the narrower concept “Schulterschale.”"
https://vocabs.acdh.oeaw.ac.at/defcthesaurus/shuttle/5.75,Source,Class,shuttle,"In this context, “shuttle” refers to a loom device: a boat-shaped carrier that holds a bobbin of weft thread and passes (or “shoots”) the weft through the shed from one side of the fabric to the other.","- “shuttle” is a broader term’s narrower concept of “textile equipment.”
- “textile equipment” has the narrower concept “shuttle.”"
https://vocabs.acdh.oeaw.ac.at/defcthesaurus/sickle_blade/4.19,Source,Class,sickle blade,"In digital humanities/archaeological context, a sickle blade is a stone blade (occasionally a flake) showing characteristic “sickle gloss” along its edge from cutting grasses—caused by abrasion from phytoliths during reaping. It was typically hafted into a bone, antler, or wooden handle as one element of a composite sickle.","- “retouched tool” has the narrower concept “sickle blade”.
- “sickle blade” has the broader concept “retouched tool”."
https://vocabs.acdh.oeaw.ac.at/defcthesaurus/sickle_implement/4.107,Source,Class,sichel,"Sichel: A Neolithic reaping knife made of flint blades set into a wooden or bone handle, used for harvesting cereal crops.","- “Sichel” is a broader concept of “Werkzeug”.  
- “Werkzeug” has the narrower concept “Sichel”."
https://vocabs.acdh.oeaw.ac.at/defcthesaurus/side-scraper/4.20,Source,Class,schaber,"In digital humanities/archaeology, “Schaber” refers to a scraper: a flake tool with retouch along one or both lateral edges.","- “Schaber” is a broader concept’s member of “retouched tool.” → “Schaber is a kind of retouched tool.”
- “retouched tool” has the narrower concept “Schaber.” → “Retouched tool includes Schaber as a narrower term.”"
https://vocabs.acdh.oeaw.ac.at/defcthesaurus/sieve/4.117,Source,Class,sieb,"In the context of digital humanities, “Sieb” (German for “sieve” or “strainer”) metaphorically refers to a filtering mechanism: a container whose walls are completely or partially pierced, used for separating liquids and solids—by analogy, a tool or process that filters or separates data, texts, or signals to distinguish relevant from irrelevant material.","- “Sieb” is a broader concept of “pottery form”.
- “pottery form” has the narrower concept “Sieb”."
https://vocabs.acdh.oeaw.ac.at/defcthesaurus/silver/5.9,Source,Class,silber,"In the digital humanities context, “Silber” means “silver” (chemical element Ag): a white, lustrous metal valued for decorative use and high electrical conductivity, here noted as extracted from a quarry site.","- “Metall” has narrower concept “Silber”.
- “Silber” has broader concept “Metall”."
https://vocabs.acdh.oeaw.ac.at/defcthesaurus/single_jabbed/5.235,Source,Class,single jabbed,"In this context, “single jabbed” means decorated with a single line or mark made by one incision/puncture of the tool—i.e., a lone engraved stroke rather than multiple or parallel cuts. This aligns with ware decorated with single engraved lines.","- “Ritzverziert” has a narrower concept “single jabbed”.
- “single jabbed” has a broader concept “Ritzverziert”."
https://vocabs.acdh.oeaw.ac.at/defcthesaurus/site,Source,Class,site,"In digital humanities, a site is the specific location (physical or digital) where research took place or observations were made.","- “DEFC Schema” has top concept “site”.
- “topography” is broader than “site”.
- “site” has narrower concept “topography”.
- “site” is a top concept of “DEFC Schema”."
https://vocabs.acdh.oeaw.ac.at/defcthesaurus/skull/5.1,Source,Class,cranium,In digital humanities context: the cranium is the bony framework that encloses the brain—the skull of a person or animal.,"- “Knochen” has narrower concept “cranium”.
- “cranium” has broader concept “Knochen”."
https://vocabs.acdh.oeaw.ac.at/defcthesaurus/skyphos/4.157,Source,Class,skyphos,"In digital humanities context, a skyphos is a two-handled deep drinking cup (typically from ancient Greek material culture).","- “pottery form” has narrower concept “skyphos”.
- “skyphos” has broader concept “pottery form”."
https://vocabs.acdh.oeaw.ac.at/defcthesaurus/slate/3.38,Source,Class,slate,"In digital humanities, “slate” most commonly refers to:

- A project or publication slate: the planned lineup of projects, articles, or releases an organization or lab intends to produce.
- A collaborative workspace or board: a digital “slate” used to organize tasks, datasets, annotations, or exhibits (e.g., a dashboard/board for project management or curation).
- Less commonly, a “clean slate”: starting fresh with data, versions, or workflows (e.g., resetting a corpus or pipeline).","- “Stein” has the narrower concept “slate”.
- “slate” has the broader concept “Stein”."
https://vocabs.acdh.oeaw.ac.at/defcthesaurus/slingstone/5.53,Source,Class,schleudergeschoss,"Schleudergeschoss: a sling projectile—specifically a stone used as a blunt missile in sling-based weaponry (in digital humanities contexts, typically referring to such artifacts in historical/archaeological records).","- “Schleudergeschoss” is a broader term’s narrower concept of “weapon.”
- “weapon” has the narrower concept “Schleudergeschoss.”"
https://vocabs.acdh.oeaw.ac.at/defcthesaurus/slipped/4.302,Source,Class,slipped,"In this context, slipped means coated with a liquid clay suspension (slip) applied to a vessel’s surface—by brushing, dipping, pouring, or hand/cloth—to alter its surface.","- “Oberflächenbehandlung” has narrower concept “slipped”.
- “Ware mit rotem Überzug” has broader concept “slipped”.
- “slipped” has broader concept “Oberflächenbehandlung”.
- “slipped” has narrower concept “Ware mit rotem Überzug”."
https://vocabs.acdh.oeaw.ac.at/defcthesaurus/small_finds/2.5,Source,Class,kleinfund,"Kleinfund: small, portable archaeological finds (artifacts that can be picked up and transported), excluding pottery, stone tools, and organic finds; typically minor objects recorded individually in site databases.","- Schmuck is a broader concept of Kleinfund.
- Statuette is a broader concept of Kleinfund.
- Werkzeug is a broader concept of Kleinfund.
- finds type has a narrower concept Kleinfund.
- other is a broader concept of Kleinfund.
- Kleinfund is a broader concept of finds type.
- Kleinfund has the narrower concepts Schmuck, Statuette, Werkzeug, and other."
https://vocabs.acdh.oeaw.ac.at/defcthesaurus/small_foot/5.167,Source,Class,kleiner fu,"In digital humanities (vessel typology), “Kleiner Fuß” means a small supporting lower part (foot) of a vessel, typically attached to the base or bottom after the vessel’s main form is made.","- „Bein“ hat die engere Kategorie „Kleiner Fuß“.
- „Kleiner Fuß“ ist eine weitere/übergeordnete Kategorie zu „Bein“."
https://vocabs.acdh.oeaw.ac.at/defcthesaurus/small_ring_handle/6.102,Source,Class,kleiner ringhenkel,"In digital humanities (e.g., artifact metadata), “kleiner Ringhenkel” is German for “small ring handle”: a handle formed as a very small, round loop.","- “Ringhenkel” has the narrower concept “kleiner Ringhenkel”.
- “kleiner Ringhenkel” has the broader concept “Ringhenkel”."
https://vocabs.acdh.oeaw.ac.at/defcthesaurus/smeared/4.260,Source,Class,geschmiert,"In this context, Geschmiert (German) means “smeared.” It refers to Middle Helladic “smeared ware,” a pottery type characterized by a smeared/slipped surface treatment.","- “Geschmiert” is a broader concept’s member of “Oberflächenbehandlung.” (Geschmiert has broader Oberflächenbehandlung.)
- “Oberflächenbehandlung” has the narrower concept “Geschmiert.”"
https://vocabs.acdh.oeaw.ac.at/defcthesaurus/smoothed/4.261,Source,Class,smoothed,"In digital humanities (ceramic description), “smoothed” refers to a vessel surface finished by wiping it while the clay was still wet, before drying and firing, without adding extra water. This produces a more even surface, often showing visible wipe-direction traces.","- “Oberflächenbehandlung” has narrower concept “smoothed”.
- “smoothed” has broader concept “Oberflächenbehandlung”."
https://vocabs.acdh.oeaw.ac.at/defcthesaurus/soil_analysis%3A_particle_size_analysis%2F3.23,Source,Class,soil analysis particle size analysis,"In digital humanities context, “soil analysis: particle size analysis” means determining the distribution and proportion of particle sizes—sand, silt, and clay—in a soil deposit.","- “Bodenanalyse” has narrower concept “soil analysis: particle size analysis”.
- “soil analysis: particle size analysis” has broader concept “Bodenanalyse”."
https://vocabs.acdh.oeaw.ac.at/defcthesaurus/soil_analysis%3A_soil_chemistry%2F3.24,Source,Class,soil analysis soil chemistry,Soil analysis: soil chemistry refers to studying the chemical composition and properties of soils and archaeological deposits to identify and assess the nature and extent of past activities in the examined area.,"- “Bodenanalyse” has narrower concept “soil analysis: soil chemistry”.
- “Soil analysis: soil chemistry” has broader concept “Bodenanalyse”."
https://vocabs.acdh.oeaw.ac.at/defcthesaurus/soil_analysis%3A_soil_micromorphology%2F3.25,Source,Class,soil analysis soil micromorphology,"Soil analysis: soil micromorphology refers to the microscopic study of the arrangement and nature of the particles and features that make up sediments and soils, using integrated microscopic techniques, to identify sedimentary signatures diagnostic of human activities. In digital humanities, it supports the interpretation and documentation of past human behaviors and site formation processes by providing fine-grained, analyzable evidence of human-related deposits.","- “Bodenanalyse” has narrower concept “soil analysis: soil micromorphology”.
- “soil analysis: soil micromorphology” has broader concept “Bodenanalyse”."
https://vocabs.acdh.oeaw.ac.at/defcthesaurus/soil_analysis%3A_soil_phosphorus_analysis%2F3.26,Source,Class,phosphoranalyse,"Phosphoranalyse (German) in a digital humanities context refers to documenting or analyzing references to phosphorus analysis—specifically, the measurement of phosphorus (P) content in soil. Here, it denotes the analytical procedure or its representation in sources, focused on quantifying soil phosphorus.","- “Phosphoranalyse” ist eine Unterkategorie von “Bodenanalyse”.
- “Bodenanalyse” ist eine Oberkategorie von “Phosphoranalyse”."
https://vocabs.acdh.oeaw.ac.at/defcthesaurus/soil_analysis/2.063,Source,Class,bodenanalyse,"In digital humanities, Bodenanalyse (German) refers to “ground analysis” or “close reading of the ground”: the systematic examination of the material substrate of cultural artifacts—such as the physical features of manuscripts, archaeological layers, or site contexts—often combined with digital methods (e.g., GIS, imaging, metadata) to interpret provenance, production, use, and spatial-temporal context.","- “Phosphoranalyse” is a broader concept of “Bodenanalyse”.
- “soil analysis: particle size analysis” is a broader concept of “Bodenanalyse”.
- “soil analysis: soil chemistry” is a broader concept of “Bodenanalyse”.
- “soil analysis: soil micromorphology” is a broader concept of “Bodenanalyse”.
- “special analysis” has a narrower concept “Bodenanalyse”.
- “Bodenanalyse” is a broader concept of “special analysis”.
- “Bodenanalyse” has narrower concepts “Phosphoranalyse”, “soil analysis: particle size analysis”, “soil analysis: soil chemistry”, and “soil analysis: soil micromorphology”."
https://vocabs.acdh.oeaw.ac.at/defcthesaurus/spatula/4.55,Source,Class,spatula,"In digital humanities context: A spatula is a tool—typically made of bone, lime, wood, ebony, or turtleshell—with a broad, thin blade, used for general tasks such as spreading, mixing, scooping, and lifting; historically also for burnishing pottery, working pelts, and spooning flour.","- “Spatula” is a broader concept of “Werkzeug”.
- “Werkzeug” is a narrower concept of “Spatula”."
https://vocabs.acdh.oeaw.ac.at/defcthesaurus/spear/5.113,Source,Class,speer,"In digital humanities, “Speer” here refers to a spear: a pole weapon with a sharp point, used for throwing or thrusting at an enemy or prey.","- “Speer” is a broader term’s member of “weapon.” (Speer is a kind of weapon.)
- “weapon” has the narrower term “Speer.”"
https://vocabs.acdh.oeaw.ac.at/defcthesaurus/special_analysis/1.057,Source,Class,special analysis,"In digital humanities archaeology, “special analysis” refers to targeted, expert-led examinations of particular classes of materials or data to answer specific research questions beyond standard field recording. Examples include laboratory or computational analyses such as radiocarbon dating, isotopic and residue studies, lithic use-wear, zooarchaeology, archaeobotany, ceramic petrography, aDNA, GIS/spatial modeling, remote sensing, and 3D/photogrammetric analysis. It produces specialized datasets and interpretations that complement excavation and basic documentation.","- “Bericht physische Athropologie” is a broader concept of “special analysis.”
- “Bodenanalyse” is a broader concept of “special analysis.”
- “DNA analysis” is a broader concept of “special analysis.”
- “animal remains report” is a broader concept of “special analysis.”
- “archeobotany” is a broader concept of “special analysis.”
- “ceramic analysis” is a broader concept of “special analysis.”
- “dating” is a broader concept of “special analysis.”
- “lithics analysis” is a broader concept of “special analysis.”
- “metallurgy” is a broader concept of “special analysis.”
- “mineralogy” is a broader concept of “special analysis.”
- “research event” is a narrower concept of “special analysis.”
- “stable isotope analysis” is a broader concept of “special analysis.”
- “special analysis” is a broader concept of “research event.”
- “special analysis” is a narrower concept of “Bericht physische Athropologie.”
- “special analysis” is a narrower concept of “Bodenanalyse.”
- “special analysis” is a narrower concept of “DNA analysis.”
- “special analysis” is a narrower concept of “animal remains report.”
- “special analysis” is a narrower concept of “archeobotany.”
- “special analysis” is a narrower concept of “ceramic analysis.”
- “special analysis” is a narrower concept of “dating.”
- “special analysis” is a narrower concept of “lithics analysis.”
- “special analysis” is a narrower concept of “metallurgy.”
- “special analysis” is a narrower concept of “mineralogy.”
- “special analysis” is a narrower concept of “stable isotope analysis.”"
https://vocabs.acdh.oeaw.ac.at/defcthesaurus/special_feature/3.070,Source,Class,spezielle befunde,"In this digital humanities/archaeological context, “spezielle Befunde” refers to special archaeological features—such as architecture or installations—that were discovered outside of a building.","- Siedlung has narrower concept spezielle Befunde.
- architecture is a broader concept of spezielle Befunde.
- installation is a broader concept of spezielle Befunde.
- place is a broader concept of spezielle Befunde.
- ritual is a broader concept of spezielle Befunde.
- storage is a broader concept of spezielle Befunde.
- spezielle Befunde has broader concept Siedlung.
- spezielle Befunde has narrower concepts: architecture, installation, place, ritual, storage."
https://vocabs.acdh.oeaw.ac.at/defcthesaurus/spindle_whorl/5.56,Source,Class,spinnwirtel,Spinnwirtel: A circular object with a central hole used as a spindle whorl—acting as a flywheel on a spindle to maintain rotational momentum—providing archaeological evidence of thread spinning.,"- “Spinnwirtel” is a broader concept’s narrower term of “textile equipment.”
- “Textile equipment” has the narrower concept “Spinnwirtel.”"
https://vocabs.acdh.oeaw.ac.at/defcthesaurus/splinter/4.21,Source,Class,splinter,"In this context, a splinter is a chipped stone artifact produced by the bipolar percussion technique, used for splitting wood into two pieces; also known as a pièce esquillée.","- retouched tool has narrower concept splinter.
- splinter has broader concept retouched tool."
https://vocabs.acdh.oeaw.ac.at/defcthesaurus/spondylus_shell/4.4,Source,Class,spondylus shell,"In digital humanities contexts, “spondylus shell” refers to the shell of molluscs from the genus Spondylus (family Spondylidae), often noted in archaeological and historical sources as a culturally significant, trade-valued material (e.g., used as ornament, currency, or ritual object).","- “shell” has the narrower concept “spondylus shell”.
- “spondylus shell” has the broader concept “shell”."
https://vocabs.acdh.oeaw.ac.at/defcthesaurus/spongy/4.244,Source,Class,spongy,"In this context, spongy describes a ceramic fabric that is porous and lightweight, with many voids. The coarse clay contains inclusions (e.g., limestone, plant matter) that burn out or explode during firing, leaving pitted surfaces and a sponge-like texture.","- “Oberflächenbehandlung” has narrower concept “spongy”.
- “spongy” has broader concept “Oberflächenbehandlung”."
https://vocabs.acdh.oeaw.ac.at/defcthesaurus/spoon/4.48,Source,Class,l ffel,"Löffel means “spoon” (an implement with a small, shallow oval or round bowl on a long handle, used for eating, stirring, and serving food).","- “Löffel” ist ein Oberbegriff-untergeordnetes Konzept von “Werkzeug”. (Löffel ist spezifischer als Werkzeug.)
- “Werkzeug” hat den engeren Begriff “Löffel”. (Löffel ist ein Unterbegriff von Werkzeug.)"
https://vocabs.acdh.oeaw.ac.at/defcthesaurus/spout/4.88,Source,Class,ausguss,"In the context of digital humanities and material culture, “Ausguss” (German) means a spout—i.e., a projecting tube or lip on a vessel through which liquid can be poured.","- Keramikdetail has narrower concept Ausguss.
- V-förmiger Ausguss has broader concept Ausguss.
- bridge spout has broader concept Ausguss.
- Ausguss has broader concept Keramikdetail.
- Ausguss has narrower concept V-förmiger Ausguss.
- Ausguss has narrower concept bridge spout."
https://vocabs.acdh.oeaw.ac.at/defcthesaurus/square/5.30,Source,Class,square,"In digital humanities, a square is an open, paved area within a city’s street network, traditionally used for open markets or large public gatherings.","- “place” has a narrower concept “square”.
- “square” has a broader concept “place”."
https://vocabs.acdh.oeaw.ac.at/defcthesaurus/stable_isotope_analysis/2.061,Source,Class,stable isotope analysis,"In digital humanities, stable isotope analysis refers to using data from scientific studies of non-radioactive isotopes (e.g., carbon, nitrogen, oxygen, strontium) to inform humanities questions—often about past human life. Scholars integrate isotope datasets and metadata to:

- Infer diet and agriculture (C/N ratios in bone collagen)
- Track mobility and migration (Sr/O isotopes indicating geological origins)
- Reconstruct climate and environment (O/H isotopes in sediments, ice, parchments)
- Authenticate and provenance materials (parchment, pigments, paper, textiles)

Digital methods include curating isotope databases, linking isotopic signatures to GIS, integrating with archaeological/archival records, and applying computational analysis/visualization to interpret cultural-historical patterns.","- Blei (Pb) is a broader concept of stable isotope analysis.  
- Kohlenstoff (C) is a broader concept of stable isotope analysis.  
- Sauerstoff (O) is a broader concept of stable isotope analysis.  
- Stickstoff (N) is a broader concept of stable isotope analysis.  
- Strontium (Sr) is a broader concept of stable isotope analysis.  
- special analysis has the narrower concept stable isotope analysis.  
- stable isotope analysis is a broader concept of special analysis.  
- stable isotope analysis has the narrower concepts Blei (Pb), Kohlenstoff (C), Sauerstoff (O), Stickstoff (N), and Strontium (Sr)."
https://vocabs.acdh.oeaw.ac.at/defcthesaurus/stairway/5.17,Source,Class,stairway,"In the context of digital humanities, “stairway” refers to a set of steps or stairs leading to an upper storey.","- architecture has narrower concept stairway.
- stairway has broader concept architecture."
https://vocabs.acdh.oeaw.ac.at/defcthesaurus/stand/4.169,Source,Class,stand,"In this context, a stand is a ceramic support or collar placed under a round- or pointed-bottom vessel to stabilize it and keep it upright.","- “pottery form” has the more specific concept “stand”.
- “stand” has the broader concept “pottery form”."
https://vocabs.acdh.oeaw.ac.at/defcthesaurus/stele/5.31,Source,Class,stele,"In digital humanities, a stele is an upright, freestanding monument, often inscribed, used for funerary or commemorative purposes.","- “ritual” has narrower concept “stele”.
- “stele” has broader concept “ritual”."
https://vocabs.acdh.oeaw.ac.at/defcthesaurus/stone/2.1,Source,Class,stein,"In this digital humanities context, “Stein” means stone: hard, solid, non-metallic mineral material of which rock is made, especially used as a building material; also referring to different kinds of stone used to produce small finds and lithics, and stone extracted from a quarry site. (Refs: 4.025; 4.072; 6.11)","- Basalt is a broader concept of Stein.
- Glimmerschiefer is a broader concept of Stein.
- Grünstein is a broader concept of Stein.
- Kalkstein is a broader concept of Stein.
- Kieselschiefer is a broader concept of Stein.
- Rohmaterial is a narrower concept of Stein.
- Sandstein is a broader concept of Stein.
- agate is a broader concept of Stein.
- andesit is a broader concept of Stein.
- building material is a narrower concept of Stein.
- chalcedony is a broader concept of Stein.
- finds material is a narrower concept of Stein.
- granite is a broader concept of Stein.
- jasper is a broader concept of Stein.
- marble is a broader concept of Stein.
- obsidian is a broader concept of Stein.
- ophiolite is a broader concept of Stein.
- porphyry is a broader concept of Stein.
- quartz is a broader concept of Stein.
- quartzite is a broader concept of Stein.
- raw material is a narrower concept of Stein.
- slate is a broader concept of Stein.
- Stein is a broader concept of Rohmaterial.
- Stein is a broader concept of building material.
- Stein is a broader concept of finds material.
- Stein is a broader concept of raw material.
- Stein is a narrower concept of Basalt.
- Stein is a narrower concept of Glimmerschiefer.
- Stein is a narrower concept of Grünstein.
- Stein is a narrower concept of Kalkstein.
- Stein is a narrower concept of Kieselschiefer.
- Stein is a narrower concept of Sandstein.
- Stein is a narrower concept of agate.
- Stein is a narrower concept of andesit.
- Stein is a narrower concept of chalcedony.
- Stein is a narrower concept of granite.
- Stein is a narrower concept of jasper.
- Stein is a narrower concept of marble.
- Stein is a narrower concept of obsidian.
- Stein is a narrower concept of ophiolite.
- Stein is a narrower concept of porphyry.
- Stein is a narrower concept of quartz.
- Stein is a narrower concept of quartzite.
- Stein is a narrower concept of slate."
https://vocabs.acdh.oeaw.ac.at/defcthesaurus/stone_figurine/4.82,Source,Class,steinfigur,"In digital humanities context, Steinfigur means a small carved stone figure depicting a human or animal.","- “Statuette” has the narrower concept “Steinfigur”.
- “Steinfigur” has the broader concept “Statuette”."
https://vocabs.acdh.oeaw.ac.at/defcthesaurus/stone_lining/5.12,Source,Class,stone lining,"In digital humanities, “stone lining” typically refers to the digitally documented or modeled arrangement of stones forming a structural lining—such as the interior facing of a grave, pit, ditch, well, or wall—identified in archaeological data. It denotes a feature type in datasets (e.g., in site records, GIS layers, 3D models) indicating a deliberate stone-built lining that stabilizes or defines the feature’s edges.","- “Bautechnik” has narrower concept “stone lining”.
- “stone lining” has broader concept “Bautechnik”."
https://vocabs.acdh.oeaw.ac.at/defcthesaurus/stone_platform/6.19,Source,Class,stone platform,"In digital humanities, “stone platform” would refer to a raised flat stone surface—characterized by a ridge—serving as a physical feature described, modeled, or annotated in digital records (e.g., in site databases, 3D reconstructions, or GIS), typically representing a constructed or natural stone elevation used for placement, display, or activity.","- A platform has a narrower concept: stone platform.
- A stone platform has a broader concept: platform."
https://vocabs.acdh.oeaw.ac.at/defcthesaurus/stone_row_structure/5.38,Source,Class,stone row structure,"In digital humanities—especially in archaeological data and heritage records—a “stone row structure” refers to a linear arrangement of standing stones (megaliths) intentionally set out in one or more aligned rows. These features are typically prehistoric, vary in length and number of stones, and are recorded as a distinct monument type in databases, GIS layers, and ontologies for analysis, classification, and spatial study.","- architecture has narrower concept stone row structure
- stone row structure has broader concept architecture"
https://vocabs.acdh.oeaw.ac.at/defcthesaurus/stone_setting/5.4,Source,Class,steinsetzung,"Steinsetzung: an arrangement of one or more standing stones placed inside or near a cave or rockshelter, indicating human occupation.","- “Steinsetzung” is a narrower concept of “Nachweis von menschlichen Tätigkeiten.”
- “Steinsetzung” is a narrower concept of “ritual.”
- “Nachweis von menschlichen Tätigkeiten” has the narrower concept “Steinsetzung.”
- “ritual” has the narrower concept “Steinsetzung.”
- “Steinsetzung” is a broader concept of “Nachweis von menschlichen Tätigkeiten.” (inverse given)
- “Steinsetzung” is a broader concept of “ritual.” (inverse given)"
https://vocabs.acdh.oeaw.ac.at/defcthesaurus/stone_socket/5.5,Source,Class,steinsockel,"In digital humanities contexts (e.g., historical building records, inscriptions databases), “Steinsockel” is German for a stone plinth or stone base: the solid stone footing on which a structure, statue, column, or artifact is mounted.","- “Bautechnik” has the narrower concept “Steinsockel.”
- “Steinsockel” has the broader concept “Bautechnik.”"
https://vocabs.acdh.oeaw.ac.at/defcthesaurus/stone_tool_production/2.4,Source,Class,stone tool production,"In digital humanities, “stone tool production” refers to the studied process of making physical stone implements—through techniques like knapping and shaping—that are intended for specific functions. It encompasses documenting, modeling, and analyzing these manufacture sequences (e.g., chaîne opératoire) using digital methods (3D scanning, simulation, databases) to understand how tools were designed to achieve particular goals.","- “Steinwerkzeug” is related to “stone tool production”.
- “production” has the narrower concept “stone tool production”.
- “stone tool production” is a broader concept of “production”.
- “stone tool production” is related to “Steinwerkzeug”."
https://vocabs.acdh.oeaw.ac.at/defcthesaurus/storage/4.080,Source,Class,storage,"In digital humanities, “storage” means the keeping of data or materials for later use. In your example, it refers to an archaeological feature in an open area that functioned as a place to keep goods or resources securely until needed.","- “spezielle Befunde” has narrower concept “storage”.
- “storage building” has broader concept “storage”.
- “storage pit” has broader concept “storage”.
- “storage vessel” has broader concept “storage”.
- “tank” has broader concept “storage”.
- “storage” has broader concept “spezielle Befunde”.
- “storage” has narrower concept “storage building”.
- “storage” has narrower concept “storage pit”.
- “storage” has narrower concept “storage vessel”.
- “storage” has narrower concept “tank”."
https://vocabs.acdh.oeaw.ac.at/defcthesaurus/storage_building/5.7,Source,Class,storage building,"In digital humanities, a “storage building” refers (by analogy to physical archives) to a building used for storing food and other goods—that is, a dedicated facility for holding materials securely and in an organized way. Here, it evokes the idea of repositories that preserve resources (e.g., data, artifacts, texts) much like a warehouse preserves physical goods.","- “storage” has a narrower concept “storage building”.
- “storage building” has a broader concept “storage”."
https://vocabs.acdh.oeaw.ac.at/defcthesaurus/storage_facilities/5.2,Source,Class,lagerungseinrichtungen,"In this context, “Lagerungseinrichtungen” means storage installations—features or equipment used to store food and other goods within a cave or rock shelter, serving as evidence of human occupation.","- Lagerungseinrichtungen ist ein Oberbegriff von Nachweis von menschlichen Tätigkeiten.
- Nachweis von menschlichen Tätigkeiten ist ein Unterbegriff von Lagerungseinrichtungen."
https://vocabs.acdh.oeaw.ac.at/defcthesaurus/storage_pit/5.8,Source,Class,storage pit,"In digital humanities, a “storage pit” refers to an archaeological feature: a pit dug into the ground used to store foodstuffs. It’s a cataloged context type in site records and datasets, indicating subsurface food storage activity.","- storage has narrower concept storage pit.
- storage pit has broader concept storage."
https://vocabs.acdh.oeaw.ac.at/defcthesaurus/storage_systems/2.6,Source,Class,storage systems,"In digital humanities, “storage systems” are the technical infrastructures used to preserve, organize, and provide access to digital research assets—such as digitized texts, images, audio/video, datasets, annotations, and metadata. They include hardware (servers, cloud services), software (repositories, databases, file systems), and policies (formats, backups, preservation workflows) that ensure data integrity, scalability, sustainability, and long-term accessibility for scholarly use.","- storage systems is broader concept of subsistence.
- subsistence has narrower concept storage systems."
https://vocabs.acdh.oeaw.ac.at/defcthesaurus/storage_vessel/5.9,Source,Class,storage vessel,"In a digital humanities context, a storage vessel refers to a container used in past cultures to store food or liquids—such as storage jars, pithoi, and amphorae—often studied through texts, images, and archaeological datasets to understand production, trade, daily life, and material culture.","- “pottery” is related to “storage vessel”.
- “storage” has the narrower concept “storage vessel”.
- “storage vessel” is a broader concept of “storage”.
- “storage vessel” is related to “pottery”."
https://vocabs.acdh.oeaw.ac.at/defcthesaurus/strap_handle/5.78,Source,Class,strap handle,"In digital humanities (archaeological/ceramic context), a strap handle is a handle made from a flat strip of clay that is attached to a pot at two points before firing.","- “Bandhenkel mit Knubbe” is a broader concept of “strap handle”. → “Bandhenkel mit Knubbe” is a type of strap handle.
- “Bandhenkel mit rundem Loch” is a type of strap handle.
- “Miniaturbandhenkel” is a type of strap handle.
- “handle” has a narrower concept “strap handle”. → A strap handle is a type of handle.
- “high strap handle” is a type of strap handle.
- “high strap handle with knob” is a type of strap handle.
- “horned strap handle” is a type of strap handle.
- “rim-attached strap handle” is a type of strap handle.
- ““geflügelte” Bandhenkel” is a type of strap handle.
- “strap handle” is a broader concept of “handle”. → A handle is a broader category than strap handle.
- “strap handle” has the narrower concepts: “Bandhenkel mit Knubbe”, “Bandhenkel mit rundem Loch”, “Miniaturbandhenkel”, “high strap handle”, “high strap handle with knob”, “horned strap handle”, “rim-attached strap handle”, ““geflügelte” Bandhenkel”."
https://vocabs.acdh.oeaw.ac.at/defcthesaurus/strap_handle_with_knob/6.91,Source,Class,bandhenkel mit knubbe,"It means “strap handle with knob.” In this context: a flat, band-like clay handle with a rounded applied knob, attached to the vessel body at two points before firing.","- “Bandhenkel mit Knubbe” is a broader term’s narrower concept of “strap handle.”
- “strap handle” has the narrower concept “Bandhenkel mit Knubbe.”"
https://vocabs.acdh.oeaw.ac.at/defcthesaurus/strap_handle_with_round_hole/6.149,Source,Class,bandhenkel mit rundem loch,"It means “strap handle with a round hole”: a flat, strip-like clay handle, attached to the vessel at two points before firing, incorporating a circular perforation.","- “Bandhenkel mit rundem Loch” is a broader concept of “strap handle.”
- “strap handle” is a narrower concept of “Bandhenkel mit rundem Loch.”"
https://vocabs.acdh.oeaw.ac.at/defcthesaurus/straw/6.8,Source,Class,straw,"In this context, “straw” refers to dried stalks of grain repurposed as a building material. In digital humanities, it might appear in texts or datasets about historical construction, agriculture, or material culture, where “straw” denotes these dried grain stalks used for things like thatching, insulation, or mixed with clay to make daub.","- building material has narrower concept straw.
- straw has broader concept building material."
https://vocabs.acdh.oeaw.ac.at/defcthesaurus/stringhole_lug/6.79,Source,Class,stringhole lug,"In digital humanities/archaeological context, a stringhole lug is an ear-shaped projection on a pot’s wall that was perforated after attachment to take a cord or thong for holding or suspending the vessel. It functions as a cord hole rather than a true handle.","- “lug” has the narrower concept “stringhole lug”.
- “stringhole lug” has the broader concept “lug”."
https://vocabs.acdh.oeaw.ac.at/defcthesaurus/stroke-and_pattern_burnished/5.178,Source,Class,stroke and pattern burnished,"In this digital humanities context on pottery, “stroke-and pattern burnished” refers to a surface finish created by polishing (burnishing) the vessel with a tool like a pebble or bone so the surface is fully smoothed and shiny, while the individual stroke marks of the tool are intentionally left visible, often arranged to form a deliberate network-like pattern.","- “Geglättet” has narrower concept “stroke-and pattern burnished”.
- “stroke-and pattern burnished” has broader concept “Geglättet”."
https://vocabs.acdh.oeaw.ac.at/defcthesaurus/subadult/6.14,Source,Class,subadult,"In digital humanities contexts, “subadult” typically denotes a human who has not yet reached full biological and/or social adulthood—often used in datasets, archival records, or bioarchaeological/forensic annotations to classify individuals (e.g., adolescents/late juveniles) based on age estimates rather than legal status.","- “age group” has narrower concept “subadult”.
- “subadult” has broader concept “age group”."
https://vocabs.acdh.oeaw.ac.at/defcthesaurus/subsistence/1.043,Source,Class,subsistence,"In digital humanities, “subsistence” usually refers to the basic means and conditions necessary for sustaining life—food, shelter, and resources—often studied as cultural, historical, or economic systems of survival. It can also denote the minimum resources required to sustain a project or infrastructure (e.g., the baseline funding, data, and technical support needed for a DH project to persist).","- Fischen is a broader concept of subsistence.
- Sammeln is a broader concept of subsistence.
- Viehzucht is a broader concept of subsistence.
- farming is a broader concept of subsistence.
- hunting is a broader concept of subsistence.
- interpretation is a narrower concept of subsistence.
- storage systems is a broader concept of subsistence.
- subsistence is a broader concept of interpretation.
- subsistence is a narrower concept of Fischen.
- subsistence is a narrower concept of Sammeln.
- subsistence is a narrower concept of Viehzucht.
- subsistence is a narrower concept of farming.
- subsistence is a narrower concept of hunting.
- subsistence is a narrower concept of storage systems."
https://vocabs.acdh.oeaw.ac.at/defcthesaurus/surface/4.3,Source,Class,oberfl chennaher abbau,"In this context, oberflächennaher Abbau means near-surface extraction: mining activities conducted very close to the ground surface, where material is removed from exposed or shallow layers. The identified tool marks on the rock surface are evidence of such near-surface mining.","- “oberflächennaher Abbau” is a broader concept’s child of “quarry type.”
- “quarry type” has the narrower concept “oberflächennaher Abbau.”"
https://vocabs.acdh.oeaw.ac.at/defcthesaurus/t-pillar/6.18,Source,Class,t pfeiler,"T-Pfeiler refers to the characteristic T-shaped megalithic pillars found at Southeast Anatolian Pre-Pottery Neolithic A (PPNA) sites (e.g., Göbekli Tepe). These are large stone monoliths with a horizontal “cap” atop a vertical shaft, often anthropomorphic and sometimes carved with reliefs.","- “T-Pfeiler” is a broader concept’s narrower term of “pillar.”
- “pillar” has the narrower concept “T-Pfeiler.”"
https://vocabs.acdh.oeaw.ac.at/defcthesaurus/tab_handle/5.96,Source,Class,tab handle,"In digital humanities (per the “Flat handle. 5.169” context), a tab handle is a flat, protruding grip element on a digital interface component—typically a draggable tab or control surface—designed to let users grab, move, or reveal content (e.g., sliding panels, timeline scrubbers, or annotation drawers). The “flat handle” indicates a low-profile, planar affordance rather than a raised knob.","- “Doppelter Grifflappen” is a broader concept of “tab handle.”
- “handle” has the narrower concept “tab handle.”
- “tab handle” is a broader concept of “Doppelter Grifflappen” and a narrower concept of “handle.”"
https://vocabs.acdh.oeaw.ac.at/defcthesaurus/table/4.61,Source,Class,tisch,"“Tisch” is the German word for “table.” In your digital humanities context, it could refer to a table as an object or metaphor for a meeting/assembly; your extra information specifies a figurine shaped like a table, so here “Tisch” denotes a table-shaped figurine.","- Statuette has the narrower concept Tisch.
- Tisch has the broader concept Statuette."
https://vocabs.acdh.oeaw.ac.at/defcthesaurus/tablet/4.11,Source,Class,tablet,"In digital humanities, a “tablet” typically means a touchscreen computing device (e.g., iPad, Android tablet) used for:

- Data collection in the field (surveys, images, GIS notes)
- Reading/annotating digitized texts and manuscripts
- Stylus-based transcription or markup (TEI, metadata entry)
- Accessing archives, apps, and visualization tools on the go
- Teaching and public engagement (exhibits, AR experiences)

It can also refer, contextually, to ancient tablets (e.g., clay, wax) as primary sources that are digitized and studied.","- core preparation has narrower concept tablet.
- tablet has broader concept core preparation."
https://vocabs.acdh.oeaw.ac.at/defcthesaurus/tally_stick/4.100,Source,Class,tally stick,"In digital humanities, a tally stick refers to the historical wooden or bone stick used as a memory aid to record numbers, quantities, or messages—an early information recording system that illustrates pre-digital data storage and accounting practices.","- “tally stick” is a narrower concept of “Werkzeug”.
- “token” is related to “tally stick”.
- “tally stick” is a broader concept of “Werkzeug”. [Note: inverse of narrower; original states broader Werkzeuge → tally stick? Given triples: ""tally stick"" skos:broader ""Werkzeug"".]
- “tally stick” is related to “token”."
https://vocabs.acdh.oeaw.ac.at/defcthesaurus/tank/5.12,Source,Class,tank,"In digital humanities, “tank” refers to a container for storing liquid (e.g., a water or fuel tank).","- storage has narrower concept tank.
- tank has broader concept storage."
https://vocabs.acdh.oeaw.ac.at/defcthesaurus/tapered-up_rim/5.157,Source,Class,tapered up rim,"In digital humanities vessel terminology, a tapered-up rim is the upper part of a vessel near the orifice that becomes progressively thinner toward the lip.","- “rim” has narrower concept “tapered-up rim”.
- “tapered-up rim” has broader concept “rim”."
https://vocabs.acdh.oeaw.ac.at/defcthesaurus/tell/4.2,Source,Class,tell,"In digital humanities/archaeology, a ""tell"" is an artificial mound formed by the accumulated debris of successive human settlements.","- “Tell” is a broader concept under “settlment type”.
- “settlment type” has the narrower concept “Tell”."
https://vocabs.acdh.oeaw.ac.at/defcthesaurus/terrace_wall/5.14,Source,Class,terrace wall,"In digital humanities contexts describing landscapes or built environments, a terrace wall is a retaining wall constructed to support a stepped slope (terrace), stabilizing the ground and protecting it from erosion.","- architecture has narrower concept terrace wall
- terrace wall has broader concept architecture"
https://vocabs.acdh.oeaw.ac.at/defcthesaurus/terrazzo_floor/6.15,Source,Class,terrazzo floor,"In this context, a terrazzo floor is a smooth, polished surface made by embedding chips of marble or granite in a concrete (or similar binder) matrix, then finishing it through a complex firing and polishing process.","- “terrazzo floor” is a narrower concept of “floor”.
- “floor” is a broader concept of “terrazzo floor”."
https://vocabs.acdh.oeaw.ac.at/defcthesaurus/test_pit/4.8,Source,Class,sondage,"In this context, a sondage is a systematically positioned test hole (or set of holes) used to sample and assess the character of topsoil and underlying subsurface deposits.","- “Evaluierung” has narrower concept “Sondage”.
- “Sondage” has broader concept “Evaluierung”."
https://vocabs.acdh.oeaw.ac.at/defcthesaurus/textile_equipment/4.028,Source,Class,textile equipment,"In digital humanities, “textile equipment” refers to the tools and machinery used to produce textile materials—such as looms, spinning wheels, spindles, carding devices, and related apparatus—often studied through historical records, metadata, and digitized collections to understand textile production practices and their cultural, economic, and technological contexts.","- Gürtelhaken is related to textile equipment.
- Knopf is related to textile equipment.
- Nadel is a broader concept of textile equipment. [Note: likely “textile equipment” is the broader concept of Nadel.]
- Spinnwirtel is a broader concept of textile equipment. [Note: likely reversed.]
- Textilproduktion is related to textile equipment.
- Webgewicht is a broader concept of textile equipment. [Note: likely reversed.]
- Werkzeug is a narrower concept of textile equipment. [Note: likely reversed.]
- shuttle is a broader concept of textile equipment. [Note: likely reversed.]
- textile equipment is a broader concept of Werkzeug.
- textile equipment has narrower concepts: Nadel, Spinnwirtel, Webgewicht, shuttle.
- textile equipment is related to Gürtelhaken, Knopf, Textilproduktion."
https://vocabs.acdh.oeaw.ac.at/defcthesaurus/textile_production/2.1,Source,Class,textilproduktion,"Textilproduktion means the activity of making cloth or woven fabric—the production of textiles. In digital humanities contexts, it can refer to studying, modeling, or documenting processes and data related to textile making.","- production has narrower concept Textilproduktion.
- textile equipment is related to Textilproduktion.
- Textilproduktion has broader concept production.
- Textilproduktion is related to textile equipment."
https://vocabs.acdh.oeaw.ac.at/defcthesaurus/thermal_structure/5.27,Source,Class,thermal structure,"In digital humanities, “thermal structure” refers to a construction used for heating—such as historical or archaeological installations (e.g., hypocausts, furnaces, bathhouse heating systems)—that produce, manage, or distribute heat within a built environment.","- architecture has narrower concept thermal structure
- thermal structure has broader concept architecture"
https://vocabs.acdh.oeaw.ac.at/defcthesaurus/thickened_rim/5.166,Source,Class,verdickter rand,"In this context, “Verdickter Rand” means “thickened rim”: the upper portion of a vessel near its orifice that has been intentionally thickened.","- “Verdickter Rand” has broader concept “rim”.
- “rim” has narrower concept “Verdickter Rand”."
https://vocabs.acdh.oeaw.ac.at/defcthesaurus/thin_plate/4.104,Source,Class,thin plate,"In this digital humanities context, “thin plate” likely refers to small, unusually slender ceramic dishes—lighter and thinner than standard tableware—whose exact function is unknown. The term highlights their delicate fabric and reduced thickness, suggesting they may have been decorative, ceremonial, or specialized rather than everyday utilitarian.","- “Statuette” has narrower concept “thin plate”.
- “thin plate” has broader concept “Statuette”."
https://vocabs.acdh.oeaw.ac.at/defcthesaurus/timber-frame_construction/5.7,Source,Class,timber frame construction,"Timber-frame construction: A building method using a structural wooden framework, with the spaces between the timbers filled by masonry—such as stone, rubble, or mud brick.","- Bautechnik has the narrower concept timber-frame construction.
- timber-frame construction has the broader concept Bautechnik."
https://vocabs.acdh.oeaw.ac.at/defcthesaurus/timber/6.10,Source,Class,timber,Timber: wood that has been processed and prepared for construction and carpentry uses.,"- building material has narrower concept timber.
- timber has broader concept building material."
https://vocabs.acdh.oeaw.ac.at/defcthesaurus/tip/4.101,Source,Class,spitze,"In a digital humanities context, “Spitze” (German) refers to the “tip/point,” specifically the top and bottom ends of a point or blade.","- “Spitze” is a broader concept of “Werkzeug”.
- “Werkzeug” is a narrower concept of “Spitze”."
https://vocabs.acdh.oeaw.ac.at/defcthesaurus/token/4.105,Source,Class,token,"In this digital humanities context, a token is a small clay artifact—often a cone, sphere, disk, cylinder, or tetrahedron—used in Early Neolithic western Asia as a counter for recording and tracking goods.","- other has narrower concept token.
- tally stick is related to token.
- token has broader concept other.
- token is related to tally stick."
https://vocabs.acdh.oeaw.ac.at/defcthesaurus/tool/3.1,Source,Class,werkzeug,"In the context of digital humanities, “Werkzeug” (German for “tool”) refers to a tool—i.e., a device or implement, especially one held in the hand, used to carry out a particular function—applied to digital research tasks (e.g., text analysis, data visualization, annotation).","- Reibe is a broader concept of Werkzeug.
- Feuerbock is a broader concept of Werkzeug.
- Kegel is a broader concept of Werkzeug.
- Kleinfund has a narrower concept Werkzeug.
- Klinge is a broader concept of Werkzeug.
- Löffel is a broader concept of Werkzeug.
- Pintadera is a broader concept of Werkzeug.
- Polierer is a broader concept of Werkzeug.
- Schaber is a broader concept of Werkzeug.
- Sichel is a broader concept of Werkzeug.
- Siegel is a broader concept of Werkzeug.
- Spatula is a broader concept of Werkzeug.
- Spitze is a broader concept of Werkzeug.
- Spitzhacke is a broader concept of Werkzeug.
- adze is a broader concept of Werkzeug.
- awl is a broader concept of Werkzeug.
- axe is a broader concept of Werkzeug.
- ball is a broader concept of Werkzeug.
- bone tool production is related to Werkzeug.
- chipped disk is a broader concept of Werkzeug.
- chisel is a broader concept of Werkzeug.
- coil is a broader concept of Werkzeug.
- crucible is a broader concept of Werkzeug.
- disc is a broader concept of Werkzeug.
- drill is a broader concept of Werkzeug.
- fishing object is a broader concept of Werkzeug.
- grinding equipment is a broader concept of Werkzeug.
- grinding stone is a broader concept of Werkzeug.
- haft is a broader concept of Werkzeug.
- hammer is a broader concept of Werkzeug.
- hoe is a broader concept of Werkzeug.
- knife is a broader concept of Werkzeug.
- knob is a broader concept of Werkzeug.
- other is a broader concept of Werkzeug.
- shaft straightener is a broader concept of Werkzeug.
- tally stick is a broader concept of Werkzeug.
- textile equipment is a broader concept of Werkzeug.
- unknown is a broader concept of Werkzeug.
- weapon is a broader concept of Werkzeug.
- weight is a broader concept of Werkzeug.
- Werkzeug is a broader concept of Kleinfund.
- Werkzeug has a narrower concept Feuerbock.
- Werkzeug has a narrower concept Kegel.
- Werkzeug has a narrower concept Klinge.
- Werkzeug has a narrower concept Löffel.
- Werkzeug has a narrower concept Pintadera.
- Werkzeug has a narrower concept Polierer.
- Werkzeug has a narrower concept Schaber.
- Werkzeug has a narrower concept Sichel.
- Werkzeug has a narrower concept Siegel.
- Werkzeug has a narrower concept Spatula.
- Werkzeug has a narrower concept Spitze.
- Werkzeug has a narrower concept Spitzhacke.
- Werkzeug has a narrower concept adze.
- Werkzeug has a narrower concept awl.
- Werkzeug has a narrower concept axe.
- Werkzeug has a narrower concept ball.
- Werkzeug has a narrower concept chipped disk.
- Werkzeug has a narrower concept chisel.
- Werkzeug has a narrower concept coil.
- Werkzeug has a narrower concept crucible.
- Werkzeug has a narrower concept disc.
- Werkzeug has a narrower concept drill.
- Werkzeug has a narrower concept fishing object.
- Werkzeug has a narrower concept grinding equipment.
- Werkzeug has a narrower concept grinding stone.
- Werkzeug has a narrower concept haft.
- Werkzeug has a narrower concept hammer.
- Werkzeug has a narrower concept hoe.
- Werkzeug has a narrower concept knife.
- Werkzeug has a narrower concept knob.
- Werkzeug has a narrower concept other.
- Werkzeug has a narrower concept shaft straightener.
- Werkzeug has a narrower concept tally stick.
- Werkzeug has a narrower concept textile equipment.
- Werkzeug has a narrower concept unknown.
- Werkzeug has a narrower concept weapon.
- Werkzeug has a narrower concept weight.
- Werkzeug is related to bone tool production."
https://vocabs.acdh.oeaw.ac.at/defcthesaurus/tooth/3.28,Source,Class,zahn,"In this digital humanities context, “Zahn” is the German word for “tooth” (plural: Zähne), i.e., a small, calcified structure in the jaws used to break down food.","- “Stoßzahn” is broader term: “Zahn”.
- “animal remains part” is narrower term: “Zahn”.
- “organic” is narrower term: “Zahn”.
- “Zahn” is broader term: “animal remains part”; “organic”.
- “Zahn” is narrower term: “Stoßzahn”."
https://vocabs.acdh.oeaw.ac.at/defcthesaurus/topography/1.099,Source,Class,topography,"In digital humanities, topography refers to the description and analysis of a site’s location based on the natural and artificial physical features of an area—such as terrain, waterways, buildings, and infrastructure—often mapped or modeled digitally to study spatial context and relationships.","- Flachland is a broader concept of topography.
- Flussdelta is a broader concept of topography.
- Hang is a broader concept of topography.
- Im Landesinneren is a broader concept of topography.
- Küste is a broader concept of topography.
- Talsohle is a broader concept of topography.
- hill is a broader concept of topography.
- mountain top is a broader concept of topography.
- site is a narrower concept of topography.
- topography is a broader concept of site.
- topography has narrower concepts: Flachland, Flussdelta, Hang, Im Landesinneren, Küste, Talsohle, hill, mountain top."
https://vocabs.acdh.oeaw.ac.at/defcthesaurus/topped/4.035,Source,Class,topped,"In a digital humanities context, “topped” typically means “ranked first” or “was at the highest position” in a list, chart, or metric (e.g., “the project topped the download chart”).","- “Oberflächenbehandlung” has narrower concept “topped”.
- “red topped” has broader concept “topped”.
- “white topped” has broader concept “topped”.
- “topped” has broader concept “Oberflächenbehandlung”.
- “topped” has narrower concepts “red topped” and “white topped”."
https://vocabs.acdh.oeaw.ac.at/defcthesaurus/tortoise/5.29,Source,Class,schildkr te,"In digital humanities, “Schildkröte” (German for “turtle”) commonly refers to the “tortoise”/“turtle” drawing paradigm from Turtle Graphics (Logo), i.e., a cursor/agent that moves and turns to produce vector graphics—often used as a metaphor or tool in procedural drawing, text-to-shape encoding, or pedagogy about algorithmic representation.","- “Schildkröte” is a broader concept: reptile.
- “reptile” has a narrower concept: Schildkröte."
https://vocabs.acdh.oeaw.ac.at/defcthesaurus/trapeze/4.22,Source,Class,trapeze,"In digital humanities (archaeological lithic typology), a trapeze is a geometric microlith with four sides: two nearly parallel lateral sides, the longer one serving as the cutting edge and the shorter opposite edge either backed or unbacked. It is also known as a transverse arrowhead.","- trapeze is a narrower concept of retouched tool.
- retouched tool is a broader concept of trapeze."
https://vocabs.acdh.oeaw.ac.at/defcthesaurus/tray/4.138,Source,Class,tablett,"In digital humanities, Tablett (German) typically refers to a tablet computer—a portable touchscreen device used for tasks like reading digitized texts, annotating manuscripts, data collection in the field, or presenting interactive visualizations. If the context is archival or lab work, note that Tablett can also mean a physical tray, but in DH it usually means a tablet device.",- “Tablett” has broader concept “other”.
https://vocabs.acdh.oeaw.ac.at/defcthesaurus/trial_trench/4.9,Source,Class,suchschnitt,"Suchschnitt: an archaeologically excavated test trench (hand- or machine-dug) used in sampling to evaluate the presence/absence, nature, preservation, age, and extent of buried archaeological features.","- “Evaluierung” has the narrower concept “Suchschnitt”.
- “Suchschnitt” has the broader concept “Evaluierung”."
https://vocabs.acdh.oeaw.ac.at/defcthesaurus/triangular_ring_handle/6.101,Source,Class,dreieckiger ringhenkel,"“Dreieckiger Ringhenkel” means a triangular (pyramid-shaped) handle with a circular ring attached. In a digital humanities context (e.g., object metadata), it describes an artifact’s handle formed as a triangle that carries or integrates a round loop.","- “Ringhenkel” has the more specific concept “dreieckiger Ringhenkel”.
- “dreieckiger Ringhenkel” is a more specific concept of “Ringhenkel”."
https://vocabs.acdh.oeaw.ac.at/defcthesaurus/tripod/4.137,Source,Class,tripod,"In digital humanities, “tripod” can refer metaphorically to a three-legged support structure—by analogy with a vessel standing on three legs—such as a framework built on three core components (e.g., data, tools, and interpretation). More literally, it can also mean a three-legged stand used to support cameras or scanners during digitization.","- pottery form has narrower concept tripod.
- tripod has broader concept pottery form."
https://vocabs.acdh.oeaw.ac.at/defcthesaurus/truncation/4.23,Source,Class,endretusche,"Endretusche (German: “end retouch”) in digital humanities/archaeological lithics: a blade or flake whose broken end has been modified by steep, usually abrupt retouch to shape or rejuvenate the end. In short: a blade with a steep retouch made on a broken end.","- “Endretusche” is a broader concept of “retouched tool.”  
- “retouched tool” has the narrower concept “Endretusche.”"
https://vocabs.acdh.oeaw.ac.at/defcthesaurus/tsangli_house/5.6,Source,Class,tsangli house,"In digital humanities (archaeological/architectural context), a “Tsangli house” is a building type characterized by internal buttresses projecting from the interior walls, named after the site of Tsangli in Thessaly where this form was identified.","- “building type” has narrower concept “tsangli house”.
- “tsangli house” has broader concept “building type”."
https://vocabs.acdh.oeaw.ac.at/defcthesaurus/tubular_lug/6.80,Source,Class,r hren se,"Röhrenöse: a tube-like (tunnel-shaped), non-perforated lug or protrusion applied to a pot’s wall to aid handling.","- “Röhrenöse” is broader term: “lug”.
- “lug” has narrower term: “Röhrenöse”."
https://vocabs.acdh.oeaw.ac.at/defcthesaurus/tulip-shaped_beaker/5.118,Source,Class,tulip shaped beaker,"In digital humanities (e.g., artifact classification), a “tulip-shaped beaker” refers to a handled cup with a bell-like profile—broadly flaring at the rim and narrowing toward the base—resembling a tulip flower.","- A beaker has the narrower concept: tulip-shaped beaker.
- A tulip-shaped beaker has the broader concept: beaker."
https://vocabs.acdh.oeaw.ac.at/defcthesaurus/tumulus/5.6,Source,Class,grabh gel,"Grabhügel: a burial mound—a heap of earth or stones raised over a grave, typically a large, circular tomb. In digital humanities, it denotes this archaeological feature in datasets, texts, or maps.","- “Grabhügel” is a broader concept’s narrower term is “grave type.” → “Grabhügel” is a subtype of “grave type.”
- “grave type” has the narrower term “Grabhügel.” → “Grabhügel” is a narrower concept of “grave type.”"
https://vocabs.acdh.oeaw.ac.at/defcthesaurus/tuna/5.18,Source,Class,thunfisch,"In the context of digital humanities (e.g., text analysis, annotation, or corpus work), “Thunfisch” is the German word for “tuna” (the fish).","- “Thunfisch” is a broader concept of “fish”.  
- “fish” has the narrower concept “Thunfisch”."
https://vocabs.acdh.oeaw.ac.at/defcthesaurus/tusk/5.12,Source,Class,sto zahn,"Stoßzahn: a long, pointed tusk that protrudes from the closed mouth (e.g., of an elephant, walrus, or wild boar).","- “Stoßzahn” is a broader term: “Zahn”.
- “Zahn” has the narrower term: “Stoßzahn”."
https://vocabs.acdh.oeaw.ac.at/defcthesaurus/unburnished/4.135,Source,Class,unburnished,"Unburnished (in digital humanities/archaeological context): A vessel surface that was not polished or smoothed—left with a dull, matte finish.","- “Geglättet” is related to “unburnished”.
- “Oberflächenbehandlung” has narrower concept “unburnished”.
- “unburnished” has broader concept “Oberflächenbehandlung”.
- “unburnished” is related to “Geglättet”."
https://vocabs.acdh.oeaw.ac.at/defcthesaurus/undefined/2.5,Source,Class,undefined,"In this digital humanities context, “undefined” refers to an area where archaeological material is present, but the evidence is non-diagnostic or too sparse to determine the area’s function or type (e.g., settlement, burial, industrial site).","- “area type” has a narrower concept “undefined”.
- “undefined” has a broader concept “area type”."
https://vocabs.acdh.oeaw.ac.at/defcthesaurus/underwater_evaluation/4.10,Source,Class,testgrabung unterwasser,"Testgrabung Unterwasser: a limited program of intrusive underwater fieldwork to determine the presence or absence of archaeological features, structures, deposits, artefacts, or ecofacts within a specified area.","- “Testgrabung Unterwasser” is a narrower concept of “Evaluierung”.
- “Evaluierung” is a broader concept of “Testgrabung Unterwasser”."
https://vocabs.acdh.oeaw.ac.at/defcthesaurus/underwater_survey/4.23,Source,Class,unterwassersurvey,"Unterwassersurvey: nicht-invasive Erfassung und Dokumentation der Lage, Verteilung und Organisation vergangener menschlicher Aktivitäten, die heute unter Wasser liegen; je nach Zielsetzung als extensive oder intensive Prospektion durchgeführt.","- “Unterwassersurvey” is a broader concept of “field survey.”
- “Field survey” has the narrower concept “Unterwassersurvey.”"
https://vocabs.acdh.oeaw.ac.at/defcthesaurus/unidirectional_core/4.12,Source,Class,unidirectional core,"In digital humanities lithic terminology, a unidirectional core is a stone core from which flakes are removed in a single direction, with the main detachment coming from one prepared platform.","- core has narrower concept unidirectional core.
- unidirectional core has broader concept core."
https://vocabs.acdh.oeaw.ac.at/defcthesaurus/unknown/4.9,Source,Class,unknown,"In digital humanities, “unknown” typically denotes metadata or data fields where the value cannot be determined or verified. It is used to:

- Mark missing or indeterminate attributes (e.g., unknown author, date, location).
- Preserve data integrity by distinguishing “unknown” from “not applicable” or “empty.”
- Support reproducibility in datasets and annotations (e.g., TEI, IIIF, or database schemas).

Using controlled values like “unknown” (e.g., codes 4.98; 4.110; 4.111 in a project’s vocabulary) ensures consistent querying, filtering, and later remediation when evidence emerges.","- Schmuck has a narrower concept: unknown.
- Statuette has a narrower concept: unknown.
- Werkzeug has a narrower concept: unknown.
- animal remains part has a narrower concept: unknown.
- unknown has a broader concept: Schmuck.
- unknown has a broader concept: Statuette.
- unknown has a broader concept: Werkzeug.
- unknown has a broader concept: animal remains part."
https://vocabs.acdh.oeaw.ac.at/defcthesaurus/unretouched_tool/3.011,Source,Class,unretouched tool,"In digital humanities (especially digital archaeology), an unretouched tool is a stone artifact that has been used as found or minimally shaped by simple breakage, without deliberate secondary modification (no edge-shaping, flaking, or fine finishing). It shows use but lacks intentional “retouch” to refine its edges or form.","- Klinge is broader than unretouched tool.
- Steinwerkzeug is narrower than unretouched tool.
- Y Klinge is broader than unretouched tool.
- bladelet is broader than unretouched tool.
- flake is broader than unretouched tool.
- microblade is broader than unretouched tool.
- unretouched tool is broader than Steinwerkzeug.
- unretouched tool is narrower than Klinge.
- unretouched tool is narrower than Y Klinge.
- unretouched tool is narrower than bladelet.
- unretouched tool is narrower than flake.
- unretouched tool is narrower than microblade."
https://vocabs.acdh.oeaw.ac.at/defcthesaurus/v-shaped_spout/5.126,Source,Class,v f rmiger ausguss,It means a V-shaped spout: a V-shaped projecting lip or tube on a vessel used to pour liquid.,"- “V-förmiger Ausguss” is a narrower concept of “Ausguss”.
- “Ausguss” is a broader concept of “V-förmiger Ausguss”."
https://vocabs.acdh.oeaw.ac.at/defcthesaurus/valley_bottom/2.5,Source,Class,talsohle,"Talsohle: the valley floor—the lowest, flat part of a long depression (valley), usually containing a river, shaped by erosion or tectonic movements.","- “Talsohle” is broader concept: topography.
- “topography” has narrower concept: Talsohle."
https://vocabs.acdh.oeaw.ac.at/defcthesaurus/vessel/4.94,Source,Class,gef,"In this context, “Gefäß” means a vessel or container, especially one for liquids, typically made of clay.","- “Gefäß” is a narrower concept of “grave type”.
- “Gefäß” is a narrower concept of “other”.
- “Gefäß” is related to “pottery”.
- “grave type” has the narrower concept “Gefäß”.
- “other” has the narrower concept “Gefäß”.
- “pottery” is related to “Gefäß”."
https://vocabs.acdh.oeaw.ac.at/defcthesaurus/vetch/5.33,Source,Class,vetch,"In digital humanities, “vetch” most likely appears as a term in historical texts, botanical records, or agricultural datasets. It refers to plants of the genus Vicia—climbing legumes (e.g., common vetch, Vicia sativa) historically used as forage/green manure. In corpus or metadata work, it can signal themes of agriculture, ecology, or medieval/early modern husbandry.","- Hülsenfrucht has narrower concept vetch.
- Vicia ervilia has broader concept vetch.
- bitter vetch has broader concept vetch.
- vetch has broader concept Hülsenfrucht.
- vetch has narrower concept Vicia ervilia.
- vetch has narrower concept bitter vetch."
https://vocabs.acdh.oeaw.ac.at/defcthesaurus/wall/5.18,Source,Class,wall,"In digital humanities, a wall refers to an enclosing structure made of materials like brick, stone, or wood, laid in courses—typically documented, modeled, or analyzed as a built feature within cultural heritage or architectural datasets.","- Bautechnik has narrower concept wall.
- Architecture has narrower concept wall.
- Plaster wall has broader concept wall.
- Wall has broader concepts Bautechnik and architecture.
- Wall has narrower concept plaster wall."
https://vocabs.acdh.oeaw.ac.at/defcthesaurus/wall_painting/5.37,Source,Class,wall painting,"In digital humanities, “wall painting” typically refers to:

- The subject of study: Murals and frescoes executed directly on architectural surfaces (interior or exterior walls), including their techniques, iconography, patronage, spatial context, and social functions.
- Digital approaches: The documentation, analysis, and dissemination of such works using digital methods—e.g., high‑resolution imaging, 3D scanning, photogrammetry, spectral imaging, GIS mapping of mural locations, database cataloging, computational stylistic analysis, and digital reconstruction/virtual heritage.
- Research outcomes: Digital editions, annotated image datasets, interactive 3D models/virtual tours, and tools that support preservation, comparative studies, and public engagement with mural art.","- architecture has narrower concept wall painting
- wall painting has broader concept architecture"
https://vocabs.acdh.oeaw.ac.at/defcthesaurus/waste_pit/5.20,Source,Class,waste pit,"In digital humanities, a “waste pit” refers to an excavated hole used historically for rubbish disposal—an archaeological feature containing discarded materials that can be analyzed to understand past human activities, habits, and contexts.","- A waste pit is a narrower concept of an installation.
- An installation is a broader concept of a waste pit."
https://vocabs.acdh.oeaw.ac.at/defcthesaurus/water_vole/5.19,Source,Class,schermaus,"In digital humanities, “Schermaus” most commonly refers to Juergen Schermaus (also spelled Schermaus/Schermaus), a scholar associated with textual scholarship and editorial theory in German studies—often cited in discussions of philology, critical editions, and the methodology of preparing digital/critical texts. If you mean a term rather than a person, there isn’t a recognized concept “Schermaus” in DH; it’s likely a reference to the scholar’s work or citations of his editorial principles.","- “Schermaus” is a broader concept’s narrower term of “mammal”.  
- “mammal” has the narrower concept “Schermaus”."
https://vocabs.acdh.oeaw.ac.at/defcthesaurus/wattle_and_daub/6.6,Source,Class,wattle and daub,"Wattle and daub is a traditional building technique where a lattice of interwoven twigs or thin split timbers (wattle) is coated with a mud plaster (daub), often mixed with sand and plant fibers, to form walls.","- “building material” has the narrower concept “wattle and daub”.
- “wattle and daub” has the broader concept “building material”."
https://vocabs.acdh.oeaw.ac.at/defcthesaurus/weapon/4.030,Source,Class,weapon,"In digital humanities, “weapon” is often used metaphorically to describe tools, methods, or data leveraged to exert influence—e.g., algorithms, platforms, or visualizations used to shape narratives, mobilize communities, or conduct “weaponized” disinformation. It can also refer to studying how media/tech become instruments of power, control, or harm in digital cultures.","- Schleudergeschoss is a broader term of weapon.
- Speer is a broader term of weapon.
- Werkzeug has a narrower term weapon.
- axe is related to weapon.
- dagger is a broader term of weapon.
- hammer is related to weapon.
- knife is related to weapon.
- mace head is a broader term of weapon.
- projectile point is a broader term of weapon.
- weapon is a broader term of Werkzeug.
- weapon has narrower terms Schleudergeschoss, Speer, dagger, mace head, projectile point.
- weapon is related to axe, hammer, knife."
https://vocabs.acdh.oeaw.ac.at/defcthesaurus/wedge-shaped_core/4.13,Source,Class,wedge shaped core,"In this digital humanities context, a wedge-shaped core is a unidirectional blade core with a crested back, typically produced by frontal reduction. If reduction occurs all around the platform, the core becomes conical; sustained, regular blade removals can further transform it into a bullet-shaped core.","- core has narrower concept wedge-shaped core.
- wedge-shaped core has broader concept core."
https://vocabs.acdh.oeaw.ac.at/defcthesaurus/weight/4.112,Source,Class,weight,"In digital humanities, “weight” here refers to a standardized stone, clay, or metal object used historically on balances or scales—either to weigh items down or to measure another object’s weight.","- “Werkzeug” has narrower concept “weight”.
- “weight” has broader concept “Werkzeug”."
https://vocabs.acdh.oeaw.ac.at/defcthesaurus/well/5.10,Source,Class,well,"In digital humanities, “well” (per the given extra information) means: a shaft or pit dug in the ground over a supply of spring water.","- “installation” has a narrower concept “well”.
- “well” has a broader concept “installation”."
https://vocabs.acdh.oeaw.ac.at/defcthesaurus/wheat/5.39,Source,Class,weizen,"In digital humanities (especially corpus linguistics and digital text processing), Weizen is a lemma/token meaning “wheat” in German. It may appear in resources like digital lexicons, corpora, or ontologies as the German term for the crop (Triticum), used in semantic tagging, topic modeling, or agricultural/historical text analysis.","- Einkorn is a broader concept of Weizen.
- Emmer is a broader concept of Weizen.
- Getreide has a narrower concept Weizen.
- wild einkorn is a broader concept of Weizen.
- wild emmer is a broader concept of Weizen.
- Weizen is a broader concept of Getreide.
- Weizen has narrower concepts: Einkorn, Emmer, wild einkorn, wild emmer."
https://vocabs.acdh.oeaw.ac.at/defcthesaurus/white/6.275,Source,Class,white,"In this digital humanities context—specifically referencing white-painted pottery decoration—“white” signifies a stylistic and semantic code in material culture analysis:
- Visual/technical: the use of light-colored slip or pigment to create contrast and highlight motifs on ceramics.
- Interpretive: a color choice that can index chronology, workshop/technology, regional style, or symbolic associations (e.g., purity, status, ritual), depending on the culture studied.
- Data/annotation: a categorical feature used in metadata (color = white) for classification, retrieval, and comparative analysis of pottery decorations.","- “monochrome” has the narrower concept “white.”
- “white” has the broader concept “monochrome.”"
https://vocabs.acdh.oeaw.ac.at/defcthesaurus/white_on_black/6.181,Source,Class,white on black,"In digital humanities, “white on black” in this context refers to a descriptive metadata term for visual style: pottery decorated with white pigment painted over a black-slipped or black-ground surface. It denotes the color scheme and technique (white paint on a dark background), aiding classification, search, and analysis of artifacts (e.g., distinguishing white-on-black wares from black-on-white).","- “Musterbemalt” has narrower concept “white on black”.
- “white on black” has broader concept “Musterbemalt”."
https://vocabs.acdh.oeaw.ac.at/defcthesaurus/white_on_red/6.137,Source,Class,wei auf rot,"In this context, “Weiß auf rot” means “white on red,” i.e., pottery decorated with white paint applied over a red ground.","- “Musterbemalt” has the more specific concept “Weiß auf rot.”
- “Weiß auf rot” has the broader concept “Musterbemalt.”"
https://vocabs.acdh.oeaw.ac.at/defcthesaurus/white_on_red_a3α/6.160,Source,Class,white on red a3,"In this context, “white on red (a3α)” refers to a pottery surface treatment where white paint is applied over a red ground (slip or burnished clay). It denotes a decorative technique/category in typological coding: white-painted motifs on a red background.","- “Musterbemalt” has the more specific concept “white on red (a3α)”.
- “white on red (a3α)” is a more generalization of “Musterbemalt”."
https://vocabs.acdh.oeaw.ac.at/defcthesaurus/white_on_red_β3α1/6.161,Source,Class,wei auf rot b3a1,"In this digital humanities context, “Weiß auf rot (B3a1)” refers to a pottery surface treatment: vessels painted with white paint on a red ground (background).","- “Musterbemalt” has narrower concept “Weiß auf rot (B3a1)”.
- “Weiß auf rot (B3a1)” has broader concept “Musterbemalt”."
https://vocabs.acdh.oeaw.ac.at/defcthesaurus/white_topped/5.285,Source,Class,white topped,"In this digital humanities/archaeological context, “white-topped” refers to a ceramic ware whose rim is coated with a white, crusted or slipped surface. Specifically: a ware type typical of Thessaly characterized by a white crusted (often chalky) treatment on the rim, contrasting with the rest of the vessel.","- “topped” has a narrower concept “white topped”.
- “white topped” has a broader concept “topped”."
https://vocabs.acdh.oeaw.ac.at/defcthesaurus/wild_barley/5.18,Source,Class,hordeum vulgare subsp spontaneum,"In a digital humanities context, “Hordeum vulgare subsp. spontaneum” is the scientific (Latin binomial) name for the wild subspecies of barley. It’s the wild progenitor of domesticated barley (Hordeum vulgare), often referenced in historical, archaeological, and textual datasets to distinguish wild vs. cultivated barley in studies of agriculture, diffusion, and cultural history.","- “Getreide” has the narrower concept “Hordeum vulgare subsp. spontaneum”.
- “Hordeum vulgare subsp. spontaneum” has the broader concept “Getreide”."
https://vocabs.acdh.oeaw.ac.at/defcthesaurus/wild_bitter_vetch/6.19,Source,Class,vicia ervilia,"Vicia ervilia is the scientific name for bitter vetch, an Old World legume historically cultivated in the Mediterranean and Near East, primarily as animal fodder. In digital humanities contexts, it often appears in datasets, texts, or ontologies related to ancient agriculture, paleoethnobotany, and historical foodways.","- “Vicia ervilia” is a broader concept’s member of “vetch.”
- “vetch” has the narrower concept “Vicia ervilia.”"
https://vocabs.acdh.oeaw.ac.at/defcthesaurus/wild_board/5.1,Source,Class,wild board,"In digital humanities, “wild board” most likely refers to an unmoderated or open “discussion board” (message board) where contributions are not tightly curated—i.e., a “wild” board. It can describe a forum or thread space with free-form, crowd-sourced postings (annotations, transcriptions, commentary) that haven’t been systematically edited or validated.","- “mammal” has narrower concept “wild board”.
- “wild board” has broader concept “mammal”."
https://vocabs.acdh.oeaw.ac.at/defcthesaurus/wild_cattle/5.38,Source,Class,wildrind,"In digital humanities, Wildrind refers to the medieval German term “wilder rind” (literally “wild cattle/ox”), commonly encountered in Middle High German texts. In DH contexts it typically appears in lexicographic datasets, text corpora, or semantic annotation projects as a lemma denoting wild bovines (e.g., aurochs) and is analyzed for its linguistic, cultural, and ecological meanings within medieval sources.","- Wildrind is a broader concept than mammal.
- Mammal is a narrower concept of Wildrind."
https://vocabs.acdh.oeaw.ac.at/defcthesaurus/wild_chickpea/6.20,Source,Class,wilde kirchererbse,"“Wilde Kirchererbse” is German for “wild chickpea.” In a digital humanities context, it likely refers to the historical/vernacular plant name found in texts (e.g., herbals, catalogs, regional vocabularies), useful for tasks like named-entity recognition, ontology alignment, or mapping folk taxonomy to scientific names (typically Cicer reticulatum, the wild progenitor of the domesticated chickpea, Cicer arietinum).","- “Wilde Kirchererbse” is a broader concept than “pea.”
- “pea” is a narrower concept than “Wilde Kirchererbse.”"
https://vocabs.acdh.oeaw.ac.at/defcthesaurus/wild_einkorn/6.21,Source,Class,wild einkorn,"In digital humanities contexts, “wild einkorn” refers to the wild form of the ancient wheat species Triticum boeoticum (often contrasted with domesticated einkorn, Triticum monococcum). It’s a key archaeobotanical and textual term used to discuss early agriculture, plant domestication, and subsistence in Neolithic and Bronze Age sources and datasets.","- Weizen has the narrower concept wild einkorn.
- Wild einkorn has the broader concept Weizen."
https://vocabs.acdh.oeaw.ac.at/defcthesaurus/wild_emmer/6.22,Source,Class,wild emmer,"In a digital humanities context, “wild emmer” refers to the wild ancestor of domesticated emmer wheat (Triticum turgidum subsp. dicoccum), specifically Triticum turgidum subsp. dicoccoides, a tetraploid wheat native to the Fertile Crescent. It features in texts, datasets, and archaeological records related to early agriculture, plant domestication, and Near Eastern prehistory, often used as a keyword/entity in corpora and ontologies to trace cultivation, trade, and cultural practices.","- Weizen has a narrower concept: wild emmer.
- Wild emmer has a broader concept: Weizen."
https://vocabs.acdh.oeaw.ac.at/defcthesaurus/wild_flax/4.23,Source,Class,wilder flachs,"In a digital humanities context, “Wilder Flachs” refers to “wild flax” (German: wilder = wild; Flachs = flax), typically appearing in historical texts, botanical lists, herbals, or agricultural records. It may denote:
- Non-cultivated species of flax (e.g., Linum perenne or other wild Linum spp.).
- A vernacular label in historical sources that needs normalization/mapping to scientific taxonomy during data curation, text mining, or ontology work.","- ""Getreidesorte"" has narrower concept ""Wilder Flachs"".
- ""Wilder Flachs"" has broader concept ""Getreidesorte""."
https://vocabs.acdh.oeaw.ac.at/defcthesaurus/wild_goat/5.9,Source,Class,wildziege,"In the context of digital humanities (e.g., text annotation, taxonomy, or historical lexicons), “Wildziege” is German for “wild goat” (Capra aegagrus), the wild ancestor of the domestic goat. It may appear in corpora relating to zoological terms, medieval bestiaries, hunting records, or ethnographic texts.","- “Wildziege” is broader term: “mammal”.
- “mammal” is narrower term: “Wildziege”."
https://vocabs.acdh.oeaw.ac.at/defcthesaurus/wild_lentil/5.24,Source,Class,wilde linse,"In digital humanities, “Wilde Linse” (German for “wild lens”) refers to a methodological stance or toolset that deliberately shifts or “wildly” reframes the scholarly gaze—using experimental, non-normative, or exploratory lenses (e.g., speculative modeling, unconventional visualizations, playful algorithms) to surface overlooked patterns, biases, or interpretations in cultural data. It emphasizes openness to serendipity and critique of default/disciplinary optics rather than a fixed technique.","- „Wilde Linse“ ist eine Unterkategorie von „Hülsenfrucht“.
- „Hülsenfrucht“ ist eine Oberkategorie von „Wilde Linse“."
https://vocabs.acdh.oeaw.ac.at/defcthesaurus/wild_pea/6.25,Source,Class,pisum humile,"In digital humanities context, “Pisum humile” refers to a taxonomic (Latin) name encountered in historical texts—an old or alternative scientific name for a pea species. It commonly appears as a synonym or varietal designation within the genus Pisum (peas) in botanical catalogs, herbaria, and historical classification systems.","- “Pisum humile” is a broader concept’s member of “pea.”  
- “pea” has the narrower concept “Pisum humile.”"
https://vocabs.acdh.oeaw.ac.at/defcthesaurus/wild_plum/4.45,Source,Class,wilde pflaume,"In a digital humanities context, “Wilde Pflaume” typically refers to the German term for wild plum—commonly sloe (Prunus spinosa) or related wild Prunus species—appearing in historical texts, lexica, or datasets. It may denote:

- A vernacular plant name in historical sources (e.g., herbals, recipes, place names).
- A taxonomic label requiring normalization/mapping to modern scientific names (often Prunus spinosa or Prunus domestica subsp. insititia).
- A cultural/semantic concept linked to uses (dyeing, medicine, food) in historical corpora.

Disambiguation usually involves context (botanical descriptors, region, period) and authority files (e.g., GBIF, IPNI, Wikidata).","- “Wilde Pflaume” is a broader concept’s narrower term of “fruit.” → “Wilde Pflaume” is a kind of “fruit.”
- “fruit” has the narrower concept “Wilde Pflaume.” → “fruit” includes “Wilde Pflaume” as a narrower term."
https://vocabs.acdh.oeaw.ac.at/defcthesaurus/wild_sheep/5.7,Source,Class,wild sheep,"In digital humanities, “wild sheep” would be interpreted as a term referring to non-domesticated species of the genus Ovis—i.e., naturally occurring, undomesticated sheep populations—within texts, datasets, or cultural records. Analytically, it may serve as:

- A keyword/entity in corpus analysis distinguishing wild fauna from domesticated animals.
- A category in taxonomy/ontology (e.g., Ovis ammon, Ovis orientalis) used for metadata, tagging, or linked data.
- A cultural or symbolic motif (e.g., in folklore, travel writing, hunting narratives) traceable across sources via text mining.

So, meaning: undomesticated sheep species; usage: as a taxonomic and cultural-linguistic marker in DH datasets and analyses.","- “mammal” has narrower concept “wild sheep”.
- “wild sheep” has broader concept “mammal”."
https://vocabs.acdh.oeaw.ac.at/defcthesaurus/wildcat/5.24,Source,Class,felis silvestris,"In digital humanities contexts, “Felis silvestris” typically refers to the scientific (Latin) name for the wildcat species—used as a controlled, standardized label (taxonomy/authority term) for data modeling, metadata, and linked data to ensure consistent identification of the animal across datasets.","- “Felis silvestris” is a broader concept than “mammal.”  
- “Mammal” has the narrower concept “Felis silvestris.”"
https://vocabs.acdh.oeaw.ac.at/defcthesaurus/winged_strap_handle/6.154,Source,Class,gefl gelte bandhenkel,"In this context, “geflügelte Bandhenkel” means a strap handle whose sides are flared or extended like wings—i.e., a band handle with wing-like lateral projections (winged side).","- “strap handle” has narrower concept ““geflügelte” Bandhenkel”.
- ““geflügelte” Bandhenkel” has broader concept “strap handle”."
https://vocabs.acdh.oeaw.ac.at/defcthesaurus/wiped/4.237,Source,Class,wiped,"In digital humanities, a “wiped” surface typically refers to a digital image or scan where text or markings have been deliberately removed or obscured—often by smearing, erasing, or overcleaning—so original inscriptions are faint, lost, or unreadable.","- “Oberflächenbehandlung” has narrower concept “wiped”.
- “scored” is exactly matching “wiped”.
- “wiped” has broader concept “Oberflächenbehandlung”.
- “wiped” is exactly matching “scored”."
https://vocabs.acdh.oeaw.ac.at/defcthesaurus/wire/4.118,Source,Class,draht,"In digital humanities context, “Draht” (German) means “wire”: metal drawn out into a thin, flexible thread or rod.","- “Draht” has broader concept “other”.
- “other” has narrower concept “Draht”."
https://vocabs.acdh.oeaw.ac.at/defcthesaurus/wishbone_handle/5.93,Source,Class,gabelhenkel,"In digital humanities (especially in archaeological/ceramic typology), Gabelhenkel refers to a “forked handle” type: a liminal horizontal loop handle whose profile resembles a bird-bone (split or forked) shape. It denotes a specific handle morphology used for classification and description of artifacts.","- “Gabelhenkel mit Knubbe” is a broader term’s narrower concept of “Gabelhenkel.”
- “Gabelhenkel mit Stabaufsatz” is a broader term’s narrower concept of “Gabelhenkel.”
- “double-horned wishbone handle” is a broader term’s narrower concept of “Gabelhenkel.”
- “handle” has the narrower concept “Gabelhenkel.”
- “Gabelhenkel” is a narrower concept of “handle.”
- “Gabelhenkel” has the narrower concepts “Gabelhenkel mit Knubbe,” “Gabelhenkel mit Stabaufsatz,” and “double-horned wishbone handle.”"
https://vocabs.acdh.oeaw.ac.at/defcthesaurus/wolf/5.26,Source,Class,canis lupus,"In a digital humanities context, “Canis lupus” is the Latin binomial (taxonomic) name for the gray wolf, used in scholarly metadata, ontologies, and controlled vocabularies to ensure precise, language-agnostic reference across datasets.","- “Canis lupus” is a broader concept’s narrower term of “mammal.” → “Canis lupus” is a kind of “mammal.”
- “mammal” has the narrower concept “Canis lupus.” → “mammal” includes “Canis lupus” as a narrower concept."
https://vocabs.acdh.oeaw.ac.at/defcthesaurus/wood/3.32,Source,Class,wood,"In a digital humanities context, “wood” refers to the natural material—porous, fibrous structural tissue from the stems and roots of trees—treated as an object of study in digitized archives, datasets, or computational analyses. Drawing on the provided definition, it is an organic composite of cellulose fibers (strong in tension) within a lignin matrix (resisting compression). Digital humanities might analyze texts, images, or material-culture records about wood’s properties, uses, symbolism, trade, or environmental impact using digital tools.","- “organic” has narrower concept “wood”.
- “wood” has broader concept “organic”."
https://vocabs.acdh.oeaw.ac.at/defcthesaurus/wooden_floor/6.19,Source,Class,wooden floor,"In this context, “wooden floor” means the lower surface of a room, made of wood, on which one may walk.","- ""wooden floor"" is a narrower concept of ""floor"".
- ""floor"" is a broader concept of ""wooden floor""."
https://vocabs.acdh.oeaw.ac.at/defcthesaurus/y_blade/4.5,Source,Class,y klinge,"In digital humanities, “Y Klinge” most likely refers to the scholar Yvonne Klinge, cited as “Y. Klinge” or “Y Klinge” in bibliographies. She has published on topics intersecting literature, computation, and cultural analysis. If you’re seeing “Y Klinge” in a reference list, it’s the author’s name (surname: Klinge; given name initial: Y).","- “Y Klinge” is a broader concept of “unretouched tool.”
- “unretouched tool” is a narrower concept of “Y Klinge.”"
https://vocabs.acdh.oeaw.ac.at/defcthesaurus/zoomorphic_figurine/4.83,Source,Class,zoomorphic figurine,"In digital humanities, a zoomorphic figurine is a small carved or sculpted figure representing an animal, typically made of clay, stone, wood, or metal.","- “Statuette” has narrower concept “zoomorphic figurine”.
- “zoomorphic figurine” has broader concept “Statuette”."
https://vocabs.acdh.oeaw.ac.at/defcthesaurus/zoomorphic_handle_attachment/5.81,Source,Class,zoomorpher griffaufsatz,"“Zoomorpher Griffaufsatz” means a zoomorphic handle attachment—i.e., a handle element shaped like an animal.","- “Zoomorpher Griffaufsatz” is a broader term’s narrower concept of “attachment.”
- “attachment” has the narrower concept “Zoomorpher Griffaufsatz.”"
https://vocabs.acdh.oeaw.ac.at/defcthesaurus/zoomorphic_vessel/4.100,Source,Class,zoomorphes gef,"In digital humanities, Zoomorphes Gefäß means an animal-shaped vessel—i.e., a container whose form represents or imitates an animal.","- “Zoomorphes Gefäß” is a broader concept’s subtype of “pottery form.”
- “pottery form” has the narrower concept “Zoomorphes Gefäß.”"
https://vocabs.acdh.oeaw.ac.at/defcthesaurus/çayönü_tool/4.3,Source,Class,ay n werkzeug,"Çayönü Werkzeug: a distinctive retouched blade type from Upper Mesopotamia in the Pre-Pottery Neolithic, named after the site of Çayönü; characterized by dull edges and unusual retouch, with unknown function.","- “retouched tool” has narrower concept “Çayönü Werkzeug”.
- “Çayönü Werkzeug” has broader concept “retouched tool”."
https://ark.frantiq.fr/ark:/26678/crtYMh03R6mdT,Target,Class,pave profonde,"In digital humanities, “épave profonde” (French: “deep wreck”) is often used metaphorically to denote deeply buried or hard-to-access cultural data—e.g., legacy files, obsolete formats, orphaned databases, or neglected web content—that persist online or in archives but are effectively “sunken” and require specialized recovery, migration, or curation to be usable.","- “épave profonde” has broader concept “حُطام أعماق البحار”.
- “حُطام أعماق البحار” has narrower concept “épave profonde”."
https://ark.frantiq.fr/ark:/26678/crtdVpqD9Y6ym,Target,Class,site immerg,"In digital humanities, a ""site immergé"" is a permanent structure that became submerged under water at a given time due to a rise in water levels, either gradually or following a catastrophic event.","- “archeologische site” has narrower concept “site immergé”.
- “site immergé” has broader concept “archeologische site”.
- “site immergé” is related to “pcrtvtdrjzINR5”."
https://ark.frantiq.fr/ark:/26678/pcrt0Krn6QJlhU,Target,Class,دُلمن,الدُلمن: صرح/نصب جنائزي ميغالِثي من عصور ما قبل التاريخ، يتكوّن من لوح أو عدة ألواح حجرية كبيرة تغطي حجرة جنائزية، وتستند هذه الألواح إلى دعائم حجرية عمودية تشكّل جدران الحجرة.,"- “ganggraf” is a narrower concept of “دُلمن”.
- “mégalithe” has the narrower concept “دُلمن”.
- “دُلمن إيبيري” is a narrower concept of “دُلمن”.
- “دُلمن” is a broader concept of “ganggraf”.
- “دُلمن” is a narrower concept of “mégalithe”.
- “دُلمن” has the narrower concepts “ganggraf” and “دُلمن إيبيري”."
https://ark.frantiq.fr/ark:/26678/pcrt1FD59O4eTz,Target,Class,حلقة من حجارة,"In digital humanities contexts (e.g., archaeological text mining), ""حلقة من حجارة"" typically denotes a ""stone circle"": a circular arrangement of stones, often prehistoric, associated with ritual, burial, or social functions.","- “mégalithe” has the narrower concept “حلقة من حجارة”.
- “حلقة من حجارة” has the broader concept “mégalithe”."
https://ark.frantiq.fr/ark:/26678/pcrt36pke8yWxW,Target,Class,sitio de altura,"In digital humanities, “sitio de altura” typically refers (by analogy from Andean archaeology) to a high-altitude site—i.e., a location situated at significant elevation. In DH contexts, it can be used metaphorically or descriptively when cataloging, mapping, or analyzing cultural/heritage data to denote that a site (settlement, shrine, artifact findspot) is located at high elevation, which can imply specific environmental, cultural, or ritual characteristics in the dataset.","- “archeologische site” has narrower concept “sitio de altura”.
- “sitio de altura” has broader concept “archeologische site”."
https://ark.frantiq.fr/ark:/26678/pcrt3FTqaIdbpb,Target,Class,حافّة صخرية مُحصِّنة,"المقصود بـ""حافّة صخرية مُحصِّنة"" هو نتوء/رأس صخري (إبرون) يفصله عن اليابسة اختناق (إسثمس) تم قطعه بتحصين اصطناعي مثل جدار من حجارة جافة أو palissade (سياج خشبي) أو خندق، ليشكّل موقعاً دفاعياً. يُعد من أقدم أشكال التحصين المعروفة، وتعود أمثلته الأولى إلى العصر الحجري الحديث.","- “archeologische site” has narrower concept “حافّة صخرية مُحصِّنة”.
- “حافّة صخرية مُحصِّنة” has broader concept “archeologische site”."
https://ark.frantiq.fr/ark:/26678/pcrt3S7lIydczN,Target,Class,megalitismo,"In digital humanities, megalitismo refers to the study and interpretation—often using digital methods—of megalithic cultures and monuments (e.g., dolmens, menhirs, stone circles). It involves digitizing, modeling, mapping, and analyzing these prehistoric stone structures and their cultural contexts through tools like GIS, 3D reconstruction, databases, and computational analysis.","- “megalitismo” is a broader concept’s narrower term of “mégalithe.” (i.e., “megalitismo” has broader concept “mégalithe.”)
- “mégalithe” has the narrower concept “megalitismo.”"
https://ark.frantiq.fr/ark:/26678/pcrt5MQsnfNDTD,Target,Class,palafitte,"Palafitte: a stilt-house construction built on piles over or at the edge of a lake or pond, sometimes linked to the shore by a footbridge; a dwelling type widespread in European prehistory—Neolithic and Bronze Age—especially in Switzerland.","- “palafitte” is a broader concept under “محطة ساحلية”.
- “palafitte” is related to “Cit%C3%A9_lacustre”.
- “محطة ساحلية” has the narrower concept “palafitte”."
https://ark.frantiq.fr/ark:/26678/pcrt5ecRHjSZTM,Target,Class,huella de estructura,"In digital humanities, “huella de estructura” (structural footprint) refers to the residual patterns left by the formal organization of a text or dataset—such as layout, markup, segmentation, metadata schemas, or computational encodings—that shape how content is produced, transmitted, and interpreted. It’s the trace of structure (headings, stanza breaks, XML/TEI tags, database fields, network topology, etc.) that influences analysis and meaning beyond the raw words or items themselves.","- “archeologische site” has narrower concept “huella de estructura”.
- “huella de estructura” has broader concept “archeologische site”.
- “huella de estructura” is related to “pcrtDI80hfdfHy”."
https://ark.frantiq.fr/ark:/26678/pcrt66PQUHwXaw,Target,Class,ganggraf,"In digital humanities, “ganggraf” (Icelandic: göngugraf; English: walking graph) refers to a graph-based model that represents sequences of movement or “walks” through a text or network—e.g., paths readers take through a hypertext, traversal sequences in a narrative, or agent paths in a network of entities. It emphasizes ordered paths (walks) rather than just static connections, useful for analyzing navigation, reading flow, or narrative progression.","- “ganggraf” is a broader concept of “دُلمن”.
- “دُلمن” has the narrower concept “ganggraf”."
https://ark.frantiq.fr/ark:/26678/pcrt7UXeYrS8Nb,Target,Class,cromlech,"In digital humanities, “cromlech” refers to a prehistoric megalithic monument—typically a circle of standing stones (stone circle) or, in some regions, a dolmen (table-like tomb). In DH contexts, it often appears in datasets, GIS mappings, 3D reconstructions, and typologies of archaeological sites as a category for classifying and analyzing such stone arrangements.","- “cromlech” is a broader concept than “mégalithe”.
- “mégalithe” has the narrower concept “cromlech”."
https://ark.frantiq.fr/ark:/26678/pcrt7XYoF5la6b,Target,Class,sito di pianura,"In digital humanities (especially archaeological or landscape studies), “sito di pianura” is Italian for “lowland site” or “site in the plains,” i.e., a settlement or archaeological locality situated in flat, low-elevation terrain as opposed to hills or mountains.","- “archeologische site” has narrower concept “sito di pianura”.
- “sito di pianura” has broader concept “archeologische site”."
https://ark.frantiq.fr/ark:/26678/pcrt9PJh9aTXv4,Target,Class,archeologische site,"An “archéologische site” (archaeological site) is a place where material remains of past human activity are preserved. In digital humanities, use a more precise descriptor when possible, and reserve this term for site inventories or for archaeological structures whose function is undefined or multiple.","- “Feuerstelle” is broader term of “archeologische site”.
- “Fossilienfundstelle” is broader term of “archeologische site”.
- “Höhle” is broader term of “archeologische site”.
- “PACTOLS” has top concept “archeologische site”.
- “afvalhoop” is broader term of “archeologische site”.
- “depósito” is broader term of “archeologische site”.
- “enclosure” is broader term of “archeologische site”.
- “fosse de plantation” is broader term of “archeologische site”.
- “funzione dei siti” is broader term of “archeologische site”.
- “huella de estructura” is broader term of “archeologische site”.
- “immondezzaio” is broader term of “archeologische site”.
- “kuil” is broader term of “archeologische site”.
- “mégalithe” is broader term of “archeologische site”.
- “ripostiglio di fonditore” is broader term of “archeologische site”.
- “river site” is broader term of “archeologische site”.
- “rock-shelter” is broader term of “archeologische site”.
- “sanctuaire” is broader term of “archeologische site”.
- “site immergé” is broader term of “archeologische site”.
- “sitio de altura” is broader term of “archeologische site”.
- “sito di estrazione” is broader term of “archeologische site”.
- “sito di pianura” is broader term of “archeologische site”.
- “souterrain” is broader term of “archeologische site”.
- “tell” is broader term of “archeologische site”.
- “حافّة صخرية مُحصِّنة” is broader term of “archeologische site”.
- “حُطام” is broader term of “archeologische site”.
- “عمارة بمواد مبنى قديم” is broader term of “archeologische site”.
- “محطة ساحلية” is broader term of “archeologische site”.
- “معسكر” is broader term of “archeologische site”.
- “archeologische site” has broad match “000019”.
- “archeologische site” has narrower “Feuerstelle”.
- “archeologische site” has narrower “Fossilienfundstelle”.
- “archeologische site” has narrower “Höhle”.
- “archeologische site” has narrower “afvalhoop”.
- “archeologische site” has narrower “depósito”.
- “archeologische site” has narrower “enclosure”.
- “archeologische site” has narrower “fosse de plantation”.
- “archeologische site” has narrower “funzione dei siti”.
- “archeologische site” has narrower “huella de estructura”.
- “archeologische site” has narrower “immondezzaio”.
- “archeologische site” has narrower “kuil”.
- “archeologische site” has narrower “mégalithe”.
- “archeologische site” has narrower “ripostiglio di fonditore”.
- “archeologische site” has narrower “river site”.
- “archeologische site” has narrower “rock-shelter”.
- “archeologische site” has narrower “sanctuaire”.
- “archeologische site” has narrower “site immergé”.
- “archeologische site” has narrower “sitio de altura”.
- “archeologische site” has narrower “sito di estrazione”.
- “archeologische site” has narrower “sito di pianura”.
- “archeologische site” has narrower “souterrain”.
- “archeologische site” has narrower “tell”.
- “archeologische site” has narrower “حافّة صخرية مُحصِّنة”.
- “archeologische site” has narrower “حُطام”.
- “archeologische site” has narrower “عمارة بمواد مبنى قديم”.
- “archeologische site” has narrower “محطة ساحلية”.
- “archeologische site” has narrower “معسكر”.
- “archeologische site” is related to “crt5AOuUmbGVy”.
- “archeologische site” is related to “crtyuEo4S4GyD”.
- “archeologische site” is related to “pcrt795b632nWw”.
- “archeologische site” is related to “pcrtDlzbGxWvTo”.
- “archeologische site” is related to “pcrtUu5zfknZ1x”.
- “archeologische site” is related to “pcrtbptj4SOA1W”.
- “archeologische site” is related to “pcrthT7f96LxBR”.
- “archeologische site” is related to “pcrtjMViY6Mka1”.
- “archeologische site” is related to “pcrtsIm3RuNMGu”.
- “archeologische site” is top concept of “PACTOLS”."
https://ark.frantiq.fr/ark:/26678/pcrt9WXX2cWeOQ,Target,Class,spolia,Spolia: the reuse—especially in the Late Roman Empire—of elements and artworks from earlier Roman monuments as building materials in new constructions.,"- “spolia” has broader concept “عمارة بمواد مبنى قديم”.
- “عمارة بمواد مبنى قديم” has narrower concept “spolia”."
https://ark.frantiq.fr/ark:/26678/pcrt9gfvI45Kcj,Target,Class,enclos circulaire,"In digital humanities (especially GIS-based landscape archaeology), enclos circulaire refers to a circular enclosure—an anthropogenic, roughly circular bounded feature visible in aerial/satellite imagery or lidar. It can denote:

- Archaeological earthworks or ditched/embanked rings (e.g., prehistoric enclosures, burial mounds, ring ditches).
- Later-period circular boundaries (e.g., stock pens, ritual spaces).

Researchers tag and analyze enclos circulaires as spatial features (polygons) to study form, chronology, function, and landscape context.","- “enclos circulaire” is a broader concept’s child of “enclosure”.
- “enclosure” has the narrower concept “enclos circulaire”."
https://ark.frantiq.fr/ark:/26678/pcrtAYfItWHoOV,Target,Class,santuario oracular,"In digital humanities, “santuario oracular” (Spanish/Italian) refers to an oracular sanctuary: a sacred site where a deity was consulted through divination (e.g., Delphi). In DH contexts, it often denotes the study, modeling, or digitization of such sites’ texts, inscriptions, rituals, spatial layouts, and networks of consultation—using tools like GIS, text encoding (TEI), prosopography, and databases to analyze how oracles operated and were used.","- “sanctuaire” has narrower concept “santuario oracular”.
- “santuario oracular” has broader concept “sanctuaire”.
- “santuario oracular” is related to “pcrtJtPMkecByS”."
https://ark.frantiq.fr/ark:/26678/pcrtAqKgmvERHQ,Target,Class,cairn,"Cairn: an artificial mound or heap of stones (often mixed with earth), typically built as a memorial, landmark, or burial marker; essentially a tumulus of stones and earth.","- “cairn” is broader concept: “mégalithe”.
- “mégalithe” has narrower concept: “cairn”."
https://ark.frantiq.fr/ark:/26678/pcrtD19Y1kxWR4,Target,Class,menhir,"In digital humanities, a menhir typically refers to a prehistoric standing stone—an upright, single large stone erected in the Neolithic or Bronze Age—often treated as a cultural-heritage object in datasets, GIS maps, and 3D reconstructions for analysis of ancient landscapes, ritual sites, and monument networks.","- “estatua-menhir” is a broader concept of “menhir”. (menhir has broader estatua-menhir? Careful: Triple says ""estatua-menhir"" skos:broader ""menhir"" → estatua-menhir has broader menhir → So: “estatua-menhir” has broader concept “menhir”.)
- “mégalithe” has a narrower concept “menhir”.
- “menhir” has a broader concept “mégalithe”.
- “menhir” has an exact match “Q193475”.
- “menhir” has a narrower concept “estatua-menhir”."
https://ark.frantiq.fr/ark:/26678/pcrtF9P4mbuyGk,Target,Class,sanctuaire,"Sanctuaire: 
- Édifice consacré à des cérémonies religieuses. 
- Espace sacré contenant l’autel et le temple, parfois délimité par une enceinte. 
Contexte humanités numériques: terme descriptif pour annoter/classifier des lieux de culte et espaces sacrés dans des corpus patrimoniaux.","- “archeologische site” has narrower concept “sanctuaire”.
- “santuario oracular” has broader concept “sanctuaire”.
- “sanctuaire” has broader concept “archeologische site”.
- “sanctuaire” has narrower concept “santuario oracular”.
- “sanctuaire” is related to “pcrtSKvPhI0dHJ”.
- “sanctuaire” is related to “pcrtUjIBD38u8D”.
- “sanctuaire” is related to “pcrtY20DKUZ2AS”.
- “sanctuaire” is related to “pcrtqmRzXydtta”.
- “sanctuaire” is related to “pcrtwXskswbuF3”.
- “sanctuaire” is related to “pcrtybZfQyGGDM”."
https://ark.frantiq.fr/ark:/26678/pcrtGYzRry8HxI,Target,Class,silexabbau,"In digital humanities (especially archaeological DH), Silexabbau refers to the extraction/mining of flint (silex) in prehistory and antiquity—i.e., the study and documentation of flint quarrying sites, production landscapes, and chaînes opératoires using digital methods (GIS, remote sensing, 3D documentation, databases, and computational analysis).","- “Silexabbau” is a broader concept of “sito di estrazione”.
- “sito di estrazione” has the narrower concept “Silexabbau”."
https://ark.frantiq.fr/ark:/26678/pcrtHIT0hSPFsR,Target,Class,ripostiglio di fonditore,"“Ripostiglio di fonditore” (Italian) means a founder’s hoard: a deposit where many bronze objects—often broken, worn, or in fragments—are gathered, typically for melting down and recycling.","- “archeologische site” has narrower concept “ripostiglio di fonditore”.
- “ripostiglio di fonditore” has broader concept “archeologische site”.
- “ripostiglio di fonditore” is related to “crtjc88mqo6rf”.
- “ripostiglio di fonditore” is related to “pcrtL1em6pzVhS”.
- “ripostiglio di fonditore” is related to “pcrtibXdLTUhhT”.
- “ripostiglio di fonditore” is related to “pcrtjzKlry0LZi”.
- “ripostiglio di fonditore” is related to “pcrttw20c2DxV5”."
https://ark.frantiq.fr/ark:/26678/pcrtHIjtOg1P75,Target,Class,حُطام,"حُطام: les débris/épave d’un navire — ce qui reste après un naufrage, avarie, collision, erreur de navigation ou sabordage; the wreck/remains of a vessel no longer functional.","- “archeologische site” has narrower concept “حُطام”.
- “épave portuaire” has broader concept “حُطام”.
- “épave subaquatique” has broader concept “حُطام”.
- “حُطام أعماق البحار” has broader concept “حُطام”.
- “حُطام غارق بحيري” has broader concept “حُطام”.
- “حُطام غارق نهري” has broader concept “حُطام”.
- “حُطام” has broader concept “archeologische site”.
- “حُطام” has narrower concepts “épave portuaire”, “épave subaquatique”, “حُطام أعماق البحار”, “حُطام غارق بحيري”, “حُطام غارق نهري”.
- “حُطام” is related to “pcrt0s7S8TKKTy”, “pcrtgR1ocYEN8V”, “pcrtvtdrjzINR5”."
https://ark.frantiq.fr/ark:/26678/pcrtJUwAaZ7Nz9,Target,Class,feuerstelle,"Feuerstelle (German): a place where a fire is made; hearth or fireplace. In digital humanities contexts (e.g., text encoding, historical records), it denotes a designated fire site—such as a hearth in a dwelling or an outdoor fire pit. (Fr.: “Lieu où l'on fait du feu.”)","- “Feuerstelle” is a broader concept of “archeologische site”.
- “Feuerstelle” is related to “crtsdfcMS2oMr”.
- “Feuerstelle” is related to “pcrtAWMnNe4Z2N”.
- “Feuerstelle” is related to “pcrtR1Q45IUXpY”.
- “Feuerstelle” is related to “pcrtmhUStm5T6Y”.
- “archeologische site” has the narrower concept “Feuerstelle”."
https://ark.frantiq.fr/ark:/26678/pcrtJsptp5o6h6,Target,Class,حُطام غارق بحيري,"It means “lake-wreck debris” or “a shipwreck submerged in a lake.” In a digital humanities context, it would refer to records, narratives, or material culture related to a sunken (submerged) wreck in an inland lake, as opposed to the sea.","- ""حُطام"" has a narrower concept: ""حُطام غارق بحيري"".
- ""حُطام غارق بحيري"" has a broader concept: ""حُطام""."
https://ark.frantiq.fr/ark:/26678/pcrtKRh9yNZI9v,Target,Class,حُطام أعماق البحار,"It means “deep-sea wreckage” or “wrecks of the deep.” In a digital humanities context, it would refer to underwater archaeological remains (shipwrecks, debris, artifacts) studied using digital methods like GIS mapping, 3D reconstruction, or databases.","- “épave profonde” is a broader concept of “حُطام أعماق البحار”.
- “حُطام” has the narrower concept “حُطام أعماق البحار”.
- “حُطام أعماق البحار” is a broader concept of “حُطام” and has the narrower concept “épave profonde”."
https://ark.frantiq.fr/ark:/26678/pcrtKZYwYOkWlK,Target,Class,afvalhoop,"Afvalhoop: a midden—an anthropogenic accumulation of refuse, especially shell heaps from mollusk gathering, forming substantial deposits (e.g., meter-high coastal piles or thick ash-shelly layers in caves/rock shelters).","- “afvalhoop” is a broader concept’s narrower term of “archeologische site”.
- “afvalhoop” has exact match “Amas_coquillier”.
- “archeologische site” has narrower concept “afvalhoop”."
https://ark.frantiq.fr/ark:/26678/pcrtKei7jxhn32,Target,Class,enclosure,"In digital humanities, “enclosure” usually refers to limiting access to knowledge, data, or cultural materials through legal, technical, or institutional barriers—e.g., paywalls, restrictive licenses, DRM, proprietary formats, or closed platforms. It’s discussed in contrast to openness, highlighting how enclosure shapes who can read, reuse, and participate in scholarship and cultural memory.","- “Viereckschanze” is a broader concept of “enclosure”.
- “archeologische site” has a narrower concept “enclosure”.
- “enclos circulaire” is a broader concept of “enclosure”.
- “enclosure” is a broader concept of “archeologische site”.
- “enclosure” has narrower concepts “Viereckschanze” and “enclos circulaire”."
https://ark.frantiq.fr/ark:/26678/pcrtKl3VI9w0s6,Target,Class,fosse de plantation,In digital humanities context (per BN): “fosse de plantation” means a cavity dug in the ground to plant a plant.,"- “archeologische site” has a narrower concept “fosse de plantation”.
- “fosse de plantation” has a broader concept “archeologische site”."
https://ark.frantiq.fr/ark:/26678/pcrtMZpgRPheIJ,Target,Class,مَصْيِدَة مائية,"It means “pêcherie” in French: a delimited, often near-shore water area fitted with structures to facilitate fishing; by extension, the installed fishing structures themselves.","- ""محطة ساحلية"" has narrower concept ""مَصْيِدَة مائية"".
- ""مَصْيِدَة مائية"" has broader concept ""محطة ساحلية""."
https://ark.frantiq.fr/ark:/26678/pcrtNU9yWjKe6U,Target,Class,souterrain,"In digital humanities, “souterrain” typically refers to an underground passage or chamber—subterranean structures (often from prehistoric or medieval contexts) documented, modeled, or analyzed digitally (e.g., in archaeological datasets, 3D reconstructions, or GIS).","- “archeologische site” heeft als enger begrip “souterrain”.
- “souterrain” heeft als ruimer begrip “archeologische site”."
https://ark.frantiq.fr/ark:/26678/pcrtQS6tuoSfSW,Target,Class,talayot,"In digital humanities context: “Talayot” refers to a type of prehistoric megalithic structure from the Balearic Islands (Talayotic culture), specifically a sort of circular tower (sorte de tour circulaire).","- “Talayot” is a broader concept’s narrower term of “mégalithe.” → “Talayot” is a narrower concept of “mégalithe.”
- “mégalithe” has the narrower concept “Talayot.” → “mégalithe” has “Talayot” as a narrower concept."
https://ark.frantiq.fr/ark:/26678/pcrtQY3u48DUrQ,Target,Class,torra,"In Corsican archaeology and digital humanities contexts, “torra” (Corsican: torra; Italian/French: torre/tour) refers to a circular monument or tower—specifically the prehistoric megalithic round towers of Corsica (also called Torréens structures). These are stone-built, circular defensive or communal towers dating to the Bronze Age.","- “Megalithkomplex” has narrower concept “torra”.
- “torra” has broader concept “Megalithkomplex”."
https://ark.frantiq.fr/ark:/26678/pcrtQpKQcDolxc,Target,Class,megalithkomplex,"In digital humanities, “Megalithkomplex” (German: megalith complex) refers to the ensemble of phenomena associated with megalithic monuments—structures built from large stones (e.g., dolmens, passage graves, menhirs)—including their architectural types, spatial distribution, chronology, ritual/functional contexts, material culture, and related social practices. It’s used as an analytical unit for comparative, computational, or GIS-based study of megalithic cultures across regions.","- Mamoa is a broader concept of Megalithkomplex.
- Naveta is a broader concept of Megalithkomplex.
- mégalithe is a narrower concept of Megalithkomplex.
- torra is a broader concept of Megalithkomplex.
- Megalithkomplex is a broader concept of mégalithe.
- Megalithkomplex has narrower concepts Mamoa, Naveta, and torra."
https://ark.frantiq.fr/ark:/26678/pcrtRIPguI6ugI,Target,Class,محطة ساحلية,"In the digital humanities context, “محطة ساحلية” (maḥaṭṭa sāḥiliyya) most directly means “coastal station.” It would typically refer to a geolocated site or node on/near a coastline—e.g., a historical port station, coastal telegraph/radio station, lighthouse station, or observation/monitoring point—used as a data entity in mapping, network analysis, or metadata for coastal infrastructure and maritime activities.","- “archeologische site” has narrower concept “محطة ساحلية”.
- “palafitte” has broader concept “محطة ساحلية”.
- “مساكن تيرامار العائمة” has broader concept “محطة ساحلية”.
- “مَصْيِدَة مائية” has broader concept “محطة ساحلية”.
- “محطة ساحلية” has broader concept “archeologische site”.
- “محطة ساحلية” has narrower concepts “palafitte”, “مساكن تيرامار العائمة”, and “مَصْيِدَة مائية”.
- “محطة ساحلية” is related to “pcrtNS4vm5u8xJ”, “pcrtVemT6o6YVG”, and “pcrti67w8oJ3x7”."
https://ark.frantiq.fr/ark:/26678/pcrtSp0Bn88zX1,Target,Class,ontginningsschacht,"Ontginningsschacht (Dutch) in a digital humanities context refers to a “development shaft” or “initial excavation shaft” in mining history—an early vertical or inclined shaft sunk to begin opening up (ontginnen) an ore deposit. In DH projects (e.g., historical mining maps, gazetteers, or text corpora), it labels features related to the first phase of mine development, distinct from production shafts, ventilation shafts, or later expansions.","- “ontginningsschacht” is a broader concept’s narrower term: it is narrower than “sito di estrazione”.
- “sito di estrazione” is a broader concept of “ontginningsschacht”."
https://ark.frantiq.fr/ark:/26678/pcrtSu7E2Qh0Xv,Target,Class,sito di estrazione,"In digital humanities, “sito di estrazione” typically refers to the website or online source from which data or texts are scraped/harvested (the extraction site).","- “Silexabbau” is a broader term for “sito di estrazione”.
- “archeologische site” is a narrower term for “sito di estrazione”.
- “kleinwinning” is a broader term for “sito di estrazione”.
- “ontginningsschacht” is a broader term for “sito di estrazione”.
- “sito di estrazione” is a broader term for “archeologische site”.
- “sito di estrazione” is a narrower term for “Silexabbau”.
- “sito di estrazione” is a narrower term for “kleinwinning”.
- “sito di estrazione” is a narrower term for “ontginningsschacht”."
https://ark.frantiq.fr/ark:/26678/pcrtUia9QuUpdR,Target,Class,funzione dei siti,"In digital humanities, “funzione dei siti” (Italian) typically refers to the function or role of websites within a project or ecosystem—i.e., what a site is designed to do for users and scholarship. Common functions include:
- Publication: presenting editions, datasets, images, maps.
- Discovery/Access: catalogs, search portals, aggregators.
- Analysis: hosting tools for text mining, visualization, GIS.
- Collaboration: platforms for annotation, crowdsourcing, peer review.
- Preservation: archiving and ensuring long-term accessibility.
- Pedagogy/Outreach: educational modules, exhibitions, public engagement.

So it means identifying the site’s purpose and how it serves research, teaching, dissemination, or preservation goals in a DH context.","- “archeologische site” has narrower concept “funzione dei siti”.
- “funzione dei siti” has broader concept “archeologische site”."
https://ark.frantiq.fr/ark:/26678/pcrtVgXu5JJGUg,Target,Class,grooved polisher,"In digital humanities, a “grooved polisher” typically refers to an archaeological artifact category: a stone or bone tool with one or more longitudinal grooves used to polish, burnish, or finish materials (e.g., bone, antler, wood, leather, or metal). In DH contexts, you’d encounter it as a controlled-vocabulary term or metadata label in digitized collections, ontologies, or databases describing material culture.","- “grooved polisher” is a broader concept’s narrower term of “mégalithe”.
- “grooved polisher” has the broader concept “mégalithe”.
- “grooved polisher” is related to “pcrt67UvEZV5u7”.
- “grooved polisher” is related to “pcrtswvHAQS08J”."
https://ark.frantiq.fr/ark:/26678/pcrtVhTRix41ic,Target,Class,fossilienfundstelle,"In digital humanities context, “Fossilienfundstelle” (German) means a fossil find site—a documented location where fossils have been discovered, typically recorded with metadata (coordinates, stratigraphy, dating, provenance) for research, cataloging, and analysis.","- “Fossilienfundstelle” is a broader concept’s member: it is narrower than “archeologische site.”
- “archeologische site” has the narrower concept “Fossilienfundstelle.”"
https://ark.frantiq.fr/ark:/26678/pcrtVmQTWhdSkJ,Target,Class,masso cuppelare,"“Masso cuppelare” (Italian; also “masso cupellare/cupellato”) refers to a rock surface bearing cup-marks—petroglyphs formed as small, circular depressions pecked into the stone. In digital humanities context, it denotes a documented/annotated artifact type: a cup-marked rock used for cultural analysis, mapping, and heritage datasets.","- “masso cuppelare” is a broader concept’s narrower term of “mégalithe”.
- “masso cuppelare” has an exact match “Q373661”.
- “mégalithe” has a narrower concept “masso cuppelare”."
https://ark.frantiq.fr/ark:/26678/pcrtWouRhFysgx,Target,Class,naveta,"In digital humanities, Naveta refers to a data portal and web application for discovering, exploring, and linking cultural heritage data (e.g., from museums, archives, libraries), often using Linked Open Data principles to interconnect entities like people, places, objects, and events.","- “Megalithkomplex” has narrower concept “Naveta”.
- “Naveta” has broader concept “Megalithkomplex”."
https://ark.frantiq.fr/ark:/26678/pcrtXGgQa70ZVU,Target,Class,معسكر,"Meaning: “temporary occupation of a place; encampment, camp.”  
In digital humanities context: a “camp” (encampment) as a temporary, organized occupation of a site—e.g., a field camp or a temporary settlement.","- “archeologische site” has narrower concept “معسكر”.
- “معسكر” has broader concept “archeologische site”."
https://ark.frantiq.fr/ark:/26678/pcrtXOuO8FKGbe,Target,Class,عمارة بمواد مبنى قديم,"It means: the reuse, in a construction, of elements taken from an older building. (i.e., architectural spolia)","- “archeologische site” has narrower concept “عمارة بمواد مبنى قديم”.
- “spolia” has broader concept “عمارة بمواد مبنى قديم”.
- “عمارة بمواد مبنى قديم” has broader concept “archeologische site”.
- “عمارة بمواد مبنى قديم” has narrower concept “spolia”."
https://ark.frantiq.fr/ark:/26678/pcrta0rAmU2iDR,Target,Class,مساكن تيرامار العائمة,"It means “the floating Terramare dwellings,” i.e., the stilt or pile dwellings (palafittes) of the Terramare, itinerant Bronze Age peoples of northern Italy and southern France.","- ""مساكن تيرامار العائمة"" هو مصطلح أضيق من ""محطة ساحلية"".
- ""محطة ساحلية"" هو مصطلح أوسع من ""مساكن تيرامار العائمة""."
https://ark.frantiq.fr/ark:/26678/pcrtbAYXiGXtZD,Target,Class,pave subaquatique,"In digital humanities (often using French archival or heritage terms), “épave subaquatique” means an underwater wreck—typically a submerged shipwreck or other cultural remains found under water, studied via digitization, mapping, 3D reconstruction, and metadata documentation.","- “épave subaquatique” has a broader concept “حُطام”.
- “حُطام” has a narrower concept “épave subaquatique”."
https://ark.frantiq.fr/ark:/26678/pcrtdreB1dmB38,Target,Class,grotte sous marine,"In a digital humanities context, “grotte sous-marine” refers to an underwater cave—i.e., a natural sea-submerged cavity—often appearing in datasets, metadata, or project descriptions about maritime archaeology, geomorphology, or cultural heritage sites.","- “Höhle” has the narrower concept “grotte sous-marine”.
- “grotte sous-marine” has the broader concept “Höhle”."
https://ark.frantiq.fr/ark:/26678/pcrteJiI6BxaFN,Target,Class,immondezzaio,"Immondezzaio: en archéologie, lieu de dépôt des rebuts — un dépotoir où s’accumulent objets et matériaux jetés (cf. Musée d’Argentomagus).","- “archeologische site” has narrower concept “immondezzaio”.
- “fosa de basural” is related to “immondezzaio”.
- “immondezzaio” has broader concept “archeologische site”.
- “immondezzaio” is related to “fosa de basural”."
https://ark.frantiq.fr/ark:/26678/pcrtfOjLfceAZ0,Target,Class,viereckschanze,"In digital humanities contexts, “Viereckschanze” refers to a type of Iron Age (Late Hallstatt–La Tène) quadrangular enclosed site in Central Europe, especially southern Germany. These are square or rectangular ditched-and-banked enclosures—often with a single entrance—interpreted as sanctuaries, elite farmsteads, or ritual complexes. The term is German: “Viereck” (four-cornered) + “Schanze” (earthwork/entrenchment).","- “Viereckschanze” is a broader concept of “enclosure.”
- “enclosure” has the narrower concept “Viereckschanze.”"
https://ark.frantiq.fr/ark:/26678/pcrtfUWF9GVr4q,Target,Class,grafgrot,"Grafgrot means “grotte funéraire; cave sépulcrale,” i.e., an excavation (natural or artificial), open at ground level, used for the burial of one or more bodies.","- “Höhle” has narrower concept “grafgrot”.
- “grafgrot” has broader concept “Höhle”."
https://ark.frantiq.fr/ark:/26678/pcrtgWbicZTgZe,Target,Class,passage grave,"A passage grave is a very long dolmen: a burial monument with a corridor leading to a chamber that is roughly the same width as the passage. The whole is roofed by multiple horizontal capstones resting on lateral uprights (orthostats), which are set within the tumulus or project inward.","- “passage grave” is a narrower concept of “mégalithe”.
- “mégalithe” is a broader concept of “passage grave”."
https://ark.frantiq.fr/ark:/26678/pcrthcbe2XySTb,Target,Class,ritual pit,"In digital humanities, “ritual pit” typically refers to a feature identified in archaeological data—an intentionally excavated pit used for ceremonial or religious activities (e.g., deposits of offerings, human/animal remains, special artifacts). In datasets, texts, or GIS layers, it denotes a context interpreted as ritual rather than domestic or industrial based on content, placement, and stratigraphy.","- kuil has narrower concept ritual pit.
- ritual pit has broader concept kuil."
https://ark.frantiq.fr/ark:/26678/pcrtiaQHMzQVGS,Target,Class,painted cave,"In digital humanities, “painted cave” typically refers to prehistoric rock art sites—caves whose walls and ceilings bear paintings (e.g., Paleolithic art like Lascaux or Altamira). The term is used when studying, digitizing, annotating, and analyzing such sites’ imagery, techniques, materials, contexts, and cultural significance through digital methods (3D scans, image enhancement, databases, GIS).","- “Höhle” has the narrower concept “painted cave”.
- “Painted cave” has the broader concept “Höhle”."
https://ark.frantiq.fr/ark:/26678/pcrtjMFrjr1utW,Target,Class,m galithe,Mégalithe: monument or architectural structure built with very large stones; in Arabic: عمائر الحجارة الضخمة.,"- “Megalithkomplex” is a broader concept of “mégalithe”.
- “Talayot” is a broader concept of “mégalithe”.
- “archeologische site” is a narrower concept of “mégalithe”.
- “cairn” is a broader concept of “mégalithe”.
- “cromlech” is a broader concept of “mégalithe”.
- “grooved polisher” is a broader concept of “mégalithe”.
- “masso cuppelare” is a broader concept of “mégalithe”.
- “megalitismo” is a broader concept of “mégalithe”.
- “menhir” is a broader concept of “mégalithe”.
- “menhirrijen” is a broader concept of “mégalithe”.
- “passage grave” is a broader concept of “mégalithe”.
- “حلقة من حجارة” is a broader concept of “mégalithe”.
- “دُلمن” is a broader concept of “mégalithe”.
- “نوراغ” is a broader concept of “mégalithe”.
- “mégalithe” is a broader concept of “archeologische site”.
- “mégalithe” has the narrower concepts “Megalithkomplex”, “Talayot”, “cairn”, “cromlech”, “grooved polisher”, “masso cuppelare”, “megalitismo”, “menhir”, “menhirrijen”, “passage grave”, “حلقة من حجارة”, “دُلمن”, “نوراغ”.
- “mégalithe” is related to “crth1OIw56xOI”.
- “mégalithe” is related to “pcrt795b632nWw”.
- “mégalithe” is related to “pcrtSVdwKcS3MI”.
- “mégalithe” is related to “pcrtsIm3RuNMGu”."
https://ark.frantiq.fr/ark:/26678/pcrtkeLpJpVN4t,Target,Class,rock shelter,"A rock-shelter is a shallow, wide-open cavity in a rock face, formed under an overhanging ledge that creates a natural roof, with a rocky or detrital floor and a back wall. A sloping talus often extends in front of the opening, sometimes covered with scree. Such shelters were inhabited by prehistoric humans.","- “rock-shelter” is a narrower concept of “archeologische site”.
- “rock-shelter” has broader concept “archeologische site”.
- “rock-shelter” exactly matches “Abri_sous_roche”.
- “rock-shelter” is related to “pcrtROdsjSPevq”.
- “rock-shelter” is related to “pcrtndtKYYInFs”."
https://ark.frantiq.fr/ark:/26678/pcrtmE7KBD6QPZ,Target,Class,pave portuaire,"In digital humanities, “épave portuaire” (French) typically refers to a port-related “wreck” or “derelict” object documented as a cultural-historical artifact: abandoned or sunken vessels, dockside debris, or maritime remains within a harbor area, studied through digitized archives, maps, 3D scans, and databases to reconstruct port life, trade, and maritime practices.","- “épave portuaire” is a broader concept’s narrower term of “حُطام”.
- “حُطام” has the narrower concept “épave portuaire”."
https://ark.frantiq.fr/ark:/26678/pcrtms2OAv82PY,Target,Class,kuil,"In digital humanities context, “kuil” means a hollow or depression: an excavation or sink in natural ground or an artificial installation, caused either by humans or by natural processes.","- “archeologische site” has narrower concept “kuil”.
- “fosa de basural” has broader concept “kuil”.
- “ritual pit” has broader concept “kuil”.
- “kuil” has broader concept “archeologische site”.
- “kuil” has narrower concepts “fosa de basural” and “ritual pit”.
- “kuil” is related to “pcrtKsjk6BZvmn”."
https://ark.frantiq.fr/ark:/26678/pcrtmyppdDISBL,Target,Class,حُطام غارق نهري,"It means “a submerged river wreck” (i.e., the remains of something—like a boat—sunken in a river). In digital humanities, it might label or tag data about underwater riverine archaeological sites or wreck records.","- ""حُطام"" has narrower concept ""حُطام غارق نهري"".
- ""حُطام غارق نهري"" has broader concept ""حُطام""."
https://ark.frantiq.fr/ark:/26678/pcrtoeb7huexQ8,Target,Class,river site,"In digital humanities, a “river site” usually refers to an archaeological or historical site located along a river whose data (texts, maps, artifacts, landscapes) are studied through digital methods—e.g., GIS mapping of riverine settlements, hydrological reconstructions to interpret trade/migration, or digital editions linking sources to river-based places. It emphasizes river-centered spatial context and networks in digital analysis.","- “archeologische site” has narrower concept “river site”.
- “river site” has broader concept “archeologische site”.
- “river site” is related to “crtqs0Ak1433F”.
- “river site” is related to “pcrt7VzGc5ZUum”.
- “river site” is related to “pcrti67w8oJ3x7”."
https://ark.frantiq.fr/ark:/26678/pcrtp5Wcpmp9I3,Target,Class,fosa de basural,"In digital humanities/archaeology, “fosa de basural” means a refuse pit: an archaeological pit containing discarded objects and materials.","- “immondezzaio” is related to “fosa de basural”.
- “kuil” has narrower concept “fosa de basural”.
- “fosa de basural” has broader concept “kuil”.
- “fosa de basural” is related to “immondezzaio”."
https://ark.frantiq.fr/ark:/26678/pcrtpZHoU1vm9o,Target,Class,دُلمن إيبيري,It means “Iberian dolmen” — a megalithic (stone) burial structure from the Iberian countries. In your MPI context: Structure mégalithique des pays ibériques.,"- ""دُلمن"" has narrower concept ""دُلمن إيبيري"".
- ""دُلمن إيبيري"" has broader concept ""دُلمن""."
https://ark.frantiq.fr/ark:/26678/pcrtpZqoqAbrdg,Target,Class,kleinwinning,"In digital humanities, kleinwinning refers to a small-scale, targeted data collection or extraction effort—gathering limited amounts of relevant material (e.g., texts, metadata, features) from larger corpora or archives to answer a specific research question, often as a pilot or exploratory step before full-scale harvesting.","- “kleinwinning” is a broader concept under “sito di estrazione”.
- “sito di estrazione” has the narrower concept “kleinwinning”."
https://ark.frantiq.fr/ark:/26678/pcrtpbgzj4c0da,Target,Class,menhirrijen,Menhirrijen: rangées de menhirs implantés en lignes parallèles.,"- “menhirrijen” is a broader concept of “mégalithe”.
- “mégalithe” has the narrower concept “menhirrijen”."
https://ark.frantiq.fr/ark:/26678/pcrtrMvNrtSOHs,Target,Class,estatua menhir,"In digital humanities, “estatua-menhir” refers to a type of prehistoric standing stone (menhir) that has been carved to represent a human figure (a statue). These anthropomorphic stelae, common in parts of prehistoric Western Europe (e.g., Iberia, Southern France), often show stylized facial features, clothing, weapons, or ornaments. In DH contexts, the term appears in cataloging, 3D documentation, classification, and analysis of rock art and sculptural heritage.","- “estatua-menhir” has broader concept “menhir”.
- “menhir” has narrower concept “estatua-menhir”."
https://ark.frantiq.fr/ark:/26678/pcrts62Z2hl4ux,Target,Class,dep sito,"In digital humanities, “depósito” typically refers to a repository or deposit of digital materials—i.e., the act or place of depositing research outputs, datasets, texts, images, or metadata into a digital archive or institutional repository for preservation, access, and reuse.","- “archeologische site” has narrower concept “depósito”.
- “depósito” has broader concept “archeologische site”.
- “depósito” is related to “pcrtFo4Z6QHtST”."
https://ark.frantiq.fr/ark:/26678/pcrtwvbHs6SmP8,Target,Class,نوراغ,النوراغ: برج حجري مخروطي الشكل من عصور ما قبل التاريخ، يميّز حضارة النوراغ في جزيرة سردينيا (إيطاليا). يستخدم في الدراسات الإنسانية الرقمية كمعطى أثري/معماري لتحليل أنماط الاستيطان والشبكات الثقافية.,"- “mégalithe” has a narrower concept “نوراغ”.
- “نوراغ” has a broader concept “mégalithe”."
https://ark.frantiq.fr/ark:/26678/pcrtx4sFxmENjb,Target,Class,tell,"In digital humanities/archaeology, a “tell” is an artificial mound formed by the accumulated remains of successive human occupations. Plural: telûl or tulûl (Arabic). Turkish equivalents: tepe, hüyük.","- “archeologische site” has narrower concept “tell”.
- “tell” has broader concept “archeologische site”."
https://ark.frantiq.fr/ark:/26678/pcrtxKnfzXYMxK,Target,Class,h hle,"In German, Höhle means “cave.” In digital humanities, it most often appears:

- As a literal term in texts (e.g., encoded in TEI as a place/feature).
- As a metadata keyword or ontology term for natural features (e.g., in gazetteers).
- In toponyms or proper names (e.g., Höhle der Löwen) requiring normalization/diacritics handling.

If you’re seeing Höhle in a dataset or markup, it likely denotes a cave or cave site.","- archeologische site has narrower concept Höhle.
- grafgrot has broader concept Höhle.
- grotte sous-marine has broader concept Höhle.
- painted cave has broader concept Höhle.
- Höhle has broader concept archeologische site.
- Höhle has narrower concept grafgrot.
- Höhle has narrower concept grotte sous-marine.
- Höhle has narrower concept painted cave."
https://ark.frantiq.fr/ark:/26678/pcrtxdz8S5BdEg,Target,Class,mamoa,"In digital humanities—especially in Portuguese and Galician archaeological datasets—“mamoa” refers to a prehistoric burial mound (tumulus), typically a Neolithic earthen or stone mound covering a megalithic tomb (dolmen). It’s a site type label in heritage records and GIS inventories.","- “Mamoa” is a broader concept’s narrower term of “Megalithkomplex.”  
- “Megalithkomplex” has the narrower concept “Mamoa.”"
