entity,source_or_target,entity_type,syntactic_matching,lexical_matching,semantic_matching
http://www.w3.org/2004/02/skos/core#ConceptScheme,Source,Class,concept scheme,"In digital humanities (and linked data), a ConceptScheme is a structured collection of Concepts—an intentional vocabulary or taxonomy that defines terms and their relationships for a domain. In SKOS (the common standard), a ConceptScheme:

- Groups related concepts (e.g., themes, genres, places, periods)
- Provides metadata (title, creator, scope, version)
- Enables relationships within/between concepts (broader/narrower/related)
- Supports identifiers and multilingual labels

Examples: a controlled vocabulary for literary genres, a historical periodization thesaurus, or a place gazetteer.",Information is not available.
https://vocabs.dariah.eu/tadirah/abstractThinking,Source,Class,abstract thinking,"Abstract thinking, in the context of digital humanities, refers to the cognitive ability to conceptualize and manipulate ideas, patterns, and relationships beyond concrete instances—such as modeling, theorizing, and interpreting symbolic representations across media and data. (Source: Wikidata item Q25501084)","- “Abstract Thinking” is a broader concept of “Teorización.”
- “Teorización” is a narrower concept of “Abstract Thinking.”"
https://vocabs.dariah.eu/tadirah/abstractThinking,Source,Class,abstract thinking,"Abstract thinking (Wikidata: Q25501084) is the capacity to understand, manipulate, and reason with concepts that are not tied to concrete, sensory experiences—such as categories, models, symbols, and relationships. In digital humanities, it underpins activities like modeling cultural data, interpreting patterns across heterogeneous sources, and using computational abstractions (e.g., ontologies, metadata schemas) to represent and analyze humanistic concepts.","- “Abstract Thinking” is broader than “Teorización”.
- “Teorización” is narrower than “Abstract Thinking”."
https://vocabs.dariah.eu/tadirah/academicPublishing,Source,Class,academic publishing,"Academic publishing is the subfield of publishing that disseminates academic research and scholarship—such as articles, monographs, and edited volumes—through channels like journals and academic presses. In digital humanities, it includes digital and computational scholarship distributed via online journals, repositories, and platforms.","- Academic Publishing is a broader concept of Објављивање.
- Објављивање has the narrower concept Academic Publishing."
https://vocabs.dariah.eu/tadirah/academicPublishing,Source,Class,academic publishing,"Academic publishing, in the context of digital humanities, is the subfield of publishing that distributes academic research and scholarship—often leveraging digital platforms, methods, and formats to produce, review, and disseminate humanities research.","- Academic Publishing is a broader concept’s narrower term: it is narrower than Објављивање.
- Објављивање has a narrower concept: Academic Publishing."
https://vocabs.dariah.eu/tadirah/adding,Source,Class,adding,"In digital humanities, “adding” refers to the arithmetic operation of addition: combining two or more numerical values to produce a sum. As an arithmetic operation (Wikidata Q32043), it’s used in tasks like aggregating counts (e.g., word frequencies), summing metadata fields, or combining quantitative measures across datasets.","- “Adding” is a broader concept of “Editing”.
- “Editing” has the narrower concept “Adding”."
https://vocabs.dariah.eu/tadirah/adding,Source,Class,adding,"In digital humanities, “adding” refers to the arithmetic operation of combining quantities to produce a sum (per Wikidata Q32043). Practically, this can mean summing numeric values in datasets (e.g., counts of words, frequencies, occurrences) or aggregating results across records or corpora to support quantitative analysis.","- “Adding” is a broader concept of “Editing”. (Adding skos:broader Editing)
- “Editing” has the narrower concept “Adding”. (Editing skos:narrower Adding)"
https://vocabs.dariah.eu/tadirah/aggregating,Source,Class,aggregating,"In digital humanities, aggregating means the act of collecting together physical or conceptual objects—such as texts, images, datasets, or metadata—into a unified set or resource. (Source: Wikidata Q23007394)","- “Aggregating” is a broader concept than “Recolección.”
- “Recolección” is a narrower concept than “Aggregating.”"
https://vocabs.dariah.eu/tadirah/aggregating,Source,Class,aggregating,"In digital humanities, “aggregating” means the act of collecting together physical or conceptual objects—such as datasets, texts, images, metadata, or annotations—into a unified set or platform for access, analysis, or curation (per Wikidata Q23007394).","- “Aggregating” is a broader concept than “Recolección.”
- “Recolección” has the narrower concept “Aggregating.”"
https://vocabs.dariah.eu/tadirah/analyzing,Source,Class,an lisis,"Análisis, en humanidades digitales, es la actividad de examinar información de colecciones de datos para descubrir fenómenos recurrentes, unidades, elementos, patrones y agrupamientos, ya sea en aspectos estructurales, formales o semánticos de los datos.","- “Analyse spatiale” is a broader concept of “Análisis”.
- “Análise de conteúdo” is a broader concept of “Análisis”.
- “Análisis de redes” is a broader concept of “Análisis”.
- “Stilistische Analyse” is a broader concept of “Análisis”.
- “Structural Analysis” is a broader concept of “Análisis”.
- “TaDiRAH” has top concept “Análisis”.
- “Visualização” is a broader concept of “Análisis”.
- “Релациона анализа” is a broader concept of “Análisis”.
- “Análisis” closely matches “index.php?tema=25”.
- “Análisis” has narrower concept “Analyse spatiale”.
- “Análisis” has narrower concept “Análise de conteúdo”.
- “Análisis” has narrower concept “Análisis de redes”.
- “Análisis” has narrower concept “Stilistische Analyse”.
- “Análisis” has narrower concept “Structural Analysis”.
- “Análisis” has narrower concept “Visualização”.
- “Análisis” has narrower concept “Релациона анализа”.
- “Análisis” is top concept of “TaDiRAH”."
https://vocabs.dariah.eu/tadirah/analyzing,Source,Class,an lisis,"En humanidades digitales, “Análisis” es la actividad de examinar información procedente de colecciones de datos para descubrir fenómenos recurrentes, unidades, elementos, patrones o agrupaciones, ya sea en sus aspectos estructurales, formales o semánticos.","- “Analyse spatiale” is a broader concept’s narrower of “Análisis”. (i.e., “Analyse spatiale” has broader “Análisis”.)
- “Análise de conteúdo” has broader “Análisis”.
- “Análisis de redes” has broader “Análisis”.
- “Stilistische Analyse” has broader “Análisis”.
- “Structural Analysis” has broader “Análisis”.
- “TaDiRAH” has top concept “Análisis”.
- “Visualização” has broader “Análisis”.
- “Релациона анализа” has broader “Análisis”.
- “Análisis” closely matches “index.php?tema=25”.
- “Análisis” has narrower “Analyse spatiale”.
- “Análisis” has narrower “Análise de conteúdo”.
- “Análisis” has narrower “Análisis de redes”.
- “Análisis” has narrower “Stilistische Analyse”.
- “Análisis” has narrower “Structural Analysis”.
- “Análisis” has narrower “Visualização”.
- “Análisis” has narrower “Релациона анализа”.
- “Análisis” is a top concept of “TaDiRAH”."
https://vocabs.dariah.eu/tadirah/annotating,Source,Class,annotazione,"Annotazione (in digital humanities): the activity of making information about a digital object explicit by adding notes, metadata, keywords, tags, or links to its digitized representation or an associated annotation file. This can include:
- Explanatory comments that interpret or contextualize passages
- Structural or linguistic markup
- Linked open data that makes relationships machine-readable
- General metadata describing the object as a whole","- “Associating” is a broader concept of “Annotazione”.
- “Audio Annotation” is a broader concept of “Annotazione”.
- “Contestualizzazione” is a broader concept of “Annotazione”.
- “Encoding” is a broader concept of “Annotazione”.
- “Enriquecimiento” has a narrower concept “Annotazione”.
- “Georeferencing” is a broader concept of “Annotazione”.
- “Highlighting” is a broader concept of “Annotazione”.
- “Linked Open Data” is a broader concept of “Annotazione”.
- “Named Entity Recognition” is a broader concept of “Annotazione”.
- “POS-Tagging” is a broader concept of “Annotazione”.
- “Segmenting” is a broader concept of “Annotazione”.
- “Tagging” is a broader concept of “Annotazione”.
- “Visual Annotation” is a broader concept of “Annotazione”.
- “Annotazione” is a broader concept of “Enriquecimiento”.
- “Annotazione” closely matches “annotating”.
- “Annotazione” has the narrower concepts “Associating”, “Audio Annotation”, “Contestualizzazione”, “Encoding”, “Georeferencing”, “Highlighting”, “Linked Open Data”, “Named Entity Recognition”, “POS-Tagging”, “Segmenting”, “Tagging”, and “Visual Annotation”."
https://vocabs.dariah.eu/tadirah/annotating,Source,Class,annotazione,"In digital humanities, “Annotazione” means the act of making information about a digital object explicit by attaching notes, metadata, keywords, tags, or links to its digital representation or to an associated annotation file. Annotations can:
- Explain or contextualize passages (explanatory notes)
- Encode structural or linguistic features
- Provide linked open data to make relationships machine-readable
- Add general metadata describing the object as a whole","- “Associating” is a broader concept of “Annotazione”.
- “Audio Annotation” is a broader concept of “Annotazione”.
- “Contestualizzazione” is a broader concept of “Annotazione”.
- “Encoding” is a broader concept of “Annotazione”.
- “Enriquecimiento” is a narrower concept of “Annotazione”.
- “Georeferencing” is a broader concept of “Annotazione”.
- “Highlighting” is a broader concept of “Annotazione”.
- “Linked Open Data” is a broader concept of “Annotazione”.
- “Named Entity Recognition” is a broader concept of “Annotazione”.
- “POS-Tagging” is a broader concept of “Annotazione”.
- “Segmenting” is a broader concept of “Annotazione”.
- “Tagging” is a broader concept of “Annotazione”.
- “Visual Annotation” is a broader concept of “Annotazione”.
- “Annotazione” is a broader concept of “Enriquecimiento”.
- “Annotazione” closely matches “annotating”.
- “Annotazione” has the narrower concepts “Associating”, “Audio Annotation”, “Contestualizzazione”, “Encoding”, “Georeferencing”, “Highlighting”, “Linked Open Data”, “Named Entity Recognition”, “POS-Tagging”, “Segmenting”, “Tagging”, and “Visual Annotation”."
https://vocabs.dariah.eu/tadirah/archiving,Source,Class,archivieren,"In digital humanities, “Archivieren” (archiving) means transferring data and related resources to a dedicated space for long-term retention and access. When long-term archiving is intended, it also involves preservation activities (e.g., ensuring format sustainability, metadata/documentation, integrity checks) to keep the data usable over time.","- Cataloging is a broader concept of Archivieren.
- Collecting is a broader concept of Archivieren.
- Conservazione is a narrower concept of Archivieren.
- Data Ingestion is a broader concept of Archivieren.
- Recolección is a narrower concept of Archivieren.
- Scanning is a broader concept of Archivieren.
- Web Scraping is a broader concept of Archivieren.
- Archivieren is a broader concept of Conservazione.
- Archivieren is a broader concept of Recolección.
- Archivieren closely matches archiving.
- Archivieren is a narrower concept of Cataloging.
- Archivieren is a narrower concept of Collecting.
- Archivieren is a narrower concept of Data Ingestion.
- Archivieren is a narrower concept of Scanning.
- Archivieren is a narrower concept of Web Scraping."
https://vocabs.dariah.eu/tadirah/archiving,Source,Class,archivieren,"In digital humanities, “Archivieren” (archiving) means moving data and related resources into a dedicated storage space for retention. When aimed at long-term archiving, it also includes preservation activities to ensure ongoing accessibility, integrity, and usability over time.","- Cataloging is broader than Archivieren.
- Collecting is broader than Archivieren.
- Conservazione is narrower than Archivieren.
- Data Ingestion is broader than Archivieren.
- Recolección is narrower than Archivieren.
- Scanning is broader than Archivieren.
- Web Scraping is broader than Archivieren.
- Archivieren is broader than Conservazione.
- Archivieren is broader than Recolección.
- Archivieren closely matches archiving.
- Archivieren is narrower than Cataloging.
- Archivieren is narrower than Collecting.
- Archivieren is narrower than Data Ingestion.
- Archivieren is narrower than Scanning.
- Archivieren is narrower than Web Scraping."
https://vocabs.dariah.eu/tadirah/associate,Source,Class,associate,"In digital humanities, “Associate” refers to a professional or academic rank/role—often “Research Associate” or “Associate (digital humanities)”—denoting a mid-level position involved in research, project coordination, and scholarly support within DH initiatives. (Per Wikidata item Q2868277.)","- “Associate” has broader concept “Contestualizzazione”.
- “Contestualizzazione” has narrower concept “Associate”."
https://vocabs.dariah.eu/tadirah/associate,Source,Class,associate,"In digital humanities (per Wikidata item Q2868277), “Associate” refers to the job title “Research Associate” (also called “Associate Researcher”): a junior-to-mid-level academic or research staff member who contributes to research projects (often non‑tenure‑track), supporting design, data collection/analysis, and publication within a DH lab, center, or project.","- “Associate” is a broader concept’s narrower term of “Contestualizzazione.”
- “Contestualizzazione” has the narrower concept “Associate.”"
https://vocabs.dariah.eu/tadirah/associating,Source,Class,associating,"In digital humanities, “Associating” refers to linking or relating entities (such as people, places, works, concepts, or data items) so that connections between them are explicit and machine-actionable. According to Wikidata item Q98847960, it denotes the activity of creating associations between items—e.g., connecting a text to its author, a place to an event, or a dataset to its source—facilitating discovery, analysis, and interoperability across digital resources.","- “Annotazione” has narrower concept “Associating”.
- “Associating” has broader concept “Annotazione”."
https://vocabs.dariah.eu/tadirah/associating,Source,Class,associating,"In digital humanities, “Associating” refers to linking or connecting entities (e.g., people, works, places, concepts) through defined relationships in structured data. In the cited Wikidata item Q98847960, it denotes the act of creating an association between items—establishing a semantic connection that supports discovery, analysis, and interoperability across datasets.","- “Annotazione” has narrower concept “Associating”.
- “Associating” has broader concept “Annotazione”."
https://vocabs.dariah.eu/tadirah/audioAnnotation,Source,Class,audio annotation,"Audio annotation, in digital humanities, refers to adding structured descriptive or analytical information to audio recordings—such as labels, time-aligned notes, transcripts, tags, or metadata—so they can be interpreted, searched, and analyzed. According to Wikidata item Q98847703, it denotes the practice of enriching audio with annotations (e.g., segmenting, describing content, speakers, events, or features) to support scholarly analysis and retrieval.","- “Audio Annotation” is a narrower concept of “Annotazione”.
- “Annotazione” is a broader concept of “Audio Annotation”."
https://vocabs.dariah.eu/tadirah/audioAnnotation,Source,Class,audio annotation,"In digital humanities, “Audio Annotation” refers to the practice of adding structured, descriptive, or analytical metadata to audio content—such as tagging segments, transcribing speech, marking speakers, noting events, themes, or features—to enable interpretation, search, analysis, and reuse. (See Wikidata item Q98847703.)","- “Annotazione” has the narrower concept “Audio Annotation”.
- “Audio Annotation” has the broader concept “Annotazione”."
https://vocabs.dariah.eu/tadirah/audioConferencing,Source,Class,audio conferencing,"Audio conferencing is a telecommunication method that enables multiple participants to hold a real-time meeting using voice connections over distance, without requiring video. In digital humanities, it facilitates remote collaboration, seminars, and project coordination among researchers and institutions. (Source: Wikidata, Q58199)","- “Audio Conferencing” is a broader concept of “Communicating”.  
- “Communicating” has the narrower concept “Audio Conferencing”."
https://vocabs.dariah.eu/tadirah/audioConferencing,Source,Class,audio conferencing,"Audio conferencing is a real-time communication method where multiple participants at different locations use audio links (e.g., telephone or internet-based VoIP) to hold a meeting. In digital humanities, it facilitates remote collaboration, discussion, and coordination among researchers, educators, and project teams. (Source: Wikidata Q58199)","- Audio Conferencing is a broader concept under Communicating.
- Communicating has the narrower concept Audio Conferencing."
https://vocabs.dariah.eu/tadirah/audioRecording,Source,Class,audio recording,"In digital humanities, an audio recording is a mechanical or digital record of a series of audio events—captured, stored, and analyzed as data for research, preservation, or interpretation (per Wikidata Q3302947).","- “Audio Recording” is a broader concept of “Aufzeichnen.”
- “Aufzeichnen” has the narrower concept “Audio Recording.”"
https://vocabs.dariah.eu/tadirah/audioRecording,Source,Class,audio recording,"Audio recording: a mechanical or digital record of a series of audio events. (Source: Wikidata Q3302947, accessed Sept. 4, 2020)","- “Audio Recording” is a broader concept’s narrower term of “Aufzeichnen.”
- “Aufzeichnen” has the narrower concept “Audio Recording.”"
https://vocabs.dariah.eu/tadirah/authorshipAttribution,Source,Class,authorship attribution,"In digital humanities, authorship attribution is the theory and method of determining who wrote a work—typically a text—by analyzing and characterizing its stylistic and thematic features, often using computational techniques.","- “Authorship Attribution” is broader conceptually related to “Stilistische Analyse.”  
- “Stilistische Analyse” has the narrower concept “Authorship Attribution.”"
https://vocabs.dariah.eu/tadirah/authorshipAttribution,Source,Class,authorship attribution,"In digital humanities, authorship attribution is the theory and set of computational methods used to determine who wrote a given work by characterizing and comparing its stylistic and thematic features (e.g., vocabulary, syntax, topic patterns) to known writings of candidate authors.","- “Authorship Attribution” is a broader concept of “Stilistische Analyse”.  
- “Stilistische Analyse” has the narrower concept “Authorship Attribution”."
https://vocabs.dariah.eu/tadirah/bitStreamPreservation,Source,Class,bit stream preservation,"Bit stream preservation is the maintenance of the integrity and authenticity of digital files at the bit level over time—ensuring the exact sequence of bits remains unchanged—without altering or interpreting the content. It focuses on storage, fixity checking (e.g., checksums), redundancy, and controlled copying, rather than on format migration or content curation.","- “Bit Stream Preservation” is a broader concept of “Preservação”.  
- “Preservação” has the narrower concept “Bit Stream Preservation”."
https://vocabs.dariah.eu/tadirah/bitStreamPreservation,Source,Class,bit stream preservation,"Bit Stream Preservation is the maintenance of the original sequence of bits that make up a digital object, ensuring its integrity and authenticity over time without altering its content or functionality. It focuses on fixity, storage, and redundancy to keep the exact digital bitstream intact. (Source: Wikidata Q98847577)","- “Bit Stream Preservation” has broader concept “Preservação”.
- “Preservação” has narrower concept “Bit Stream Preservation”."
https://vocabs.dariah.eu/tadirah/blogging,Source,Class,blogging,"In digital humanities, blogging means the action of writing posts and maintaining a weblog to share research, commentary, resources, or project updates—i.e., the ongoing practice of creating and managing a blog. (Source: Wikidata Q21124681)","- “Blogging” is broader concept: “Објављивање”.
- “Објављивање” has narrower concept: “Blogging”."
https://vocabs.dariah.eu/tadirah/blogging,Source,Class,blogging,"In digital humanities, blogging means the action of writing posts or maintaining a weblog to share research, commentary, resources, or project updates—i.e., the practice of creating and sustaining a weblog (Wikidata Q21124681).","- “Blogging” is a broader concept of “Објављивање”.
- “Објављивање” has the narrower concept “Blogging”."
https://vocabs.dariah.eu/tadirah/browsing,Source,Class,browsing,"In digital humanities, browsing means the exploratory use of an information system—navigating content without a fixed query to discover or survey materials. (Source: Wikidata Q516508)","- “Browsing” is a broader concept of “Localización”.
- “Localización” is a narrower concept of “Browsing”."
https://vocabs.dariah.eu/tadirah/browsing,Source,Class,browsing,"In digital humanities, browsing means the exploratory use of an information system—navigating resources without a fixed query to discover or gain an overview of available information. (Source: Wikidata Q516508)","- “Browsing” is a broader concept of “Localización”.  
- “Localización” has the narrower concept “Browsing”."
https://vocabs.dariah.eu/tadirah/capturing,Source,Class,acquisizione,"In digital humanities, “Acquisizione” means the capturing of real-world artifacts into digital form—creating digital surrogates or representations. It includes discovering/learning about materials and can be done manually (e.g., transcription) or automatically (e.g., imaging, data recognition, recording). It also covers aggregating resources, information, and data (gathering).","- “Aufzeichnen” is a broader concept’s narrower of “Acquisizione.”
- “Conversión” is a narrower concept of “Acquisizione.”
- “Extracting” is a narrower concept of “Acquisizione.”
- “Gestione delle Immagini” is a narrower concept of “Acquisizione.”
- “Localización” is a narrower concept of “Acquisizione.”
- “Recolección” is a narrower concept of “Acquisizione.”
- “Riconoscimento dei Dati” is a narrower concept of “Acquisizione.”
- “TaDiRAH” has top concept “Acquisizione.”
- “Transcripción” is a narrower concept of “Acquisizione.”
- “Acquisizione” closely matches “index.php?tema=7.”
- “Acquisizione” has the narrower concepts: “Aufzeichnen,” “Conversión,” “Extracting,” “Gestione delle Immagini,” “Localización,” “Recolección,” “Riconoscimento dei Dati,” and “Transcripción.”
- “Acquisizione” is a top concept of “TaDiRAH.”"
https://vocabs.dariah.eu/tadirah/capturing,Source,Class,acquisizione,"In digital humanities, “Acquisizione” means the capturing of materials into digital form: creating digital surrogates of real‑world objects or expressing existing artifacts as digital data. It includes discovery/learning about materials, and can be done manually (e.g., transcription) or automatically (e.g., imaging, OCR/data recognition, recording). It also covers aggregating resources, information, and data (gathering).","- “Aufzeichnen” is broader term: “Acquisizione”.
- “Conversión” is broader term: “Acquisizione”.
- “Extracting” is broader term: “Acquisizione”.
- “Gestione delle Immagini” is broader term: “Acquisizione”.
- “Localización” is broader term: “Acquisizione”.
- “Recolección” is broader term: “Acquisizione”.
- “Riconoscimento dei Dati” is broader term: “Acquisizione”.
- “TaDiRAH” has top concept “Acquisizione”.
- “Transcripción” is broader term: “Acquisizione”.
- “Acquisizione” closely matches “index.php?tema=7”.
- “Acquisizione” has narrower term “Aufzeichnen”.
- “Acquisizione” has narrower term “Conversión”.
- “Acquisizione” has narrower term “Extracting”.
- “Acquisizione” has narrower term “Gestione delle Immagini”.
- “Acquisizione” has narrower term “Localización”.
- “Acquisizione” has narrower term “Recolección”.
- “Acquisizione” has narrower term “Riconoscimento dei Dati”.
- “Acquisizione” has narrower term “Transcripción”.
- “Acquisizione” is top concept of “TaDiRAH”."
https://vocabs.dariah.eu/tadirah/cataloging,Source,Class,cataloging,"In digital humanities, cataloging is the process of listing information resources for inclusion in a database. This involves creating structured records so resources can be discovered, identified, and accessed. (Wikidata Q3535655)","- “Archivieren” has narrower concept “Cataloging”.
- “Recolección” has narrower concept “Cataloging”.
- “Cataloging” has broader concepts “Archivieren” and “Recolección”."
https://vocabs.dariah.eu/tadirah/cataloging,Source,Class,cataloging,"Cataloging is the process of listing information resources for inclusion in a database, enabling their identification, organization, and retrieval in digital humanities contexts.","- “Archivieren” has narrower concept “Cataloging”.
- “Recolección” has narrower concept “Cataloging”.
- “Cataloging” has broader concepts “Archivieren” and “Recolección”."
https://vocabs.dariah.eu/tadirah/clusterAnalysis,Source,Class,cluster analysis,"In digital humanities, cluster analysis is the task of grouping a set of objects (e.g., texts, authors, artifacts, features) so that items in the same group (cluster) are more similar to each other than to those in other groups. (Source: Wikidata Q622825, accessed July 30, 2020.)","- “Stilistische Analyse” has the narrower concept “Cluster Analysis”.
- “Релациона анализа” has the narrower concept “Cluster Analysis”.
- “Cluster Analysis” has the broader concepts “Stilistische Analyse” and “Релациона анализа”."
https://vocabs.dariah.eu/tadirah/clusterAnalysis,Source,Class,cluster analysis,"In digital humanities, cluster analysis is the task of grouping a set of objects so that items in the same group (cluster) are more similar to each other than to those in other groups—used, for example, to discover patterns in texts, images, or cultural data. (Source: Wikidata Q622825)","- “Cluster Analysis” is a narrower concept of “Stilistische Analyse”.
- “Cluster Analysis” is a narrower concept of “Релациона анализа”.
- “Stilistische Analyse” is a broader concept of “Cluster Analysis”.
- “Релациона анализа” is a broader concept of “Cluster Analysis”."
https://vocabs.dariah.eu/tadirah/coOccurrence,Source,Class,co occurrence,"In digital humanities, co-occurrence is the statistical-linguistic measure of how often at least two terms appear together in a specified order within a text corpus. It is used to indicate semantic proximity or identify idiomatic expressions based on their frequent joint appearance.","- “Co-Occurrence” is a broader concept’s narrower term of “Contestualizzazione.”
- “Contestualizzazione” has the narrower concept “Co-Occurrence.”"
https://vocabs.dariah.eu/tadirah/coOccurrence,Source,Class,co occurrence,"In digital humanities, co-occurrence is a measure of semantic proximity in text corpora: it captures when at least two terms appear together (often in a specific order) with statistically significant frequency, indicating potential idiomatic usage or meaningful association.","- “Co-Occurrence” is a broader concept of “Contestualizzazione”.
- “Contestualizzazione” has the narrower concept “Co-Occurrence”."
https://vocabs.dariah.eu/tadirah/collaborating,Source,Class,kollaboration,"In digital humanities, “Kollaboration” means researchers working together—often across locations and times—on shared research activities. It is supported by digital research environments and tools that enable joint work, communication, and resource sharing.","- “Discussing” is a broader concept of “Kollaboration”.
- “Dissemination” has a narrower concept “Kollaboration”.
- “Organizzazione” is a broader concept of “Kollaboration”.
- “Social Networking” is a broader concept of “Kollaboration”.
- “Kollaboration” is a broader concept of “Dissemination”.
- “Kollaboration” closely matches “collaboration”.
- “Kollaboration” has narrower concepts: “Discussing”, “Organizzazione”, “Social Networking”."
https://vocabs.dariah.eu/tadirah/collaborating,Source,Class,kollaboration,"In digital humanities, Kollaboration means researchers working together—often across locations and times—on shared research activities, enabled by digital tools and environments (e.g., platforms for communication, joint work, and resource sharing).","- “Discussing” is a broader concept than “Kollaboration”.
- “Dissemination” is a narrower concept than “Kollaboration”.
- “Organizzazione” is a broader concept than “Kollaboration”.
- “Social Networking” is a broader concept than “Kollaboration”.
- “Kollaboration” is a broader concept than “Dissemination”.
- “Kollaboration” closely matches “collaboration”.
- “Discussing” is a narrower concept than “Kollaboration”.
- “Organizzazione” is a narrower concept than “Kollaboration”.
- “Social Networking” is a narrower concept than “Kollaboration”."
https://vocabs.dariah.eu/tadirah/collating,Source,Class,collating,"In digital humanities, collating is the process of comparing two or more versions of a text (written or spoken) by aligning them—typically in alphabetical or numerical order—to identify similarities and differences.","- Recolección has narrower concept Collating.
- Релациона анализа has narrower concept Collating.
- Collating has broader concept Recolección.
- Collating has broader concept Релациона анализа."
https://vocabs.dariah.eu/tadirah/collating,Source,Class,collating,"In digital humanities, collating is the process of comparing two or more versions of written or spoken language data by aligning them—typically in alphabetical or numerical order—to identify similarities and differences.","- “Recolección” has narrower concept “Collating”.
- “Релациона анализа” has narrower concept “Collating”.
- “Collating” has broader concept “Recolección”.
- “Collating” has broader concept “Релациона анализа”."
https://vocabs.dariah.eu/tadirah/collecting,Source,Class,collecting,"In digital humanities, “collecting” means purposefully gathering items—such as texts, images, datasets, or artifacts—into a curated set for study, preservation, or analysis (cf. Wikidata Q208165).","- “Archivieren” is narrower than “Collecting”.
- “Recolección” is narrower than “Collecting”.
- “Collecting” is broader than “Archivieren”.
- “Collecting” is broader than “Recolección”."
https://vocabs.dariah.eu/tadirah/collecting,Source,Class,collecting,"In digital humanities, collecting means purposefully gathering items—such as digital texts, images, datasets, or artifacts—for preservation, study, and curation, aligning with the notion of intentional accumulation of items (Wikidata Q208165).","- “Archivieren” is a narrower concept of “Collecting”.
- “Recolección” is a narrower concept of “Collecting”.
- “Collecting” is a broader concept of “Archivieren” and “Recolección”."
https://vocabs.dariah.eu/tadirah/collocationAnalysis,Source,Class,collocation analysis,"In digital humanities, Collocation Analysis is the computational study of recurrent co-occurrences of two or more words within a defined span in texts, used to reveal meaningful associations, patterns, and contextual relationships in language.","- Collocation Analysis is a broader concept’s subordinate of Structural Analysis.
- Structural Analysis has the narrower concept Collocation Analysis."
https://vocabs.dariah.eu/tadirah/collocationAnalysis,Source,Class,collocation analysis,"In digital humanities, collocation analysis is the study of statistically significant, recurrent co-occurrences of two or more words within a defined span of text, used to reveal patterns of association, meaning, and discourse structure in corpora.","- “Collocation Analysis” is a broader concept’s narrower term of “Structural Analysis.”
- “Structural Analysis” has the narrower concept “Collocation Analysis.”"
https://vocabs.dariah.eu/tadirah/commenting,Source,Class,Стављање коментара,"“Стављање коментара” means adding comments to a digital object or data. In digital humanities, it refers to attaching separate annotations that provide opinions, context, or facilitate communication and collaboration about the item being commented on.","- “Contestualizzazione” is a broader concept of “Стављање коментара”.
- “Dissemination” has a narrower concept “Стављање коментара”.
- “Expressing Opinion” is a broader concept of “Стављање коментара”.
- “Стављање коментара” is a broader concept of “Dissemination”.
- “Стављање коментара” closely matches “commenting”.
- “Стављање коментара” has narrower concepts “Contestualizzazione” and “Expressing Opinion”."
https://vocabs.dariah.eu/tadirah/commenting,Source,Class,Стављање коментара,"“Стављање коментара” means adding comments—i.e., attaching annotations or notes to a piece of data while keeping the original data separate. In digital humanities, this involves appending opinions, context, or discussion to texts, images, or other digital objects to interpret them, provide metadata, or collaborate with others.","- “Contestualizzazione” is a broader concept of “Стављање коментара”.
- “Dissemination” has a narrower concept “Стављање коментара”.
- “Expressing Opinion” is a broader concept of “Стављање коментара”.
- “Стављање коментара” is a broader concept of “Dissemination”.
- “Стављање коментара” closely matches “commenting”.
- “Стављање коментара” has narrower concepts “Contestualizzazione” and “Expressing Opinion”."
https://vocabs.dariah.eu/tadirah/communicating,Source,Class,communicating,"In digital humanities, communicating means the activity of exchanging ideas with others—primarily, but not exclusively, through linguistic means (e.g., writing, speech)—to share, interpret, and discuss humanistic knowledge using digital contexts and tools.","- Audio Conferencing is a broader concept of Communicating.
- Dissemination has narrower concept Communicating.
- E-mailing is a broader concept of Communicating.
- Instant Messaging is a broader concept of Communicating.
- Microblogging is a broader concept of Communicating.
- Text Messaging is a broader concept of Communicating.
- Video Conference is a broader concept of Communicating.
- Communicating is a broader concept of Dissemination.
- Communicating has close match communicating.
- Communicating has narrower concepts Audio Conferencing, E-mailing, Instant Messaging, Microblogging, Text Messaging, and Video Conference."
https://vocabs.dariah.eu/tadirah/communicating,Source,Class,communicating,"In digital humanities, communicating means the activity of exchanging ideas with others—primarily, but not exclusively, through linguistic means—about humanities content, methods, or findings. This can include writing, speaking, visual or multimodal expression, and digital platforms that facilitate dialogue and knowledge sharing.","- Audio Conferencing is a broader concept of Communicating.
- Dissemination has a narrower concept Communicating.
- E-mailing is a broader concept of Communicating.
- Instant Messaging is a broader concept of Communicating.
- Microblogging is a broader concept of Communicating.
- Text Messaging is a broader concept of Communicating.
- Video Conference is a broader concept of Communicating.
- Communicating is a broader concept of Dissemination; has a close match communicating; has narrower concepts Audio Conferencing, E-mailing, Instant Messaging, Microblogging, Text Messaging, and Video Conference."
https://vocabs.dariah.eu/tadirah/comparing,Source,Class,comparing,"In digital humanities, “comparing” refers to analyzing two or more cultural, textual, or data artifacts side by side to identify similarities, differences, and relationships—often using computational methods (e.g., aligning texts, contrasting metadata, or measuring stylistic features) to generate interpretive insights. (See Wikidata item Q98845331.)","- “Comparing” is a broader concept of “Релациона анализа”.
- “Релациона анализа” has the narrower concept “Comparing”."
https://vocabs.dariah.eu/tadirah/comparing,Source,Class,comparing,"In digital humanities, “Comparing” (Wikidata item Q98845331) refers to the analytical method of examining two or more texts, datasets, artifacts, or cultural objects side-by-side to identify similarities, differences, and patterns—often using computational tools (e.g., text alignment, statistical measures, or visualizations) to support interpretation.","- “Comparing” is a broader concept than “Релациона анализа”.
- “Релациона анализа” is a narrower concept of “Comparing”."
https://vocabs.dariah.eu/tadirah/compiling,Source,Class,compiling,"Compiling is the process of translating code written in a higher-level programming language into a lower-level form (such as machine code or bytecode) so it can be executed by a computer. In digital humanities, this enables DH tools, scripts, or software written in languages like C, Java, or others to run efficiently on machines. (Source: Wikidata Q56248166)","- “Compiling” is a broader concept than “Conversión”.
- “Conversión” has the narrower concept “Compiling”."
https://vocabs.dariah.eu/tadirah/compiling,Source,Class,compiling,"Compiling is the process of translating code written in a higher-level programming language into a lower-level form (such as machine code or bytecode) so it can be executed by a computer. In digital humanities, this enables tools and software—e.g., text analysis programs or data processing pipelines—to run efficiently after being written in human-readable languages. (Source: Wikidata Q56248166)","- “Compiling” is broader concept of “Conversión”.  
- “Conversión” has narrower concept “Compiling”."
https://vocabs.dariah.eu/tadirah/conceptualizing,Source,Class,conceptualizing,"In digital humanities, conceptualizing is the simplification, specification, and formalization of an abstract idea, principle, or part of the world in mind, speech, text, or images. It is a design activity aimed at developing a shared understanding of projects, topics, objects, and elements and their relationships to one another.","- “Conceptualizing” is a broader concept than “Teorización.”  
- “Teorización” has the narrower concept “Conceptualizing.”"
https://vocabs.dariah.eu/tadirah/conceptualizing,Source,Class,conceptualizing,"In digital humanities, conceptualizing is the simplification, specification, and formalization of an abstract idea, principle, or part of the world in mind, speech, text, or images. It is a design activity that develops a shared understanding of a project’s topics, objects, and elements and how they relate to one another.","- “Conceptualizing” is a broader concept than “Teorización.”
- “Teorización” is a narrower concept than “Conceptualizing.”"
https://vocabs.dariah.eu/tadirah/concordance,Source,Class,concordance,"In digital humanities, a concordance is a list of the words or terms in a published text, typically with their locations and contexts (e.g., occurrences by page, chapter, or line), enabling systematic analysis of language usage.","- Concordance is a broader concept under Structural Analysis.
- Structural Analysis has the narrower concept Concordance."
https://vocabs.dariah.eu/tadirah/concordance,Source,Class,concordance,"In digital humanities, a concordance is a list of words or terms found in a text (e.g., a published book), typically with their locations and context, used for analysis and reference.","- Concordance is a broader concept under Structural Analysis.
- Structural Analysis has the narrower concept Concordance."
https://vocabs.dariah.eu/tadirah/contentAnalysis,Source,Class,an lise de conte do,"In digital humanities, “Análise de conteúdo” (content analysis) is a systematic method for examining cultural objects (texts, images, audio, video, artifacts) by identifying and coding meaningful units—such as concepts, themes, categories, or patterns—to interpret their meaning and quantify their presence or relationships. It combines qualitative interpretation with replicable procedures (often aided by computational tools) to study what is said, how it is said, and with what significance.","- “Análisis” has narrower concept “Análise de conteúdo”.
- “Discourse Analysis” is a broader concept of “Análise de conteúdo”.
- “Identificazione” is a broader concept of “Análise de conteúdo”.
- “Information Retrieval” is a broader concept of “Análise de conteúdo”.
- “Machine Learning” is a broader concept of “Análise de conteúdo”.
- “Named Entity Recognition” is a broader concept of “Análise de conteúdo”.
- “Sentiment Analysis” is a broader concept of “Análise de conteúdo”.
- “Tagging” is a broader concept of “Análise de conteúdo”.
- “Topic Modeling” is a broader concept of “Análise de conteúdo”.
- “Análise de conteúdo” is a broader concept of “Análisis”.
- “Análise de conteúdo” has a close match “content-analysis”.
- “Análise de conteúdo” has narrower concepts “Discourse Analysis”, “Identificazione”, “Information Retrieval”, “Machine Learning”, “Named Entity Recognition”, “Sentiment Analysis”, “Tagging”, and “Topic Modeling”."
https://vocabs.dariah.eu/tadirah/contentAnalysis,Source,Class,an lise de conte do,"In digital humanities, “Análise de conteúdo” (content analysis) is a systematic method for studying the meaning of cultural or textual objects by identifying and coding concepts or meaningful units (e.g., themes, categories, entities, sentiments) within them, to interpret patterns, relationships, and trends—often combining qualitative coding with quantitative measures.","- “Análisis” has narrower concept “Análise de conteúdo”.
- “Discourse Analysis” is a broader concept of “Análise de conteúdo”.
- “Identificazione” is a broader concept of “Análise de conteúdo”.
- “Information Retrieval” is a broader concept of “Análise de conteúdo”.
- “Machine Learning” is a broader concept of “Análise de conteúdo”.
- “Named Entity Recognition” is a broader concept of “Análise de conteúdo”.
- “Sentiment Analysis” is a broader concept of “Análise de conteúdo”.
- “Tagging” is a broader concept of “Análise de conteúdo”.
- “Topic Modeling” is a broader concept of “Análise de conteúdo”.
- “Análise de conteúdo” is a broader concept of “Análisis”.
- “Análise de conteúdo” closely matches “content-analysis”.
- “Análise de conteúdo” has narrower concepts “Discourse Analysis”, “Identificazione”, “Information Retrieval”, “Machine Learning”, “Named Entity Recognition”, “Sentiment Analysis”, “Tagging”, and “Topic Modeling”."
https://vocabs.dariah.eu/tadirah/contextualizing,Source,Class,contestualizzazione,"In digital humanities, “contestualizzazione” (contextualizing) means creating associations between the object of investigation and other, better-understood objects that are geographically, temporally, or thematically proximate, in order to ascribe meaning to the object.","- “Annotazione” is a narrower concept of “Contestualizzazione”.
- “Associate” is a broader concept of “Contestualizzazione”.
- “Co-Occurrence” is a broader concept of “Contestualizzazione”.
- “Integrating” is a broader concept of “Contestualizzazione”.
- “Interpretazione” is a narrower concept of “Contestualizzazione”.
- “Mapping” is a broader concept of “Contestualizzazione”.
- “Semantification” is a broader concept of “Contestualizzazione”.
- “Стављање коментара” is a narrower concept of “Contestualizzazione”.
- “Contestualizzazione” is a broader concept of “Annotazione”.
- “Contestualizzazione” is a broader concept of “Interpretazione”.
- “Contestualizzazione” is a broader concept of “Стављање коментара”.
- “Contestualizzazione” has a close match “contextualizing”.
- “Contestualizzazione” is a narrower concept of “Associate”.
- “Contestualizzazione” is a narrower concept of “Co-Occurrence”.
- “Contestualizzazione” is a narrower concept of “Integrating”.
- “Contestualizzazione” is a narrower concept of “Mapping”.
- “Contestualizzazione” is a narrower concept of “Semantification”."
https://vocabs.dariah.eu/tadirah/contextualizing,Source,Class,contestualizzazione,"In digital humanities, “contestualizzazione” (contextualization) means linking the object of study to other better-known objects through geographic, temporal, or thematic proximity, in order to ascribe meaning to it. It is the practice of creating associations that situate the object within relevant contexts so it can be better understood.","- “Annotazione” is a narrower concept of “Contestualizzazione”.
- “Associate” is a broader concept of “Contestualizzazione”.
- “Co-Occurrence” is a broader concept of “Contestualizzazione”.
- “Integrating” is a broader concept of “Contestualizzazione”.
- “Interpretazione” is a narrower concept of “Contestualizzazione”.
- “Mapping” is a broader concept of “Contestualizzazione”.
- “Semantification” is a broader concept of “Contestualizzazione”.
- “Стављање коментара” is a narrower concept of “Contestualizzazione”.
- “Contestualizzazione” is a broader concept of “Annotazione”.
- “Contestualizzazione” is a broader concept of “Interpretazione”.
- “Contestualizzazione” is a broader concept of “Стављање коментара”.
- “Contestualizzazione” closely matches “contextualizing”.
- “Contestualizzazione” is a narrower concept of “Associate”.
- “Contestualizzazione” is a narrower concept of “Co-Occurrence”.
- “Contestualizzazione” is a narrower concept of “Integrating”.
- “Contestualizzazione” is a narrower concept of “Mapping”.
- “Contestualizzazione” is a narrower concept of “Semantification”."
https://vocabs.dariah.eu/tadirah/contrastiveAnalysis,Source,Class,contrastive analysis,"In digital humanities, Contrastive Analysis refers to the systematic comparison of two or more languages or cultural texts to identify similarities and differences in structure, usage, or meaning. Drawing on the concept from linguistics (Wikidata Q614959), it is used to analyze cross-linguistic or cross-cultural patterns in large digital corpora, supporting tasks like translation studies, stylistic comparison, and cultural interpretation.","- “Contrastive Analysis” is a broader concept’s narrower term of “Stilistische Analyse.”  
- “Stilistische Analyse” has the narrower concept “Contrastive Analysis.”"
https://vocabs.dariah.eu/tadirah/contrastiveAnalysis,Source,Class,contrastive analysis,"In digital humanities, Contrastive Analysis is the systematic comparison of two or more languages (or textual corpora) to identify similarities and differences in structures, usage, and meaning—often to inform translation, language learning, corpus analysis, or computational modeling (cf. Wikidata Q614959).","- “Contrastive Analysis” is a broader concept’s narrower term of “Stilistische Analyse.”
- “Stilistische Analyse” has the narrower concept “Contrastive Analysis.”"
https://vocabs.dariah.eu/tadirah/converting,Source,Class,conversi n,"In digital humanities, conversión means changing an object from one format or schema to another. Examples:
- Converting media formats (e.g., .wmv to .mov, or VHS to a digital file). This is not lossless and results in a different digital representation/object.
- Converting metadata by mapping one metadata schema to another.","- “Acquisizione” has narrower concept “Conversión”.
- “Compiling” has broader concept “Conversión”.
- “Lemmatizing” has broader concept “Conversión”.
- “Natural Language Processing” has broader concept “Conversión”.
- “Parsing” has broader concept “Conversión”.
- “Transcoding” has broader concept “Conversión”.
- “Conversión” has broader concept “Acquisizione”.
- “Conversión” has close match “conversion”.
- “Conversión” has narrower concept “Compiling”.
- “Conversión” has narrower concept “Lemmatizing”.
- “Conversión” has narrower concept “Natural Language Processing”.
- “Conversión” has narrower concept “Parsing”.
- “Conversión” has narrower concept “Transcoding”."
https://vocabs.dariah.eu/tadirah/converting,Source,Class,conversi n,"Conversión: En humanidades digitales, proceso de cambiar un objeto o sus metadatos a otro formato. Ejemplos: convertir un video .wmv a .mov o una cinta VHS a digital; en metadatos, mapear un esquema a otro. No es lossless: produce un formato, representación digital u objeto digital diferente.","- “Acquisizione” has the narrower concept “Conversión”.
- “Compiling” has the broader concept “Conversión”.
- “Lemmatizing” has the broader concept “Conversión”.
- “Natural Language Processing” has the broader concept “Conversión”.
- “Parsing” has the broader concept “Conversión”.
- “Transcoding” has the broader concept “Conversión”.
- “Conversión” has the broader concept “Acquisizione”.
- “Conversión” closely matches “conversion”.
- “Conversión” has the narrower concepts “Compiling”, “Lemmatizing”, “Natural Language Processing”, “Parsing”, and “Transcoding”."
https://vocabs.dariah.eu/tadirah/correcting,Source,Class,correcting,"In digital humanities, “Correcting” refers to revising and fixing errors in transcribed or digitized texts and data to improve accuracy and reliability—e.g., proofreading OCR output, normalizing metadata, and amending records—aligned with the concept recorded in Wikidata item Q98848041.","- Editing has narrower concept Correcting.
- Limpieza de datos has narrower concept Correcting.
- Correcting has broader concept Editing.
- Correcting has broader concept Limpieza de datos."
https://vocabs.dariah.eu/tadirah/correcting,Source,Class,correcting,"In digital humanities, “Correcting” refers to the activity of fixing errors in transcribed or OCRed texts to match the original source. According to Wikidata item Q98848041, it denotes the post-processing step where contributors review and amend machine- or human-produced text to ensure accuracy and fidelity to the document being digitized.","- “Editing” has narrower concept “Correcting”.
- “Limpieza de datos” has narrower concept “Correcting”.
- “Correcting” has broader concepts “Editing” and “Limpieza de datos”."
https://vocabs.dariah.eu/tadirah/creating,Source,Class,creating,"In digital humanities, creating means producing new born-digital objects as an original contribution. This includes activities like writing or translating texts, programming executable code, composing music, making images, designing for any medium, and implementing designs (e.g., web development). It excludes outputs made by digitizing existing analog materials or merely enriching existing information.","- “Développement Web” is broader concept’s narrower of “Creating” (i.e., “Développement Web” is a narrower concept of “Creating”).
- “Escrita” is a narrower concept of “Creating”.
- “Progettazione” is a narrower concept of “Creating”.
- “Programación” is a narrower concept of “Creating”.
- “TaDiRAH” has top concept “Creating”.
- “Übersetzen” is a narrower concept of “Creating”.
- “Creating” closely matches “2_creation”.
- “Creating” has narrower concepts: “Développement Web”, “Escrita”, “Progettazione”, “Programación”, “Übersetzen”.
- “Creating” is a top concept of “TaDiRAH”."
https://vocabs.dariah.eu/tadirah/creating,Source,Class,creating,"In digital humanities, “creating” means producing born-digital objects as original contributions. This can include writing or translating texts, programming executable code, composing music, creating images, designing for any medium, or implementing designs (e.g., web development). It excludes outputs made by digitizing existing analog materials or merely enriching existing information.","- “Développement Web” is a broader concept under “Creating”.
- “Escrita” is a broader concept under “Creating”.
- “Progettazione” is a broader concept under “Creating”.
- “Programación” is a broader concept under “Creating”.
- “TaDiRAH” has the top concept “Creating”.
- “Übersetzen” is a broader concept under “Creating”.
- “Creating” closely matches “2_creation”.
- “Creating” has the narrower concepts “Développement Web”, “Escrita”, “Progettazione”, “Programación”, and “Übersetzen”.
- “Creating” is a top concept of “TaDiRAH”."
https://vocabs.dariah.eu/tadirah/cropping,Source,Class,cropping,"Cropping (in digital humanities): the act of removing unwanted outer parts of an image to focus on the desired content. (Source: Wikidata Q785116, accessed Sept. 4, 2020)","- Cropping is a broader concept of Editing. 
- Editing has the narrower concept Cropping."
https://vocabs.dariah.eu/tadirah/cropping,Source,Class,cropping,Cropping is the process of removing unwanted outer parts of an image to focus on a specific area or improve composition.,"- “Cropping” is broader term of “Editing”. → Incorrect per SKOS; correct phrasing: “Cropping” has broader concept “Editing” or “Cropping” is a narrower term of “Editing”.
- “Editing” has narrower concept “Cropping”."
https://vocabs.dariah.eu/tadirah/crowdsourcing,Source,Class,crowdsourcing,"In digital humanities, crowdsourcing is the paradigm of gathering user-generated content from an open, large, and continually growing community of contributors in a collaborative, collective web environment to support research tasks (e.g., transcription, annotation, or data enrichment).","- Crowdsourcing is a narrower concept of Dissemination.
- Crowdsourcing is a broader concept of Gamification.
- Crowdsourcing is a broader concept of User Generated Content.
- Dissemination has the narrower concept Crowdsourcing.
- Crowdsourcing closely matches “crowdsourcing”.
- Crowdsourcing has the narrower concepts Gamification and User Generated Content."
https://vocabs.dariah.eu/tadirah/crowdsourcing,Source,Class,crowdsourcing,"Crowdsourcing in digital humanities is the use of a large, open, and continually growing group of contributors to generate content collaboratively online—harnessing user-generated contributions to support research tasks such as transcription, annotation, classification, or enrichment of cultural and historical data.","- Crowdsourcing is a narrower concept of Dissemination.
- Crowdsourcing is a broader concept of Gamification.
- Crowdsourcing is a broader concept of User Generated Content.
- Dissemination has the narrower concept Crowdsourcing.
- Crowdsourcing closely matches “crowdsourcing”.
- Gamification is a narrower concept of Crowdsourcing.
- User Generated Content is a narrower concept of Crowdsourcing."
https://vocabs.dariah.eu/tadirah/dataCleansing,Source,Class,limpieza de datos,"En humanidades digitales, “Limpieza de datos” es el proceso de mejorar la calidad de un objeto digital existente corrigiendo errores y inconsistencias. Incluye, por ejemplo, corregir faltas en un texto, arreglar errores de OCR y depurar código para asegurar que los datos sean precisos, coherentes y utilizables.","- “Correcting” is a broader concept of “Limpieza de datos”.
- “Debugging” is a broader concept of “Limpieza de datos”.
- “Enriquecimiento” is a narrower concept of “Limpieza de datos”.
- “Improving” is a broader concept of “Limpieza de datos”.
- “Removing” is a broader concept of “Limpieza de datos”.
- “Limpieza de datos” is a broader concept of “Enriquecimiento”.
- “Limpieza de datos” closely matches “cleanup”.
- “Limpieza de datos” is a narrower concept of “Correcting”.
- “Limpieza de datos” is a narrower concept of “Debugging”.
- “Limpieza de datos” is a narrower concept of “Improving”.
- “Limpieza de datos” is a narrower concept of “Removing”."
https://vocabs.dariah.eu/tadirah/dataCleansing,Source,Class,limpieza de datos,"En humanidades digitales, “limpieza de datos” (data cleansing) es el proceso de mejorar la calidad de un objeto digital existente corrigiendo errores y depurando inconsistencias. Incluye, por ejemplo, corregir errores en textos, en resultados de OCR y depurar o corregir código.","- “Correcting” is a broader concept of “Limpieza de datos”.
- “Debugging” is a broader concept of “Limpieza de datos”.
- “Enriquecimiento” is a narrower concept of “Limpieza de datos”.
- “Improving” is a broader concept of “Limpieza de datos”.
- “Removing” is a broader concept of “Limpieza de datos”.
- “Limpieza de datos” is a broader concept of “Enriquecimiento”.
- “Limpieza de datos” closely matches “cleanup”.
- “Correcting” is a narrower concept of “Limpieza de datos”.
- “Debugging” is a narrower concept of “Limpieza de datos”.
- “Improving” is a narrower concept of “Limpieza de datos”.
- “Removing” is a narrower concept of “Limpieza de datos”."
https://vocabs.dariah.eu/tadirah/dataIngestion,Source,Class,data ingestion,"In digital humanities, data ingestion is the process of bringing data from various sources into a system where it can be stored, curated, and analyzed—such as importing digitized texts, metadata, images, or datasets into a research repository or workflow. 

According to the Wikidata item Q98847455 (accessed Sept 4, 2020), it refers to the intake of data into a storage or processing environment, enabling subsequent management and analysis.","- “Archivieren” has narrower concept “Data Ingestion”.
- “Data Ingestion” has broader concept “Archivieren”."
https://vocabs.dariah.eu/tadirah/dataIngestion,Source,Class,data ingestion,"In digital humanities, data ingestion is the process of bringing data from diverse sources into a system or workflow so it can be stored, processed, and analyzed—e.g., collecting texts, images, metadata, or datasets from repositories, archives, or the web and loading them into databases or platforms for research. (See Wikidata item Q98847455 for reference.)","- “Archivieren” has narrower concept “Data Ingestion”.
- “Data Ingestion” has broader concept “Archivieren”."
https://vocabs.dariah.eu/tadirah/dataMapping,Source,Class,data mapping,"In digital humanities, data mapping is the process of linking data objects in distinct models—aligning fields, entities, or concepts from one schema or dataset to corresponding ones in another—to enable integration, interoperability, and analysis (cf. Wikidata item Q2330408).","- “Data Mapping” is a broader concept’s child of “Modélisation”.
- “Modélisation” has the narrower concept “Data Mapping”."
https://vocabs.dariah.eu/tadirah/dataMapping,Source,Class,data mapping,"In digital humanities, data mapping is the process of linking or matching data objects across distinct data models or schemas so that information from different sources can be integrated, compared, or transformed consistently. (Cf. Wikidata Q2330408)","- “Data Mapping” is a broader concept’s narrower: “Data Mapping” is narrower than “Modélisation”.
- “Modélisation” has a narrower concept: “Modélisation” is broader than “Data Mapping”."
https://vocabs.dariah.eu/tadirah/dataMining,Source,Class,data mining,"In digital humanities, data mining is the process of discovering patterns in large cultural or textual datasets using computational methods at the intersection of statistics, database systems, and machine learning.","- “Data Mining” is broader concept of “Extracting”.
- “Extracting” has narrower concept “Data Mining”."
https://vocabs.dariah.eu/tadirah/dataMining,Source,Class,data mining,"In digital humanities, data mining is the process of discovering patterns in large cultural or historical data sets using computational methods at the intersection of statistics, database systems, and machine learning.","- “Data Mining” is broader concept of “Extracting”.
- “Extracting” has narrower concept “Data Mining”."
https://vocabs.dariah.eu/tadirah/dataRecognition,Source,Class,riconoscimento dei dati,"In digital humanities, “Riconoscimento dei Dati” (data recognition) is the process of converting captured digital representations (e.g., scans of texts or music scores, images, video) into discrete, machine-readable units. Examples include OCR for text, recognition of musical notation, and detection of elements in still or moving images, producing outputs like plain text words, musical notes, or identified visual components.","- “Acquisizione” has narrower concept “Riconoscimento dei Dati”.
- “Encoding” is a broader concept of “Riconoscimento dei Dati”.
- “Optical Character Recognition” is a broader concept of “Riconoscimento dei Dati”.
- “Optical Music Recognition” is a broader concept of “Riconoscimento dei Dati”.
- “Preprocessing” is a broader concept of “Riconoscimento dei Dati”.
- “Riconoscimento dei Dati” has broader concept “Acquisizione”.
- “Riconoscimento dei Dati” closely matches “data-recognition”.
- “Riconoscimento dei Dati” has narrower concepts “Encoding”, “Optical Character Recognition”, “Optical Music Recognition”, and “Preprocessing”."
https://vocabs.dariah.eu/tadirah/dataRecognition,Source,Class,riconoscimento dei dati,"In digital humanities, “Riconoscimento dei Dati” (data recognition) is the post-capture process that converts raw digital reproductions (e.g., scanned texts, music scores, images, video) into discrete, machine-readable units. Examples include:
- OCR for plain text words from page images
- OMR for musical notes from score images
- Computer vision methods for identifying elements in still or moving images","- “Acquisizione” has narrower concept “Riconoscimento dei Dati”.
- “Encoding” is a broader concept of “Riconoscimento dei Dati”.
- “Optical Character Recognition” is a broader concept of “Riconoscimento dei Dati”.
- “Optical Music Recognition” is a broader concept of “Riconoscimento dei Dati”.
- “Preprocessing” is a broader concept of “Riconoscimento dei Dati”.
- “Riconoscimento dei Dati” is a broader concept of “Acquisizione”.
- “Riconoscimento dei Dati” closely matches “data-recognition”.
- “Riconoscimento dei Dati” has narrower concepts “Encoding”, “Optical Character Recognition”, “Optical Music Recognition”, and “Preprocessing”."
https://vocabs.dariah.eu/tadirah/dataVisualization,Source,Class,data visualization,"In digital humanities, data visualization is the creation and study of visual representations of data—using charts, maps, networks, timelines, and other graphics—to reveal patterns, relationships, and insights.","- “Data Visualization” is a broader concept of “Visualização.”
- “Visualização” has the narrower concept “Data Visualization.”"
https://vocabs.dariah.eu/tadirah/dataVisualization,Source,Class,data visualization,"In digital humanities, data visualization is the creation and study of visual representations of data to explore, interpret, and communicate patterns, relationships, and insights. (See: Wikidata Q6504956)","- “Data Visualization” is a broader concept of “Visualização.”
- “Visualização” has the narrower concept “Data Visualization.”"
https://vocabs.dariah.eu/tadirah/debugging,Source,Class,debugging,"In digital humanities, debugging is the process of finding and resolving defects or problems within a computer program that prevent the correct operation of software or a system, ensuring DH tools, scripts, or workflows run as intended. (Source: Wikidata Q845566)","- “Debugging” has broader concept “Limpieza de datos”.
- “Limpieza de datos” has narrower concept “Debugging”."
https://vocabs.dariah.eu/tadirah/debugging,Source,Class,debugging,"In digital humanities, debugging is the process of finding and resolving defects or problems within a computer program that prevent correct operation of software or a system. (Wikidata Q845566)","- “Debugging” has broader concept “Limpieza de datos”.
- “Limpieza de datos” has narrower concept “Debugging”."
https://vocabs.dariah.eu/tadirah/defining,Source,Class,defining,"In digital humanities, “defining” means providing a statement that attaches a specific meaning to a term. (Wikidata Q101072)","- “Defining” is a broader concept of “Teorización”.
- “Teorización” is a narrower concept of “Defining”."
https://vocabs.dariah.eu/tadirah/defining,Source,Class,defining,"In digital humanities, “defining” means providing a statement that attaches a specific meaning to a term. (Source: Wikidata Q101072)","- “Defining” is broader than “Teorización”.
- “Teorización” is narrower than “Defining”."
https://vocabs.dariah.eu/tadirah/description,Source,Class,description,"In digital humanities, “description” refers to the rhetorical mode that conveys what something is like—its attributes, qualities, and sensory or observable features—rather than narrating events, arguing a claim, or explaining processes. As one of the four rhetorical modes, description focuses on portraying details to represent objects, texts, artifacts, places, or phenomena, often supporting tasks like metadata creation, annotation, and close reading.","- “Description” is broader concept of “Preservação”.
- “Preservação” has narrower concept “Description”."
https://vocabs.dariah.eu/tadirah/description,Source,Class,description,"In digital humanities, “Description” refers to the rhetorical mode that details the sensory, formal, or contextual attributes of an object (e.g., a text, image, artifact, dataset) to render it perceptible and specific to an audience. As one of the four rhetorical modes, description focuses on depicting characteristics and features—often via metadata, annotations, or prose—rather than arguing (persuasion), explaining (exposition), or narrating (narration).","- “Description” is a broader concept than “Preservação”.
- “Preservação” has the narrower concept “Description”."
https://vocabs.dariah.eu/tadirah/designing,Source,Class,progettazione,"In digital humanities, Progettazione means the design phase focused on creating the user and graphical interface and the overall user experience. It includes defining user interaction, participation, and usability—ensuring the system’s utility, ease of use, efficiency, and alignment with users’ perceptions and needs.","- Creating has narrower concept Progettazione.
- Diagramming has broader concept Progettazione.
- Drawing has broader concept Progettazione.
- Wireframing has broader concept Progettazione.
- Progettazione has broader concept Creating.
- Progettazione is closely matched to designing.
- Progettazione has narrower concepts Diagramming, Drawing, and Wireframing."
https://vocabs.dariah.eu/tadirah/designing,Source,Class,progettazione,"In digital humanities, Progettazione means the design phase focused on creating the user and graphical interface and shaping the overall user experience. It includes defining user interaction, participation, and usability—ensuring the system’s utility, ease of use, and efficiency align with users’ needs and perceptions.","- Creating has narrower concept Progettazione.
- Diagramming has broader concept Progettazione.
- Drawing has broader concept Progettazione.
- Wireframing has broader concept Progettazione.
- Progettazione has broader concept Creating.
- Progettazione closely matches designing.
- Progettazione has narrower concepts Diagramming, Drawing, and Wireframing."
https://vocabs.dariah.eu/tadirah/diagramming,Source,Class,diagramming,"In digital humanities, diagramming is the practice of representing concepts, sources, processes, or relationships visually—using diagrams such as networks, flowcharts, timelines, or conceptual maps—to analyze, interpret, and communicate humanities data and arguments. (See Wikidata item Q98845265.)","- “Diagramming” is a broader concept’s narrower term of “Progettazione.”
- “Progettazione” has the narrower concept “Diagramming.”"
https://vocabs.dariah.eu/tadirah/diagramming,Source,Class,diagramming,"In digital humanities, diagramming is the practice of visually modeling concepts, relationships, processes, or data—such as workflows, networks, texts, or knowledge structures—to analyze, interpret, and communicate findings. It uses structured visual forms (e.g., graphs, flowcharts, schemata) to make humanities data and arguments explicit and computationally tractable. (Source: Wikidata Q98845265)","- Diagramming is a broader concept of Progettazione.
- Progettazione has the narrower concept Diagramming."
https://vocabs.dariah.eu/tadirah/digitalObjectIdentifier,Source,Class,digital object identifier,"A Digital Object Identifier (DOI) is a character string used as a permanent identifier for a digital object, in a format controlled by the International DOI Foundation.","- “Digital Object Identifier” is a broader concept of “Identificazione”. [Given triple indicates the opposite; corrected below]
- “Identificazione” has the narrower concept “Digital Object Identifier”.
- “Digital Object Identifier” is a narrower concept of “Identificazione”.
- “Identificazione” has the broader concept “Digital Object Identifier”. [Given triple indicates the opposite; corrected above]"
https://vocabs.dariah.eu/tadirah/digitalObjectIdentifier,Source,Class,digital object identifier,"A Digital Object Identifier (DOI) is a character string used as a permanent identifier for a digital object, in a format controlled by the International DOI Foundation. In digital humanities, it ensures stable, citable access to digital resources.","- “Digital Object Identifier” is a broader concept of “Identificazione”.  
- “Identificazione” has the narrower concept “Digital Object Identifier”."
https://vocabs.dariah.eu/tadirah/digitalPublishing,Source,Class,digital publishing,"In digital humanities, digital publishing is the creation, dissemination, and preservation of scholarly content in digital formats—such as e-books, online journals, databases, and multimodal projects—using networked platforms and tools. It includes processes like digital editing, metadata structuring, interoperability, and open access distribution, enabling enhanced discoverability, interactivity, and sustained access. (See Wikidata Q1224844: digital publishing as electronic production and distribution of publications.)","- “Digital Publishing” is a broader concept of “Објављивање”.
- “Објављивање” has the narrower concept “Digital Publishing”."
https://vocabs.dariah.eu/tadirah/digitalPublishing,Source,Class,digital publishing,"Digital publishing is the creation, dissemination, and preservation of scholarly and cultural materials in digital form—such as e-books, online journals, databases, multimedia editions, and interactive projects—using networked technologies. In digital humanities, it encompasses producing and maintaining digital scholarly outputs (e.g., critical editions, datasets, and tools) with attention to standards, metadata, interoperability, and long-term accessibility.

Source: Wikidata, Q1224844 (Digital publishing).","- “Digital Publishing” is a broader concept than “Објављивање”.
- “Објављивање” has the narrower concept “Digital Publishing”."
https://vocabs.dariah.eu/tadirah/discourseAnalysis,Source,Class,discourse analysis,"In digital humanities, Discourse Analysis is the study of how language constructs and reflects social, policy, or historiographical phenomena—examining patterns, power relations, and meaning in texts and media—often using computational methods to analyze large corpora. (cf. Wikidata Q1129466)","- “Análise de conteúdo” has a narrower concept: “Discourse Analysis”.
- “Discourse Analysis” has a broader concept: “Análise de conteúdo”."
https://vocabs.dariah.eu/tadirah/discourseAnalysis,Source,Class,discourse analysis,"In digital humanities, Discourse Analysis is the study of how language constructs social meaning across texts and contexts—analyzing social, language-policy, or historiographical discourse phenomena—often using computational and qualitative methods. (Source: Wikidata Q1129466)","- “Análise de conteúdo” has narrower concept “Discourse Analysis”.
- “Discourse Analysis” has broader concept “Análise de conteúdo”."
https://vocabs.dariah.eu/tadirah/discovering,Source,Class,localizaci n,"In digital humanities, “Localización” refers to discovering and locating relevant materials—through advanced querying, simple searching, and serendipitous browsing in archives, library catalogs, journal indexes/abstracts, web directories, and databases—to find objects of research, research results, or other information useful to a given inquiry.","- “Acquisizione” has narrower concept “Localización”.
- “Browsing” has broader concept “Localización”.
- “Exploration” has broader concept “Localización”.
- “Information Retrieval” has broader concept “Localización”.
- “Querying” has broader concept “Localización”.
- “Searching” has broader concept “Localización”.
- “Localización” has broader concept “Acquisizione”.
- “Localización” has close match “discovering”.
- “Localización” has narrower concepts “Browsing”, “Exploration”, “Information Retrieval”, “Querying”, and “Searching”."
https://vocabs.dariah.eu/tadirah/discovering,Source,Class,localizaci n,"In digital humanities, “Localización” refers to discovering where relevant research objects or information are found—i.e., identifying and locating sources by advanced querying, simple searching, or serendipitous browsing across archives, library catalogs, journal indexes/abstracts, web directories, and databases to find materials useful to a given research interest.","- “Acquisizione” has narrower concept “Localización”.
- “Browsing” has broader concept “Localización”.
- “Exploration” has broader concept “Localización”.
- “Information Retrieval” has broader concept “Localización”.
- “Querying” has broader concept “Localización”.
- “Searching” has broader concept “Localización”.
- “Localización” has broader concept “Acquisizione”.
- “Localización” has close match “discovering”.
- “Localización” has narrower concepts “Browsing”, “Exploration”, “Information Retrieval”, “Querying”, and “Searching”."
https://vocabs.dariah.eu/tadirah/discussing,Source,Class,discussing,"In digital humanities, “Discussing” refers to the activity of engaging in dialogue or debate about digital humanities topics—exchanging ideas, interpretations, methods, or findings—often collaboratively and publicly. According to the Wikidata item Q98847226, it denotes the act of talking about something with others to consider different views and reach understanding.","- “Discussing” is a broader concept’s narrower: “Discussing” is narrower than “Kollaboration.”
- “Kollaboration” has a narrower concept: “Kollaboration” has the narrower concept “Discussing.”"
https://vocabs.dariah.eu/tadirah/discussing,Source,Class,discussing,"In the context of digital humanities, “Discussing” (Wikidata item Q98847226) refers to a scholarly activity type involving the exchange of ideas, arguments, or interpretations about a topic, typically to analyze, evaluate, or refine understanding. It denotes dialogue-based engagement—such as conversations, seminars, forum threads, or commentary—used to interpret digital humanities materials, methods, or findings.","- “Discussing” is a broader concept’s narrower: “Kollaboration” is broader than “Discussing.”
- “Kollaboration” has a narrower concept: “Discussing.”"
https://vocabs.dariah.eu/tadirah/disseminating,Source,Class,dissemination,"In digital humanities, dissemination is the activity of making research objects—such as data, findings, software, and services—available to fellow researchers and the wider public. It builds on storing and can include releasing (publishing and commenting) and sharing (collaborating, crowdsourcing, communicating) using methods like linked open data and other formal or informal channels.","- Communicating is a broader concept of Dissemination.
- Crowdsourcing is a broader concept of Dissemination.
- Kollaboration is a broader concept of Dissemination.
- TaDiRAH has top concept Dissemination.
- Teaching is a broader concept of Dissemination.
- Troca is a broader concept of Dissemination.
- Објављивање is a broader concept of Dissemination.
- Стављање коментара is a broader concept of Dissemination.
- Dissemination closely matches 7_dissemination.
- Dissemination has narrower concepts: Communicating, Crowdsourcing, Kollaboration, Teaching, Troca, Објављивање, Стављање коментара.
- Dissemination is the top concept of TaDiRAH."
https://vocabs.dariah.eu/tadirah/disseminating,Source,Class,dissemination,"In digital humanities, dissemination means making your research objects, results, software, or services available to other researchers or the public. It builds on storing and includes releasing (publishing, commenting) and sharing (collaborating, crowdsourcing, communicating) data using various methods and techniques, including linked open data.","- Communicating is a broader concept of Dissemination.
- Crowdsourcing is a broader concept of Dissemination.
- Kollaboration is a broader concept of Dissemination.
- TaDiRAH has top concept Dissemination.
- Teaching is a broader concept of Dissemination.
- Troca is a broader concept of Dissemination.
- Објављивање is a broader concept of Dissemination.
- Стављање коментара is a broader concept of Dissemination.
- Dissemination closely matches 7_dissemination.
- Communicating is a narrower concept of Dissemination.
- Crowdsourcing is a narrower concept of Dissemination.
- Kollaboration is a narrower concept of Dissemination.
- Teaching is a narrower concept of Dissemination.
- Troca is a narrower concept of Dissemination.
- Објављивање is a narrower concept of Dissemination.
- Стављање коментара is a narrower concept of Dissemination.
- Dissemination is a top concept of TaDiRAH."
https://vocabs.dariah.eu/tadirah/distanceMeasures,Source,Class,distance measures,"In digital humanities, “distance measures” are quantitative ways to define how far apart two objects or events are—such as texts, authors, time points, or features—so their similarity or difference can be compared. Drawing on the general notion of distance between two objects or events in the universe (Wikidata Q1344778), these measures assign a numerical value to separation (e.g., lexical, stylistic, temporal, spatial), enabling tasks like clustering, classification, and mapping similarities across cultural data.","- “Distance Measures” is a broader concept’s narrower term of “Stilistische Analyse.”
- “Stilistische Analyse” has the narrower concept “Distance Measures.”"
https://vocabs.dariah.eu/tadirah/distanceMeasures,Source,Class,distance measures,"In digital humanities, “distance measures” are formal definitions for how far apart two objects or events are—such as texts, authors, time points, or places—so they can be quantitatively compared. Drawing on the general notion of distance between objects or events (Wikidata Q1344778), these measures quantify dissimilarity or separation (e.g., edit distance between texts, cosine distance between topic vectors, temporal distance between dates, or geographic distance between locations) to support analysis, clustering, and comparison.","- “Distance Measures” is a broader concept of “Stilistische Analyse.” (Note: This inverts the given triple; see next line for correct direction.)
- “Distance Measures” is a narrower concept of “Stilistische Analyse.”
- “Stilistische Analyse” has the broader concept “Distance Measures.” (From the given narrower triple.)
- “Stilistische Analyse” has the narrower concept “Distance Measures.”"
https://vocabs.dariah.eu/tadirah/drawing,Source,Class,drawing,"Drawing: A form of visual artwork executed in a two-dimensional medium, typically involving marks made on a surface (e.g., paper or digital canvas) to represent forms, ideas, or observations. In digital humanities, it encompasses both historical and contemporary drawings, including digitized and born-digital works, as data and objects of analysis. (Source: Wikidata Q93184)","- “Drawing” is a broader concept’s narrower term of “Progettazione.”  
- “Progettazione” has the narrower concept “Drawing.”"
https://vocabs.dariah.eu/tadirah/drawing,Source,Class,drawing,"In digital humanities, drawing refers to a visual artwork created in a two-dimensional medium. This aligns with Wikidata (Q93184), which defines drawing as visual artwork in a two-dimensional medium.","- Drawing is broader than Progettazione.
- Progettazione has narrower concept Drawing."
https://vocabs.dariah.eu/tadirah/eMailing,Source,Class,e mailing,"E-mailing is the act of sending and receiving electronic messages (e-mails) over computer networks. In digital humanities, it serves as a key tool for communication, collaboration, and dissemination among scholars and projects. (See: Wikidata Q386274)","- “Communicating” has narrower concept “E-mailing”.
- “E-mailing” has broader concept “Communicating”."
https://vocabs.dariah.eu/tadirah/eMailing,Source,Class,e mailing,"E-mailing is the act of sending and receiving electronic messages (emails) over a computer network, typically the internet, using standardized protocols. In digital humanities, it functions as a core digital communication method for collaboration, dissemination, and coordination among researchers and projects.

Source: Wikidata item Q386274 (E-mail).","- “E-mailing” is a narrower concept of “Communicating.”
- “Communicating” is a broader concept of “E-mailing.”"
https://vocabs.dariah.eu/tadirah/editing,Source,Class,editing,"In digital humanities, editing is the process of adding, correcting, condensing, organizing, or otherwise modifying information about a specific object to complete and finalize it, typically by applying structural, layout-related, semantic, or other scholarly explicit inline or stand-off markup.","- Adding is a broader concept of Editing.
- Correcting is a broader concept of Editing.
- Cropping is a broader concept of Editing.
- Enriquecimiento is a narrower concept of Editing.
- Formatting is a broader concept of Editing.
- Merging is a broader concept of Editing.
- Modifying is a broader concept of Editing.
- Subtracting is a broader concept of Editing.
- Supplementing is a broader concept of Editing.
- Video Editing is a broader concept of Editing.
- Editing is a broader concept of Enriquecimiento.
- Editing closely matches “editing”.
- Editing has the narrower concepts: Adding, Correcting, Cropping, Formatting, Merging, Modifying, Subtracting, Supplementing, and Video Editing."
https://vocabs.dariah.eu/tadirah/editing,Source,Class,editing,"In digital humanities, editing means adding, correcting, condensing, organizing, or otherwise modifying a specific object to complete and finalize it by applying structural, layout-related, semantic, or other scholarly explicit inline or stand-off markup.","- Adding is a broader concept of Editing.
- Correcting is a broader concept of Editing.
- Cropping is a broader concept of Editing.
- Enriquecimiento has narrower concept Editing.
- Formatting is a broader concept of Editing.
- Merging is a broader concept of Editing.
- Modifying is a broader concept of Editing.
- Subtracting is a broader concept of Editing.
- Supplementing is a broader concept of Editing.
- Video Editing is a broader concept of Editing.
- Editing is a broader concept of Enriquecimiento.
- Editing closely matches editing.
- Editing has narrower concepts: Adding, Correcting, Cropping, Formatting, Merging, Modifying, Subtracting, Supplementing, Video Editing."
https://vocabs.dariah.eu/tadirah/emulation,Source,Class,emulation,"Emulation, in digital humanities, is the use of a system that imitates an original (often obsolete) hardware or software environment so that digital artifacts run and behave as they did on the real system. Its goal is to closely reproduce the original system’s behavior to preserve and provide authentic access to born-digital works.","- “Emulation” is a broader concept’s narrower term of “Preservação.”  
- “Preservação” has the narrower concept “Emulation.”"
https://vocabs.dariah.eu/tadirah/emulation,Source,Class,emulation,"Emulation (in digital humanities) is the use of a system that imitates an original hardware or software environment so that digital objects behave as they would on the real, historical system, closely reproducing the original system’s behavior.","- “Emulation” has broader concept “Preservação.”
- “Preservação” has narrower concept “Emulation.”"
https://vocabs.dariah.eu/tadirah/encoding,Source,Class,encoding,"In digital humanities, encoding is the process of creating a message for transmission—structuring or representing information in a formalized way (e.g., using markup like TEI/XML) so it can be stored, processed, shared, and interpreted by humans and machines.","- “Annotazione” has narrower concept “Encoding”.
- “Programación” has narrower concept “Encoding”.
- “Riconoscimento dei Dati” has narrower concept “Encoding”.
- “Encoding” has broader concept “Annotazione”.
- “Encoding” has broader concept “Programación”.
- “Encoding” has broader concept “Riconoscimento dei Dati”."
https://vocabs.dariah.eu/tadirah/encoding,Source,Class,encoding,"In digital humanities, encoding is the process of creating a message for transmission—structuring and representing data or texts in a formal system (e.g., XML/TEI) so they can be stored, shared, processed, and interpreted by humans and machines.","- “Annotazione” has narrower concept “Encoding”.
- “Programación” has narrower concept “Encoding”.
- “Riconoscimento dei Dati” has narrower concept “Encoding”.
- “Encoding” has broader concepts “Annotazione”, “Programación”, and “Riconoscimento dei Dati”."
https://vocabs.dariah.eu/tadirah/enriching,Source,Class,enriquecimiento,"Enriquecimiento (in digital humanities) is the process of enhancing data or objects of enquiry by annotating, editing, or cleaning them to make their origin, nature, structure, meaning, or elements explicit.","- “Annotazione” is a broader concept under “Enriquecimiento”.
- “Editing” is a broader concept under “Enriquecimiento”.
- “Limpieza de datos” is a broader concept under “Enriquecimiento”.
- “TaDiRAH” has top concept “Enriquecimiento”.
- “Enriquecimiento” closely matches “index.php?tema=21”.
- “Enriquecimiento” has the narrower concepts “Annotazione”, “Editing”, and “Limpieza de datos”.
- “Enriquecimiento” is a top concept of “TaDiRAH”."
https://vocabs.dariah.eu/tadirah/enriching,Source,Class,enriquecimiento,"Enriquecimiento (in digital humanities) is the process of enhancing data or objects of study by annotating, editing, or cleaning them to make their origin, nature, structure, meaning, or components explicit. This includes adding metadata, semantic tags, corrections, or clarifications that improve interpretability and reuse.","- “Annotazione” is a broader concept of “Enriquecimiento”.
- “Editing” is a broader concept of “Enriquecimiento”.
- “Limpieza de datos” is a broader concept of “Enriquecimiento”.
- “TaDiRAH” has top concept “Enriquecimiento”.
- “Enriquecimiento” closely matches “index.php?tema=21”.
- “Enriquecimiento” has the narrower concepts “Annotazione”, “Editing”, and “Limpieza de datos”.
- “Enriquecimiento” is a top concept of “TaDiRAH”."
https://vocabs.dariah.eu/tadirah/explanation,Source,Class,explanation,"In digital humanities, an explanation is a set of statements constructed to describe a set of facts. (Source: Wikidata Q7958, accessed Sept 4, 2020)","- “Explanation” is a broader concept of “Teorización”.
- “Teorización” has the narrower concept “Explanation”."
https://vocabs.dariah.eu/tadirah/explanation,Source,Class,explanation,"In digital humanities, an explanation is a set of statements constructed to describe a set of facts. (Source: Wikidata Q7958, accessed Sept 4, 2020)","- “Explanation” is a broader concept than “Teorización”.
- “Teorización” is a narrower concept than “Explanation”."
https://vocabs.dariah.eu/tadirah/exploration,Source,Class,exploration,"In digital humanities, exploration is the act of searching or traversing digital terrains—such as datasets, archives, texts, or visualizations—for the purpose of discovery, insight, or pattern-finding. (Cf. Wikidata Q6502154: “act of searching or traveling around a terrain for the purpose of discovery.”)","- “Exploration” is a broader concept than “Localización.”
- “Localización” has the narrower concept “Exploration.”"
https://vocabs.dariah.eu/tadirah/exploration,Source,Class,exploration,"In digital humanities, exploration refers to the act of searching through or traversing digital terrains—such as datasets, archives, texts, or media—for the purpose of discovery, insight, or pattern-finding. This aligns with the notion of traveling around a terrain to discover, applied to digital corpora and computational environments.","- “Exploration” is a broader concept than “Localización.”
- “Localización” is a narrower concept than “Exploration.”"
https://vocabs.dariah.eu/tadirah/expressingOpinion,Source,Class,expressing opinion,"In digital humanities, expressing opinion is the act of conveying one’s feelings or thoughts about a topic—through writing, speech, or digital media—often in response to existing views, with the aim of agreeing or disagreeing to stimulate discourse. This can include blog posts, annotations, social media threads, forum discussions, or commentary layers on digital texts and datasets, where viewpoints are shared, contested, and refined in public or collaborative spaces.","- “Expressing Opinion” is broader concept’s narrower: “Expressing Opinion” has broader concept “Стављање коментара”.
- “Стављање коментара” has narrower concept “Expressing Opinion”."
https://vocabs.dariah.eu/tadirah/expressingOpinion,Source,Class,expressing opinion,"In digital humanities, expressing opinion is the act of conveying one’s feelings or thoughts—verbally or in writing—about a text, artifact, method, or interpretation, often in response to existing views. It includes agreeing or disagreeing with others to stimulate discourse and advance critical discussion.","- “Expressing Opinion” is a broader concept’s child of “Стављање коментара”.
- “Стављање коментара” has the narrower concept “Expressing Opinion”."
https://vocabs.dariah.eu/tadirah/extracting,Source,Class,extracting,"In digital humanities, extracting is the process of distilling structured information from texts, images, or other machine-readable digital documents within a specific domain, often not in a directly human-understandable form. It is closely related to information extraction, knowledge extraction, knowledge discovery, information mining, and data mining, and commonly involves processing human language texts using NLP techniques.","- “Acquisizione” has the narrower concept “Extracting.”
- “Data Mining” has the broader concept “Extracting.”
- “Information Mining” has the broader concept “Extracting.”
- “Knowledge Discovery” has the broader concept “Extracting.”
- “Knowledge Extraction” has the broader concept “Extracting.”
- “Extracting” has the broader concept “Acquisizione.”
- “Extracting” has the narrower concept “Data Mining.”
- “Extracting” has the narrower concept “Information Mining.”
- “Extracting” has the narrower concept “Knowledge Discovery.”
- “Extracting” has the narrower concept “Knowledge Extraction.”"
https://vocabs.dariah.eu/tadirah/extracting,Source,Class,extracting,"In digital humanities, extracting means distilling structured information from texts, images, or other machine-readable digital documents within a given domain, often not directly human-readable. It encompasses methods like information/knowledge extraction, knowledge discovery, information and data mining, and commonly involves processing human language texts using NLP.","- “Acquisizione” has a narrower concept “Extracting”.
- “Data Mining” is a broader concept of “Extracting”.
- “Information Mining” is a broader concept of “Extracting”.
- “Knowledge Discovery” is a broader concept of “Extracting”.
- “Knowledge Extraction” is a broader concept of “Extracting”.
- “Extracting” is a broader concept of “Acquisizione”.
- “Extracting” has the narrower concepts “Data Mining”, “Information Mining”, “Knowledge Discovery”, and “Knowledge Extraction”."
https://vocabs.dariah.eu/tadirah/finding,Source,Class,finding,"In digital humanities, “Finding” (Wikidata item Q28195064) refers to a research output that presents a specific result or conclusion derived from analysis. It is a discrete, reportable outcome of a study—such as an observed pattern, correlation, or insight—distinct from raw data or methods, and typically supported by evidence within a digital humanities project.","- “Finding” is a broader concept of “Organizzazione”.
- “Organizzazione” is a narrower concept of “Finding”."
https://vocabs.dariah.eu/tadirah/finding,Source,Class,finding,"In digital humanities, “Finding” refers to a research output type: a discrete, evidence-based result or conclusion derived from analysis. In Wikidata (Q28195064), it denotes a unit of scholarly contribution that reports a specific result, insight, or piece of evidence, distinct from broader publications or datasets.","- “Finding” is a broader concept of “Organizzazione”.
- “Organizzazione” is a narrower concept of “Finding”."
https://vocabs.dariah.eu/tadirah/formatting,Source,Class,formatting,"In digital humanities, “formatting” refers to structuring and presenting text or data according to defined rules or styles so it can be consistently displayed, processed, or analyzed—e.g., applying markup (like TEI/XML), styles, or metadata schemas to make digital content machine-readable and interoperable (cf. Wikidata item Q98848248).","- Editing has narrower concept Formatting.
- Formatting has broader concept Editing."
https://vocabs.dariah.eu/tadirah/formatting,Source,Class,formatting,"In digital humanities, formatting is the process of arranging text and other content according to predefined rules or styles so it is structured, legible, and consistent for processing, analysis, and presentation. It includes applying markup, styles, and layout conventions to enable reliable interpretation by humans and machines. (Source: Wikidata item Q98848248)","- Editing has narrower concept Formatting.
- Formatting has broader concept Editing."
https://vocabs.dariah.eu/tadirah/gamification,Source,Class,gamification,"In digital humanities, gamification means applying game thinking and game mechanics to non-game activities to engage users and help them solve problems. (Wikidata Q1067402)","- Crowdsourcing has the narrower concept Gamification.
- Gamification has the broader concept Crowdsourcing."
https://vocabs.dariah.eu/tadirah/gamification,Source,Class,gamification,"Gamification, in digital humanities, is the use of game thinking and game mechanics in non-game contexts to engage users in solving problems. (Wikidata Q1067402)","- Crowdsourcing has the narrower concept Gamification.
- Gamification has the broader concept Crowdsourcing."
https://vocabs.dariah.eu/tadirah/gathering,Source,Class,recolecci n,"In digital humanities, “Recolección” means the gathering or aggregation of discovered resources in a structured way—for example, compiling all papers on a topic for a literature review, or pulling all works by a specific author from a digital collection for further analysis.","- “Acquisizione” has a narrower concept “Recolección”.
- “Aggregating” has a broader concept “Recolección”.
- “Archivieren” has a broader concept “Recolección”.
- “Cataloging” has a broader concept “Recolección”.
- “Collating” has a broader concept “Recolección”.
- “Collecting” has a broader concept “Recolección”.
- “Preservação” has a broader concept “Recolección”.
- “Web Crawling” has a broader concept “Recolección”.
- “Web Scraping” has a broader concept “Recolección”.
- “Recolección” has a broader concept “Acquisizione”.
- “Recolección” has a close match “gathering”.
- “Recolección” has narrower concepts “Aggregating”, “Archivieren”, “Cataloging”, “Collating”, “Collecting”, “Preservação”, “Web Crawling”, and “Web Scraping”."
https://vocabs.dariah.eu/tadirah/gathering,Source,Class,recolecci n,"In digital humanities, “Recolección” means the gathering or aggregation of discovered resources in a structured way—e.g., assembling all papers on a topic for a literature review or pulling all works by a specific author from a digital collection for analysis.","- “Acquisizione” has the narrower concept “Recolección”.
- “Aggregating” has the broader concept “Recolección”.
- “Archivieren” has the broader concept “Recolección”.
- “Cataloging” has the broader concept “Recolección”.
- “Collating” has the broader concept “Recolección”.
- “Collecting” has the broader concept “Recolección”.
- “Preservação” has the broader concept “Recolección”.
- “Web Crawling” has the broader concept “Recolección”.
- “Web Scraping” has the broader concept “Recolección”.
- “Recolección” has the broader concept “Acquisizione”.
- “Recolección” closely matches “gathering”.
- “Recolección” has the narrower concept “Aggregating”.
- “Recolección” has the narrower concept “Archivieren”.
- “Recolección” has the narrower concept “Cataloging”.
- “Recolección” has the narrower concept “Collating”.
- “Recolección” has the narrower concept “Collecting”.
- “Recolección” has the narrower concept “Preservação”.
- “Recolección” has the narrower concept “Web Crawling”.
- “Recolección” has the narrower concept “Web Scraping”."
https://vocabs.dariah.eu/tadirah/genreRecognition,Source,Class,genre recognition,"In digital humanities, genre recognition is the computational process of analyzing artworks (such as texts, music, or films), extracting salient features (e.g., stylistic, structural, linguistic, acoustic, or visual cues), and automatically or semi-automatically classifying them into genres. It combines methods like feature engineering, machine learning, and pattern analysis to assign or suggest genre labels.","- “Genre Recognition” is a broader concept under “Stilistische Analyse.”  
- “Stilistische Analyse” has the narrower concept “Genre Recognition.”"
https://vocabs.dariah.eu/tadirah/genreRecognition,Source,Class,genre recognition,"In digital humanities, genre recognition is the use of computational methods to analyze artworks (such as literature, music, or film), extract distinctive features (e.g., style, structure, themes, acoustic or visual patterns), and automatically or semi-automatically classify works into genres. It combines feature engineering and machine learning to assign or suggest genre labels.","- “Genre Recognition” is a broader concept of “Stilistische Analyse.” → Incorrect per triple; correct: “Genre Recognition” has broader concept “Stilistische Analyse.”
- “Stilistische Analyse” has narrower concept “Genre Recognition.”"
https://vocabs.dariah.eu/tadirah/georeferencing,Source,Class,georeferencing,"Georeferencing is the process of identifying and assigning real-world geographic coordinates to data or objects, linking them to specific locations in physical space. In digital humanities, it enables cultural or historical materials (e.g., maps, texts, images) to be anchored to precise places on the earth’s surface.","- “Analyse spatiale” has narrower concept “Georeferencing”.
- “Annotazione” has narrower concept “Georeferencing”.
- “Georeferencing” has broader concepts “Analyse spatiale” and “Annotazione”."
https://vocabs.dariah.eu/tadirah/georeferencing,Source,Class,georeferencing,"Georeferencing is the process of identifying and linking data—such as texts, images, or artifacts—to specific locations in physical space, enabling them to be mapped and analyzed geographically in digital humanities.","- “Analyse spatiale” has narrower concept “Georeferencing”.
- “Annotazione” has narrower concept “Georeferencing”.
- “Georeferencing” has broader concepts “Analyse spatiale” and “Annotazione”."
https://vocabs.dariah.eu/tadirah/graphicsProgramming,Source,Class,graphics programming,"In digital humanities, Graphics Programming refers to writing code to generate, manipulate, and render visual content—such as charts, maps, diagrams, and interactive visuals—to analyze, represent, or communicate cultural and historical data. [Source: Wikidata item Q98845304]","- “Graphics Programming” is a broader concept’s child of “Programación”.
- “Programación” has the narrower concept “Graphics Programming”."
https://vocabs.dariah.eu/tadirah/graphicsProgramming,Source,Class,graphics programming,"In digital humanities, “graphics programming” refers to writing code to generate, process, and render visual content—such as data visualizations, interactive graphics, or visual interfaces—to support humanities research and presentation. (Source: Wikidata item Q98845304)","- “Graphics Programming” is a broader concept of “Programación”.
- “Programación” has the narrower concept “Graphics Programming”."
https://vocabs.dariah.eu/tadirah/highlighting,Source,Class,highlighting,"In digital humanities, highlighting is the practice of marking portions of a digital text or image to draw attention to them—typically by changing background color or style—so they can be emphasized, annotated, or analyzed. (Source: Wikidata item Q98847905)","- “Annotazione” has the narrower concept “Highlighting”.
- “Highlighting” has the broader concept “Annotazione”."
https://vocabs.dariah.eu/tadirah/highlighting,Source,Class,highlighting,"In digital humanities, “Highlighting” refers to the visual emphasis of selected text or elements (e.g., with color or styling) to draw attention, annotate, or facilitate analysis and interpretation—often used in digital editions, text analysis tools, and interfaces to mark features, themes, or entities. (Source: Wikidata Q98847905)","- “Annotazione” has the narrower concept “Highlighting”.
- “Highlighting” has the broader concept “Annotazione”."
https://vocabs.dariah.eu/tadirah/identifier,Source,Class,identifier,"In digital humanities, an identifier is a name that identifies either a unique object or a unique class of objects. (Source: Wikidata Q853614)","- “Identificazione” has narrower concept “Identifier”.
- “Identifier” has broader concept “Identificazione”."
https://vocabs.dariah.eu/tadirah/identifier,Source,Class,identifier,"In digital humanities, an identifier is a name that identifies either a unique object or a unique class of objects—such as a specific manuscript, dataset, person, place, or concept—so it can be unambiguously referenced, linked, and retrieved across systems (e.g., a URI, DOI, or a Wikidata Q-number like Q853614).","- “Identificazione” has the narrower concept “Identifier”.
- “Identifier” has the broader concept “Identificazione”."
https://vocabs.dariah.eu/tadirah/identifying,Source,Class,identificazione,"In digital humanities, “Identificazione” means the activity of naming and/or assigning identifiers—often unique and/or persistent (e.g., words, numbers, letters, symbols, or their combinations)—to objects of enquiry or to any kind of digital object.","- “Análise de conteúdo” has narrower concept “Identificazione”.
- “Análisis de redes” has narrower concept “Identificazione”.
- “Conservazione” has narrower concept “Identificazione”.
- “Digital Object Identifier” has broader concept “Identificazione”.
- “Identifier” has broader concept “Identificazione”.
- “Naming Convention” has broader concept “Identificazione”.
- “Persistent Identifier” has broader concept “Identificazione”.
- “Uniform Resource Identifier” has broader concept “Identificazione”.
- “Релациона анализа” has narrower concept “Identificazione”.
- “Identificazione” has broader concepts “Análise de conteúdo”, “Análisis de redes”, “Conservazione”, “Релациона анализа”.
- “Identificazione” is close match of “identifying”.
- “Identificazione” has narrower concepts “Digital Object Identifier”, “Identifier”, “Naming Convention”, “Persistent Identifier”, “Uniform Resource Identifier”."
https://vocabs.dariah.eu/tadirah/identifying,Source,Class,identificazione,"In digital humanities, “Identificazione” means the activity of naming and/or assigning identifiers—often unique and persistent (e.g., words, numbers, letters, symbols, or their combinations)—to objects of enquiry or any kind of digital object, so they can be unambiguously referenced, managed, and retrieved.","- “Análise de conteúdo” has narrower concept “Identificazione”.
- “Análisis de redes” has narrower concept “Identificazione”.
- “Conservazione” has narrower concept “Identificazione”.
- “Digital Object Identifier” has broader concept “Identificazione”.
- “Identifier” has broader concept “Identificazione”.
- “Naming Convention” has broader concept “Identificazione”.
- “Persistent Identifier” has broader concept “Identificazione”.
- “Uniform Resource Identifier” has broader concept “Identificazione”.
- “Релациона анализа” has narrower concept “Identificazione”.
- “Identificazione” has broader concepts “Análise de conteúdo”, “Análisis de redes”, “Conservazione”, “Релациона анализа”.
- “Identificazione” is close match of “identifying”.
- “Identificazione” has narrower concepts “Digital Object Identifier”, “Identifier”, “Naming Convention”, “Persistent Identifier”, “Uniform Resource Identifier”."
https://vocabs.dariah.eu/tadirah/imaging,Source,Class,gestione delle immagini,"In digital humanities, “Gestione delle Immagini” (Image Management) is the set of practices, tools, and workflows for organizing, describing, preserving, and providing access to image data produced by imaging processes (2D/3D captures of texts, images, artifacts, or spatial formations via light, laser, infrared, ultrasound). It covers tasks like file naming and versioning, metadata and documentation, storage and backup, format normalization, quality control, rights management, and dissemination—without assuming the images contain identified discrete semantic units (e.g., words or notes).","- “Gestione delle Immagini” is a narrower concept of “Acquisizione”.
- “Photographing” is a broader concept of “Gestione delle Immagini”.
- “Scanning” is a broader concept of “Gestione delle Immagini”.
- “Gestione delle Immagini” is a broader concept of “Acquisizione”.
- “Gestione delle Immagini” closely matches “imaging”.
- “Photographing” is a narrower concept of “Gestione delle Immagini”.
- “Scanning” is a narrower concept of “Gestione delle Immagini”."
https://vocabs.dariah.eu/tadirah/imaging,Source,Class,gestione delle immagini,"In digital humanities, “Gestione delle Immagini” (Image Management) means the organized handling of imaging data across its lifecycle: planning, acquisition (2D/3D via optical/acoustic methods like light, laser, infrared, ultrasound), file ingest, metadata and provenance recording, storage and preservation, quality control, versioning, access control, dissemination, and linkage to research workflows. It treats images as data assets without presuming identification of discrete semantic units (e.g., words or notes).","- “Acquisizione” has narrower concept “Gestione delle Immagini”.
- “Photographing” has broader concept “Gestione delle Immagini”.
- “Scanning” has broader concept “Gestione delle Immagini”.
- “Gestione delle Immagini” has broader concept “Acquisizione”.
- “Gestione delle Immagini” has close match “imaging”.
- “Gestione delle Immagini” has narrower concepts “Photographing” and “Scanning”."
https://vocabs.dariah.eu/tadirah/improving,Source,Class,improving,"In digital humanities, “improving” means a process where something moves from one state to a better state, typically through deliberate actions intended to produce that better state. (Per Wikidata Q21255975)","- “Improving” is a broader concept of “Limpieza de datos.”
- “Limpieza de datos” is a narrower concept of “Improving.”"
https://vocabs.dariah.eu/tadirah/improving,Source,Class,improving,"In digital humanities, “Improving” refers to the process of moving something (e.g., data, tools, methods, interfaces, or workflows) from one state to a better one, typically through deliberate actions intended to achieve that better state. This follows the Wikidata definition: a process of change from one state to another considered better, usually via intentional intervention.","- “Improving” is a broader concept than “Limpieza de datos.”
- “Limpieza de datos” is a narrower concept than “Improving.”"
https://vocabs.dariah.eu/tadirah/informationMining,Source,Class,information mining,"In digital humanities, “information mining” refers to the systematic extraction of meaningful information from large, often unstructured cultural or textual datasets using computational methods (e.g., pattern detection, classification, clustering, and relation extraction). It aims to discover hidden patterns, trends, and relationships in humanities data. This aligns with Wikidata item Q98847165, which treats information mining as applying data mining–like techniques to humanities sources.","- Extracting has narrower concept Information Mining.
- Information Mining has broader concept Extracting."
https://vocabs.dariah.eu/tadirah/informationMining,Source,Class,information mining,"In digital humanities, “Information Mining” refers to extracting structured knowledge from large volumes of unstructured or semi-structured digital cultural data (texts, images, metadata, etc.) using computational methods (e.g., text mining, pattern detection, entity extraction). It emphasizes discovering patterns, entities, and relationships to support humanities research. (Source: Wikidata item Q98847165)","- Extracting has narrower concept Information Mining.
- Information Mining has broader concept Extracting."
https://vocabs.dariah.eu/tadirah/informationRetrieval,Source,Class,information retrieval,"In digital humanities, Information Retrieval is the activity of obtaining information resources relevant to a specific information need from a collection of information resources. (Source: Wikidata Q816826)","- “Análise de conteúdo” has a narrower concept: “Information Retrieval”.
- “Localización” has a narrower concept: “Information Retrieval”.
- “Information Retrieval” has a broader concept: “Análise de conteúdo”.
- “Information Retrieval” has a broader concept: “Localización”."
https://vocabs.dariah.eu/tadirah/informationRetrieval,Source,Class,information retrieval,"In digital humanities, Information Retrieval is the activity of obtaining information resources relevant to an information need from a collection of information resources.","- “Análise de conteúdo” has narrower concept “Information Retrieval”.
- “Localización” has narrower concept “Information Retrieval”.
- “Information Retrieval” has broader concepts “Análise de conteúdo” and “Localización”."
https://vocabs.dariah.eu/tadirah/instantMessaging,Source,Class,instant messaging,"Instant messaging is a form of communication over the Internet that enables users to exchange messages in real time. In digital humanities, it can serve as a tool for rapid collaboration, coordination, and informal scholarly exchange among researchers and project teams.","- Communicating has the narrower concept Instant Messaging.
- Instant Messaging has the broader concept Communicating."
https://vocabs.dariah.eu/tadirah/instantMessaging,Source,Class,instant messaging,"Instant Messaging is a form of real-time, text-based communication over the Internet, enabling users to exchange messages instantly. In digital humanities, it serves as a tool for collaborative research, coordination, and rapid scholarly communication. (Source: Wikidata Q58199)","- “Communicating” has narrower concept “Instant Messaging”.
- “Instant Messaging” has broader concept “Communicating”."
https://vocabs.dariah.eu/tadirah/integrating,Source,Class,integrating,"In digital humanities, “Integrating” refers to bringing together heterogeneous digital resources, methods, or data—such as texts, metadata, tools, and platforms—into a unified framework so they can interoperate, be analyzed jointly, and provide cohesive access and interpretation. (See Wikidata item Q98847635.)","- “Contestualizzazione” has narrower concept “Integrating”.
- “Integrating” has broader concept “Contestualizzazione”."
https://vocabs.dariah.eu/tadirah/integrating,Source,Class,integrating,"In digital humanities, “integrating” refers to combining heterogeneous digital resources—data, tools, methods, or platforms—into a unified framework so they can interoperate for analysis, curation, or presentation. It emphasizes linking datasets, standardizing formats/metadata, and connecting workflows to enable holistic research. (See Wikidata item Q98847635.)","- “Contestualizzazione” has narrower concept “Integrating”.
- “Integrating” has broader concept “Contestualizzazione”."
https://vocabs.dariah.eu/tadirah/interpreting,Source,Class,interpretazione,"In digital humanities, interpretation (Interpretazione) is the activity of explaining and ascribing intended meaning to phenomena identified through analysis. It typically follows analysis but can also shape the hermeneutic perspective of any analytical method. It involves:
- Contextualization: opening the phenomenon to broader debate.
- Theorizing: using deductive and inductive reasoning.
- Modeling: formalizing specific aspects.","- “Contestualizzazione” is a broader concept under “Interpretazione”.
- “Modélisation” is a broader concept under “Interpretazione”.
- In the TaDiRAH scheme, “Interpretazione” is a top concept.
- “Teorización” is a broader concept under “Interpretazione”.
- “Interpretazione” closely matches “5_interpretation”.
- “Interpretazione” has narrower concepts: “Contestualizzazione”, “Modélisation”, and “Teorización”.
- “Interpretazione” is a top concept of “TaDiRAH”."
https://vocabs.dariah.eu/tadirah/interpreting,Source,Class,interpretazione,"In digital humanities, “interpretazione” is the activity of explaining and assigning intended meaning to phenomena identified through analysis. It typically follows analysis, but also frames the hermeneutic perspective of any analytical method. It involves:
- Contextualization: opening the phenomenon to broader debate.
- Theorizing: using deductive and inductive reasoning.
- Modeling: formalizing specific aspects.","- “Contestualizzazione” is a broader concept of “Interpretazione”.
- “Modélisation” is a broader concept of “Interpretazione”.
- “Interpretazione” is a top concept of “TaDiRAH”.
- “Teorización” is a broader concept of “Interpretazione”.
- “Interpretazione” closely matches “5_interpretation”.
- “Contestualizzazione” is a narrower concept of “Interpretazione”.
- “Modélisation” is a narrower concept of “Interpretazione”.
- “Teorización” is a narrower concept of “Interpretazione”.
- “TaDiRAH” has top concept “Interpretazione”."
https://vocabs.dariah.eu/tadirah/knowledgeDiscovery,Source,Class,knowledge discovery,"In digital humanities, “Knowledge Discovery” refers to the computational process of uncovering new, meaningful patterns, relationships, or insights from large, heterogeneous cultural data (texts, images, metadata, etc.). It involves methods like data mining, machine learning, and visualization to detect previously unknown connections and generate interpretive knowledge. (Source: Wikidata item Q98847144)","- Extracting has narrower concept Knowledge Discovery.
- Knowledge Discovery has broader concept Extracting."
https://vocabs.dariah.eu/tadirah/knowledgeDiscovery,Source,Class,knowledge discovery,"In digital humanities, Knowledge Discovery refers to the computational process of extracting novel, meaningful patterns and insights from large, complex cultural datasets (e.g., texts, images, metadata). It involves methods like data mining, pattern recognition, and machine learning to reveal relationships and structures not readily apparent. (Source: Wikidata item Q98847144)","- Extracting has narrower concept Knowledge Discovery.
- Knowledge Discovery has broader concept Extracting."
https://vocabs.dariah.eu/tadirah/knowledgeExtraction,Source,Class,knowledge extraction,"In digital humanities, knowledge extraction is the process of creating knowledge from structured and unstructured sources—identifying, retrieving, and organizing facts, entities, and relationships from materials like texts, databases, images, or metadata to produce usable, structured knowledge (e.g., in knowledge graphs).","- Extracting has narrower concept Knowledge Extraction.
- Knowledge Extraction has broader concept Extracting."
https://vocabs.dariah.eu/tadirah/knowledgeExtraction,Source,Class,knowledge extraction,"In digital humanities, knowledge extraction is the process of creating structured knowledge from both structured and unstructured sources—such as texts, images, databases, and metadata—by automatically identifying, capturing, and organizing entities, relationships, and facts. It turns raw cultural and historical materials into machine-readable knowledge (e.g., RDF triples), enabling analysis, linking (e.g., to Wikidata), and reuse.","- Extracting has narrower concept Knowledge Extraction.
- Knowledge Extraction has broader concept Extracting."
https://vocabs.dariah.eu/tadirah/lemmatizing,Source,Class,lemmatizing,"Lemmatizing is the process of reducing words to their base or dictionary form (lemma) based on context and part of speech—for example, “running,” “ran,” and “runs” to “run.” In digital humanities, it helps normalize textual data for analysis. (See Wikidata Q2554325.)","- “Conversión” has the narrower concept “Lemmatizing”.
- “Lemmatizing” has the broader concept “Conversión”."
https://vocabs.dariah.eu/tadirah/lemmatizing,Source,Class,lemmatizing,"Lemmatizing is the process of reducing word forms to their base or dictionary form (the lemma), using vocabulary and morphological analysis—for example, mapping “running,” “ran,” and “runs” to “run.” In digital humanities, it helps normalize textual data for analysis. (See: Wikidata Q2554325.)","- “Conversión” has the narrower concept “Lemmatizing”.
- “Lemmatizing” has the broader concept “Conversión”."
https://vocabs.dariah.eu/tadirah/lettering,Source,Class,lettering,"In digital humanities, “lettering” refers to the creation of hand-drawn letters used in graphic design and typography—distinct from typesetting with preexisting fonts—emphasizing custom, illustrative letterforms. (Source: Wikidata Q5538738)","- “Escrita” has the narrower concept “Lettering”.
- “Lettering” has the broader concept “Escrita”."
https://vocabs.dariah.eu/tadirah/lettering,Source,Class,lettering,"In digital humanities, “lettering” refers to the creation of hand-drawn letters used in graphic design and typography—distinct from selecting pre-existing fonts—emphasizing custom, crafted letterforms for visual communication (Wikidata Q5538738).","- “Escrita” has the narrower concept “Lettering”.
- “Lettering” has the broader concept “Escrita”."
https://vocabs.dariah.eu/tadirah/linkedOpenData,Source,Class,linked open data,"Linked Open Data (in digital humanities): structured data published on the web using Linked Data principles (URIs, RDF, interlinking) and made freely reusable under an open license, enabling datasets (e.g., from archives, libraries, museums) to be connected and queried across the web.","- “Annotazione” has narrower concept “Linked Open Data”.
- “Објављивање” has narrower concept “Linked Open Data”.
- “Linked Open Data” has broader concept “Annotazione”.
- “Linked Open Data” has broader concept “Објављивање”."
https://vocabs.dariah.eu/tadirah/linkedOpenData,Source,Class,linked open data,"In digital humanities, Linked Open Data means datasets that are both linked (using web standards like URIs and RDF to interconnect data across sources) and open (available under an open license), enabling integration, reuse, and discovery across cultural and scholarly resources.","- “Annotazione” has narrower concept “Linked Open Data”.
- “Објављивање” has narrower concept “Linked Open Data”.
- “Linked Open Data” has broader concept “Annotazione”.
- “Linked Open Data” has broader concept “Објављивање”."
https://vocabs.dariah.eu/tadirah/machineLearning,Source,Class,machine learning,"In digital humanities, machine learning is a branch of statistics and computer science that develops algorithms and architectures which learn patterns from observed data (e.g., texts, images, metadata) to support tasks like classification, clustering, prediction, and pattern discovery.","- “Análise de conteúdo” has narrower concept “Machine Learning”.
- “Stilistische Analyse” has narrower concept “Machine Learning”.
- “Structural Analysis” has narrower concept “Machine Learning”.
- “Релациона анализа” has narrower concept “Machine Learning”.
- “Machine Learning” has broader concepts “Análise de conteúdo”, “Stilistische Analyse”, “Structural Analysis”, and “Релациона анализа”."
https://vocabs.dariah.eu/tadirah/machineLearning,Source,Class,machine learning,"In digital humanities, Machine Learning is a branch of statistics and computer science that develops algorithms and architectures which learn patterns from observed data (e.g., texts, images, metadata) to assist with tasks like classification, clustering, annotation, and analysis. (Source: Wikidata Q2539)","- “Análise de conteúdo” has the narrower concept “Machine Learning”.
- “Stilistische Analyse” has the narrower concept “Machine Learning”.
- “Structural Analysis” has the narrower concept “Machine Learning”.
- “Релациона анализа” has the narrower concept “Machine Learning”.
- “Machine Learning” has the broader concept “Análise de conteúdo”.
- “Machine Learning” has the broader concept “Stilistische Analyse”.
- “Machine Learning” has the broader concept “Structural Analysis”.
- “Machine Learning” has the broader concept “Релациона анализа”."
https://vocabs.dariah.eu/tadirah/managing,Source,Class,managing,"In digital humanities, “managing” means exercising influence or authority over, and directing the operation of, digital tools, data, workflows, or projects—for example, overseeing datasets, software systems, or research processes to achieve scholarly goals.","- “Managing” is broader concept of “Organizzazione”.
- “Organizzazione” has narrower concept “Managing”."
https://vocabs.dariah.eu/tadirah/managing,Source,Class,managing,"In digital humanities, “managing” means exercising influence or authority over, and directing the operation of, digital tools, systems, data, or processes—such as coordinating datasets, workflows, platforms, or projects to ensure they function effectively and achieve research or cultural heritage goals.","- “Managing” is a broader concept of “Organizzazione”.
- “Organizzazione” has the narrower concept “Managing”."
https://vocabs.dariah.eu/tadirah/mapping,Source,Class,mapping,"In digital humanities, a mapping is a binary relation that is left-total on its input set—that is, for every element in the input set, there is at least one associated element in the output set. (Wikidata Q370502)","- “Contestualizzazione” has the narrower concept “Mapping”.
- “Visualização” has the narrower concept “Mapping”.
- “Mapping” has the broader concepts “Contestualizzazione” and “Visualização”."
https://vocabs.dariah.eu/tadirah/mapping,Source,Class,mapping,"In digital humanities, a mapping is a binary relation that is left-total—i.e., for every element in the input set, there is at least one associated element in the output set. This formalizes how items (e.g., texts, entities, places) are systematically linked to other items or categories.","- “Contestualizzazione” has narrower concept “Mapping”.
- “Visualização” has narrower concept “Mapping”.
- “Mapping” has broader concept “Contestualizzazione”.
- “Mapping” has broader concept “Visualização”."
https://vocabs.dariah.eu/tadirah/merging,Source,Class,merging,"In digital humanities, “merging” refers to combining two or more duplicate or closely related entity records into a single, authoritative record, consolidating their statements, identifiers, and provenance. On Wikidata (Q98848337), this is the process of unifying duplicate items so that data and links are preserved under one item and redirects are created from the merged items.","- Editing has narrower concept Merging.
- Merging has broader concept Editing."
https://vocabs.dariah.eu/tadirah/merging,Source,Class,merging,"In digital humanities, “merging” refers to combining duplicate or overlapping data records into a single, consolidated record. According to Wikidata item Q98848337, it involves unifying entries that represent the same entity to reduce redundancy, preserve provenance, and maintain data integrity across datasets or knowledge bases.","- “Editing” has narrower concept “Merging”.
- “Merging” has broader concept “Editing”."
https://vocabs.dariah.eu/tadirah/microblogging,Source,Class,microblogging,"Microblogging is a broadcast medium where users post very short updates—text, links, images, or videos—to a public or semi-public stream (e.g., Twitter/X, Mastodon, Tumblr). In digital humanities, it serves for rapid scholarly communication, dissemination of research, community building, and real-time commentary on events, leveraging the brevity and broadcast nature described in Wikidata Q92438.","- “Microblogging” is a narrower concept of “Communicating.”
- “Communicating” is a broader concept of “Microblogging.”"
https://vocabs.dariah.eu/tadirah/microblogging,Source,Class,microblogging,"Microblogging is a form of online broadcasting where users post very short, frequent updates—often text, links, images, or video—to a public or semi-public stream. In digital humanities, it serves as a lightweight, real-time medium for sharing research insights, resources, event updates, and community discourse.","- “Communicating” has narrower concept “Microblogging”.
- “Microblogging” has broader concept “Communicating”."
https://vocabs.dariah.eu/tadirah/migration,Source,Class,migration,"In digital humanities, migration is the process of selecting, preparing, extracting, and transforming data and permanently transferring it from one computer storage system to another.","- “Migration” is a broader concept than “Preservação”.
- “Preservação” has the narrower concept “Migration”."
https://vocabs.dariah.eu/tadirah/migration,Source,Class,migration,"In digital humanities, migration is the process of selecting, preparing, extracting, transforming, and permanently transferring data from one computer storage system to another. (Source: Wikidata Q1932543, accessed July 30, 2020)","- “Migration” is broader than “Preservação”.
- “Preservação” has the narrower concept “Migration”."
https://vocabs.dariah.eu/tadirah/mindMapping,Source,Class,mind mapping,"Mind mapping is a visual method of organizing information by placing a central concept in the middle and connecting related ideas as branching nodes. In digital humanities, it is used to structure, explore, and present relationships among concepts, sources, or research questions, aiding brainstorming, analysis, and collaborative knowledge representation. (Source: Wikidata Q98846887)","- “Mind Mapping” is a broader concept of “Visualização”. (from: ""Mind Mapping"" skos:broader ""Visualização"")
- “Visualização” has the narrower concept “Mind Mapping”. (from: ""Visualização"" skos:narrower ""Mind Mapping"")"
https://vocabs.dariah.eu/tadirah/mindMapping,Source,Class,mind mapping,"In digital humanities, mind mapping is a visual method for organizing, exploring, and representing ideas, concepts, and relationships—typically as a node-and-branch diagram—to support brainstorming, analysis, and knowledge structuring. It helps scholars map connections among texts, data, themes, and entities. (See: Wikidata Q98846887.)","- “Mind Mapping” is a broader concept of “Visualização”.
- “Visualização” has the narrower concept “Mind Mapping”."
https://vocabs.dariah.eu/tadirah/modeling,Source,Class,mod lisation,"In digital humanities, “modélisation” (modeling) is the creation of an abstract, often interactive, machine-readable representation of a complex phenomenon. It entails:

- Designing a schema that explicitly defines the elements and structure of the object of inquiry.
- Transforming/manipulating digital objects to make them compatible with that schema.
- Potentially enabling simulation or other interactive operations based on the model.","- “Data Mapping” is a broader concept of “Modélisation”.
- “Interpretazione” is a narrower concept of “Modélisation”.
- “Transformation” is a broader concept of “Modélisation”.
- “Modélisation” is a broader concept of “Interpretazione”.
- “Modélisation” closely matches “modeling”.
- “Modélisation” is a narrower concept of “Data Mapping”.
- “Modélisation” is a narrower concept of “Transformation”."
https://vocabs.dariah.eu/tadirah/modeling,Source,Class,mod lisation,"In digital humanities, modélisation (modeling) is the creation of an abstract, often machine-readable representation of a complex phenomenon or object of inquiry—potentially interactive or simulatory—by defining a schema that explicitly describes its elements and structure, and by transforming/manipulating digital objects to make them compatible with that schema.","- “Data Mapping” is a broader concept of “Modélisation”.
- “Interpretazione” has a narrower concept “Modélisation”.
- “Transformation” is a broader concept of “Modélisation”.
- “Modélisation” is a broader concept of “Interpretazione”.
- “Modélisation” closely matches “modeling”.
- “Modélisation” has narrower concepts “Data Mapping” and “Transformation”."
https://vocabs.dariah.eu/tadirah/modifying,Source,Class,modifying,"In digital humanities, “Modifying” refers to changing or adapting existing digital objects, data, or content—such as editing texts, updating metadata, altering code, or transforming datasets—to improve, correct, repurpose, or contextualize them. (Source: Wikidata item Q98848358)","- Editing has narrower concept Modifying.
- Modifying has broader concept Editing."
https://vocabs.dariah.eu/tadirah/modifying,Source,Class,modifying,"In digital humanities (per Wikidata item Q98848358), “Modifying” refers to an activity where a user edits existing digital content or data—changing, updating, correcting, or improving it—rather than creating new content from scratch.","- “Editing” has the narrower concept “Modifying”.
- “Modifying” has the broader concept “Editing”."
https://vocabs.dariah.eu/tadirah/namedEntityRecognition,Source,Class,named entity recognition,"Named Entity Recognition (NER) is the extraction of named entity mentions in unstructured text into pre-defined categories (e.g., people, places, organizations) within digital humanities.","- Analyse spatiale has narrower concept Named Entity Recognition.
- Annotazione has narrower concept Named Entity Recognition.
- Análise de conteúdo has narrower concept Named Entity Recognition.
- Análisis de redes has narrower concept Named Entity Recognition.
- Named Entity Recognition has broader concept Analyse spatiale.
- Named Entity Recognition has broader concept Annotazione.
- Named Entity Recognition has broader concept Análise de conteúdo.
- Named Entity Recognition has broader concept Análisis de redes."
https://vocabs.dariah.eu/tadirah/namedEntityRecognition,Source,Class,named entity recognition,"Named Entity Recognition (NER) is the extraction of named entity mentions in unstructured text into pre-defined categories (e.g., persons, organizations, locations), as defined in Wikidata item Q403574, commonly used in digital humanities to structure textual data for analysis.","- “Analyse spatiale” has narrower concept “Named Entity Recognition”.
- “Annotazione” has narrower concept “Named Entity Recognition”.
- “Análise de conteúdo” has narrower concept “Named Entity Recognition”.
- “Análisis de redes” has narrower concept “Named Entity Recognition”.
- “Named Entity Recognition” has broader concepts “Analyse spatiale”, “Annotazione”, “Análise de conteúdo”, and “Análisis de redes”."
https://vocabs.dariah.eu/tadirah/namingConvention,Source,Class,naming convention,"In digital humanities, a naming convention is a set of rules for consistently naming entities—such as variables, data fields, files, functions, or types—so they are clear, predictable, and interoperable across projects and tools. (Cf. Wikidata Q461984: rules for naming variables, types, functions, etc. in programming.)","- “Identificazione” has the narrower concept “Naming Convention”.
- “Naming Convention” has the broader concept “Identificazione”."
https://vocabs.dariah.eu/tadirah/namingConvention,Source,Class,naming convention,"In digital humanities, a naming convention is a set of rules for how to name things—such as files, variables, data fields, types, or functions—so that names are consistent, predictable, and understandable across projects and collaborators (cf. Wikidata Q461984).","- “Identificazione” has narrower concept “Naming Convention”.
- “Naming Convention” has broader concept “Identificazione”."
https://vocabs.dariah.eu/tadirah/naturalLanguageProcessing,Source,Class,natural language processing,"Natural Language Processing (NLP) is a field at the intersection of computer science and linguistics that develops computational methods to analyze, understand, and generate human language. In digital humanities, NLP is used to process and interpret large corpora of texts—for tasks like tokenization, part-of-speech tagging, named entity recognition, topic modeling, sentiment analysis, and stylistic or authorship analysis—to support scholarly research on language, literature, history, and culture.","- “Conversión” has a more specific concept: “Natural Language Processing.”
- “Natural Language Processing” has a broader concept: “Conversión.”"
https://vocabs.dariah.eu/tadirah/naturalLanguageProcessing,Source,Class,natural language processing,"Natural Language Processing (NLP) is a field at the intersection of computer science and linguistics that develops computational methods to analyze, understand, and generate human language. In digital humanities, NLP is used to process and interpret large corpora of texts—e.g., for tasks like tokenization, part-of-speech tagging, named entity recognition, topic modeling, sentiment analysis, and authorship attribution—to support humanities research at scale.","- “Conversión” has a narrower concept: “Natural Language Processing.”
- “Natural Language Processing” has a broader concept: “Conversión.”"
https://vocabs.dariah.eu/tadirah/networkAnalysis,Source,Class,an lisis de redes,"En humanidades digitales, “Análisis de redes” es el método para estudiar relaciones entre entidades (reales o ficticias) en una red mediada. La red resultante se representa como nodos (entidades: personas, personajes, textos, instituciones) y aristas (relaciones: correspondencia, coaparición, citación, colaboración), aplicando medidas y visualizaciones para entender estructuras, centralidades y comunidades en corpus sociales, académicos o literarios.","- “Análisis” has the narrower concept “Análisis de redes”.
- “Identificazione” is a broader concept of “Análisis de redes”.
- “Named Entity Recognition” is a broader concept of “Análisis de redes”.
- “Análisis de redes” is a broader concept of “Análisis”.
- “Análisis de redes” closely matches “network-analysis”.
- “Análisis de redes” has the narrower concepts “Identificazione” and “Named Entity Recognition”."
https://vocabs.dariah.eu/tadirah/networkAnalysis,Source,Class,an lisis de redes,"Análisis de redes, en humanidades digitales, es el método para estudiar las relaciones entre entidades (personajes, autores, instituciones, conceptos) en un sistema mediado. Se modela como un grafo compuesto por nodos (las entidades) y aristas (las relaciones), aplicado a redes sociales o académicas en línea, correspondencia, o textos literarios, para identificar estructuras, roles y patrones de interacción.","- “Análisis” has narrower concept “Análisis de redes”.
- “Identificazione” is a broader concept of “Análisis de redes”.
- “Named Entity Recognition” is a broader concept of “Análisis de redes”.
- “Análisis de redes” is a broader concept of “Análisis”.
- “Análisis de redes” closely matches “network-analysis”.
- “Análisis de redes” has narrower concepts “Identificazione” and “Named Entity Recognition”."
https://vocabs.dariah.eu/tadirah/opticalCharacterRecognition,Source,Class,optical character recognition,"Optical Character Recognition (OCR) is the computational process of converting scanned images of printed or handwritten text into machine-readable, editable text—enabling search, analysis, and data extraction in digital humanities projects (cf. Wikidata Q167555).","- “Optical Character Recognition” is a broader concept’s narrower term of “Riconoscimento dei Dati”.
- “Riconoscimento dei Dati” has the narrower concept “Optical Character Recognition”."
https://vocabs.dariah.eu/tadirah/opticalCharacterRecognition,Source,Class,optical character recognition,"Optical Character Recognition (OCR) is the automated process of converting images of printed or handwritten text—such as scanned pages or photos—into machine-readable, searchable text. In digital humanities, OCR enables large-scale text digitization and analysis of historical documents. [Source: Wikidata Q167555]","- “Optical Character Recognition” is a broader concept of “Riconoscimento dei Dati”.
- “Riconoscimento dei Dati” has the narrower concept “Optical Character Recognition”."
https://vocabs.dariah.eu/tadirah/opticalMusicRecognition,Source,Class,optical music recognition,"Optical Music Recognition (OMR) is the computational process of automatically detecting, interpreting, and converting the symbols in scanned or photographed music notation into machine-readable formats (e.g., MusicXML), enabling digital analysis, editing, and reuse—an approach widely used in digital humanities for processing historical and contemporary musical sources.","- Optical Music Recognition is a broader concept of Riconoscimento dei Dati.
- Riconoscimento dei Dati has the narrower concept Optical Music Recognition."
https://vocabs.dariah.eu/tadirah/opticalMusicRecognition,Source,Class,optical music recognition,"Optical Music Recognition (OMR) is the process of automatically detecting and converting printed or handwritten musical notation in images or scanned scores into a machine-readable format, enabling digital analysis, editing, and playback—analogous to OCR but for music notation. (Source: Wikidata Q1243229)","- “Optical Music Recognition” is a broader concept’s child of “Riconoscimento dei Dati”.
- “Riconoscimento dei Dati” has the narrower concept “Optical Music Recognition”."
https://vocabs.dariah.eu/tadirah/organizing,Source,Class,organizzazione,"In digital humanities, “Organizzazione” means arranging research materials (e.g., datasets, images, texts) to facilitate research activities, including creating and enhancing metadata to support discovery and access.","- “Conservazione” is a narrower concept of “Organizzazione”.
- “Finding” is a broader concept of “Organizzazione”.
- “Kollaboration” is a narrower concept of “Organizzazione”.
- “Managing” is a broader concept of “Organizzazione”.
- “Troca” is a broader concept of “Organizzazione”.
- “Organizzazione” is a broader concept of “Conservazione” and “Kollaboration”.
- “Organizzazione” closely matches “organizing”.
- “Organizzazione” has narrower concepts “Finding”, “Managing”, and “Troca”."
https://vocabs.dariah.eu/tadirah/organizing,Source,Class,organizzazione,"In digital humanities, “Organizzazione” means arranging research materials (data sets, images, texts, etc.) to enable and streamline other research tasks. It also includes supporting discovery through creating and enhancing metadata.","- “Conservazione” has narrower concept “Organizzazione”.
- “Finding” has broader concept “Organizzazione”.
- “Kollaboration” has narrower concept “Organizzazione”.
- “Managing” has broader concept “Organizzazione”.
- “Troca” has broader concept “Organizzazione”.
- “Organizzazione” has broader concepts “Conservazione” and “Kollaboration”.
- “Organizzazione” closely matches “organizing”.
- “Organizzazione” has narrower concepts “Finding”, “Managing”, and “Troca”."
https://vocabs.dariah.eu/tadirah/parsing,Source,Class,parsing,"In digital humanities, parsing is the process of analyzing a string of symbols—such as text, code, or structured data—according to the rules of a formal grammar to determine its structure and meaning.","- “Conversión” has narrower concept “Parsing”.
- “Parsing” has broader concept “Conversión”."
https://vocabs.dariah.eu/tadirah/parsing,Source,Class,parsing,"In digital humanities, parsing is the process of analyzing a string of symbols—such as text, code, or structured data—according to the rules of a formal grammar to identify its components and structure. This enables tasks like extracting metadata, tagging parts of speech, or converting texts into machine-readable formats for analysis.","- ""Conversión"" has the narrower concept ""Parsing"".
- ""Parsing"" has the broader concept ""Conversión""."
https://vocabs.dariah.eu/tadirah/patternRecognition,Source,Class,pattern recognition,"Pattern recognition is a branch of machine learning that identifies and classifies regularities in data—such as recurring forms, features, or structures. In digital humanities, it is used to detect patterns in cultural data (e.g., texts, images, audio, or metadata) to support tasks like authorship attribution, topic detection, stylistic analysis, motif or iconography recognition, and clustering of similar artifacts.","- “Pattern Recognition” has broader concept “Релациона анализа”.
- “Релациона анализа” has narrower concept “Pattern Recognition”."
https://vocabs.dariah.eu/tadirah/patternRecognition,Source,Class,pattern recognition,"Pattern recognition is a branch of machine learning focused on automatically identifying regularities (patterns) in data—such as texts, images, or signals—to categorize, cluster, or interpret them. In digital humanities, it supports tasks like detecting themes, styles, authorship, or visual/textual motifs across large cultural datasets.","- “Pattern Recognition” has broader concept “Релациона анализа”.
- “Релациона анализа” has narrower concept “Pattern Recognition”."
https://vocabs.dariah.eu/tadirah/persistentIdentifier,Source,Class,persistent identifier,"In digital humanities, a Persistent Identifier is a long-lasting digital name assigned to a resource (e.g., a document, dataset, person, or concept) that remains stable over time, ensuring reliable referencing and access even if the resource’s location or metadata changes. Examples include DOIs, ARKs, and Wikidata Q-IDs (e.g., Q420330).","- “Identificazione” has narrower concept “Persistent Identifier.”
- “Persistent Identifier” has broader concept “Identificazione.”"
https://vocabs.dariah.eu/tadirah/persistentIdentifier,Source,Class,persistent identifier,"In digital humanities, a Persistent Identifier (PID) is a long-lasting digital name that reliably and permanently identifies a resource (e.g., a text, dataset, object) over time, even if its location or metadata changes.","- “Identificazione” has the narrower concept “Persistent Identifier.”
- “Persistent Identifier” has the broader concept “Identificazione.”"
https://vocabs.dariah.eu/tadirah/photographing,Source,Class,photographing,"In digital humanities, photographing refers to the art, science, and practice of creating durable images by recording light or other electromagnetic radiation—typically to document, analyze, or disseminate cultural, historical, or scholarly materials.","- “Gestione delle Immagini” has narrower concept “Photographing”.
- “Photographing” has broader concept “Gestione delle Immagini”."
https://vocabs.dariah.eu/tadirah/photographing,Source,Class,photographing,"In digital humanities, photographing refers to the art, science, and practice of creating durable images by recording light or other electromagnetic radiation—used to document, analyze, and interpret cultural artifacts, texts, and environments. (Source: Wikidata Q11633)","- “Gestione delle Immagini” has narrower concept “Photographing”.
- “Photographing” has broader concept “Gestione delle Immagini”."
https://vocabs.dariah.eu/tadirah/plotting,Source,Class,plotting,"In digital humanities, plotting is the process of creating visual representations (graphs, charts, maps, or other plots) from data to analyze, interpret, and communicate patterns, relationships, or trends in cultural, historical, or textual datasets. (Source: Wikidata Q98846923)","- “Plotting” is a broader concept’s child of “Visualização”.
- “Visualização” has the narrower concept “Plotting”."
https://vocabs.dariah.eu/tadirah/plotting,Source,Class,plotting,"In digital humanities, “plotting” refers to the visual representation of data—such as texts, metadata, spatial or temporal information—through charts, graphs, maps, or other visualizations to reveal patterns, trends, or relationships. (Source: Wikidata Q98846923)","- “Plotting” is a broader concept’s subordinate of “Visualização.” (Plotting has broader: Visualização)
- “Visualização” has the narrower concept “Plotting.”"
https://vocabs.dariah.eu/tadirah/posTagging,Source,Class,pos tagging,"In digital humanities, POS-tagging (part-of-speech tagging) is the process of identifying the grammatical type of words in a text (e.g., noun, verb, adjective).","- “Annotazione” has the narrower concept “POS-Tagging”.
- “Structural Analysis” has the narrower concept “POS-Tagging”.
- “POS-Tagging” has the broader concepts “Annotazione” and “Structural Analysis”."
https://vocabs.dariah.eu/tadirah/posTagging,Source,Class,pos tagging,"In digital humanities, POS-tagging (part-of-speech tagging) is the process of identifying the grammatical type of each word in a text (e.g., noun, verb, adjective).","- Annotazione has narrower concept POS-Tagging.
- Structural Analysis has narrower concept POS-Tagging.
- POS-Tagging has broader concept Annotazione.
- POS-Tagging has broader concept Structural Analysis."
https://vocabs.dariah.eu/tadirah/posting,Source,Class,posting,"In digital humanities, posting refers to publishing user-generated content on a digital platform—such as a social media site, forum, or blog—making it publicly accessible or shared within a community (cf. Wikidata Q1453674).","- “Posting” is a broader concept’s child of “Troca.”  
- “Troca” has the narrower concept “Posting.”"
https://vocabs.dariah.eu/tadirah/posting,Source,Class,posting,"Posting: the act of publishing content to an online platform—such as a social media site, forum, or blog—so it becomes publicly (or community) visible. (cf. Wikidata Q1453674)","- “Posting” is a broader concept of “Troca”.
- “Troca” has the narrower concept “Posting”."
https://vocabs.dariah.eu/tadirah/preprocessing,Source,Class,preprocessing,"In digital humanities, “preprocessing” refers to the preparation of digital data (e.g., texts, images, metadata) before analysis—such as cleaning, normalizing, tokenizing, annotating, or otherwise transforming data to ensure it is consistent and usable for computational methods. (See Wikidata item Q28838080.)","- “Preprocessing” is a broader concept’s narrower term of “Riconoscimento dei Dati”.
- “Riconoscimento dei Dati” has the narrower concept “Preprocessing”."
https://vocabs.dariah.eu/tadirah/preprocessing,Source,Class,preprocessing,"In digital humanities, “preprocessing” refers to the preparatory steps applied to raw data (e.g., texts, images, metadata) to make it clean, structured, and ready for analysis. This can include tasks like text cleaning and normalization, tokenization, lemmatization, OCR correction, metadata harmonization, and format conversion—procedures captured under the Wikidata concept Q28838080.","- “Preprocessing” has broader concept “Riconoscimento dei Dati”.
- “Riconoscimento dei Dati” has narrower concept “Preprocessing”."
https://vocabs.dariah.eu/tadirah/preservationMetadata,Source,Class,preservation metadata,"Preservation metadata is information that supports and documents actions taken to preserve digital materials—such as their provenance, technical environment, authenticity, and preservation events—so they remain accessible and trustworthy over time.","- “Preservation Metadata” is a broader concept of “Preservação.”
- “Preservação” has the narrower concept “Preservation Metadata.”"
https://vocabs.dariah.eu/tadirah/preservationMetadata,Source,Class,preservation metadata,"In digital humanities, preservation metadata is the information that supports and documents acts of preservation on digital materials—recording what the materials are, how they’ve been managed over time, and what actions have been taken to ensure their long-term accessibility and integrity.","- “Preservation Metadata” is a broader concept’s narrower term under “Preservação.”
- “Preservação” has the narrower concept “Preservation Metadata.”"
https://vocabs.dariah.eu/tadirah/preserving,Source,Class,preserva o,"Preservação, nas humanidades digitais, é o conjunto de estratégias, atividades e tecnologias aplicadas para garantir a renderização fiel e contínua de conteúdos digitais ao longo do tempo, permitindo sua reutilização. Envolve ações ligadas à sustentabilidade e à interoperabilidade de dados, objetos e recursos de pesquisa.","- Bit Stream Preservation is a broader concept of Preservação.
- Conservazione has a narrower concept Preservação.
- Description is a broader concept of Preservação.
- Emulation is a broader concept of Preservação.
- Migration is a broader concept of Preservação.
- Preservation Metadata is a broader concept of Preservação.
- Recolección has a narrower concept Preservação.
- Replication is a broader concept of Preservação.
- Versioning is a broader concept of Preservação.
- Preservação is a broader concept of Conservazione.
- Preservação is a broader concept of Recolección.
- Preservação closely matches preservation.
- Preservação has a narrower concept Bit Stream Preservation.
- Preservação has a narrower concept Description.
- Preservação has a narrower concept Emulation.
- Preservação has a narrower concept Migration.
- Preservação has a narrower concept Preservation Metadata.
- Preservação has a narrower concept Replication.
- Preservação has a narrower concept Versioning."
https://vocabs.dariah.eu/tadirah/preserving,Source,Class,preserva o,"Preservação, em humanidades digitais, é o conjunto de estratégias, atividades e tecnologias aplicadas para garantir a renderização fiel e o acesso contínuo a conteúdos digitais ao longo do tempo. Visa possibilitar a reutilização de dados de pesquisa, objetos e recursos relacionados, incluindo ações voltadas à sustentabilidade e à interoperabilidade.","- Bit Stream Preservation is a broader concept of Preservação.
- Conservazione has a narrower concept Preservação.
- Description is a broader concept of Preservação.
- Emulation is a broader concept of Preservação.
- Migration is a broader concept of Preservação.
- Preservation Metadata is a broader concept of Preservação.
- Recolección has a narrower concept Preservação.
- Replication is a broader concept of Preservação.
- Versioning is a broader concept of Preservação.
- Preservação is a broader concept of Conservazione.
- Preservação is a broader concept of Recolección.
- Preservação closely matches preservation.
- Preservação has the narrower concept Bit Stream Preservation.
- Preservação has the narrower concept Description.
- Preservação has the narrower concept Emulation.
- Preservação has the narrower concept Migration.
- Preservação has the narrower concept Preservation Metadata.
- Preservação has the narrower concept Replication.
- Preservação has the narrower concept Versioning."
https://vocabs.dariah.eu/tadirah/principalComponentAnalysis,Source,Class,principal component analysis,"Principal Component Analysis (PCA) is a statistical technique that converts a set of observations with possibly correlated variables into a set of linearly uncorrelated variables called principal components. In digital humanities, it’s used to reduce dimensionality and reveal dominant patterns or trends in complex cultural, textual, or historical datasets.","- “Stilistische Analyse” has the more specific concept “Principal Component Analysis”.
- “Релациона анализа” has the more specific concept “Principal Component Analysis”.
- “Principal Component Analysis” has the broader concepts “Stilistische Analyse” and “Релациона анализа”."
https://vocabs.dariah.eu/tadirah/principalComponentAnalysis,Source,Class,principal component analysis,"Principal Component Analysis (PCA) is a method that converts a set of observations with possibly correlated variables into a set of linearly uncorrelated variables, called principal components. In digital humanities, it’s used to reduce dimensionality and reveal dominant patterns or structures in complex cultural or textual data.","- “Stilistische Analyse” has the narrower concept “Principal Component Analysis”.
- “Релациона анализа” has the narrower concept “Principal Component Analysis”.
- “Principal Component Analysis” has the broader concepts “Stilistische Analyse” and “Релациона анализа”."
https://vocabs.dariah.eu/tadirah/programming,Source,Class,programaci n,"In digital humanities, “programación” (programming) is the process of designing and writing executable code—such as scripts or applications—to perform tasks like data collection, analysis, visualization, or interface building. It often involves pseudocoding, editing source code to implement algorithms, and choosing appropriate programming languages to solve humanities research problems.","- Creating has narrower concept Programación.
- Encoding has broader concept Programación.
- Graphics Programming has broader concept Programación.
- Pseudo Coding has broader concept Programación.
- Programación has broader concept Creating.
- Programación has close match programming.
- Programación has narrower concepts Encoding, Graphics Programming, and Pseudo Coding."
https://vocabs.dariah.eu/tadirah/programming,Source,Class,programaci n,"In digital humanities, “Programación” (programming) is the process of creating executable computer code—such as scripts or applications—to perform tasks like data processing, analysis, or visualization. It often involves writing pseudocode, editing source code that implements algorithms, and varies by programming language.","- Creating has narrower concept Programación.
- Encoding has broader concept Programación.
- Graphics Programming has broader concept Programación.
- Pseudo Coding has broader concept Programación.
- Programación has broader concept Creating.
- Programación closely matches programming.
- Programación has narrower concepts Encoding, Graphics Programming, and Pseudo Coding."
https://vocabs.dariah.eu/tadirah/pseudoCoding,Source,Class,pseudo coding,"In digital humanities, pseudo coding means outlining solutions to complex research or data-processing tasks in plain, human-readable steps—breaking the problem into modular algorithms and logical procedures without using a specific programming language. Its goal is clarity for human understanding and collaboration before actual coding.","- “Programación” has the narrower concept “Pseudo Coding”.
- “Pseudo Coding” has the broader concept “Programación”."
https://vocabs.dariah.eu/tadirah/pseudoCoding,Source,Class,pseudo coding,"In digital humanities, pseudo coding means outlining solutions to complex research or data-processing tasks as clear, human-readable steps—breaking the problem into modular algorithms and logical procedures written in plain language rather than a programming syntax. Its purpose is to aid human understanding, planning, and collaboration before (or without) implementing actual code.","- “Pseudo Coding” is a narrower concept of “Programación”.
- “Programación” is a broader concept of “Pseudo Coding”."
https://vocabs.dariah.eu/tadirah/publishing,Source,Class,Објављивање,"In digital humanities, Објављивање means publishing: the activity of formally making research objects, data, results, tools, or services available to the wider public. It can be closed or open access/open source, and outputs may appear in print or digital formats.","- Academic Publishing is a broader concept of Објављивање. → Incorrect per SKOS; correct: Academic Publishing is a narrower concept of Објављивање.
- Blogging is a narrower concept of Објављивање.
- Digital Publishing is a narrower concept of Објављивање.
- Dissemination has narrower concept Објављивање. → Incorrect per given triple; correct: Објављивање is a narrower concept of Dissemination.
- Linked Open Data is a narrower concept of Објављивање.
- Tweet is a narrower concept of Објављивање.
- Објављивање is a broader concept of Academic Publishing.
- Објављивање is a broader concept of Blogging.
- Објављивање is a broader concept of Digital Publishing.
- Објављивање is a broader concept of Linked Open Data.
- Објављивање is a broader concept of Tweet.
- Објављивање is a narrower concept of Dissemination.
- Објављивање is closely matched with publishing."
https://vocabs.dariah.eu/tadirah/publishing,Source,Class,Објављивање,"In digital humanities, “Објављивање” (Publishing) means making research objects formally available to the wider public—such as research data, results, tools, or services. It can be closed or open access/open source, and outputs may appear in print or digital formats.","- Academic Publishing is broader term of Објављивање.
- Blogging is broader term of Објављивање.
- Digital Publishing is broader term of Објављивање.
- Dissemination is narrower term of Објављивање.
- Linked Open Data is broader term of Објављивање.
- Tweet is broader term of Објављивање.
- Објављивање is broader term of Dissemination.
- Објављивање closely matches publishing.
- Објављивање is narrower term of Academic Publishing.
- Објављивање is narrower term of Blogging.
- Објављивање is narrower term of Digital Publishing.
- Објављивање is narrower term of Linked Open Data.
- Објављивање is narrower term of Tweet."
https://vocabs.dariah.eu/tadirah/querying,Source,Class,querying,"In digital humanities, querying is the process of formulating and executing structured questions to retrieve, filter, and analyze data from digital resources (e.g., databases, knowledge graphs like Wikidata). It involves using query languages or interfaces to extract specific information for research. Reference: Wikidata item Q98847088.","- “Localización” has narrower concept “Querying”.
- “Querying” has broader concept “Localización”."
https://vocabs.dariah.eu/tadirah/querying,Source,Class,querying,"In digital humanities, querying is the process of formulating and executing structured requests to retrieve, filter, and analyze data from digital resources (such as databases or knowledge bases like Wikidata). It involves using query languages or tools to extract specific information needed for research. (Source: Wikidata item Q98847088)","- “Localización” has narrower concept “Querying”.
- “Querying” has broader concept “Localización”."
https://vocabs.dariah.eu/tadirah/reasoning,Source,Class,reasoning,"In digital humanities, “Reasoning” refers to the type of thought used to draw conclusions, make inferences, and interpret evidence—often combining human interpretive judgment with computational methods (e.g., rule-based inference, probabilistic or abductive reasoning) to analyze cultural data. This aligns with Wikidata’s notion of reasoning as a “type of thought” (Q1156402).","- “Reasoning” is broader than “Teorización”.
- “Teorización” is narrower than “Reasoning”."
https://vocabs.dariah.eu/tadirah/reasoning,Source,Class,reasoning,"Reasoning, in the context of digital humanities, is the type of thought (Q1156402) used to draw conclusions from evidence—such as texts, data, or artifacts—by applying logical, interpretive, or computational methods to make inferences, explain patterns, and support arguments.","- “Reasoning” is broader than “Teorización”.
- “Teorización” is narrower than “Reasoning”."
https://vocabs.dariah.eu/tadirah/recording,Source,Class,aufzeichnen,"In digital humanities, Aufzeichnen means to record—i.e., to capture audio and/or video, producing a digital file (e.g., WAV, MP3, MP4, QuickTime) that can be stored, manipulated, and analyzed.","- “Acquisizione” has the narrower concept “Aufzeichnen”.
- “Audio Recording” has the broader concept “Aufzeichnen”.
- “Screencast” has the broader concept “Aufzeichnen”.
- “Video Capture” has the broader concept “Aufzeichnen”.
- “Aufzeichnen” has the broader concept “Acquisizione”.
- “Aufzeichnen” closely matches “recording”.
- “Aufzeichnen” has the narrower concepts “Audio Recording”, “Screencast”, and “Video Capture”."
https://vocabs.dariah.eu/tadirah/recording,Source,Class,aufzeichnen,"In digital humanities, Aufzeichnen means recording—capturing audio and/or video to produce a digital file (e.g., WAV/MP3 for audio, MP4/QuickTime for video) that can be stored, manipulated, and analyzed.","- “Acquisizione” has a narrower concept “Aufzeichnen.”
- “Audio Recording” has a broader concept “Aufzeichnen.”
- “Screencast” has a broader concept “Aufzeichnen.”
- “Video Capture” has a broader concept “Aufzeichnen.”
- “Aufzeichnen” has a broader concept “Acquisizione.”
- “Aufzeichnen” closely matches “recording.”
- “Aufzeichnen” has narrower concepts “Audio Recording,” “Screencast,” and “Video Capture.”"
https://vocabs.dariah.eu/tadirah/relationalAnalysis,Source,Class,Релациона анализа,"Релациона анализа у дигиталним хуманистичким наукама означава скуп рачунарских техника за откривање специфичних односа између више објеката проучавања. У текстологији то обухвата:
- откривање преклапања између текстова (нпр. реупотреба текста, плагијат),
- упоређивање варијанти текста по потпуности и исправности (колација),
- процену сличности по стилским одликама (стилометрија).

Аналогијом, исте методе се могу применити и на друге културне артефакте, попут музике, филма или сликарства.","- “Análisis” has a narrower concept “Релациона анализа”.
- “Cluster Analysis” is a broader concept of “Релациона анализа”.
- “Collating” is a broader concept of “Релациона анализа”.
- “Comparing” is a broader concept of “Релациона анализа”.
- “Identificazione” is a broader concept of “Релациона анализа”.
- “Machine Learning” is a broader concept of “Релациона анализа”.
- “Pattern Recognition” is a broader concept of “Релациона анализа”.
- “Principal Component Analysis” is a broader concept of “Релациона анализа”.
- “Sequence Alignment” is a broader concept of “Релациона анализа”.
- “Stylometry” is a broader concept of “Релациона анализа”.
- “Релациона анализа” is a broader concept of “Análisis”.
- “Релациона анализа” closely matches “relational-analysis”.
- “Релациона анализа” has narrower concepts: “Cluster Analysis”, “Collating”, “Comparing”, “Identificazione”, “Machine Learning”, “Pattern Recognition”, “Principal Component Analysis”, “Sequence Alignment”, “Stylometry”."
https://vocabs.dariah.eu/tadirah/relationalAnalysis,Source,Class,Релациона анализа,"Релациона анализа у дигиталним хуманистикама означава скуп рачунарских метода за откривање и мерење односа између више објеката проучавања. У текстологији то обухвата:
- проналажење преклапања између текстова (нпр. текстуална реупотреба, плагијат)
- поређење варијанти текста по потпуности и тачности (колација)
- процену сличности по стилским обележјима (стилометрија)

Аналогијом, исте технике се могу применити и на друге културне артефакте, попут музике, филма или сликарства.","- “Análisis” has narrower concept “Релациона анализа”.
- “Cluster Analysis” has broader concept “Релациона анализа”.
- “Collating” has broader concept “Релациона анализа”.
- “Comparing” has broader concept “Релациона анализа”.
- “Identificazione” has broader concept “Релациона анализа”.
- “Machine Learning” has broader concept “Релациона анализа”.
- “Pattern Recognition” has broader concept “Релациона анализа”.
- “Principal Component Analysis” has broader concept “Релациона анализа”.
- “Sequence Alignment” has broader concept “Релациона анализа”.
- “Stylometry” has broader concept “Релациона анализа”.
- “Релациона анализа” has broader concept “Análisis”.
- “Релациона анализа” has close match “relational-analysis”.
- “Релациона анализа” has narrower concepts “Cluster Analysis”, “Collating”, “Comparing”, “Identificazione”, “Machine Learning”, “Pattern Recognition”, “Principal Component Analysis”, “Sequence Alignment”, and “Stylometry”."
https://vocabs.dariah.eu/tadirah/removing,Source,Class,removing,"In digital humanities, “Removing” means the dissociation of the original object from its old part—moving an object to a distance that disconnects it—i.e., the process of moving or the state of being removed (per Wikidata Q23009442).","- “Limpieza de datos” has narrower concept “Removing”.
- “Removing” has broader concept “Limpieza de datos”."
https://vocabs.dariah.eu/tadirah/removing,Source,Class,removing,"In digital humanities, “Removing” refers to:
- Dissociating an original object from its old part.
- Moving an object to a distance that disconnects it.
- The process of moving, or the fact of being removed.

(Source: Wikidata Q23009442, accessed Sept 4, 2020)","- “Limpieza de datos” has narrower concept “Removing”.
- “Removing” has broader concept “Limpieza de datos”."
https://vocabs.dariah.eu/tadirah/replication,Source,Class,replication,"Replication (in digital humanities/computing): the process of sharing and duplicating data or information across multiple systems or locations to ensure consistency, reliability, and availability. (Source: Wikidata Q1332873)","- “Preservação” has the narrower concept “Replication”.
- “Replication” has the broader concept “Preservação”."
https://vocabs.dariah.eu/tadirah/replication,Source,Class,replication,"Replication (in digital humanities/computing): the sharing and maintaining of copies of data or services across multiple systems to ensure consistency, reliability, and availability.","- “Preservação” has the narrower concept “Replication”.
- “Replication” has the broader concept “Preservação”."
https://vocabs.dariah.eu/tadirah/rhetoricalAnalysis,Source,Class,rhetorical analysis,"Rhetorical analysis is the study of how texts, media, or artifacts persuade or communicate by examining their use of rhetorical strategies—such as ethos (credibility), pathos (emotion), and logos (reason)—within specific contexts and for particular audiences. In digital humanities, it applies these methods to digital texts and platforms, analyzing multimodal elements (e.g., hyperlinks, interface, visuals, interactivity) and their persuasive effects. (Source: Wikidata Q98845926)","- “Rhetorical Analysis” is a broader concept of “Stilistische Analyse.”
- “Stilistische Analyse” has the narrower concept “Rhetorical Analysis.”"
https://vocabs.dariah.eu/tadirah/rhetoricalAnalysis,Source,Class,rhetorical analysis,"Rhetorical analysis, in the context of digital humanities, is the study of how digital texts, media, or artifacts persuade or shape meaning through rhetorical strategies—such as audience, purpose, genre, style, and multimodal elements (e.g., text, image, sound, interface). It examines how these features construct arguments and effects within digital environments. (Source: Wikidata Q98845926)","- “Rhetorical Analysis” is a broader concept of “Stilistische Analyse”.
- “Stilistische Analyse” has the narrower concept “Rhetorical Analysis”."
https://vocabs.dariah.eu/tadirah/scanning,Source,Class,scanning,"In digital humanities, scanning is the process of creating digital images of physical materials using a scanner. This converts items like texts, photographs, or artifacts into digital files for preservation, analysis, and access (cf. Wikidata Q59155052).","- “Scanning” is a narrower concept of “Archivieren”.
- “Scanning” is a narrower concept of “Gestione delle Immagini”.
- “Archivieren” is a broader concept of “Scanning”.
- “Gestione delle Immagini” is a broader concept of “Scanning”."
https://vocabs.dariah.eu/tadirah/scanning,Source,Class,scanning,"In digital humanities, scanning is the process of creating digital images with a scanner. (Source: Wikidata Q59155052, accessed July 30, 2020)","- “Scanning” is a narrower concept of “Archivieren”.
- “Scanning” is a narrower concept of “Gestione delle Immagini”.
- “Archivieren” is a broader concept of “Scanning”.
- “Gestione delle Immagini” is a broader concept of “Scanning”."
https://vocabs.dariah.eu/tadirah/screencast,Source,Class,screencast,"In digital humanities, a screencast is a digital recording of computer screen output—often with audio narration—used to demonstrate software, workflows, or research processes. (Wikidata Q1365447)","- Aufzeichnen has narrower concept Screencast.
- Screencast has broader concept Aufzeichnen."
https://vocabs.dariah.eu/tadirah/screencast,Source,Class,screencast,"A screencast is a digital recording of computer screen output, typically with audio narration.","- “Aufzeichnen” has narrower concept “Screencast”.
- “Screencast” has broader concept “Aufzeichnen”."
https://vocabs.dariah.eu/tadirah/searching,Source,Class,searching,"In digital humanities, searching is the process of looking for target data within a larger dataset or corpus—locating specific information, records, or entities from a set of data. (See: Wikidata contributors, “Q11540953,” Wikidata, https://www.wikidata.org/w/index.php?title=Q11540953&oldid=1207018344, accessed July 30, 2020.)","- “Localización” has the narrower concept “Searching”.
- “Searching” has the broader concept “Localización”."
https://vocabs.dariah.eu/tadirah/searching,Source,Class,searching,"In digital humanities, searching means locating target data within a larger dataset or collection—identifying specific items, entities, or records from sources like databases, corpora, or knowledge graphs. For example, using Wikidata to find a particular entity (e.g., Q11540953) by querying and retrieving the relevant record from the broader set of Wikidata entries.","- “Localización” has narrower concept “Searching”.
- “Searching” has broader concept “Localización”."
https://vocabs.dariah.eu/tadirah/segmenting,Source,Class,segmenting,"In digital humanities, segmenting is the process of dividing complex cultural, textual, or media data into smaller, homogeneous units to enable clearer analysis and interpretation. It can be applied across multiple dimensions—e.g., demographic, geographical, ethical, behavioral, visual, linguistic, or musical—and may be multi-dimensional, allowing researchers to isolate patterns, compare segments, and gain deeper understanding of the object or topic under study.","- “Annotazione” has narrower concept “Segmenting”.
- “Segmenting” has broader concept “Annotazione”."
https://vocabs.dariah.eu/tadirah/segmenting,Source,Class,segmenting,"In digital humanities, segmenting is the management process of dividing complex cultural, textual, visual, or auditory materials into smaller, homogeneous units to enable clearer analysis and interpretation. Segmentation can be multi-dimensional—e.g., demographic, geographical, ethical, behavioral, visual, linguistic, or musical—so researchers can isolate patterns, compare groups, and gain deeper understanding of the object or topic.","- “Annotazione” has narrower concept “Segmenting”.
- “Segmenting” has broader concept “Annotazione”."
https://vocabs.dariah.eu/tadirah/semantification,Source,Class,semantification,"In digital humanities, semantification is the process of making data explicitly meaningful and interoperable by identifying entities and relationships, disambiguating terms, and formalizing implicit knowledge (e.g., via ontologies or linked data). This enables improved access, automatic analysis, and data reuse.","- “Contestualizzazione” has narrower concept “Semantification”.
- “Semantification” has broader concept “Contestualizzazione”."
https://vocabs.dariah.eu/tadirah/semantification,Source,Class,semantification,"In digital humanities, semantification is the process of making data explicitly meaningful by identifying entities, relationships, and concepts and linking them using formal, machine-readable representations (e.g., ontologies). It tackles ambiguity and the formalization of implicit knowledge to improve information access, enable automatic data analysis, and support data reuse.","- “Contestualizzazione” has narrower concept “Semantification”.
- “Semantification” has broader concept “Contestualizzazione”."
https://vocabs.dariah.eu/tadirah/sentimentAnalysis,Source,Class,sentiment analysis,"In digital humanities, sentiment analysis is the use of natural language processing, text analysis, and computational linguistics to identify and extract subjective information—such as opinions, emotions, or attitudes—from source materials. (Wikidata Q2271421)","- “Análise de conteúdo” has the narrower concept “Sentiment Analysis”.
- “Sentiment Analysis” has the broader concept “Análise de conteúdo”."
https://vocabs.dariah.eu/tadirah/sentimentAnalysis,Source,Class,sentiment analysis,"In digital humanities, sentiment analysis is the use of natural language processing, text analysis, and computational linguistics to identify and extract subjective information—such as opinions, attitudes, and emotions—from source materials. (Wikidata Q2271421)","- “Análise de conteúdo” has a narrower concept: “Sentiment Analysis”.
- “Sentiment Analysis” has a broader concept: “Análise de conteúdo”."
https://vocabs.dariah.eu/tadirah/sequenceAlignment,Source,Class,sequence alignment,"In digital humanities, sequence alignment refers to the process—borrowed from bioinformatics—of aligning sequences to identify equivalent or corresponding positions across them. As in bioinformatics, where molecular sequences are aligned to find homologous sites, DH may align textual or symbolic sequences (e.g., versions of a text) to detect matches, variations, and correspondences.","- Sequence Alignment is a broader concept than “Релациона анализа”.
- “Релациона анализа” has the narrower concept Sequence Alignment."
https://vocabs.dariah.eu/tadirah/sequenceAlignment,Source,Class,sequence alignment,"In digital humanities, sequence alignment refers—by analogy to its bioinformatics origin—to the process of lining up sequences (e.g., texts, variants, or symbol strings) to identify equivalent positions and differences. Drawing on the bioinformatics definition, it is the procedure of aligning sequences to detect corresponding sites across versions, enabling comparison, variation tracking, and pattern discovery.","- “Sequence Alignment” is a broader concept of “Релациона анализа”.
- “Релациона анализа” has the narrower concept “Sequence Alignment”."
https://vocabs.dariah.eu/tadirah/sharing,Source,Class,troca,"In digital humanities, “Troca” can be understood as sharing: the exchange and circulation of digital artifacts (data, documents, code, software, etc.) that are publicly findable, accessible, interoperable, and reusable (FAIR) in the spirit of open science, using channels like blogs, GitHub, social media, and other web-based collaborative platforms.","- “Troca” is a narrower concept of “Dissemination”.
- “Troca” is a narrower concept of “Organizzazione”.
- “Posting” is a broader concept of “Troca”.
- “Upload” is a broader concept of “Troca”.
- “Troca” is a broader concept of “Dissemination”.
- “Troca” is a broader concept of “Organizzazione”.
- “Troca” closely matches “sharing”.
- “Posting” is a narrower concept of “Troca”.
- “Upload” is a narrower concept of “Troca”."
https://vocabs.dariah.eu/tadirah/sharing,Source,Class,troca,"In the context of digital humanities, “Troca” means exchange—specifically, the sharing of digital objects (information, documents, files, software) in ways that make them findable, accessible, interoperable, and reusable (FAIR), aligned with open science. It emphasizes distributing and circulating these materials through channels like blogs, GitHub, social media, web services, and collaborative/networked platforms.","- “Troca” is a narrower concept of “Dissemination”.
- “Troca” is a narrower concept of “Organizzazione”.
- “Posting” is a broader concept of “Troca”.
- “Upload” is a broader concept of “Troca”.
- “Troca” is a broader concept of “Dissemination”.
- “Troca” is a broader concept of “Organizzazione”.
- “Troca” closely matches “sharing”.
- “Troca” has the narrower concepts “Posting” and “Upload”."
https://vocabs.dariah.eu/tadirah/socialNetworking,Source,Class,social networking,"In digital humanities, social networking means the process of building and maintaining one’s group of personal or professional contacts. (Source: Wikidata Q19368491)","- “Kollaboration” has the narrower concept “Social Networking”.
- “Social Networking” has the broader concept “Kollaboration”."
https://vocabs.dariah.eu/tadirah/socialNetworking,Source,Class,social networking,"In digital humanities, social networking means the process of building and maintaining one’s group of personal or professional contacts—often via digital platforms—to share resources, collaborate, and disseminate research. (Wikidata Q19368491)","- “Kollaboration” has the narrower concept “Social Networking”.
- “Social Networking” has the broader concept “Kollaboration”."
https://vocabs.dariah.eu/tadirah/spatialAnalysis,Source,Class,analyze spatiale,"In digital humanities, Analyse spatiale (spatial analysis) is the process of examining data with geographic or spatial attributes to discover patterns, trends, or relationships. It often results in visualization or modeling—commonly through maps—to reveal how phenomena vary across space and how place shapes cultural, historical, or social data.","- “Análisis” has narrower concept “Analyse spatiale”.
- “Georeferencing” has broader concept “Analyse spatiale”.
- “Named Entity Recognition” has broader concept “Analyse spatiale”.
- “Analyse spatiale” has broader concept “Análisis”.
- “Analyse spatiale” is closely matched to “spatial-analysis”.
- “Analyse spatiale” has narrower concepts “Georeferencing” and “Named Entity Recognition”."
https://vocabs.dariah.eu/tadirah/spatialAnalysis,Source,Class,analyze spatiale,"In digital humanities, Analyse spatiale (spatial analysis) is the process of examining data with geographic or spatial attributes to uncover patterns, trends, or relationships. It often results in visualization or modeling—commonly as maps—to interpret and communicate these spatial insights.","- “Análisis” has the narrower concept “Analyse spatiale”.
- “Georeferencing” has the broader concept “Analyse spatiale”.
- “Named Entity Recognition” has the broader concept “Analyse spatiale”.
- “Analyse spatiale” has the broader concept “Análisis”.
- “Analyse spatiale” is closely matched to “spatial-analysis”.
- “Analyse spatiale” has the narrower concepts “Georeferencing” and “Named Entity Recognition”."
https://vocabs.dariah.eu/tadirah/speechRecognizing,Source,Class,speech recognizing,"In digital humanities, “speech recognizing” refers to automatic speech recognition (ASR): the computational process of converting spoken language into machine-readable text, enabling analysis or transcription of audio sources. (Source: Wikidata item Q98846987)","- “Speech Recognizing” is a broader concept than “Transcripción”.
- “Transcripción” has the narrower concept “Speech Recognizing”."
https://vocabs.dariah.eu/tadirah/speechRecognizing,Source,Class,speech recognizing,"In digital humanities, Speech Recognizing refers to the computational process of automatically transcribing spoken language into text, enabling analysis, indexing, and retrieval of audio sources (e.g., interviews, lectures, oral histories). It supports tasks like annotation, search, and computational analysis of speech materials. (Source: Wikidata item Q98846987)","- “Speech Recognizing” is a broader concept than “Transcripción”.
- “Transcripción” has the narrower concept “Speech Recognizing”."
https://vocabs.dariah.eu/tadirah/storing,Source,Class,conservazione,"Conservazione, in digital humanities, is the long-term preservation of digital resources—such as digitized objects, research outputs, software, services, and media—so they remain accessible over time (archiving). It includes organizing and managing these resources and the processes for identifying them, without necessarily making them publicly available.","- “Archivieren” is a broader concept of “Conservazione”.  
- “Identificazione” is a broader concept of “Conservazione”.  
- “Organizzazione” is a broader concept of “Conservazione”.  
- “Preservação” is a broader concept of “Conservazione”.  
- “TaDiRAH” has top concept “Conservazione”.  
- “Conservazione” closely matches “6_storage”.  
- “Conservazione” has narrower concepts “Archivieren”, “Identificazione”, “Organizzazione”, and “Preservação”.  
- “Conservazione” is a top concept of “TaDiRAH”."
https://vocabs.dariah.eu/tadirah/storing,Source,Class,conservazione,"In digital humanities, Conservazione means the long-term preservation of digital assets—creating and maintaining digital copies of research objects, results, software, services, and other media so they remain accessible over time. It includes organizing and managing resources, identifying them, and archiving them, without necessarily making them publicly available.","- “Archivieren” is a broader concept of “Conservazione”.
- “Identificazione” is a broader concept of “Conservazione”.
- “Organizzazione” is a broader concept of “Conservazione”.
- “Preservação” is a broader concept of “Conservazione”.
- “TaDiRAH” has top concept “Conservazione”.
- “Conservazione” closely matches “6_storage”.
- “Conservazione” has narrower concepts: “Archivieren”, “Identificazione”, “Organizzazione”, “Preservação”.
- “Conservazione” is a top concept of “TaDiRAH”."
https://vocabs.dariah.eu/tadirah/structuralAnalysis,Source,Class,structural analysis,"In digital humanities, structural analysis means examining a language system by analyzing the relations among its structural elements—especially at levels like morphology and syntax—rather than focusing on individual words or meanings. It studies how components (e.g., morphemes, phrases, sentence structures) interrelate to form the system’s overall organization.","- Análisis has narrower concept Structural Analysis.
- Collocation Analysis has broader concept Structural Analysis.
- Concordance has broader concept Structural Analysis.
- Machine Learning has broader concept Structural Analysis.
- POS-Tagging has broader concept Structural Analysis.
- Tree-Tagging has broader concept Structural Analysis.
- Structural Analysis has broader concept Análisis.
- Structural Analysis has close match structural-analysis.
- Structural Analysis has narrower concepts Collocation Analysis, Concordance, Machine Learning, POS-Tagging, and Tree-Tagging."
https://vocabs.dariah.eu/tadirah/structuralAnalysis,Source,Class,structural analysis,"In digital humanities, structural analysis means examining language as a system of interrelated parts by analyzing the relations between structural elements—such as morphology (word forms) and syntax (sentence structures)—to understand patterns, rules, and organization within texts.","- Análisis has narrower concept Structural Analysis.
- Collocation Analysis has broader concept Structural Analysis.
- Concordance has broader concept Structural Analysis.
- Machine Learning has broader concept Structural Analysis.
- POS-Tagging has broader concept Structural Analysis.
- Tree-Tagging has broader concept Structural Analysis.
- Structural Analysis has broader concept Análisis.
- Structural Analysis has close match structural-analysis.
- Structural Analysis has narrower concepts Collocation Analysis, Concordance, Machine Learning, POS-Tagging, and Tree-Tagging."
https://vocabs.dariah.eu/tadirah/stylisticAnalysis,Source,Class,stilistische analyze,"In digital humanities, “Stilistische Analyse” (stylistic analysis) is the identification and study of stylistic or formal features that characterize a particular variety of digital objects—such as language, physical artifacts, paintings, music, or movies. Computational stylistic analysis typically applies this to texts, using linguistic features (e.g., word frequencies, syntax, rhythm) to analyze style, compare works, or attribute authorship.","- “Análisis” has narrower concept “Stilistische Analyse”.
- “Authorship Attribution” is a broader concept of “Stilistische Analyse”.
- “Cluster Analysis” is a broader concept of “Stilistische Analyse”.
- “Contrastive Analysis” is a broader concept of “Stilistische Analyse”.
- “Distance Measures” is a broader concept of “Stilistische Analyse”.
- “Genre Recognition” is a broader concept of “Stilistische Analyse”.
- “Machine Learning” is a broader concept of “Stilistische Analyse”.
- “Principal Component Analysis” is a broader concept of “Stilistische Analyse”.
- “Rhetorical Analysis” is a broader concept of “Stilistische Analyse”.
- “Stylometry” is a broader concept of “Stilistische Analyse”.
- “Text Categorization” is a broader concept of “Stilistische Analyse”.
- “Stilistische Analyse” is a broader concept of “Análisis”.
- “Stilistische Analyse” closely matches “stylistic-analysis”.
- “Stilistische Analyse” has narrower concepts “Authorship Attribution”, “Cluster Analysis”, “Contrastive Analysis”, “Distance Measures”, “Genre Recognition”, “Machine Learning”, “Principal Component Analysis”, “Rhetorical Analysis”, “Stylometry”, and “Text Categorization”."
https://vocabs.dariah.eu/tadirah/stylisticAnalysis,Source,Class,stilistische analyze,"Stilistische Analyse (stylistic analysis) in digital humanities is the identification and study of stylistic or formal features in digital objects—such as texts, artifacts, paintings, music, or films—often using computational methods. In practice, computational stylistic analysis is most commonly applied to texts, leveraging linguistic features (e.g., vocabulary, syntax, rhythm) to characterize style, compare works, attribute authorship, or detect patterns across corpora.","- “Análisis” has narrower concept “Stilistische Analyse”.
- “Authorship Attribution” is a broader concept of “Stilistische Analyse”.
- “Cluster Analysis” is a broader concept of “Stilistische Analyse”.
- “Contrastive Analysis” is a broader concept of “Stilistische Analyse”.
- “Distance Measures” is a broader concept of “Stilistische Analyse”.
- “Genre Recognition” is a broader concept of “Stilistische Analyse”.
- “Machine Learning” is a broader concept of “Stilistische Analyse”.
- “Principal Component Analysis” is a broader concept of “Stilistische Analyse”.
- “Rhetorical Analysis” is a broader concept of “Stilistische Analyse”.
- “Stylometry” is a broader concept of “Stilistische Analyse”.
- “Text Categorization” is a broader concept of “Stilistische Analyse”.
- “Stilistische Analyse” is a broader concept of “Análisis”.
- “Stilistische Analyse” closely matches “stylistic-analysis”.
- “Stilistische Analyse” has narrower concepts “Authorship Attribution”, “Cluster Analysis”, “Contrastive Analysis”, “Distance Measures”, “Genre Recognition”, “Machine Learning”, “Principal Component Analysis”, “Rhetorical Analysis”, “Stylometry”, and “Text Categorization”."
https://vocabs.dariah.eu/tadirah/stylometry,Source,Class,stylometry,"In digital humanities, stylometry is the statistical analysis of writing style to characterize and compare texts—often to infer or verify authorship—using features like word-frequency patterns, sentence length and complexity, frequent function words, and other stylistic markers (including spelling errors).","- “Stilistische Analyse” has the narrower concept “Stylometry”.
- “Релациона анализа” has the narrower concept “Stylometry”.
- “Stylometry” has the broader concepts “Stilistische Analyse” and “Релациона анализа”."
https://vocabs.dariah.eu/tadirah/stylometry,Source,Class,stylometry,"In digital humanities, stylometry is the set of quantitative methods for analyzing and comparing writing styles—using features like word-frequency patterns, sentence length and complexity, frequent words, and spelling habits—to characterize texts and estimate authorship with statistical probability.","- “Stilistische Analyse” has the narrower concept “Stylometry”.
- “Релациона анализа” has the narrower concept “Stylometry”.
- “Stylometry” has the broader concept “Stilistische Analyse”.
- “Stylometry” has the broader concept “Релациона анализа”."
https://vocabs.dariah.eu/tadirah/subtracting,Source,Class,subtracting,"In digital humanities, “subtracting” refers to removing data elements from a dataset or corpus—such as excluding specific records, features, or annotations—to refine analysis, isolate variables, or compare versions. (See Wikidata item Q98848418 for the concept’s scoped definition in DH contexts.)","- ""Editing"" has narrower concept ""Subtracting"".
- ""Subtracting"" has broader concept ""Editing""."
https://vocabs.dariah.eu/tadirah/subtracting,Source,Class,subtracting,"In digital humanities, “subtracting” refers to the practice of “subtracting knowledge”: critically removing, omitting, or withholding data, categories, or interpretive frames to resist extractive or harmful computational practices and to surface power dynamics. (Source: Wikidata Q98848418)","- Editing has narrower concept Subtracting.
- Subtracting has broader concept Editing."
https://vocabs.dariah.eu/tadirah/supplementing,Source,Class,supplementing,"In digital humanities, “Supplementing” refers to the scholarly practice of adding contextual, interpretive, or ancillary materials to existing digital texts, datasets, or artifacts—such as annotations, metadata, references, visualizations, or linked resources—to enrich understanding and enable new forms of analysis. (See Wikidata item Q98848097.)","- Editing has narrower concept Supplementing.
- Supplementing has broader concept Editing."
https://vocabs.dariah.eu/tadirah/supplementing,Source,Class,supplementing,"In digital humanities, “Supplementing” refers to adding extra or missing information, materials, or context to existing digital resources to enhance completeness and usability—such as appending annotations, metadata, references, or linked data. (See Wikidata item Q98848097.)","- Editing has narrower concept Supplementing.
- Supplementing has broader concept Editing."
https://vocabs.dariah.eu/tadirah/tagging,Source,Class,tagging,"In digital humanities, tagging is the act of labeling a piece of data or content with a short string to express some metadata (Wikidata contributors, “Q43401994,” Wikidata, accessed Sept. 4, 2020).","- “Annotazione” is a narrower concept of “Tagging.”
- “Análise de conteúdo” is a narrower concept of “Tagging.”
- “Tagging” is a broader concept of “Annotazione.”
- “Tagging” is a broader concept of “Análise de conteúdo.”"
https://vocabs.dariah.eu/tadirah/tagging,Source,Class,tagging,"Tagging is the act of labeling a piece of data or content with a short string (a “tag”) to express metadata, helping describe, organize, and retrieve digital humanities materials. (Source: Wikidata Q43401994)","- “Annotazione” has narrower concept “Tagging”.
- “Análise de conteúdo” has narrower concept “Tagging”.
- “Tagging” has broader concept “Annotazione”.
- “Tagging” has broader concept “Análise de conteúdo”."
https://vocabs.dariah.eu/tadirah/teaching,Source,Class,teaching,"In digital humanities, teaching is the active imparting of knowledge, competencies, and skills related to using digital methods and tools to study, analyze, create, and interpret humanities materials.","- Dissemination has narrower concept Teaching.
- Teaching has broader concept Dissemination."
https://vocabs.dariah.eu/tadirah/teaching,Source,Class,teaching,"In digital humanities, teaching is the activity of actively imparting knowledge, competencies, or skills related to the use of digital methods and tools to study, analyze, preserve, and present humanities materials and questions. This includes training in critical digital literacies (e.g., data modeling, text analysis, visualization, coding, metadata, and ethical practices) to enable scholarly inquiry and creative practice in the humanities.","- “Dissemination” has narrower concept “Teaching.”
- “Teaching” has broader concept “Dissemination.”"
https://vocabs.dariah.eu/tadirah/textCategorization,Source,Class,text categorization,"Text categorization (also called text classification) in digital humanities is the automated or semi-automated assignment of texts to predefined categories (e.g., genre, topic, sentiment, authorial attribution) using computational methods. It organizes large corpora by labeling documents based on their content or metadata, enabling analysis, retrieval, and comparison across humanities datasets. (Source: Wikidata Q57771142)","- “Stilistische Analyse” has the narrower concept “Text Categorization”.
- “Text Categorization” has the broader concept “Stilistische Analyse”."
https://vocabs.dariah.eu/tadirah/textCategorization,Source,Class,text categorization,"Text categorization (in digital humanities) is the automated or manual assignment of texts to predefined categories or labels—such as genres, themes, topics, or authorship—facilitating organization, retrieval, and analysis. It uses features of the text (e.g., words, metadata) and computational methods to group or classify documents. See Wikidata item Q57771142 for reference.","- “Stilistische Analyse” has narrower concept “Text Categorization”.
- “Text Categorization” has broader concept “Stilistische Analyse”."
https://vocabs.dariah.eu/tadirah/textMessaging,Source,Class,text messaging,"In digital humanities, text messaging refers to the act of typing and sending a brief, digital message—typically via mobile devices or messaging platforms—as a communicative practice and data form that can be studied for language use, social interaction, and cultural patterns (Wikidata Q17166101).","- “Communicating” has the narrower concept “Text Messaging.”
- “Text Messaging” has the broader concept “Communicating.”"
https://vocabs.dariah.eu/tadirah/textMessaging,Source,Class,text messaging,"In digital humanities, text messaging refers to the act of typing and sending a brief, digital message—typically via mobile devices or messaging platforms—used as a communicative artifact and data source for analyzing digital communication practices. (Wikidata Q17166101)","- “Communicating” has narrower concept “Text Messaging”.
- “Text Messaging” has broader concept “Communicating”."
https://vocabs.dariah.eu/tadirah/theorizing,Source,Class,teorizaci n,"Teorización (theorizing) in digital humanities is the method of relating multiple elements or ideas into a coherent, principle-based system that explains observed phenomena and can be tested. It can take different forms; theories may be implemented as models, and models can, in turn, prompt the formulation of new theories.","- Abstract Thinking is a broader concept of Teorización.
- Conceptualizing is a broader concept of Teorización.
- Defining is a broader concept of Teorización.
- Explanation is a broader concept of Teorización.
- Interpretazione is a narrower concept of Teorización.
- Reasoning is a broader concept of Teorización.
- Teorización is a broader concept of Interpretazione.
- Teorización closely matches theorizing.
- Teorización is a narrower concept of Abstract Thinking.
- Teorización is a narrower concept of Conceptualizing.
- Teorización is a narrower concept of Defining.
- Teorización is a narrower concept of Explanation.
- Teorización is a narrower concept of Reasoning."
https://vocabs.dariah.eu/tadirah/theorizing,Source,Class,teorizaci n,"Teorización, en el contexto de las humanidades digitales, es el proceso de construir explicaciones coherentes que relacionan múltiples elementos o ideas mediante principios generales, con el fin de explicar fenómenos u observaciones relevantes de forma contrastable. Puede adoptar formas diversas: una teoría puede implementarse como un modelo, y un modelo puede a su vez generar o afinar una teoría.","- Abstract Thinking is a broader concept of Teorización.
- Conceptualizing is a broader concept of Teorización.
- Defining is a broader concept of Teorización.
- Explanation is a broader concept of Teorización.
- Interpretazione is a narrower concept of Teorización.
- Reasoning is a broader concept of Teorización.
- Teorización is a broader concept of Interpretazione.
- Teorización closely matches theorizing.
- Teorización has narrower concepts: Abstract Thinking, Conceptualizing, Defining, Explanation, Reasoning."
https://vocabs.dariah.eu/tadirah/topicModeling,Source,Class,topic modeling,"In digital humanities, topic modeling is a set of computational linguistics techniques that automatically discover latent “topics” (recurring themes or word co-occurrence patterns) in large text corpora, allowing scholars to explore and summarize content without manual annotation.","- “Análise de conteúdo” has the narrower concept “Topic Modeling”.
- “Topic Modeling” has the broader concept “Análise de conteúdo”."
https://vocabs.dariah.eu/tadirah/topicModeling,Source,Class,topic modeling,Topic modeling is a set of computational techniques from computational linguistics used in digital humanities to automatically discover and describe latent “topics” (recurring themes or subjects) in large text corpora by analyzing word co-occurrence patterns.,"- “Análise de conteúdo” has the narrower concept “Topic Modeling”.
- “Topic Modeling” has the broader concept “Análise de conteúdo”."
https://vocabs.dariah.eu/tadirah/transcoding,Source,Class,transcoding,"In digital humanities, transcoding is the direct digital-to-digital conversion of one encoding to another—for example, converting a text, image, audio, or video file from one digital format or codec to a different one without returning to analog.","- “Conversión” has narrower concept “Transcoding”.
- “Transcoding” has broader concept “Conversión”."
https://vocabs.dariah.eu/tadirah/transcoding,Source,Class,transcoding,"Transcoding is the direct digital-to-digital conversion of one encoding format to another. In digital humanities, it refers to converting digital materials (e.g., audio, video, text encodings) from one file format or codec to another to ensure accessibility, preservation, or compatibility.","- “Conversión” has narrower concept “Transcoding”.
- “Transcoding” has broader concept “Conversión”."
https://vocabs.dariah.eu/tadirah/transcribing,Source,Class,transcripci n,"In digital humanities, “Transcripción” is the process of creating a structured, textual representation of a source such as a manuscript or an audio/video recording. For recordings, it typically captures verbal content organized by features like speaker turns, and may include multimodal details (e.g., gestures, events) and multimedia links such as time-aligned segments and references to media files.","- “Acquisizione” has a narrower concept “Transcripción”.
- “Speech Recognizing” has a broader concept “Transcripción”.
- “Transcripción” has a broader concept “Acquisizione”.
- “Transcripción” closely matches “transcription”.
- “Transcripción” has a narrower concept “Speech Recognizing”."
https://vocabs.dariah.eu/tadirah/transcribing,Source,Class,transcripci n,"In digital humanities, “transcripción” is the process of creating a structured textual representation of a manuscript or of audio/video recordings. For recordings, it typically captures verbal content (e.g., by speech turns), and can include multimodal details (gestures, events) and multimedia links (time-aligned segments, references to media files).","- “Acquisizione” has a narrower concept “Transcripción”.
- “Speech Recognizing” has a broader concept “Transcripción”.
- “Transcripción” has a broader concept “Acquisizione”.
- “Transcripción” closely matches “transcription”.
- “Transcripción” has a narrower concept “Speech Recognizing”."
https://vocabs.dariah.eu/tadirah/transformation,Source,Class,transformation,"In digital humanities, transformation is the process that changes data, texts, or media into a qualitatively different form—for example, converting raw text into annotated, structured data or remediating materials into new formats—resulting in a substantively different representation or use. (Cf. Wikidata Q65757353)","- “Modélisation” has narrower concept “Transformation”.
- “Transformation” has broader concept “Modélisation”."
https://vocabs.dariah.eu/tadirah/transformation,Source,Class,transformation,"In digital humanities, transformation means a process that changes data or materials into a qualitatively different form—for example, converting texts, images, or metadata so they take on new structures, formats, or interpretive states. (Wikidata Q65757353)","- “Modélisation” has narrower concept “Transformation”.
- “Transformation” has broader concept “Modélisation”."
https://vocabs.dariah.eu/tadirah/translating,Source,Class,bersetzen,"In digital humanities, Übersetzen means translation: producing a new linguistic object from a natural-language source document, written in a different target language than the source.","- “Creating” has narrower concept “Übersetzen”.
- “Übersetzen” has broader concept “Creating”.
- “Übersetzen” closely matches “translation”."
https://vocabs.dariah.eu/tadirah/translating,Source,Class,bersetzen,"In digital humanities, Übersetzen means translation: producing a new linguistic object from a source document in one natural language, written in a different language than the source.","- “Creating” has narrower concept “Übersetzen”.
- “Übersetzen” has broader concept “Creating”.
- “Übersetzen” closely matches “translation”."
https://vocabs.dariah.eu/tadirah/treeTagging,Source,Class,tree tagging,"In digital humanities, “Tree-Tagging” refers to using the TreeTagger tool to automatically annotate text with linguistic information—typically part-of-speech tags and lemmas—based on decision-tree models. TreeTagger (Q98845582) is a widely used tool for multilingual POS tagging and lemmatization.","- “Tree-Tagging” is a narrower concept of “Structural Analysis.”
- “Structural Analysis” is a broader concept of “Tree-Tagging.”"
https://vocabs.dariah.eu/tadirah/treeTagging,Source,Class,tree tagging,"In digital humanities, Tree-Tagging (often referring to “TreeTagger”) is the automatic linguistic annotation of texts with part-of-speech tags and lemma information using a decision-tree–based tagger. It assigns each token a grammatical category and its base form to support corpus analysis and text processing. (Source: Wikidata Q98845582)","- “Structural Analysis” has the narrower concept “Tree-Tagging”.
- “Tree-Tagging” has the broader concept “Structural Analysis”."
https://vocabs.dariah.eu/tadirah/tweet,Source,Class,tweet,"In digital humanities, a Tweet is an individual post on the Twitter microblogging service (Wikidata Q56119332).","- “Tweet” is a broader concept’s narrower term: it is narrower than “Објављивање”.
- “Објављивање” has a more specific concept: “Tweet”."
https://vocabs.dariah.eu/tadirah/tweet,Source,Class,tweet,"In digital humanities, a “Tweet” is an individual post on the Twitter microblogging service. (Wikidata Q56119332)","- “Tweet” is a broader concept’s narrower term “Објављивање”.
- “Објављивање” has the narrower concept “Tweet”."
https://vocabs.dariah.eu/tadirah/uniformResourceIdentifier,Source,Class,uniform resource identifier,"A Uniform Resource Identifier (URI) is a string of characters used to identify a resource’s name on a network, such as the internet.","- “Identificazione” has the narrower concept “Uniform Resource Identifier.”
- “Uniform Resource Identifier” has the broader concept “Identificazione.”"
https://vocabs.dariah.eu/tadirah/uniformResourceIdentifier,Source,Class,uniform resource identifier,"In digital humanities, a Uniform Resource Identifier (URI) is a string of characters used to identify the name of a resource on a network such as the internet.","- “Identificazione” has narrower concept “Uniform Resource Identifier”.
- “Uniform Resource Identifier” has broader concept “Identificazione”."
https://vocabs.dariah.eu/tadirah/upload,Source,Class,upload,"In digital humanities, “upload” means sending data from a local system to a remote system (e.g., transferring files from your computer to an online repository or platform).","- “Troca” has the narrower concept “Upload”.
- “Upload” has the broader concept “Troca”."
https://vocabs.dariah.eu/tadirah/upload,Source,Class,upload,"In digital humanities, “upload” means sending data or files from a local system (e.g., your computer) to a remote system (e.g., a server, repository, or platform), such as when contributing datasets, texts, images, or code to an online archive or project.","- “Troca” has a narrower concept “Upload”.
- “Upload” has a broader concept “Troca”."
https://vocabs.dariah.eu/tadirah/userGeneratedContent,Source,Class,user generated content,"In digital humanities, User Generated Content (UGC) refers to online content created and contributed by users rather than by official publishers or institutions—such as entries, edits, and metadata added by community contributors on platforms like Wikidata (e.g., item Q579716).","- ""User Generated Content"" is a narrower concept of ""Crowdsourcing"".
- ""Crowdsourcing"" is a broader concept of ""User Generated Content""."
https://vocabs.dariah.eu/tadirah/userGeneratedContent,Source,Class,user generated content,"In digital humanities, User Generated Content (UGC) refers to online content created and contributed by users rather than by institutions or professionals—for example, edits and data added by contributors to platforms like Wikidata (see Wikidata item Q579716).","- “User Generated Content” is a narrower concept of “Crowdsourcing.”
- “Crowdsourcing” is a broader concept of “User Generated Content.”"
https://vocabs.dariah.eu/tadirah/versioning,Source,Class,versioning,"In digital humanities, versioning is the practice of managing successive versions of a work (e.g., documents, websites, software, or models) by archiving each release, referencing them, and documenting the changes. It tracks improvements and optimizations across versions so changes are transparent and recoverable.","- “Preservação” has a narrower concept “Versioning”.
- “Versioning” has a broader concept “Preservação”."
https://vocabs.dariah.eu/tadirah/versioning,Source,Class,versioning,"In digital humanities, versioning is the systematic management of successive versions of a work—such as documents, datasets, websites, or software—by archiving each release, referencing specific versions, and documenting changes. It tracks improvements and optimizations over time, enabling transparency, reproducibility, and citation of exact states of a project.","- “Preservação” has the more specific concept “Versioning”.
- “Versioning” has the broader concept “Preservação”."
https://vocabs.dariah.eu/tadirah/videoCapture,Source,Class,video capture,"In digital humanities, “video capture” refers to the process of recording and converting moving images (with or without audio) from a source—such as a camera, screen, or analog video—into a digital file for preservation, analysis, or dissemination. (See Wikidata item Q2778015.)","- “Aufzeichnen” has narrower concept “Video Capture”.
- “Video Capture” has broader concept “Aufzeichnen”."
https://vocabs.dariah.eu/tadirah/videoCapture,Source,Class,video capture,"In digital humanities, “video capture” refers to the process of converting and recording moving-image signals (from analog sources like VHS or from live/streaming/digital outputs) into a digital file for preservation, analysis, or reuse. (See Wikidata Q2778015: video capture as the acquisition of video data to a digital medium.)","- “Aufzeichnen” has the narrower concept “Video Capture”.
- “Video Capture” has the broader concept “Aufzeichnen”."
https://vocabs.dariah.eu/tadirah/videoConference,Source,Class,video conference,"In digital humanities, a video conference is a type of conference (Wikidata: Q238354) conducted via real-time audiovisual communication over the internet, enabling geographically distributed participants—such as researchers, educators, and project teams—to meet, present, and collaborate without co-location.","- “Communicating” has narrower concept “Video Conference”.
- “Video Conference” has broader concept “Communicating”."
https://vocabs.dariah.eu/tadirah/videoConference,Source,Class,video conference,"In digital humanities, a video conference is a type of conference (Wikidata Q238354) conducted via real-time audiovisual communication over the internet, enabling scholars to present, discuss, and collaborate remotely without being co-located.","- “Communicating” has narrower concept “Video Conference”.
- “Video Conference” has broader concept “Communicating”."
https://vocabs.dariah.eu/tadirah/videoEditing,Source,Class,video editing,"Video editing, in digital humanities, is the process of selecting, arranging, and modifying moving images and audio to construct meaning, narratives, or arguments from audiovisual sources. It encompasses techniques used in live television and video production (per Wikidata Q1154312), including cutting, sequencing, transitions, layering text/graphics, and sound design to analyze, interpret, or present cultural and historical materials.","- “Video Editing” is a narrower concept of “Editing”.
- “Editing” is a broader concept of “Video Editing”."
https://vocabs.dariah.eu/tadirah/videoEditing,Source,Class,video editing,"In digital humanities, video editing is the process of selecting, arranging, and modifying video and audio materials to construct meaning, narratives, or arguments for research, teaching, or public scholarship. It includes assembling footage, adding titles, graphics, and sound, and refining pacing and structure. In line with live television and video production practices (Wikidata Q1154312), it adapts production and post-production techniques—such as cutting between sources, layering media, and integrating metadata—to create interpretable, contextualized audiovisual scholarship.","- “Video Editing” is a narrower concept of “Editing”.
- “Editing” is a broader concept of “Video Editing”."
https://vocabs.dariah.eu/tadirah/visualAnalysis,Source,Class,visualiza o,"In digital humanities, “Visualização” (visualization) is the process of aggregating and graphically representing patterns, structures, trends, or points of interest in large, complex datasets—using automatic data analysis methods—to make them analytically useful and visually explorable. It can take static, dynamic, or interactive forms (e.g., images, maps, timelines, charts, tables, 2D/3D) to generate new insights from virtually any kind of data.","- “Análisis” has the narrower concept “Visualização”.
- “Data Visualization” has the broader concept “Visualização”.
- “Mapping” has the broader concept “Visualização”.
- “Mind Mapping” has the broader concept “Visualização”.
- “Plotting” has the broader concept “Visualização”.
- “Visualização” has the broader concept “Análisis”.
- “Visualização” has the close match “visualization”.
- “Visualização” has the narrower concepts “Data Visualization”, “Mapping”, “Mind Mapping”, and “Plotting”."
https://vocabs.dariah.eu/tadirah/visualAnalysis,Source,Class,visualiza o,"In digital humanities, “Visualização” means the visual analysis and representation of data: aggregating and graphically displaying patterns, structures, trends, or points of interest in large/complex datasets—often with automated analytical methods—so they become visually explorable and yield new insights. It can use static, dynamic, or interactive formats (e.g., images, maps, timelines, charts, tables, 2D/3D).","- “Análisis” has narrower concept “Visualização”.
- “Data Visualization” has broader concept “Visualização”.
- “Mapping” has broader concept “Visualização”.
- “Mind Mapping” has broader concept “Visualização”.
- “Plotting” has broader concept “Visualização”.
- “Visualização” has broader concept “Análisis”.
- “Visualização” closely matches “visualization”.
- “Visualização” has narrower concepts “Data Visualization”, “Mapping”, “Mind Mapping”, and “Plotting”."
https://vocabs.dariah.eu/tadirah/visualAnnotation,Source,Class,visual annotation,"In digital humanities, “visual annotation” refers to adding interpretive, descriptive, or analytical information directly onto or alongside visual materials (e.g., images, artworks, maps, diagrams), enabling scholars to tag regions, link sources, comment, and layer interpretations on visual content. According to Wikidata item Q98847784, it denotes the practice and tools that support attaching annotations to visual objects to enrich analysis, sharing, and discovery.","- “Annotazione” has narrower concept “Visual Annotation”.
- “Visual Annotation” has broader concept “Annotazione”."
https://vocabs.dariah.eu/tadirah/visualAnnotation,Source,Class,visual annotation,"In digital humanities, “visual annotation” refers to adding interpretive or descriptive information directly onto visual materials (e.g., images, maps, artworks, audiovisual frames) to highlight, tag, comment on, or link specific regions or features. It enables scholars to encode observations, references, and metadata spatially within the visual object. (See Wikidata item Q98847784.)","- “Annotazione” has the narrower concept “Visual Annotation”.
- “Visual Annotation” has the broader concept “Annotazione”."
https://vocabs.dariah.eu/tadirah/webCrawling,Source,Class,web crawling,"In digital humanities, web crawling means the systematic, automated access and retrieval of resources across the web (e.g., pages, files, metadata) to collect data for analysis.","- “Recolección” has the narrower concept “Web Crawling.”
- “Web Crawling” has the broader concept “Recolección.”"
https://vocabs.dariah.eu/tadirah/webCrawling,Source,Class,web crawling,"Web crawling is the systematic access of resources across the web—automated programs (crawlers) traverse webpages, follow links, and collect data for purposes like building datasets or indexes in digital humanities (Wikidata Q61466324).","- “Recolección” has narrower concept “Web Crawling”.
- “Web Crawling” has broader concept “Recolección”."
https://vocabs.dariah.eu/tadirah/webDevelopment,Source,Class,d veloppement web,"In digital humanities, Développement Web (web development) means creating and maintaining browser-based projects: writing HTML/CSS and other scripting languages; building or configuring platforms, CMSs, or frameworks (e.g., Drupal, WordPress, Bootstrap, Omeka); and producing digital assets (texts, images, data visualizations, interactive media) for web applications and sites.","- “Creating” has narrower concept “Développement Web”.
- “Développement Web” has broader concept “Creating”.
- “Développement Web” closely matches “web-development”."
https://vocabs.dariah.eu/tadirah/webDevelopment,Source,Class,d veloppement web,"In digital humanities, “Développement Web” (Web development) means creating and maintaining websites and browser-based applications. It includes:
- Writing HTML/CSS and other scripting/programming languages
- Building or configuring platforms, CMSs, or frameworks (e.g., Drupal, WordPress, Bootstrap, Omeka)
- Creating digital assets (texts, images, data visualizations, interactive components) for use in the browser","- “Creating” has narrower concept “Développement Web”.
- “Développement Web” has broader concept “Creating”.
- “Développement Web” closely matches “web-development”."
https://vocabs.dariah.eu/tadirah/webScraping,Source,Class,web scraping,"Web scraping is the automated process of extracting structured data from websites—often using scripts or tools—to collect information (e.g., from pages like Wikidata) for analysis in digital humanities research.","- “Archivieren” has narrower concept “Web Scraping”.
- “Recolección” has narrower concept “Web Scraping”.
- “Web Scraping” has broader concept “Archivieren”.
- “Web Scraping” has broader concept “Recolección”."
https://vocabs.dariah.eu/tadirah/webScraping,Source,Class,web scraping,"In digital humanities, web scraping (data scraping) is the automated extraction of data from websites—such as pulling structured information from pages or databases like Wikidata (see Q665452)—to assemble datasets for analysis, visualization, or research.","- “Web Scraping” is a narrower concept of “Archivieren”.
- “Web Scraping” is a narrower concept of “Recolección”.
- “Archivieren” has the narrower concept “Web Scraping”.
- “Recolección” has the narrower concept “Web Scraping”.
- “Web Scraping” is a broader concept of “Archivieren”.
- “Web Scraping” is a broader concept of “Recolección”."
https://vocabs.dariah.eu/tadirah/wireframing,Source,Class,wireframing,"Wireframing is the creation of simplified, low-fidelity layouts that outline the structure, content placement, and basic functionality of a digital interface (e.g., a website or application) before visual design and development. In digital humanities, wireframes help plan user journeys and organize scholarly content and features for clarity and usability. (Source: Wikidata Q98845203)","- “Wireframing” is a narrower concept of “Progettazione”.
- “Progettazione” is a broader concept of “Wireframing”."
https://vocabs.dariah.eu/tadirah/wireframing,Source,Class,wireframing,"In digital humanities, wireframing is the creation of low-fidelity, schematic layouts that outline the structure, hierarchy, and functionality of a digital project (e.g., a website, database interface, or visualization) before full design and development. It maps content areas, navigation, and user interactions to plan usability and workflow without focusing on visual styling. (Source: Wikidata Q98845203)","- “Progettazione” has the narrower concept “Wireframing”.
- “Wireframing” has the broader concept “Progettazione”."
https://vocabs.dariah.eu/tadirah/writing,Source,Class,escrita,"In this context, “Escrita” means writing: the activity of creating new texts—primarily research papers and reports, but potentially other text-oriented outputs—rather than capturing or transcribing existing text.","- Creating has narrower concept Escrita.
- Lettering has broader concept Escrita.
- Escrita has broader concept Creating.
- Escrita closely matches writing.
- Escrita has narrower concept Lettering."
https://vocabs.dariah.eu/tadirah/writing,Source,Class,escrita,"In this digital humanities context, “Escrita” means the activity of writing—creating new texts rather than capturing existing ones—primarily research papers and reports, but potentially other text-oriented outputs.","- “Creating” has narrower concept “Escrita”.
- “Lettering” has broader concept “Escrita”.
- “Escrita” has broader concept “Creating”.
- “Escrita” closely matches “writing”.
- “Escrita” has narrower concept “Lettering”."
http://vocabularies.unesco.org/thesaurus/concept10013,Target,Class,information en mati re d environnement,"In digital humanities, “information en matière d’environnement” refers to data and knowledge about the environment—its state, factors affecting it, and related policies—managed, analyzed, or disseminated using digital methods. It typically includes:
- Environmental datasets (e.g., climate, biodiversity, pollution, land use)
- Metadata and standards (e.g., INSPIRE, ISO 19115)
- Legal/policy information (e.g., Aarhus Convention, EU environmental directives)
- Digitized archives and cultural records about human–environment interactions
- Tools and practices for access, interoperability, visualization, and public participation (open data, GIS, text mining)","- “Information en matière d'environnement” has broader concept “معلومات علمية”.
- “Information en matière d'environnement” is related to “concept10009”.
- “Information en matière d'environnement” is related to “concept55”.
- “معلومات علمية” has narrower concept “Information en matière d'environnement”."
http://vocabularies.unesco.org/thesaurus/concept10103,Target,Class,Оборудование для микроформ,"It’s Russian for “equipment for microforms” — i.e., hardware used to view, digitize, or preserve microfilm and microfiche in digital humanities workflows (e.g., microfilm/microfiche readers, scanners, cameras, and related handling/preservation tools).","- “Equipo fotográfico” has narrower concept “Оборудование для микроформ”.
- “Microphotographie” is related to “Оборудование для микроформ”.
- “Микроформы” is related to “Оборудование для микроформ”.
- “Оборудование для микроформ” has broader concept “Equipo fotográfico”.
- “Оборудование для микроформ” is related to “Microphotographie”.
- “Оборудование для микроформ” is related to “Микроформы”."
http://vocabularies.unesco.org/thesaurus/concept1022,Target,Class,Реферирование,"In digital humanities, “Реферирование” (Russian: referirovaniye) means creating a concise, structured summary (an abstract) of a text or research work that captures its main ideas, methods, and conclusions. It’s used for information organization, retrieval, and analysis—e.g., generating metadata, abstracts for databases, or training corpora for text mining and summarization.","- “Análisis documental” has narrower concept “Реферирование”.
- “مسـتخلصات” is related to “Реферирование”.
- “Реферирование” has broader concept “Análisis documental”.
- “Реферирование” is related to “مسـتخلصات”."
http://vocabularies.unesco.org/thesaurus/concept1024,Target,Class,مسـتخلصات,المستخلصات: عرض موجز غير نقدي لمحتوى وثيقة/عمل علمي يبيّن موضوعه لمساعدة المستخدم على تقدير مدى ملاءمته.,"- “Revue bibliographique” has narrower concept “مسـتخلصات”.
- “Service bibliographique” is related to “مسـتخلصات”.
- “Реферирование” is related to “مسـتخلصات”.
- “مسـتخلصات” has broader concept “Revue bibliographique”.
- “مسـتخلصات” is related to “Service bibliographique”.
- “مسـتخلصات” is related to “Реферирование”."
http://vocabularies.unesco.org/thesaurus/concept1028,Target,Class,service bibliographique,"In digital humanities, “service bibliographique” (French) refers to a bibliographic service: a unit or platform that curates, catalogs, and provides access to bibliographic data (references, metadata, authority records) for research. It may include:

- Creation and maintenance of bibliographies and catalogs
- Metadata standardization (e.g., TEI, Dublin Core), authority control
- Discovery tools, indexing, and linking (e.g., to full texts, datasets)
- Research support (reference management, citation services, ORCID integration)
- Interoperability via APIs, linked open data, and harvesting (OAI-PMH)","- “Base de datos bibliográfica” is related to “Service bibliographique”.
- “Centro de intercambio de información” is related to “Service bibliographique”.
- “Difusión selectiva de información” is related to “Service bibliographique”.
- “Service d'information” is related to “Service bibliographique”.
- “Библиографии” is related to “Service bibliographique”.
- “تجميع الببليوجرافيات” is related to “Service bibliographique”.
- “فهارس” is related to “Service bibliographique”.
- “كشافات” is related to “Service bibliographique”.
- “مسـتخلصات” is related to “Service bibliographique”.
- “نظم المعلومات” has narrower concept “Service bibliographique”.
- “نظم المعلومات العلمية” is related to “Service bibliographique”.
- “Service bibliographique” has broader concept “نظم المعلومات”.
- “Service bibliographique” is related to “Base de datos bibliográfica”.
- “Service bibliographique” is related to “Centro de intercambio de información”.
- “Service bibliographique” is related to “Difusión selectiva de información”.
- “Service bibliographique” is related to “Service d'information”.
- “Service bibliographique” is related to “Библиографии”.
- “Service bibliographique” is related to “تجميع الببليوجرافيات”.
- “Service bibliographique” is related to “فهارس”.
- “Service bibliographique” is related to “كشافات”.
- “Service bibliographique” is related to “مسـتخلصات”.
- “Service bibliographique” is related to “نظم المعلومات العلمية”."
http://vocabularies.unesco.org/thesaurus/concept10297,Target,Class,استراتيجيات البحث,هي تحليل وصياغة أفضل الطرق التي يمكن من خلالها لنظام استرجاع/بحث وثائقي الإجابة عن سؤال بحث محدد.,"- “Online searching” has narrower concept “استراتيجيات البحث”.
- “استراتيجيات البحث” has broader concept “Online searching”."
http://vocabularies.unesco.org/thesaurus/concept10326,Target,Class,tude d utilisateurs d information,"In digital humanities, “Étude d’utilisateurs d’information” refers to studying how people seek, access, use, and evaluate information—typically within digital cultural, archival, or scholarly contexts. It includes analyzing users’ needs, behaviors, search strategies, tools used, and user experience to inform the design and evaluation of digital collections, interfaces, and services.","- “Formación de usuarios de información” is related to “Étude d'utilisateurs d'information”.
- “Information needs” is related to “Étude d'utilisateurs d'information”.
- “Utilisateur des bibliothèques” is related to “Étude d'utilisateurs d'information”.
- “Информационные пользователи” has narrower concept “Étude d'utilisateurs d'information”.
- “Étude d'utilisateurs d'information” has broader concept “Информационные пользователи”.
- “Étude d'utilisateurs d'information” is related to “Formación de usuarios de información”.
- “Étude d'utilisateurs d'information” is related to “Information needs”.
- “Étude d'utilisateurs d'information” is related to “Utilisateur des bibliothèques”."
http://vocabularies.unesco.org/thesaurus/concept10493,Target,Class,records appraisal,"In digital humanities, records appraisal is the process of evaluating digital records (e.g., datasets, emails, project files, web content) to determine their long-term value and whether they should be preserved. It weighs factors like evidential and informational value, research significance, authenticity, usability, legal/ethical obligations, and preservation costs/risks to decide what to keep, for how long, and in what form.","- “Records appraisal” is a broader concept of “ادارة السجلات”.  
- “ادارة السجلات” has the narrower concept “Records appraisal”."
http://vocabularies.unesco.org/thesaurus/concept10502,Target,Class,information systems evaluation,"In digital humanities, information systems evaluation is the systematic assessment of tools, platforms, and infrastructures (e.g., databases, repositories, text-mining tools, digital editions) to determine how well they meet scholarly, pedagogical, and public-engagement goals. It examines:

- Fitness for purpose: alignment with research questions, methods, and user communities.
- Usability and accessibility: ease of use, inclusivity, sustainability.
- Data quality and interoperability: standards compliance, metadata richness, FAIR principles.
- Scholarly value: transparency, reproducibility, citability, and impact on knowledge production.
- Ethical and cultural considerations: stewardship, bias, rights, and community accountability.
- Cost and sustainability: resources, maintenance, and long-term preservation.

The outcome guides selection, improvement, or decommissioning of DH systems and projects.","- “Información/biblioteca, administración” has narrower concept “Information systems evaluation”.
- “Поиск информации” is related to “Information systems evaluation”.
- “نظم المعلومات” is related to “Information systems evaluation”.
- “Information systems evaluation” has broader concept “Información/biblioteca, administración”.
- “Information systems evaluation” is related to “Поиск информации”.
- “Information systems evaluation” is related to “نظم المعلومات”."
http://vocabularies.unesco.org/thesaurus/concept10574,Target,Class,library exhibitions,"In digital humanities, “library exhibitions” are curated presentations—physical, digital, or hybrid—of library-held materials (manuscripts, books, datasets, images, audiovisuals) that use digital tools and humanities methods to interpret, contextualize, and share collections. They often feature:

- Thematic curation tied to research questions or cultural narratives
- Digitized items with metadata, annotations, and scholarly essays
- Interactive elements (timelines, maps, text analysis, networks)
- Open access platforms that support discovery, pedagogy, and public engagement

Their purpose is to translate collections into interpretive, researchable, and teachable resources for scholars and broader audiences.","- “Extensión bibliotecaria” has the narrower concept “Library exhibitions”.
- “Library exhibitions” has the broader concept “Extensión bibliotecaria”.
- “Library exhibitions” is related to “concept360”."
http://vocabularies.unesco.org/thesaurus/concept1060,Target,Class,biblioteca universitaria,"In digital humanities context, “Biblioteca universitaria” refers to a university library—the academic library system that supports teaching and research (including DH) by providing collections, digital repositories, data services, labs, and research support for scholars and students.","- “Biblioteca escolar” is related to “Biblioteca universitaria”.
- “Libraries” has narrower concept “Biblioteca universitaria”.
- “Biblioteca universitaria” has broader concept “Libraries”.
- “Biblioteca universitaria” is related to “Biblioteca escolar”.
- “Biblioteca universitaria” is related to “concept1055”.
- “Biblioteca universitaria” is related to “concept1061”.
- “Biblioteca universitaria” is related to “concept45”."
http://vocabularies.unesco.org/thesaurus/concept10618,Target,Class,Отчеты о командировках,"“Отчеты о командировках” means “business trip reports” or “travel reports.” In a digital humanities context, this would refer to documentation produced after research-related travel—e.g., fieldwork, archive visits, conferences—summarizing activities, findings, contacts, materials collected, and outcomes.","- “Primary documents” is related to “Отчеты о командировках”.
- “Монографии” has narrower concept “Отчеты о командировках”.
- “Отчеты о командировках” has broader concept “Монографии”.
- “Отчеты о командировках” is related to “Primary documents”.
- “Отчеты о командировках” is related to “concept6416”."
http://vocabularies.unesco.org/thesaurus/concept10648,Target,Class,تعبير شفهي,"In digital humanities, ""تعبير شفهي"" means oral expression—spoken forms of communication such as storytelling, interviews, speeches, and oral histories. It often refers to capturing, analyzing, and preserving spoken narratives and performances in digital formats.","- “Parole” has narrower concept “تعبير شفهي”.
- “تعبير شفهي” has broader concept “Parole”.
- “تعبير شفهي” is related to “concept2992”.
- “تعبير شفهي” is related to “concept5831”."
http://vocabularies.unesco.org/thesaurus/concept10777,Target,Class,women journalists,"In digital humanities, “women journalists” refers to women (including cis and trans women) who produce journalistic work and whose practices, texts, data, and networks are studied, represented, or remediated using digital methods. This can include:

- Building and analyzing datasets of women’s journalism (bylines, outlets, topics, eras).
- Studying gendered patterns in news production via text mining, network analysis, or visualization.
- Recovering and digitizing archives of women journalists historically marginalized in print and media histories.
- Examining platformed journalism (blogs, social media, podcasts) by women and its digital publics.
- Critiquing biases in news algorithms and recommending systems affecting women journalists’ visibility and safety.

So, “women journalists” is both a subject of inquiry and a category used to structure, analyze, and remediate journalistic labor by women through DH tools and frameworks.","- “Women journalists” is a broader concept’s narrower term of “صحفيون”.  
- “صحفيون” has the narrower concept “Women journalists”."
http://vocabularies.unesco.org/thesaurus/concept1080,Target,Class,biblioteca escolar,"In digital humanities, “biblioteca escolar” (Spanish/Portuguese) means a school library—viewed not just as a physical collection, but as a pedagogical and digital infrastructure that:
- Curates print and digital resources (e-books, databases, open educational resources)
- Supports information/digital literacy and critical data skills
- Enables DH activities (text/data analysis, digitization, metadata creation)
- Provides platforms and guidance for students’ and teachers’ digital projects and research.","- “Biblioteca universitaria” is related to “Biblioteca escolar”.
- “Libraries” has narrower concept “Biblioteca escolar”.
- “Biblioteca escolar” has broader concept “Libraries”.
- “Biblioteca escolar” is related to “Biblioteca universitaria”.
- “Biblioteca escolar” is related to “concept3352”.
- “Biblioteca escolar” is related to “concept3672”.
- “Biblioteca escolar” is related to “concept3854”.
- “Biblioteca escolar” is related to “concept46”.
- “Biblioteca escolar” is related to “concept98”.
- “Biblioteca escolar” is related to “concept99”."
http://vocabularies.unesco.org/thesaurus/concept10826,Target,Class,film media,"In digital humanities, “film media” refers to motion-picture content—features, documentaries, shorts, experimental films—and their associated artifacts (scripts, metadata, paratexts) studied and analyzed using digital methods. This includes:

- Digitized or born-digital films and video files
- Computational analysis of image, sound, editing, and narrative (e.g., shot detection, color/texture analysis, OCR of subtitles, audio/speech analysis)
- Metadata-driven research (credits, genres, networks, circulation)
- Platform and infrastructure concerns (digitization, encoding, preservation, access)
- Interpretation informed by cultural, historical, and technological contexts using digital tools and datasets","- “Film fixe” is a broader concept’s child of “Film media.” (Film fixe is narrower than Film media.)
- “Information media” has a narrower concept “Film media.” (Film media is narrower than Information media.)
- “Микроформы” is a broader concept’s child of “Film media.” (Микроформы is narrower than Film media.)
- “Film media” is a broader concept’s child of “Information media.” (Film media is narrower than Information media.)
- “Film media” has the narrower concepts “Film fixe” and “Микроформы.”"
http://vocabularies.unesco.org/thesaurus/concept10838,Target,Class,producteur de radio tv,"In digital humanities, “Producteur de radio/TV” (French) refers to a radio/television producer—the person who oversees the creation, coordination, and delivery of broadcast content. In DH contexts, this can include producing scholarly media (podcasts, video series, documentaries) that disseminate research, curate digital archives into broadcast narratives, manage workflows, rights, metadata, and audience engagement across platforms.","- “Television production” is related to “Producteur de radio/TV”.
- “Работники ТВ/радио” has narrower concept “Producteur de radio/TV”.
- “Producteur de radio/TV” has broader concept “Работники ТВ/радио”.
- “Producteur de radio/TV” is related to “Television production”.
- “Producteur de radio/TV” is related to “concept3098”."
http://vocabularies.unesco.org/thesaurus/concept11104,Target,Class,formaci n de usuarios de informaci n,"In digital humanities, “Formación de usuarios de información” refers to training programs that develop users’ abilities to find, evaluate, use, and manage digital information and scholarly resources. It typically includes:
- Information literacy (search strategies, metadata, evaluation)
- Use of DH tools and platforms (repositories, digitized archives, GIS, text mining)
- Data ethics and citation (copyright, FAIR principles)
- Research workflows (data management, reproducibility)
- Critical digital skills (algorithmic bias, platform critique)","- “Information needs” is related to “Formación de usuarios de información”.
- “Utilisateur des bibliothèques” is related to “Formación de usuarios de información”.
- “Étude d'utilisateurs d'information” is related to “Formación de usuarios de información”.
- “Информационные пользователи” has narrower concept “Formación de usuarios de información”.
- “Консультирование читателей” is related to “Formación de usuarios de información”.
- “Formación de usuarios de información” is broader concept of “Информационные пользователи”.
- “Formación de usuarios de información” is related to “Information needs”.
- “Formación de usuarios de información” is related to “Utilisateur des bibliothèques”.
- “Formación de usuarios de información” is related to “Étude d'utilisateurs d'information”.
- “Formación de usuarios de información” is related to “Консультирование читателей”."
http://vocabularies.unesco.org/thesaurus/concept11166,Target,Class,صور فوتوغرافية,"In digital humanities, ""صور فوتوغرافية"" means photographic images—digitized photos used as visual sources/data for analysis, annotation, archiving, and interpretation.","- “Наглядные материалы” has narrower concept “صور فوتوغرافية”.
- “Фотослайды” has broader concept “صور فوتوغرافية”.
- “صور فوتوغرافية” has broader concept “Наглядные материалы”.
- “صور فوتوغرافية” has narrower concept “Фотослайды”.
- “صور فوتوغرافية” is related to “concept345”."
http://vocabularies.unesco.org/thesaurus/concept1129,Target,Class,وصول إلى المعلومات,"In digital humanities, “وصول إلى المعلومات” means access to information—i.e., the ability for users (researchers, students, the public) to find, retrieve, and use digital resources (texts, datasets, images, metadata) through platforms, repositories, or open-access systems. It concerns availability, discoverability, permissions, and usability of digital cultural and scholarly materials.","- Data protection is related to وصول إلى المعلومات.
- Information needs is related to وصول إلى المعلومات.
- Libre circulación de la información is related to وصول إلى المعلومات.
- Universalité de l’internet is related to وصول إلى المعلومات.
- Коммуникационный контроль has narrower concept وصول إلى المعلومات.
- Передача информации is related to وصول إلى المعلومات.
- Свободное и открытое программное обеспечение is related to وصول إلى المعلومات.
- открытые данные is broader than وصول إلى المعلومات.
- الوصول المفتوح is broader than وصول إلى المعلومات.
- وصول إلى المعلومات is broader than Коммуникационный контроль.
- وصول إلى المعلومات has narrower concepts: открытые данные; الوصول المفتوح.
- وصول إلى المعلومات is related to: Data protection; Information needs; Libre circulación de la información; Universalité de l’internet; concept1146; concept1149; concept1152; concept1153; concept1154; concept16994; concept17077; concept17093; concept17126; Передача информации; Свободное и открытое программное обеспечение."
http://vocabularies.unesco.org/thesaurus/concept1132,Target,Class,Произвольный доступ,"In digital humanities, “произвольный доступ” means random (direct) access to data: the ability to retrieve or modify any element directly by its address/index without reading data sequentially (e.g., accessing a specific record in a database or a byte in a file).","- «Организация файлов» имеет более узкое понятие «Произвольный доступ».
- «Произвольный доступ» является более широким понятием для «Организация файлов»."
http://vocabularies.unesco.org/thesaurus/concept1147,Target,Class,data protection,"In digital humanities, data protection means the legal, ethical, and technical measures used to safeguard research data—especially personal or sensitive data—throughout its lifecycle. It includes:

- Lawful, consent-based collection and clear purpose limitation
- Minimization, anonymization/pseudonymization, and secure storage/transfer
- Access controls, integrity and confidentiality safeguards
- Transparency, participant rights (e.g., under GDPR), and accountability
- Responsible sharing and preservation practices that prevent re-identification

Goal: enable scholarly use of data while protecting individuals’ privacy and complying with regulations.","- “Data protection” is a narrower concept of “Законодательство в области передачи информации и связи”.
- “وصول إلى المعلومات” is related to “Data protection”.
- “Data protection” is a broader concept of “Законодательство в области передачи информации и связи”.
- “Data protection” is related to “concept1146”.
- “Data protection” is related to “concept5307”.
- “Data protection” is related to “وصول إلى المعلومات”."
http://vocabularies.unesco.org/thesaurus/concept1148,Target,Class,libre circulaci n de la informaci n,"In digital humanities, “libre circulación de la información” refers to the open, unhindered sharing and access to data, research outputs, cultural content, and metadata across platforms and communities. It implies:
- Open access to publications, datasets, and tools
- Interoperability and reusable formats (FAIR principles)
- Minimal legal/technical barriers (open licenses)
- Ethical sharing that respects rights, privacy, and provenance","- “Коммуникационный контроль” has narrower concept “Libre circulación de la información”.
- “Передача информации” is related to “Libre circulación de la información”.
- “وصول إلى المعلومات” is related to “Libre circulación de la información”.
- “Libre circulación de la información” has broader concept “Коммуникационный контроль”.
- “Libre circulación de la información” is related to “concept1154”.
- “Libre circulación de la información” is related to “Передача информации”.
- “Libre circulación de la información” is related to “وصول إلى المعلومات”."
http://vocabularies.unesco.org/thesaurus/concept1150,Target,Class,information needs,"In digital humanities, “information needs” are the specific gaps in knowledge a researcher (or user) must fill to accomplish a scholarly task—defined by their research questions, methods, and context. They shape what data, sources, metadata, tools, and formats are required (e.g., needing TEI-encoded texts, high-resolution images with provenance, interoperable datasets, or machine-readable corpora) and determine how information should be discovered, accessed, processed, and evaluated to advance a digital inquiry.","- “Formación de usuarios de información” is related to “Information needs”.
- “Utilisateur des bibliothèques” is related to “Information needs”.
- “Étude d'utilisateurs d'information” is related to “Information needs”.
- “Информационные пользователи” has narrower concept “Information needs”.
- “وصول إلى المعلومات” is related to “Information needs”.
- “Information needs” is broader than “Информационные пользователи”.
- “Information needs” is related to “Formación de usuarios de información”.
- “Information needs” is related to “Utilisateur des bibliothèques”.
- “Information needs” is related to “Étude d'utilisateurs d'information”.
- “Information needs” is related to “وصول إلى المعلومات”."
http://vocabularies.unesco.org/thesaurus/concept1151,Target,Class,Передача информации,"In digital humanities, “передача информации” (peredacha informatsii) means the transmission of information—how data/content is conveyed from one entity to another (e.g., between systems, formats, or audiences). It can include technical transfer (data encoding, protocols, digitization, metadata) and communicative transfer (interpreting, presenting, and disseminating digital content).","- Advertising is related to Передача информации.
- Information is related to Передача информации.
- Information dissemination is related to Передача информации.
- Information et développement is related to Передача информации.
- Intercambio de información is related to Передача информации.
- Libre circulación de la información is related to Передача информации.
- Processus de communication has narrower concept Передача информации.
- Télématique is related to Передача информации.
- Информационная технология is related to Передача информации.
- تدفق الاخبار is broader than Передача информации.
- مصادر المعلومات is related to Передача информации.
- وصول إلى المعلومات is related to Передача информации.
- Передача информации has broader concept Processus de communication.
- Передача информации has narrower concept تدفق الاخبار.
- Передача информации is related to Advertising.
- Передача информации is related to Information.
- Передача информации is related to Information dissemination.
- Передача информации is related to Information et développement.
- Передача информации is related to Intercambio de información.
- Передача информации is related to Libre circulación de la información.
- Передача информации is related to Télématique.
- Передача информации is related to concept2600.
- Передача информации is related to concept8017.
- Передача информации is related to Информационная технология.
- Передача информации is related to مصادر المعلومات.
- Передача информации is related to وصول إلى المعلومات."
http://vocabularies.unesco.org/thesaurus/concept1156,Target,Class,lista de adquisiciones,"“Lista de adquisiciones” means a periodically published list of new acquisitions (e.g., newly acquired materials in a library or archive).","- “Acquisitions” is related to “Lista de adquisiciones”.
- “وثائق ثانوية” has narrower concept “Lista de adquisiciones”.
- “Lista de adquisiciones” has broader concept “وثائق ثانوية”.
- “Lista de adquisiciones” is related to “Acquisitions”."
http://vocabularies.unesco.org/thesaurus/concept11605,Target,Class,رسوم بيانية,"In digital humanities, ""رسوم بيانية"" means data visualizations—graphs and charts (e.g., bar charts, line graphs, network graphs, timelines, maps) used to analyze and present humanities data.","- “Наглядные материалы” has narrower concept “رسوم بيانية”.
- “رسوم بيانية” has broader concept “Наглядные материалы”.
- “رسوم بيانية” is related to “concept17105”."
http://vocabularies.unesco.org/thesaurus/concept11691,Target,Class,ادلة سياحية,"In digital humanities, “أدلة سياحية” means “tourist guides” (guidebooks or digital tour guides). It refers to curated informational resources—often digitized or interactive—about places, heritage sites, museums, routes, and cultural practices, used for research, mapping, or public engagement.","- “Manuel” has a narrower concept “ادلة سياحية”.
- “ادلة سياحية” has a broader concept “Manuel”.
- “ادلة سياحية” is related to “concept370”.
- “ادلة سياحية” is related to “concept661”."
http://vocabularies.unesco.org/thesaurus/concept11704,Target,Class,Практические пособия,"“Практические пособия” in the context of digital humanities means “practical guides” or “hands-on manuals” — resources that provide step-by-step methods, tutorials, and workflows (e.g., for text mining, GIS, network analysis, data curation, or tool use) to apply DH techniques in practice.","- “Manuel” has a narrower concept “Практические пособия”.
- “Практические пособия” has a broader concept “Manuel”."
http://vocabularies.unesco.org/thesaurus/concept11719,Target,Class,reading habit,"In digital humanities, “reading habit” refers to the patterned ways individuals or communities engage with texts—what they choose to read, how they access it (e.g., ebooks, archives, platforms), the modes of interaction (skimming, deep reading, distant reading, hyperlinked navigation), temporal rhythms (frequency, duration), and social practices (annotation, sharing, recommendation). It also encompasses datafied traces of reading (clicks, scrolls, highlights) that can be analyzed to study cultural consumption and interpretive practices at scale.","- Reading has narrower concept Reading habit.
- Популяризация чтения is related to Reading habit.
- Reading habit has broader concept Reading.
- Reading habit is related to concept9863.
- Reading habit is related to Популяризация чтения."
http://vocabularies.unesco.org/thesaurus/concept11852,Target,Class,historia de las bibliotecas,"In digital humanities, “Historia de las bibliotecas” refers to the historical study of libraries—their origins, development, functions, technologies, and social roles—using both traditional historiography and computational methods (e.g., digitized archives, data mining, network analysis) to analyze how libraries have collected, organized, preserved, and disseminated knowledge over time.","- “Historia de las bibliotecas” is a broader concept’s narrower term of “علم المكتبات.”
- “علم المكتبات” has the narrower concept “Historia de las bibliotecas.”"
http://vocabularies.unesco.org/thesaurus/concept12200,Target,Class,طباعة بالليزر,"It means “laser printing” — producing text/images on paper using a laser printer, often used in digital humanities for high‑quality, fast, and consistent printouts of digitized texts, datasets, or project materials.","- Printing methods has narrower concept “طباعة بالليزر”.
- Фотонабор is related to “طباعة بالليزر”.
- تنضيد الحروف is related to “طباعة بالليزر”.
- طباعة بالليزر has broader concept “Printing methods”.
- طباعة بالليزر is related to “Фотонабор”.
- طباعة بالليزر is related to “تنضيد الحروف”."
http://vocabularies.unesco.org/thesaurus/concept12202,Target,Class,offset printing,"In digital humanities, “offset printing” refers to the industrial printing process where inked images are transferred (offset) from a plate to a rubber blanket, then to paper. It’s used to produce high-quality, high-volume print runs—e.g., scholarly monographs, critical editions, journals—contrasting with digital/on-demand printing. Researchers may note offset’s implications for typography, color fidelity, cost economies at scale, and the material history of texts.","- Printing methods has narrower concept Offset printing.
- Фотонабор is related to Offset printing.
- تنضيد الحروف is related to Offset printing.
- Offset printing has broader concept Printing methods.
- Offset printing is related to Фотонабор.
- Offset printing is related to تنضيد الحروف."
http://vocabularies.unesco.org/thesaurus/concept12263,Target,Class,مكانز,مكانز: ثيسورسات/معاجم مكنزية (thesauri) في علم المعلومات والإنسانيات الرقمية—لغة وثائقية محكومة وديناميكية تضم مصطلحات مترابطة دلالياً وهرمياً، تغطي مجال معرفة محدداً بشكل شامل لتوحيد الفهرسة والاسترجاع.,"- “Control terminológico” is related to “مكانز”.
- “Langage d'indexation” has narrower concept “مكانز”.
- “Reference materials” is related to “مكانز”.
- “Subject headings” is related to “مكانز”.
- “تجميع المكانز” has broader concept “مكانز”.
- “مكانز” has broader concept “Langage d'indexation”.
- “مكانز” has narrower concept “تجميع المكانز”.
- “مكانز” is related to “Control terminológico”.
- “مكانز” is related to “Reference materials”.
- “مكانز” is related to “Subject headings”.
- “مكانز” is related to “concept7984”."
http://vocabularies.unesco.org/thesaurus/concept12435,Target,Class,معلومات علمية,"In digital humanities, ""معلومات علمية"" means scholarly information—data, findings, or knowledge produced through academic research (e.g., datasets, annotated corpora, metadata, peer‑reviewed studies) used for computational analysis of cultural and historical materials.","- “Bibliothèque de recherche” is related to “معلومات علمية”.
- “Information” has narrower concept “معلومات علمية”.
- “Information dissemination” is related to “معلومات علمية”.
- “Information en matière d'environnement” is broader than “معلومات علمية”.
- “Information et développement” is related to “معلومات علمية”.
- “Information énergétique” is broader than “معلومات علمية”.
- “Technical writing” is related to “معلومات علمية”.
- “Популяризация науки” is broader than “معلومات علمية”.
- “نظم المعلومات العلمية” is related to “معلومات علمية”.
- “معلومات علمية” is a narrower concept of “Information”.
- “معلومات علمية” has narrower concepts “Information en matière d'environnement”, “Information énergétique”, and “Популяризация науки”.
- “معلومات علمية” is related to “Bibliothèque de recherche”, “Information dissemination”, “Information et développement”, “Technical writing”, “concept15070”, “concept15722”, “concept16282”, “concept17126”, “concept8017”, and “نظم المعلومات العلمية”."
http://vocabularies.unesco.org/thesaurus/concept12437,Target,Class,information en sciences sociales,"In digital humanities, “Information en sciences sociales” refers to the organization, retrieval, analysis, and dissemination of information relevant to the social sciences—using computational and data-driven methods. It covers:

- Information practices: cataloging, metadata, ontologies, controlled vocabularies for social science data.
- Information retrieval: search, indexing, text mining of social science literature and archives.
- Data curation: managing survey data, qualitative corpora, and administrative datasets (documentation, FAIR principles).
- Computational analysis: NLP, topic modeling, network analysis, and quantitative/qualitative mixed methods applied to social-science sources.
- Scholarly communication: open access, repositories, research evaluation, and knowledge infrastructures tailored to social sciences.","- “Información económica” is broader term of “Information en sciences sociales”.
- “Información social” is broader term of “Information en sciences sociales”.
- “Information” has narrower term “Information en sciences sociales”.
- “Information et développement” is related to “Information en sciences sociales”.
- “Political information” is broader term of “Information en sciences sociales”.
- “Information en sciences sociales” is broader term of “Information”.
- “Information en sciences sociales” has narrower term “Información económica”.
- “Information en sciences sociales” has narrower term “Información social”.
- “Information en sciences sociales” has narrower term “Political information”.
- “Information en sciences sociales” is related to “Information et développement”.
- “Information en sciences sociales” is related to “concept380”."
http://vocabularies.unesco.org/thesaurus/concept12439,Target,Class,political information,"In digital humanities, “political information” refers to data and discourse about power, governance, and public life that can be collected, analyzed, and interpreted computationally. It includes:

- Content: policies, laws, elections, party platforms, speeches, debates, news, social media posts, campaign ads, lobbying records.
- Metadata/structure: actors, institutions, networks, funding flows, voting records, timelines, geographies.
- Paratext/context: framing, sentiment, misinformation, media ecosystems, algorithmic amplification.

Researchers use DH methods (text mining, network analysis, GIS, visualization, archival curation) to study how political meanings are produced, circulated, received, and contested across digital and historical media.","- “Information en sciences sociales” has narrower concept “Political information”.
- “Political information” has broader concept “Information en sciences sociales”.
- “Political information” is related to “concept568”."
http://vocabularies.unesco.org/thesaurus/concept12442,Target,Class,informaci n social,"In digital humanities, “información social” refers to data about human actors and their relationships, behaviors, and cultural expressions—such as social network ties, interactions on platforms, metadata about creators/audiences, community demographics, participatory traces (likes, shares, comments), and contextual cues (time, place, affiliation). It’s used to analyze social structures, influence, circulation of texts/media, and community dynamics within cultural and historical datasets.","- “Información social” is broader term of “Information en sciences sociales”.  
- “Información social” is related to “concept9692”.  
- “Information en sciences sociales” has narrower term “Información social”."
http://vocabularies.unesco.org/thesaurus/concept12448,Target,Class,information biblioth que conomie,"In digital humanities, “Information/bibliothèque, économie” refers to the economics of information and libraries—how information (and library services, collections, infrastructures) is produced, funded, distributed, accessed, and valued in digital contexts. It covers topics like:

- Costs and funding models for digital libraries, repositories, and preservation
- Open access, licensing, and copyright’s economic implications
- Data/platform economies affecting scholarly communication
- Metrics, attention, and value of information goods
- Labor and sustainability in digitization and curation

It’s essentially the political economy of information and libraries within DH.","- “Información/biblioteca, planificación” has narrower concept “Information/bibliothèque, économie”.
- “Information/bibliothèque, budget” has broader concept “Information/bibliothèque, économie”.
- “تمويل المعلومات/المكتبات” has broader concept “Information/bibliothèque, économie”.
- “موارد المعلومات/المكتبات” is related to “Information/bibliothèque, économie”.
- “Information/bibliothèque, économie” has broader concept “Información/biblioteca, planificación”.
- “Information/bibliothèque, économie” has narrower concepts “Information/bibliothèque, budget” and “تمويل المعلومات/المكتبات”.
- “Information/bibliothèque, économie” is related to “موارد المعلومات/المكتبات”."
http://vocabularies.unesco.org/thesaurus/concept12452,Target,Class,تمويل المعلومات/المكتبات,"في سياق الإنسانيات الرقمية، تمويل المعلومات/المكتبات يعني:
- توفير دعم مالي ومصادر (منح، ميزانيات، شراكات) لمشاريع المعلومات والمكتبات الرقمية.
- يشمل رقمنة المجموعات، بناء مستودعات مفتوحة، تطوير قواعد بيانات وفهارس، أدوات تحليل نصي/شبكي، الحفاظ الرقمي، والبنية التحتية (خوادم، منصات).
- تمويل للمهارات والكوادر (أخصائيي بيانات، أمناء مكتبات رقميين، مطوري نظم)، والتدريب والسياسات (البيانات المفتوحة، FAIR).
- غالباً عبر وكالات بحثية، جامعات، مؤسسات ثقافية، وجهات مانحة خاصة، ومشاريع تعاونية دولية.","- “Information/bibliothèque, budget” is related to “تمويل المعلومات/المكتبات”.
- “Information/bibliothèque, économie” has narrower concept “تمويل المعلومات/المكتبات”.
- “تمويل المعلومات/المكتبات” has broader concept “Information/bibliothèque, économie”.
- “تمويل المعلومات/المكتبات” is related to “Information/bibliothèque, budget”."
http://vocabularies.unesco.org/thesaurus/concept12454,Target,Class,Управление в области информации/библиотечного дела,"В контексте digital humanities «Управление в области информации/библиотечного дела» — это стратегическое и операционное руководство процессами создания, описания, сохранения, доступа и использования цифровых и традиционных информационных ресурсов в гуманитарных проектах. Включает:
- Политику и стандарты (метаданные, открытые форматы, FAIR, лицензирование)
- Управление данными исследования (DMP, версии, репозитории)
- Цифровые коллекции и инфраструктуру (DAM, CMS, IIIF, OCR/HTR)
- Долговременное сохранение (архивирование, миграция, перезапись)
- Управление знаниями и открытой наукой (репозитории, preprints)
- Этические и правовые аспекты (GDPR, авторское право, культурная чувствительность)
- Аналитику и UX доступа (поиск, discoverability)
- Проектное и кадровое управление (компетенции, роли: data curator, digital archivist)

Итог: это управление жизненным циклом гуманитарных информационных ресурсов и цифровых коллекций для устойчивости, доступности и воспроизводимости исследований.","- “Información/biblioteca, administración” has the narrower concept “Управление в области информации/библиотечного дела”.
- “Information/library legislation” is related to “Управление в области информации/библиотечного дела”.
- “Promotion de l'utilisation des bibliothèques” is related to “Управление в области информации/библиотечного дела”.
- “Управление в области информации/библиотечного дела” has the broader concept “Información/biblioteca, administración”.
- “Управление в области информации/библиотечного дела” is related to “Information/library legislation” and to “Promotion de l'utilisation des bibliothèques”."
http://vocabularies.unesco.org/thesaurus/concept12462,Target,Class,information biblioth que budget,"In digital humanities, “Information/bibliothèque, budget” typically refers to the portion of a project plan or grant that allocates funds for:

- Information resources: datasets, digital corpora, databases, e-resources, APIs, metadata services.
- Library services (“bibliothèque”): librarian time, consultation, digitization services, interlibrary loans, repository hosting, preservation, licensing.
- Related costs: subscriptions, platform access fees, imaging/scanning, OCR, storage, backups, DOI assignment, open-access fees.

In short: the budget line for information resources and library-supported services essential to a DH project.","- “Information/bibliothèque, économie” has narrower concept “Information/bibliothèque, budget”.
- “تمويل المعلومات/المكتبات” is related to “Information/bibliothèque, budget”.
- “Information/bibliothèque, budget” has broader concept “Information/bibliothèque, économie”.
- “Information/bibliothèque, budget” is related to “تمويل المعلومات/المكتبات”."
http://vocabularies.unesco.org/thesaurus/concept12465,Target,Class,موارد المعلومات/المكتبات,"In digital humanities, ""موارد المعلومات/المكتبات"" refers to information resources and libraries—i.e., the collections, tools, and services (digital and physical) used to find, access, and manage scholarly materials. This includes:

- Digital libraries and repositories (texts, images, audio, video)
- Databases and catalogs (metadata, indices)
- Research tools and platforms (e.g., TEI corpora, GIS datasets, linguistic corpora)
- Institutional and public archives
- Library services supporting DH (digitization, data curation, preservation, access APIs)

They are the infrastructure enabling discovery, analysis, and preservation of humanities data.","- “Información/biblioteca, instalación” is related to “موارد المعلومات/المكتبات”.
- “Información/biblioteca, planificación” has a narrower concept “موارد المعلومات/المكتبات”.
- “Information/bibliothèque, économie” is related to “موارد المعلومات/المكتبات”.
- “Information/library personnel” is related to “موارد المعلومات/المكتبات”.
- “موارد المعلومات/المكتبات” has a broader concept “Información/biblioteca, planificación”.
- “موارد المعلومات/المكتبات” is related to “Información/biblioteca, instalación”.
- “موارد المعلومات/المكتبات” is related to “Information/bibliothèque, économie”.
- “موارد المعلومات/المكتبات” is related to “Information/library personnel”."
http://vocabularies.unesco.org/thesaurus/concept1247,Target,Class,selecci n de libros,"In digital humanities, “Selección de libros” typically refers to the curated selection of books used as a corpus or dataset—i.e., the criteria and process for choosing which books to include for analysis, digitization, annotation, or exhibition (e.g., by period, genre, metadata quality, representativeness, or research relevance).","- “Acquisitions” has the narrower concept “Selección de libros”.
- “Selección de libros” has the broader concept “Acquisitions”."
http://vocabularies.unesco.org/thesaurus/concept1248,Target,Class,bon unesco,"“Bon UNESCO” refers to a UNESCO coupon/voucher used to purchase publications and audiovisual materials intended for educational, scientific, and cultural purposes.","- “Acquisitions” has narrower concept “Bon UNESCO”.
- “Bon UNESCO” has broader concept “Acquisitions”."
http://vocabularies.unesco.org/thesaurus/concept1249,Target,Class,مجموعات المكتبات,"في سياق الإنسانيات الرقمية، تعني ""مجموعات المكتبات"" مجموعات المواد التي تقتنيها المكتبات وتُنظَّم وتُتاح رقمياً للبحث والتحليل. تشمل كتباً رقمية، مخطوطات وصور ممسوحة، قواعد بيانات، أرشيفات رقمية، بيانات وصفية، ومواد سمعية-بصرية. تُستخدم هذه المجموعات كبيانات قابلة للبحث والمعالجة بالحوسبة لدعم الدراسات والتحليلات الرقمية.","- “Acquisitions” is related to “مجموعات المكتبات”.
- “Información/biblioteca, administración” has narrower concept “مجموعات المكتبات”.
- “مجموعات المكتبات” has broader concept “Información/biblioteca, administración”.
- “مجموعات المكتبات” is related to “Acquisitions”.
- “مجموعات المكتبات” is related to “concept2782”.
- “مجموعات المكتبات” is related to “concept2783”."
http://vocabularies.unesco.org/thesaurus/concept12521,Target,Class,syst me d information int gr,"In digital humanities, a Système d'information intégré (integrated information system) is a coordinated set of tools, data models, workflows, and services that manages the full lifecycle of humanities data—ingest, description, storage, analysis, preservation, and dissemination—within a unified, interoperable environment. It typically:

- Uses shared standards (e.g., TEI, IIIF, CIDOC CRM) and persistent identifiers.
- Connects repositories, catalogs/metadata, research tools, and publishing platforms.
- Ensures data integrity, provenance, and reproducibility.
- Facilitates cross-collection querying, visualization, and collaborative work.","- “Système d'information intégré” has broader concept “نظم المعلومات”.
- “نظم المعلومات” has narrower concept “Système d'information intégré”."
http://vocabularies.unesco.org/thesaurus/concept12522,Target,Class,international information systems,"In digital humanities, “international information systems” refers to the interconnected digital infrastructures, platforms, standards, and workflows that enable the creation, management, interoperability, and sharing of humanities data across countries and cultures. This includes:

- Cross-border repositories, catalogs, and databases (e.g., federated archives, Linked Open Data).
- Common standards and protocols (metadata schemas, ontologies, IIIF, TEI) for interoperability.
- Multilingual, multicultural interfaces and data models that support diverse scripts and contexts.
- Governance, ethics, and legal frameworks (IP, data sovereignty, GDPR) for global collaboration.
- Networked research infrastructures that facilitate comparative, transnational humanities scholarship.","- “Information/library networks” is related to “International information systems”.
- “International information systems” is a narrower concept of “نظم المعلومات”.
- “International information systems” is a broader concept than “نظم المعلومات”. (Note: This contradicts the previous statement.)
- “International information systems” is related to “Information/library networks”."
http://vocabularies.unesco.org/thesaurus/concept12523,Target,Class,syst me d information juridique,"In digital humanities, a Système d'information juridique (SIJ) is a legal information system: an integrated digital infrastructure for collecting, structuring, linking, and providing access to legal data (legislation, case law, doctrine, metadata). It supports research and analysis through standardized formats, ontologies/taxonomies, and tools for search, annotation, text mining, and interoperability.","- “Юридические библиотеки” is related to “Système d'information juridique”.
- “نظم المعلومات” has narrower concept “Système d'information juridique”.
- “Système d'information juridique” has broader concept “نظم المعلومات”.
- “Système d'information juridique” is related to “concept546”.
- “Système d'information juridique” is related to “Юридические библиотеки”."
http://vocabularies.unesco.org/thesaurus/concept12524,Target,Class,management information systems,"In digital humanities, Management Information Systems (MIS) refers to the sociotechnical systems—people, processes, and digital tools—that collect, store, analyze, and report information to support planning, coordination, and decision-making in humanities projects and institutions. Examples include platforms and workflows that manage digitization pipelines, metadata and collections, research project tracking, usage analytics, budgets, and resource allocation for libraries, archives, museums, and DH labs.","- “Management information systems” is a broader concept related to “نظم المعلومات”.
- “Management information systems” is related to “concept10614”.
- “نظم المعلومات” has the narrower concept “Management information systems”."
http://vocabularies.unesco.org/thesaurus/concept12525,Target,Class,نظم المعلومات الوطنية,"In digital humanities, ""نظم المعلومات الوطنية"" (national information systems) refers to integrated, state-level infrastructures, policies, databases, and platforms that collect, manage, preserve, and provide access to a nation’s information resources—such as archives, libraries, cultural heritage records, research data, and statistics—to support scholarship, public access, and cultural memory.","- ""نظم المعلومات"" has the narrower concept ""نظم المعلومات الوطنية"".
- ""نظم المعلومات الوطنية"" has the broader concept ""نظم المعلومات""."
http://vocabularies.unesco.org/thesaurus/concept12538,Target,Class,Консультирование читателей,"In digital humanities, “Консультирование читателей” means “reader consultation” or “user advisory services”: helping patrons navigate digital collections, tools, and methods—e.g., guiding literature searches, metadata use, text mining setups, data management, and platform access in libraries/archives.","- “Formación de usuarios de información” is related to “Консультирование читателей”.
- “Популяризация чтения” has narrower concept “Консультирование читателей”.
- “Консультирование читателей” has broader concept “Популяризация чтения”.
- “Консультирование читателей” is related to “Formación de usuarios de información”."
http://vocabularies.unesco.org/thesaurus/concept12584,Target,Class,informations radiophoniques,"In digital humanities, “Informations radiophoniques” refers to radio news or radio-broadcast information—i.e., news content produced for and disseminated via radio. It can encompass programs, bulletins, transcripts, metadata, and archival recordings used for analysis (e.g., discourse, circulation, reception, or computational text/sound studies).","- “Informations radiophoniques” is a narrower concept of “Radio”.
- “Radio programmes” is related to “Informations radiophoniques”.
- “تدفق الاخبار” is related to “Informations radiophoniques”.
- “Informations radiophoniques” is a broader concept of “Radio”. (inverse of the first)
- “Informations radiophoniques” is related to “Radio programmes”. (duplicate of the second)
- “Informations radiophoniques” is related to “تدفق الاخبار”. (duplicate of the third)"
http://vocabularies.unesco.org/thesaurus/concept12586,Target,Class,telediario,"In digital humanities context, “Telediario” refers to a television news program—literally “television daily” in Spanish—often used as a media source or corpus for studying broadcast news discourse, audiovisual rhetoric, metadata, and sociocultural narratives. It’s notably the flagship news program of Spain’s public broadcaster RTVE (La 1).","- “Telediario” is a narrower concept of “Televisión”.
- “برامج تلفزيونية” is related to “Telediario”.
- “تدفق الاخبار” is related to “Telediario”.
- “Telediario” is a broader concept of “Televisión”. (inverse of the first)
- “Telediario” is related to “concept1316”.
- “Telediario” is related to “برامج تلفزيونية”.
- “Telediario” is related to “تدفق الاخبار”."
http://vocabularies.unesco.org/thesaurus/concept12608,Target,Class,هندسة الهاتف,"في سياق الإنسانيات الرقمية، ""هندسة الهاتف"" تُفهم كالهندسة (التصميم والبنية والتحليل) للأنظمة الهاتفية والهواتف المحمولة بوصفها وسائط ثقافية ورقمية: أي دراسة وبناء البنى التقنية (الأجهزة، الشبكات، البروتوكولات، الواجهات) وكيف تشكّل الممارسات الاجتماعية والثقافية وجمع البيانات والنصوص/الوسائط المحمولة، وتحليل أثر تصميم الهاتف والبنية الشبكية على إنتاج المعرفة، التواصل، والأرشفة الرقمية.","- ""اتصالات سلكية ولاسلكية"" أضيق منه ""هندسة الهاتف"".
- ""هاتف"" ذو صلة بـ ""هندسة الهاتف"".
- ""هندسة الهاتف"" أوسع منه ""اتصالات سلكية ولاسلكية"".
- ""هندسة الهاتف"" ذو صلة بـ ""هاتف""."
http://vocabularies.unesco.org/thesaurus/concept12747,Target,Class,هاتف,"In digital humanities, هاتف (hātif) means “telephone” or “phone,” and by extension “cell phone”/“mobile.” It can also refer to voice-based interfaces or telephony data used in DH projects (e.g., analyzing call records, IVR logs, or voice transcripts).","- “Communication conversationnelle” is related to “هاتف”.
- “Équipement de télécommunications” has narrower concept “هاتف”.
- “اتصال بين الاشخاص” is related to “هاتف”.
- “هندسة الهاتف” is related to “هاتف”.
- “هواتف محمولة” has broader concept “هاتف”.
- “هاتف” has broader concept “Équipement de télécommunications”.
- “هاتف” has narrower concept “هواتف محمولة”.
- “هاتف” is related to “Communication conversationnelle”.
- “هاتف” is related to “اتصال بين الاشخاص”.
- “هاتف” is related to “هندسة الهاتف”."
http://vocabularies.unesco.org/thesaurus/concept12870,Target,Class,تلكس,"في سياق الإنسانيات الرقمية، ""تلكس"" يشير عادةً إلى نظام ""تيليكس"" (Telex): شبكة اتصالات قديمة تعتمد على إرسال واستقبال نصوص عبر خطوط هاتفية باستخدام أجهزة شبيهة بآلات الطباعة. استُخدم للتواصل النصي الدولي قبل الفاكس والبريد الإلكتروني، ويُذكر اليوم في دراسات تاريخ الاتصالات والبنية التحتية للمعلومات.","- “Équipement de télécommunications” has narrower concept “تلكس”.
- “اتصال بين الاشخاص” is related to “تلكس”.
- “تلكس” has broader concept “Équipement de télécommunications” and is related to “اتصال بين الاشخاص”."
http://vocabularies.unesco.org/thesaurus/concept13023,Target,Class,newspapers,"In digital humanities, “newspapers” are digitized historical or contemporary news publications used as data. Researchers treat them as:

- Sources of text, images, and metadata for analysis (e.g., topic modeling, sentiment, named entities).
- Evidence of social, cultural, and political discourse over time.
- Datasets structured by date, place, publisher, section, and article.
- Objects requiring critical attention to OCR quality, bias, edition/ownership history, and copyright.

So, newspapers are both cultural artifacts and machine-processable corpora for computational and interpretive study.","- Periodicals has narrower concept Newspapers.
- Prensa de información diaria is related to Newspapers.
- Publicación seriada is related to Newspapers.
- Ética de la prensa is related to Newspapers.
- Газетные библиотеки is related to Newspapers.
- Newspapers has broader concept Periodicals.
- Newspapers is related to Prensa de información diaria.
- Newspapers is related to Publicación seriada.
- Newspapers is related to Ética de la prensa.
- Newspapers is related to Газетные библиотеки."
http://vocabularies.unesco.org/thesaurus/concept13436,Target,Class,Популяризация чтения,"In digital humanities, “популяризация чтения” (popularization of reading) refers to strategies and projects that use digital tools and platforms to broaden readership and engagement with texts—e.g., e-libraries, reading apps, social media/book communities, digital exhibitions, interactive annotations, and data-driven recommendations—to make reading more accessible, appealing, and participatory.","- “Extensión bibliotecaria” has narrower concept “Популяризация чтения”.
- “Reading habit” is related to “Популяризация чтения”.
- “Консультирование читателей” has broader concept “Популяризация чтения”.
- “Популяризация чтения” has broader concept “Extensión bibliotecaria”.
- “Популяризация чтения” has narrower concept “Консультирование читателей”.
- “Популяризация чтения” is related to “Reading habit”.
- “Популяризация чтения” is related to “concept9863”."
http://vocabularies.unesco.org/thesaurus/concept13542,Target,Class,Местная пресса,"“Местная пресса” (Russian) means “local press” or “local newspapers/media.” In digital humanities, it typically refers to locally produced periodicals and news sources used as primary data for studying regional discourse, community histories, public opinion, and media ecosystems.","- “Community media” is related to “Местная пресса”.
- “Presse” has narrower concept “Местная пресса”.
- “Неофициальная пресса” is related to “Местная пресса”.
- “Сельская пресса” is related to “Местная пресса”.
- “Местная пресса” is broader concept of “Presse”.
- “Местная пресса” is related to “Community media”.
- “Местная пресса” is related to “Неофициальная пресса”.
- “Местная пресса” is related to “Сельская пресса”."
http://vocabularies.unesco.org/thesaurus/concept1355,Target,Class,ادارة الاتصالات,"In digital humanities, “إدارة الاتصالات” means managing communication processes, tools, and channels for projects—planning and coordinating messaging, stakeholder outreach, collaboration platforms, documentation flow, and dissemination (e.g., websites, social media, newsletters) to support research, community engagement, and project sustainability.","- “Communication organizations” is a narrower concept of “ادارة الاتصالات”.
- “Gobernanza de Internet” is a narrower concept of “ادارة الاتصالات”.
- “Планирование в области передачи информации и связи” is a broader concept of “ادارة الاتصالات”.
- “ادارة الاتصالات” is a narrower concept of “Планирование в области передачи информации и связи”.
- “ادارة الاتصالات” has the narrower concepts “Communication organizations” and “Gobernanza de Internet”."
http://vocabularies.unesco.org/thesaurus/concept13550,Target,Class,Сельская пресса,"“Сельская пресса” (Russian) translates to “Rural Press.” 

In a digital humanities context, it typically refers to historical or contemporary newspapers and periodicals produced for or by rural communities—sources used to study regional culture, agriculture, local governance, and everyday life outside urban centers.","- “Сельская пресса” is a narrower concept of “Presse”.
- “Radiodiffusion rurale” is related to “Сельская пресса”.
- “Местная пресса” is related to “Сельская пресса”.
- “Сельская пресса” has broader concept “Presse”.
- “Сельская пресса” is related to “Radiodiffusion rurale”.
- “Сельская пресса” is related to “Местная пресса”."
http://vocabularies.unesco.org/thesaurus/concept13551,Target,Class,Неофициальная пресса,"In the context of digital humanities, “Неофициальная пресса” (Russian) means “unofficial press” or “non-official press”: publications produced outside state or institutional control—e.g., independent, underground, samizdat, alternative, or oppositional media—often studied for their networks, circulation, and discourse beyond official channels.","- “Prensa de información diaria” is related to “Неофициальная пресса”.
- “Prensa periódica” is related to “Неофициальная пресса”.
- “Presse” has narrower concept “Неофициальная пресса”.
- “Местная пресса” is related to “Неофициальная пресса”.
- “Неофициальная пресса” is a broader concept of “Presse”.
- “Неофициальная пресса” is related to “Prensa de información diaria”.
- “Неофициальная пресса” is related to “Prensa periódica”.
- “Неофициальная пресса” is related to “Местная пресса”."
http://vocabularies.unesco.org/thesaurus/concept1361,Target,Class,gestion de bureau,"In digital humanities, “gestion de bureau” (French) typically refers to office/administrative management—i.e., coordinating day‑to‑day project administration: scheduling, documentation, correspondence, budgeting/logistics, and workflow organization for DH projects, labs, or centers.","- “Office automation” is related to “Gestion de bureau”.
- “Service de bureau” has narrower concept “Gestion de bureau”.
- “ادارة السجلات” is related to “Gestion de bureau”.
- “Gestion de bureau” is broader than “Service de bureau”.
- “Gestion de bureau” is related to “Office automation”.
- “Gestion de bureau” is related to “ادارة السجلات”."
http://vocabularies.unesco.org/thesaurus/concept13924,Target,Class,syst me d information m dicale,"In digital humanities, a “Système d'information médicale” (medical information system) is the set of digital tools, databases, standards, and workflows used to collect, store, manage, analyze, and share medical/health data (e.g., electronic health records, clinical codes, imaging, metadata). In DH contexts, it enables structured access to historical or contemporary medical datasets for research, annotation, interoperability, and computational analysis.","- “Système d'information médicale” is broader term: “نظم المعلومات العلمية”.
- “Système d'information médicale” is related to “concept1772”.
- “Système d'information médicale” is related to “concept241”.
- “نظم المعلومات العلمية” has narrower term: “Système d'information médicale”."
http://vocabularies.unesco.org/thesaurus/concept14050,Target,Class,printing methods,"In digital humanities, “printing methods” refers to the historical and technical processes used to reproduce text and images, and how those processes shape the production, circulation, and reception of cultural materials. It includes:

- Manual and mechanical techniques: woodblock, movable type, letterpress, lithography.
- Industrial/modern print: offset printing, phototypesetting.
- Digital output: laser/inkjet printing, print-on-demand.

Scholars study printing methods to understand materiality (fonts, layout, paper), transmission and variability of texts, authorship and editorial practices, and the social/technical infrastructures that influence how knowledge is produced and read.","- “Equipement d'imprimerie” is related to “Printing methods”.
- “Impresión” has narrower concept “Printing methods”.
- “Offset printing” has broader concept “Printing methods”.
- “Переплет” has broader concept “Printing methods”.
- “Фотонабор” has broader concept “Printing methods”.
- “تنضيد الحروف” has broader concept “Printing methods”.
- “طباعة بالليزر” has broader concept “Printing methods”.
- “طباعة توضيحية” has broader concept “Printing methods”.
- “Printing methods” has broader concept “Impresión”.
- “Printing methods” has narrower concept “Offset printing”.
- “Printing methods” has narrower concept “Переплет”.
- “Printing methods” has narrower concept “Фотонабор”.
- “Printing methods” has narrower concept “تنضيد الحروف”.
- “Printing methods” has narrower concept “طباعة بالليزر”.
- “Printing methods” has narrower concept “طباعة توضيحية”.
- “Printing methods” is related to “Equipement d'imprimerie”."
http://vocabularies.unesco.org/thesaurus/concept14100,Target,Class,microfiches,"In digital humanities, microfiches are flat sheets of film that store miniaturized images of documents. They were widely used for archiving newspapers, manuscripts, and records before digital scanning. Today, they’re often the source material for digitization projects, where the images on microfiche are scanned, OCRed, and made searchable for research.","- “Microfiches” is a broader concept’s narrower term of “Микроформы.”
- “Микроформы” has the narrower concept “Microfiches.”"
http://vocabularies.unesco.org/thesaurus/concept14103,Target,Class,microfilms,"In digital humanities, microfilms are photographic reproductions of documents stored on film (usually 16mm or 35mm) at reduced size for preservation and compact storage. They serve as analog surrogates of archives, newspapers, manuscripts, etc., often used as source material for digitization (scanning microfilm to create digital images/OCR) and for long-term preservation due to their stability.","- “Microfilms” is a broader concept’s narrower term of “Микроформы”.
- “Микроформы” has the narrower concept “Microfilms”."
http://vocabularies.unesco.org/thesaurus/concept14106,Target,Class,microphotographie,"In digital humanities, microphotographie (microphotography) refers to creating and using extremely small-scale photographic reproductions of texts or images—most commonly microfilm and microfiche—for preservation, storage, and later digitization. It historically enabled compact archiving of books, newspapers, and manuscripts, and today often serves as a source medium for digital scans used in scholarly editions, text mining, and archival access.","- “Impresión” is related to “Microphotographie”.
- “Publishing industry” has narrower concept “Microphotographie”.
- “Микроформы” is related to “Microphotographie”.
- “Оборудование для микроформ” is related to “Microphotographie”.
- “Репрография” is related to “Microphotographie”.
- “Microphotographie” is a broader concept under “Publishing industry”.
- “Microphotographie” is related to “Impresión”.
- “Microphotographie” is related to “concept345”.
- “Microphotographie” is related to “Микроформы”.
- “Microphotographie” is related to “Оборудование для микроформ”.
- “Microphotographie” is related to “Репрография”."
http://vocabularies.unesco.org/thesaurus/concept14542,Target,Class,newsprint,"In digital humanities, “newsprint” typically refers to:

- The low-cost, wood-pulp paper used for printing newspapers (the physical medium).
- By extension, the corpus of digitized newspapers themselves—sources analyzed computationally for historical, cultural, or linguistic research (e.g., OCR’d newspaper pages used for text mining, topic modeling, or metadata analysis).","- “Newsprint” is broader-concept-of “Papel de imprenta”.
- “Papel de imprenta” has narrower concept “Newsprint”."
http://vocabularies.unesco.org/thesaurus/concept14595,Target,Class,standards,"In digital humanities, “standards” are agreed-upon formats, schemas, protocols, and best practices that ensure data, texts, metadata, and tools are consistent, interoperable, and reusable across projects and platforms. Examples include TEI for text encoding, Dublin Core for metadata, IIIF for image delivery, Unicode for character encoding, and FAIR principles for data management.","- “Publicación seriada” has a narrower concept “Standards”.
- “Standards” has a broader concept “Publicación seriada”.
- “Standards” is related to “concept13886”."
http://vocabularies.unesco.org/thesaurus/concept1532,Target,Class,advertising,"In digital humanities, advertising refers to the study and analysis of how promotional messages are created, distributed, and received across digital media, using computational and humanistic methods. It includes examining ad content, platforms (e.g., social media, search, programmatic), targeting and datafication, audience behavior, cultural and ethical implications, historical shifts from print to digital, and the political economy of attention and surveillance.","- Communication psychology is related to Advertising.
- Comunicación en grupo is related to Advertising.
- Feedback (communication) is related to Advertising.
- Información pública is related to Advertising.
- Persuasion is related to Advertising.
- Processus de communication has narrower concept Advertising.
- Publicité de presse is broader than Advertising.
- Publicité radiophonique is broader than Advertising.
- Recherche sur le public is related to Advertising.
- Relations publiques is related to Advertising.
- Коммерческое вещание is related to Advertising.
- Коммуникационные навыки is related to Advertising.
- Массовые коммуникации is related to Advertising.
- Передача информации is related to Advertising.
- اعلانات تلفزيونية is broader than Advertising.
- Advertising is broader than Processus de communication.
- Advertising has narrower concept Publicité de presse.
- Advertising has narrower concept Publicité radiophonique.
- Advertising has narrower concept اعلانات تلفزيونية.
- Advertising is related to Communication psychology.
- Advertising is related to Comunicación en grupo.
- Advertising is related to Feedback (communication).
- Advertising is related to Información pública.
- Advertising is related to Persuasion.
- Advertising is related to Recherche sur le public.
- Advertising is related to Relations publiques.
- Advertising is related to concept1539.
- Advertising is related to concept1545.
- Advertising is related to concept17120.
- Advertising is related to concept628.
- Advertising is related to Коммерческое вещание.
- Advertising is related to Коммуникационные навыки.
- Advertising is related to Массовые коммуникации.
- Advertising is related to Передача информации."
http://vocabularies.unesco.org/thesaurus/concept1534,Target,Class,publicit de presse,"In digital humanities, “Publicité de presse” refers to newspaper and periodical advertising—both the ads themselves and the practices around them—studied as digital cultural data. It can involve:
- Digitizing and annotating press ads
- Analyzing formats, visual rhetoric, audiences, and markets over time
- Tracking advertisers, brands, and media economies
- Using computational methods (OCR, NLP, image analysis) to map trends, networks, and influence across the press.","- Advertising has narrower concept Publicité de presse.
- Publicité de presse has broader concept Advertising."
http://vocabularies.unesco.org/thesaurus/concept1535,Target,Class,publicit radiophonique,"In digital humanities context, “Publicité radiophonique” refers to radio advertising—audio promotional content broadcast on radio—studied as cultural, historical, and media data. It can involve analyzing ad scripts, sound design, audience targeting, distribution networks, and their evolution using DH methods (digitization, metadata, text/audio mining, corpus analysis).","- “Publicité radiophonique” is a narrower concept of “Advertising.”
- “Advertising” is a broader concept of “Publicité radiophonique.”"
http://vocabularies.unesco.org/thesaurus/concept1536,Target,Class,اعلانات تلفزيونية,"“إعلانات تلفزيونية” means “television advertisements” or “TV commercials.” 

In a digital humanities context, it refers to TV ads as cultural and media artifacts—objects you might analyze for language, imagery, ideology, audience targeting, historical change, and their digitized circulation/metadata in archives.","- “Advertising” has the narrower concept “اعلانات تلفزيونية”.
- “Коммерческое телевидение” is related to “اعلانات تلفزيونية”.
- “اعلانات تلفزيونية” has the broader concept “Advertising”.
- “اعلانات تلفزيونية” is related to “Коммерческое телевидение”."
http://vocabularies.unesco.org/thesaurus/concept1538,Target,Class,recherche sur le public,"In digital humanities, “recherche sur le public” (French) means audience research: studying who the audiences are, how they access, use, interpret, and engage with digital cultural or scholarly content. It includes analyzing user demographics, behaviors, motivations, usability, accessibility, impact, and participation, often using methods like analytics, surveys, interviews, A/B testing, and ethnography to inform design, dissemination, and evaluation of digital projects.","- Advertising is related to Recherche sur le public.
- Chiffres de tirage is broader than Recherche sur le public.
- Communication psychology is related to Recherche sur le public.
- Communication users is related to Recherche sur le public.
- Participación del público is broader than Recherche sur el público.
- Recherche sur la communication is narrower than Recherche sur le public.
- Sociologie de la communication is related to Recherche sur le public.
- Реакция аудитории is broader than Recherche sur le public.
- Рейтинг аудитории is broader than Recherche sur le public.
- Recherche sur le public is broader than Recherche sur la communication.
- Recherche sur le public has narrower concept Chiffres de tirage.
- Recherche sur le public has narrower concept Participación del público.
- Recherche sur le public has narrower concept Реакция аудитории.
- Recherche sur le public has narrower concept Рейтинг аудитории.
- Recherche sur le public is related to Advertising.
- Recherche sur le public is related to Communication psychology.
- Recherche sur le public is related to Communication users.
- Recherche sur le public is related to Sociologie de la communication.
- Recherche sur le public is related to concept277.
- Recherche sur le public is related to concept3325."
http://vocabularies.unesco.org/thesaurus/concept1540,Target,Class,Коммерческое вещание,"In digital humanities, “Коммерческое вещание” (commercial broadcasting) refers to media broadcasting funded primarily by advertising, subscriptions, or other market-based revenue, as opposed to public or state-funded broadcasting. It shapes content, distribution, and audience metrics through commercial incentives and platform economics.","- “Advertising” is related to “Коммерческое вещание”.
- “Broadcasting” has narrower concept “Коммерческое вещание”.
- “Коммерческое телевидение” is related to “Коммерческое вещание”.
- “Коммерческое вещание” is broader concept of “Broadcasting”. (From the inverse triple: it is a narrower concept of “Broadcasting”.)
- “Коммерческое вещание” is related to “Advertising”.
- “Коммерческое вещание” is related to “concept5674”.
- “Коммерческое вещание” is related to “Коммерческое телевидение”."
http://vocabularies.unesco.org/thesaurus/concept1541,Target,Class,communication psychology,"In digital humanities, communication psychology studies how psychological processes shape the creation, interpretation, and effects of messages in digital contexts—e.g., how attention, emotion, cognition, identity, and social influence affect online discourse, media reception, platform interactions, and the spread of information. It links theories of perception, persuasion, and behavior to digital texts, interfaces, and networks to explain and improve communication outcomes.","- Advertising is related to Communication psychology.
- Communication users are related to Communication psychology.
- Comunicación en grupo is related to Communication psychology.
- Persuasion is related to Communication psychology.
- Processus de communication is related to Communication psychology.
- Propaganda is related to Communication psychology.
- Recherche sur la communication has narrower concept Communication psychology.
- Recherche sur le public is related to Communication psychology.
- Sociologie de la communication is related to Communication psychology.
- Массовые коммуникации is related to Communication psychology.
- اتصال بين الاشخاص is related to Communication psychology.
- تأثير الاتصال is related to Communication psychology.
- Communication psychology has broader concept Recherche sur la communication.
- Communication psychology is related to Advertising.
- Communication psychology is related to Communication users.
- Communication psychology is related to Comunicación en grupo.
- Communication psychology is related to Persuasion.
- Communication psychology is related to Processus de communication.
- Communication psychology is related to Propaganda.
- Communication psychology is related to Recherche sur le public.
- Communication psychology is related to Sociologie de la communication.
- Communication psychology is related to concept311.
- Communication psychology is related to concept377.
- Communication psychology is related to Массовые коммуникации.
- Communication psychology is related to اتصال بين الاشخاص.
- Communication psychology is related to تأثير الاتصال."
http://vocabularies.unesco.org/thesaurus/concept1542,Target,Class,Коммуникационные навыки,"In digital humanities, “Коммуникационные навыки” (communication skills) are the abilities to clearly convey and interpret information across humanistic and technical domains. They include:
- Translating between technical and non-technical audiences (e.g., explaining methods like text mining to scholars).
- Collaborative teamwork across disciplines (humanities, data science, design, archives).
- Writing and presenting multimodal outputs (reports, metadata docs, project sites, exhibits).
- Negotiating project goals, roles, and timelines.
- Ethical, culturally sensitive communication about data, sources, and communities.
- Clear documentation (code, data provenance, workflows) for reproducibility.","- “Advertising” is related to “Коммуникационные навыки”.
- “Parole” is broader than “Коммуникационные навыки”.
- “Processus de communication” is narrower than “Коммуникационные навыки”.
- “Reading” is broader than “Коммуникационные навыки”.
- “Écoute” is broader than “Коммуникационные навыки”.
- “اتصال غير لفظي” is broader than “Коммуникационные навыки”.
- “كتابة” is broader than “Коммуникационные навыки”.
- “Коммуникационные навыки” is broader than “Processus de communication”.
- “Коммуникационные навыки” is narrower than “Parole”.
- “Коммуникационные навыки” is narrower than “Reading”.
- “Коммуникационные навыки” is narrower than “Écoute”.
- “Коммуникационные навыки” is narrower than “اتصال غير لفظي”.
- “Коммуникационные навыки” is narrower than “كتابة”.
- “Коммуникационные навыки” is related to “Advertising”.
- “Коммуникационные навыки” is related to “concept2992”.
- “Коммуникационные навыки” is related to “concept5831”."
http://vocabularies.unesco.org/thesaurus/concept1543,Target,Class,feedback communication,"In digital humanities, feedback (communication) is the information returned to a creator, system, or community about how a work, tool, or process is received or performing, enabling adjustment and improvement. It operates as a loop—responses from users, peers, or metrics (e.g., annotations, peer review, usage analytics, community comments) inform subsequent revisions to datasets, interfaces, algorithms, interpretive arguments, or project design. It can be human (qualitative critiques, collaborative review) or machine-mediated (A/B testing results, interaction logs), and is essential for iterative, participatory, and accountable DH practice.","- Advertising is related to Feedback (communication).
- Communication conversationnelle is related to Feedback (communication).
- Communication users is related to Feedback (communication).
- Comunicación en grupo is related to Feedback (communication).
- Persuasion is related to Feedback (communication).
- Processus de communication has narrower concept Feedback (communication).
- Propaganda is related to Feedback (communication).
- Массовые коммуникации is related to Feedback (communication).
- اتصال بين الاشخاص is related to Feedback (communication).
- Feedback (communication) has broader concept Processus de communication.
- Feedback (communication) is related to Advertising.
- Feedback (communication) is related to Communication conversationnelle.
- Feedback (communication) is related to Communication users.
- Feedback (communication) is related to Comunicación en grupo.
- Feedback (communication) is related to Persuasion.
- Feedback (communication) is related to Propaganda.
- Feedback (communication) is related to Массовые коммуникации.
- Feedback (communication) is related to اتصال بين الاشخاص."
http://vocabularies.unesco.org/thesaurus/concept1544,Target,Class,comunicaci n en grupo,"In digital humanities, “comunicación en grupo” refers to collaborative communication among multiple participants—often interdisciplinary teams—using digital tools (e.g., shared documents, project platforms, messaging, videoconferencing) to coordinate research, co-create content, manage data, and disseminate findings. It emphasizes collective knowledge-building, transparent workflows, and networked participation.","- Advertising is related to Comunicación en grupo.
- Communication conversationnelle is related to Comunicación en grupo.
- Communication psychology is related to Comunicación en grupo.
- Discussion de groupe is broader than Comunicación en grupo.
- Feedback (communication) is related to Comunicación en grupo.
- Persuasion is related to Comunicación en grupo.
- Processus de communication is narrower than Comunicación en grupo.
- Propaganda is related to Comunicación en grupo.
- Конференции is broader than Comunicación en grupo.
- اتصال بين الاشخاص is related to Comunicación en grupo.
- Comunicación en grupo is broader than Processus de communication.
- Comunicación en grupo is narrower than Discussion de groupe.
- Comunicación en grupo is narrower than Конференции.
- Comunicación en grupo is related to Advertising.
- Comunicación en grupo is related to Communication conversationnelle.
- Comunicación en grupo is related to Communication psychology.
- Comunicación en grupo is related to Feedback (communication).
- Comunicación en grupo is related to Persuasion.
- Comunicación en grupo is related to Propaganda.
- Comunicación en grupo is related to concept11644.
- Comunicación en grupo is related to concept5943.
- Comunicación en grupo is related to concept8183.
- Comunicación en grupo is related to اتصال بين الاشخاص."
http://vocabularies.unesco.org/thesaurus/concept1546,Target,Class,Массовые коммуникации,"In digital humanities, “Массовые коммуникации” (Mass communications) refers to the study and practice of creating, distributing, and analyzing information intended for large audiences via media systems—e.g., print, broadcast, film, internet, and social platforms—using digital methods to examine content, networks, reception, and cultural impact.","- Advertising is related to Массовые коммуникации.
- Communication psychology is related to Массовые коммуникации.
- Feedback (communication) is related to Массовые коммуникации.
- Información pública is broader than Массовые коммуникации.
- Opinión pública is related to Массовые коммуникации.
- Persuasion is related to Массовые коммуникации.
- Processus de communication is narrower than Массовые коммуникации.
- Propaganda is related to Массовые коммуникации.
- Relations publiques is broader than Массовые коммуникации.
- Коммуникационная этика is related to Массовые коммуникации.
- تأثير الاتصال is related to Массовые коммуникации.
- وسائل الإعلام الجماهيرية is related to Массовые коммуникации.
- Массовые коммуникации is broader than Processus de communication.
- Массовые коммуникации is narrower than Información pública.
- Массовые коммуникации is narrower than Relations publiques.
- Массовые коммуникации is related to Advertising.
- Массовые коммуникации is related to Communication psychology.
- Массовые коммуникации is related to Feedback (communication).
- Массовые коммуникации is related to Opinión pública.
- Массовые коммуникации is related to Persuasion.
- Массовые коммуникации is related to Propaganda.
- Массовые коммуникации is related to concept17017.
- Массовые коммуникации is related to concept5731.
- Массовые коммуникации is related to concept5873.
- Массовые коммуникации is related to concept6465.
- Массовые коммуникации is related to Коммуникационная этика.
- Массовые коммуникации is related to تأثير الاتصال.
- Массовые коммуникации is related to وسائل الإعلام الجماهيرية."
http://vocabularies.unesco.org/thesaurus/concept1547,Target,Class,persuasion,"In digital humanities, persuasion refers to the use of digital media, data, interfaces, and design to influence beliefs, attitudes, or actions—often through rhetoric embedded in algorithms, visualizations, narratives, or platform affordances. It examines how digital artifacts shape interpretation and behavior, and how persuasive strategies are encoded, circulated, and received online.","- Advertising is related to Persuasion.
- Communication psychology is related to Persuasion.
- Comunicación en grupo is related to Persuasion.
- Feedback (communication) is related to Persuasion.
- Información pública is related to Persuasion.
- Processus de communication has the narrower concept Persuasion.
- Propaganda is broader than Persuasion.
- Массовые коммуникации is related to Persuasion.
- تأثير الاتصال is related to Persuasion.
- Persuasion is broader than Processus de communication.
- Persuasion has the narrower concept Propaganda.
- Persuasion is related to Advertising.
- Persuasion is related to Communication psychology.
- Persuasion is related to Comunicación en grupo.
- Persuasion is related to Feedback (communication).
- Persuasion is related to Información pública.
- Persuasion is related to concept11653.
- Persuasion is related to Массовые коммуникации.
- Persuasion is related to تأثير الاتصال."
http://vocabularies.unesco.org/thesaurus/concept1548,Target,Class,informaci n p blica,"Información pública: información que los organismos gubernamentales (y, en algunos contextos, corporativos) ofrecen al público para dar a conocer y difundir sus programas y actividades.","- Advertising is related to Información pública.
- Information dissemination is related to Información pública.
- Opinión pública is related to Información pública.
- Persuasion is related to Información pública.
- Propaganda is related to Información pública.
- Relations publiques is related to Información pública.
- Коммуникационная этика is related to Información pública.
- Массовые коммуникации has narrower concept Información pública.
- مطبوعات رسمية is related to Información pública.
- Información pública has broader concept Массовые коммуникации.
- Información pública is related to Advertising.
- Información pública is related to Information dissemination.
- Información pública is related to Opinión pública.
- Información pública is related to Persuasion.
- Información pública is related to Propaganda.
- Información pública is related to Relations publiques.
- Información pública is related to concept1153.
- Información pública is related to concept11653.
- Información pública is related to concept17004.
- Información pública is related to concept5873.
- Información pública is related to Коммуникационная этика.
- Información pública is related to مطبوعات رسمية."
http://vocabularies.unesco.org/thesaurus/concept1549,Target,Class,relations publiques,"In digital humanities, “relations publiques” (public relations) refers to the strategic communication and relationship-building efforts that connect DH projects, labs, or institutions with their audiences—scholars, students, cultural institutions, funders, and the public. It includes outreach, branding, media and social media communication, community engagement, event promotion, and stakeholder liaison to enhance visibility, impact, and support for DH initiatives.","- “Advertising” is related to “Relations publiques”.
- “Información pública” is related to “Relations publiques”.
- “Opinión pública” is related to “Relations publiques”.
- “Массовые коммуникации” has narrower concept “Relations publiques”.
- “Relations publiques” is broader than “Массовые коммуникации”.
- “Relations publiques” is related to “Advertising”.
- “Relations publiques” is related to “Información pública”.
- “Relations publiques” is related to “Opinión pública”."
http://vocabularies.unesco.org/thesaurus/concept1557,Target,Class,t l d tection,"Télédétection: collecte et analyse à distance de données sur la surface terrestre (via avions, ballons, satellites) pour surveiller et prévoir les évolutions et identifier les ressources naturelles d’une région.","- “Codificación” has narrower concept “Télédétection”.
- “Распознавание знаков” is related to “Télédétection”.
- “اتصالات سلكية ولاسلكية” is related to “Télédétection”.
- “Télédétection” has broader concept “Codificación”.
- “Télédétection” is related to “concept10624”.
- “Télédétection” is related to “concept11168”.
- “Télédétection” is related to “concept12690”.
- “Télédétection” is related to “concept1555”.
- “Télédétection” is related to “concept3269”.
- “Télédétection” is related to “concept615”.
- “Télédétection” is related to “Распознавание знаков”.
- “Télédétection” is related to “اتصالات سلكية ولاسلكية”."
http://vocabularies.unesco.org/thesaurus/concept15615,Target,Class,war propaganda,"In digital humanities, “war propaganda” refers to strategic, persuasive messaging about war—its causes, enemies, heroes, and outcomes—produced by state or non-state actors and disseminated through media to shape public opinion and behavior. DH approaches study it by:

- Analyzing texts, images, video, and memes at scale (e.g., sentiment, rhetoric, narratives).
- Tracing circulation across platforms and networks (bots, influencers, virality).
- Examining multimodal techniques (visual symbolism, sound, editing) and their affective impact.
- Contextualizing production/recep­tion historically and culturally, including disinformation and platform algorithms.
- Comparing across conflicts, languages, and media ecologies to map ideological patterns and effects.","- “War propaganda” is a narrower concept of “Propaganda.”
- “Propaganda” is a broader concept of “War propaganda.”"
http://vocabularies.unesco.org/thesaurus/concept15881,Target,Class,technical writing,"In digital humanities, technical writing is the clear, structured documentation and communication of methods, tools, data, and workflows—such as software guides, data dictionaries, encoding schemas (e.g., TEI), metadata standards, reproducible protocols, and project reports—so that interdisciplinary audiences can understand, use, and sustain DH projects.","- “Популяризация науки” is related to “Technical writing”.
- “كتابة” has narrower concept “Technical writing”.
- “معلومات علمية” is related to “Technical writing”.
- “Technical writing” is a broader concept of “كتابة”.
- “Technical writing” is related to “concept10651”.
- “Technical writing” is related to “Популяризация науки”.
- “Technical writing” is related to “معلومات علمية”."
http://vocabularies.unesco.org/thesaurus/concept15913,Target,Class,سجلات البحوث,"في سياق الإنسانيات الرقمية، ""سجلات البحوث"" تعني قواعد أو مجموعات منظَّمة من البيانات الوصفية والمحتوى المتعلق بالمشاريع والأعمال العلمية (مثل المقالات، البيانات، الأكواد، المجموعات النصية/الصور)، تُفهرَس وتُتاح رقمياً لتسهيل الاكتشاف، التتبع، إعادة الاستخدام، وربط النتائج والأدوات والمنهجيات عبر منصات وأرشيفات مختلفة.","- ""سجلات البحوث"" أعمّها ""وثائق ثانوية"".
- ""وثائق ثانوية"" أخصّها ""سجلات البحوث""."
http://vocabularies.unesco.org/thesaurus/concept1604,Target,Class,posters,"In digital humanities, “posters” are concise, visually designed research presentations—typically printed or digital single-page layouts—that summarize a project’s question, methods (e.g., text mining, GIS, TEI), data, results, and significance. They’re used at conferences, institutes, and classrooms to communicate work-in-progress or completed studies, often including visuals like graphs, maps, network diagrams, screenshots, and QR links to datasets, code, or project sites.","- “Posters” is a broader concept of “Наглядные материалы”.
- “Posters” is related to “concept1539”.
- “Posters” is related to “concept343”.
- “Наглядные материалы” has narrower concept “Posters”."
http://vocabularies.unesco.org/thesaurus/concept16358,Target,Class,Транзисторы,"In the context of digital humanities, “Транзисторы” (Russian: “transistors”) refers to the fundamental semiconductor devices that switch and amplify electronic signals. Transistors enabled modern computing hardware, making possible the digital systems (computers, storage, networks) that underpin computational methods in the humanities.","- “Транзисторы” is a broader concept’s narrower term of “اشباه الموصلات”.
- “اشباه الموصلات” has the narrower concept “Транзисторы”."
http://vocabularies.unesco.org/thesaurus/concept1682,Target,Class,Агентства новостей,"In this context, Агентства новостей means “news agencies” — organizations that gather, produce, and distribute news content (e.g., TASS, Interfax). In digital humanities, it often refers to data sources for analyzing news discourse, metadata, and media ecosystems.","- “Journalisme” is related to “Агентства новостей”.
- “Media viability” is related to “Агентства новостей”.
- “Prensa de información diaria” is related to “Агентства новостей”.
- “Publishing industry” has narrower concept “Агентства новостей”.
- “تدفق الاخبار” is related to “Агентства новостей”.
- “Агентства новостей” is broader than “Publishing industry”.
- “Агентства новостей” is related to “Journalisme”.
- “Агентства новостей” is related to “Media viability”.
- “Агентства новостей” is related to “Prensa de información diaria”.
- “Агентства новостей” is related to “تدفق الاخبار”."
http://vocabularies.unesco.org/thesaurus/concept17000,Target,Class,geographical information systems,"Geographical Information Systems (GIS) are computer-based systems that store, analyze, and present geographically referenced information to support decision-making across domains, especially those involving human use and management of the physical environment.","- “Computer applications” is related to “Geographical information systems”.
- “نظم المعلومات العلمية” has narrower concept “Geographical information systems”.
- “Geographical information systems” has broader concept “نظم المعلومات العلمية”.
- “Geographical information systems” is related to “Computer applications”.
- “Geographical information systems” is related to “concept172”.
- “Geographical information systems” is related to “concept3269”.
- “Geographical information systems” is related to “concept5637”.
- “Geographical information systems” is related to “concept7430”."
http://vocabularies.unesco.org/thesaurus/concept17010,Target,Class,biblioteca digital,"A biblioteca digital é uma coleção organizada de recursos de informação em formato digital ou eletrônico, acompanhada de serviços que permitem aos usuários localizar e usar esses recursos por meio de sistemas de busca apropriados.","- “Biblioteca digital” is a narrower concept of “Libraries.”
- “Sistema de información en línea” is related to “Biblioteca digital.”
- “رقمنة” (digitization) is related to “Biblioteca digital.”
- “Biblioteca digital” is a broader concept’s narrower term under “Libraries” and is related to “Sistema de información en línea” and “رقمنة.”"
http://vocabularies.unesco.org/thesaurus/concept17021,Target,Class,correspondencia,"In digital humanities, “Correspondencia” typically refers to historical correspondence—letters and written exchanges between people—treated as data. Scholars digitize, transcribe, annotate, and analyze these epistolary networks (metadata, topics, places, dates, senders/recipients) to study communication patterns, intellectual networks, and cultural history.","- “اتصال بين الاشخاص” is related to “Correspondencia”.
- “كتابة” has narrower concept “Correspondencia”.
- “Correspondencia” has broader concept “كتابة”.
- “Correspondencia” is related to “اتصال بين الاشخاص”."
http://vocabularies.unesco.org/thesaurus/concept17042,Target,Class,Полнотекстовые базы данных,"In digital humanities, “Полнотекстовые базы данных” means full-text databases—collections where the complete text of documents (e.g., books, articles, newspapers, manuscripts) is stored and searchable, allowing queries across the entire text rather than just metadata or abstracts.","- “Полнотекстовые базы данных” is a narrower concept of “Databases”.
- “رقمنة” is related to “Полнотекстовые базы данных”.
- “Полнотекстовые базы данных” is a broader concept of which “Databases” is the broader term? (Inverse: “Полнотекстовые базы данных” has broader concept “Databases”.)
- “Полнотекстовые базы данных” is related to “رقمنة”."
http://vocabularies.unesco.org/thesaurus/concept17067,Target,Class,Интернет,"In digital humanities, “Интернет” (Russian for “the Internet”) refers to the global network of interconnected computers and protocols enabling creation, distribution, and analysis of digital texts, media, and data—serving as both an object of study (online cultures, platforms, archives) and an infrastructure for research methods (web scraping, digital archives, network analysis, distant reading, crowdsourcing).","- “Courrier électronique” is related to “Интернет”.
- “Gobernanza de Internet” is related to “Интернет”.
- “Medios sociales” is related to “Интернет”.
- “Plateforme numérique” is related to “Интернет”.
- “Red informática” is narrower than “Интернет”.
- “Universalité de l’internet” is broader than “Интернет”.
- “Интернет” is broader than “Red informática”.
- “Интернет” is narrower than “Universalité de l’internet”.
- “Интернет” is related to “Courrier électronique”.
- “Интернет” is related to “Gobernanza de Internet”.
- “Интернет” is related to “Medios sociales”.
- “Интернет” is related to “Plateforme numérique”.
- “Интернет” is related to “concept1149”.
- “Интернет” is related to “concept16979”.
- “Интернет” is related to “concept16994”.
- “Интернет” is related to “concept17004”.
- “Интернет” is related to “concept5657”."
http://vocabularies.unesco.org/thesaurus/concept17086,Target,Class,هواتف محمولة,"“هواتف محمولة” means “mobile phones” in English. In digital humanities, this refers to using mobile devices for data collection, fieldwork, audience engagement, location-based storytelling, or accessing/creating digital archives on the go.","- “Communication mobile” is related to “هواتف محمولة”.
- “هاتف” has narrower concept “هواتف محمولة”.
- “هواتف محمولة” has broader concept “هاتف”.
- “هواتف محمولة” is related to “Communication mobile”."
http://vocabularies.unesco.org/thesaurus/concept17089,Target,Class,medios sociales,"In digital humanities, “medios sociales” (Spanish for “social media”) refers to online platforms and tools that enable users to create, share, and interact with content and communities—e.g., Twitter/X, Facebook, Instagram, YouTube, blogs, and forums—used for research, dissemination, collaboration, community engagement, and data analysis (e.g., studying digital culture, networks, and discourse).","- “Participación del público” is related to “Medios sociales”.
- “Plateforme numérique” is related to “Medios sociales”.
- “Интернет” is related to “Medios sociales”.
- “дезинформация” is related to “Medios sociales”.
- “وسائل الإعلام الجماهيرية” has narrower concept “Medios sociales”.
- “Medios sociales” is broader than “وسائل الإعلام الجماهيرية”.
- “Medios sociales” is related to “Participación del público”.
- “Medios sociales” is related to “Plateforme numérique”.
- “Medios sociales” is related to “concept17054”.
- “Medios sociales” is related to “Интернет”.
- “Medios sociales” is related to “дезинформация”."
http://vocabularies.unesco.org/thesaurus/concept17094,Target,Class,Свободное и открытое программное обеспечение,"В контексте цифровых гуманитарных наук «Свободное и открытое программное обеспечение» (СОПО, FOSS) — это софт, который:
- предоставляет пользователям свободы запускать, изучать, изменять и распространять программы и их модификации;
- публикует исходный код под открытыми лицензиями (например, GPL, MIT, Apache).

Для DH это означает:
- прозрачные, воспроизводимые исследовательские рабочие процессы;
- возможность адаптировать инструменты под конкретные гуманитарные задачи;
- совместную разработку и долговременную доступность инструментов и данных.","- “Logiciel” has narrower concept “Свободное и открытое программное обеспечение”.
- “الوصول المفتوح” is related to “Свободное и открытое программное обеспечение”.
- “وصول إلى المعلومات” is related to “Свободное и открытое программное обеспечение”.
- “Свободное и открытое программное обеспечение” has broader concept “Logiciel”.
- “Свободное и открытое программное обеспечение” is related to “concept17126”.
- “Свободное и открытое программное обеспечение” is related to “concept3090”.
- “Свободное и открытое программное обеспечение” is related to “الوصول المفتوح”.
- “Свободное и открытое программное обеспечение” is related to “وصول إلى المعلومات”."
http://vocabularies.unesco.org/thesaurus/concept17116,Target,Class,дезинформация,"In digital humanities, дезинформация (Russian: “disinformation”) means deliberately false or misleading information created and spread to deceive, manipulate public opinion, or disrupt knowledge ecosystems—often via coordinated campaigns, bots, or doctored media. It’s distinguished from misinformation (unintentional falsehood) and is studied through source analysis, network mapping, and computational detection.","- “Medios sociales” is related to “дезинформация”.
- “Propaganda” has a narrower concept “дезинформация”.
- “Коммуникационная этика” is related to “дезинформация”.
- “дезинформация” is a broader concept of “Propaganda”.
- “дезинформация” is related to “Medios sociales”.
- “дезинформация” is related to “concept17017”.
- “дезинформация” is related to “Коммуникационная этика”."
http://vocabularies.unesco.org/thesaurus/concept17127,Target,Class,الوصول المفتوح,الوصول المفتوح: إتاحة موارد المعرفة للجمهور على نطاق واسع دون عوائق مثل رسوم الاشتراك أو رسوم الإتاحة، لتمكين الوصول والاستخدام الحر في السياقات الأكاديمية والإنسانيات الرقمية.,"- “Édition électronique” is related to “الوصول المفتوح”.
- “Свободное и открытое программное обеспечение” is related to “الوصول المفتوح”.
- “открытые данные” is related to “الوصول المفتوح”.
- “وصول إلى المعلومات” is narrower than “الوصول المفتوح”.
- “الوصول المفتوح” is broader than “وصول إلى المعلومات”.
- “الوصول المفتوح” is related to “concept17093”.
- “الوصول المفتوح” is related to “concept17126”.
- “الوصول المفتوح” is related to “Édition électronique”.
- “الوصول المفتوح” is related to “Свободное и открытое программное обеспечение”.
- “الوصول المفتوح” is related to “открытые данные”."
http://vocabularies.unesco.org/thesaurus/concept17128,Target,Class,открытые данные,"Открытые данные — это публикация «сырых» данных в доступном, повторно используемом, машиночитаемом формате с разрешительной лицензией. Источники данных: государственные органы, полугосударственный сектор, бизнес и общественность.","- ""الوصول المفتوح"" is related to ""открытые данные"".
- ""وصول إلى المعلومات"" has narrower concept ""открытые данные"".
- ""открытые данные"" has broader concept ""وصول إلى المعلومات"".
- ""открытые данные"" is related to ""concept17126"".
- ""открытые данные"" is related to ""الوصول المفتوح""."
http://vocabularies.unesco.org/thesaurus/concept17138,Target,Class,universalit de l internet,"Universalité de l’internet: un Internet fondé sur les droits humains, ouvert, accessible à tous, et porté par la participation de multiples acteurs (principes ROAM/DOAM/DAAM).","- “Universalité de l’internet” is a narrower concept of “Интернет”.
- “وصول إلى المعلومات” is related to “Universalité de l’internet”.
- “Universalité de l’internet” is a broader concept of “Интернет”. (Conflict with first triple noted.)
- “Universalité de l’internet” is related to “concept1154”.
- “Universalité de l’internet” is related to “وصول إلى المعلومات”."
http://vocabularies.unesco.org/thesaurus/concept17140,Target,Class,media development,"In digital humanities, media development is the process of designing, producing, and iterating digital media—such as interactive exhibits, visualizations, websites, podcasts, datasets, and multimedia narratives—to support humanities research, teaching, and public engagement. It combines scholarly methods with technical practices (e.g., UX design, data modeling, coding, metadata, accessibility) to create born-digital or digitized outputs that interpret, analyze, or disseminate cultural materials.","- “Diversidad mediática” is a broader concept than “Media development.”
- “Media viability” is a broader concept than “Media development.”
- “Pluralisme des médias” is a broader concept than “Media development.”
- “Media development” is a narrower concept than “تطوير الاتصالات.”
- “وسائل الإعلام الجماهيرية” is related to “Media development.”
- “Media development” is a broader concept than “تطوير الاتصالات.”
- “Media development” is a narrower concept than “Diversidad mediática.”
- “Media development” is a narrower concept than “Media viability.”
- “Media development” is a narrower concept than “Pluralisme des médias.”
- “Media development” is related to “وسائل الإعلام الجماهيرية.”"
http://vocabularies.unesco.org/thesaurus/concept17141,Target,Class,media viability,"In digital humanities, media viability refers to the long-term sustainability of digital media—whether formats, platforms, and infrastructures used to create, store, and share scholarly materials will remain accessible, functional, and preservable over time. It encompasses technical durability (file formats, software dependencies), institutional support (maintenance, funding), and social practices (documentation, open standards, community adoption) that ensure DH projects can be used, cited, and maintained beyond their initial lifecycle.","- “Financiación de la comunicación” is related to “Media viability”.
- “Media development” has narrower concept “Media viability”.
- “Агентства новостей” is related to “Media viability”.
- “Media viability” is a broader concept of “Media development”.
- “Media viability” is related to “Financiación de la comunicación”.
- “Media viability” is related to “Агентства новостей”."
http://vocabularies.unesco.org/thesaurus/concept17142,Target,Class,gobernanza de internet,"Gobernanza de Internet: El desarrollo y aplicación, por gobiernos, sector privado y sociedad civil, de principios, normas, reglas, procedimientos de toma de decisiones y programas compartidos que moldean la evolución y el uso de Internet.","- “Законодательство в области передачи информации и связи” is related to “Gobernanza de Internet”.
- “Интернет” is related to “Gobernanza de Internet”.
- “ادارة الاتصالات” has narrower concept “Gobernanza de Internet”.
- “Gobernanza de Internet” has broader concept “ادارة الاتصالات”.
- “Gobernanza de Internet” is related to “concept10360”.
- “Gobernanza de Internet” is related to “concept5752”.
- “Gobernanza de Internet” is related to “Законодательство в области передачи информации и связи”.
- “Gobernanza de Internet” is related to “Интернет”."
http://vocabularies.unesco.org/thesaurus/concept17145,Target,Class,pluralisme des m dias,"Pluralisme des médias: existence d’une variété suffisante de médias appartenant à une gamme diversifiée de propriétaires — privés, publics et à but non lucratif — garantissant diversité des sources et des points de vue dans l’espace médiatique.","- “Pluralisme des médias” is a narrower concept of “Media development”.
- “Коммуникационный контроль” is related to “Pluralisme des médias”.
- “Pluralisme des médias” is a broader concept of “Media development”. (inverse of narrower)
- “Pluralisme des médias” is related to “concept4836”.
- “Pluralisme des médias” is related to “Коммуникационный контроль”."
http://vocabularies.unesco.org/thesaurus/concept17149,Target,Class,diversidad medi tica,"En humanidades digitales, “Diversidad mediática” se refiere a la disponibilidad de una variedad suficiente de contenidos y fuentes mediáticas (formatos, voces, géneros y perspectivas) en los entornos digitales, de modo que se representen múltiples puntos de vista y comunidades.","- “Diversidad mediática” is a narrower concept of “Media development”.
- “Programme content” is related to “Diversidad mediática”.
- “وسائل الإعلام الجماهيرية” is related to “Diversidad mediática”.
- “Diversidad mediática” is a broader concept of “Media development”.
- “Diversidad mediática” is related to “Programme content”.
- “Diversidad mediática” is related to “concept4836”.
- “Diversidad mediática” is related to “وسائل الإعلام الجماهيرية”."
http://vocabularies.unesco.org/thesaurus/concept17162,Target,Class,plateforme num rique,"In digital humanities, “plateforme numérique” refers to a digital platform: an online environment that integrates tools, data, and services to support activities like data curation, analysis, visualization, collaboration, and publication (e.g., repositories, portals, or tool suites for DH research and teaching).","- “Intercambio de información” is related to “Plateforme numérique”.
- “Medios sociales” is related to “Plateforme numérique”.
- “Online searching” is related to “Plateforme numérique”.
- “Sistema de información en línea” has narrower concept “Plateforme numérique”.
- “Интернет” is related to “Plateforme numérique”.
- “Plateforme numérique” has broader concept “Sistema de información en línea”.
- “Plateforme numérique” is related to “Intercambio de información”.
- “Plateforme numérique” is related to “Medios sociales”.
- “Plateforme numérique” is related to “Online searching”.
- “Plateforme numérique” is related to “Интернет”."
http://vocabularies.unesco.org/thesaurus/concept1769,Target,Class,agricultural information systems,"In digital humanities, an agricultural information system is the sociotechnical infrastructure—data, tools, standards, and practices—used to collect, curate, analyze, and share knowledge about agriculture (e.g., crops, land use, climate, labor, policy). It integrates heterogeneous sources (archives, GIS, sensors, texts, images, oral histories), applies computational methods (text mining, geospatial analysis, Linked Data), and supports interpretation, preservation, and access for research, policy, and community use. It treats agricultural data as cultural-historical artifacts, emphasizing provenance, ethics, interoperability, and participatory knowledge production.","- “Bibliothèque agricole” is related to “Agricultural information systems”.
- “نظم المعلومات العلمية” has narrower concept “Agricultural information systems”.
- “Agricultural information systems” is a broader concept of “نظم المعلومات العلمية”.
- “Agricultural information systems” is related to “Bibliothèque agricole”.
- “Agricultural information systems” is related to “concept1741”.
- “Agricultural information systems” is related to “concept1772”."
http://vocabularies.unesco.org/thesaurus/concept1771,Target,Class,biblioth que agricole,"In a digital humanities context, “Bibliothèque agricole” refers to an agricultural library—often a digitized collection or portal of texts, archives, and resources related to agriculture (e.g., historical treatises, farming manuals, agronomy reports) made accessible for research and analysis.","- “Agricultural information systems” is related to “Bibliothèque agricole”.
- “Bibliothèque de recherche” is related to “Bibliothèque agricole”.
- “Bibliothèque spécialisée” has narrower concept “Bibliothèque agricole”.
- “Bibliothèque agricole” has broader concept “Bibliothèque spécialisée”.
- “Bibliothèque agricole” is related to “Agricultural information systems”.
- “Bibliothèque agricole” is related to “Bibliothèque de recherche”."
http://vocabularies.unesco.org/thesaurus/concept1784,Target,Class,biblioth que de recherche,"In digital humanities, “Bibliothèque de recherche” (French) typically refers to a “research library”: a library (often academic or specialized) that supports advanced scholarship with specialized collections, primary sources, digital corpora, and research services/tools, rather than general lending.","- “Bibliothèque agricole” is related to “Bibliothèque de recherche”.
- “Bibliothèque spécialisée” has narrower concept “Bibliothèque de recherche”.
- “معلومات علمية” is related to “Bibliothèque de recherche”.
- “مكتبات صناعية” is related to “Bibliothèque de recherche”.
- “Bibliothèque de recherche” is broader than “Bibliothèque spécialisée”.
- “Bibliothèque de recherche” is related to “Bibliothèque agricole”.
- “Bibliothèque de recherche” is related to “معلومات علمية”.
- “Bibliothèque de recherche” is related to “مكتبات صناعية”."
http://vocabularies.unesco.org/thesaurus/concept1985,Target,Class,albums,"In digital humanities, “albums” typically refers to curated digital collections of items—such as images, texts, audiovisual materials, or artifacts—grouped around a theme, creator, event, or research question. They function as organized exhibits or datasets that support analysis, annotation, storytelling, and scholarly interpretation, often with metadata and contextual information to enable discovery and reuse.","- “Albums” is a broader concept’s child of “كتب”.
- “كتب” has the narrower concept “Albums”."
http://vocabularies.unesco.org/thesaurus/concept2074,Target,Class,attribution de fr quences,"In digital humanities, “attribution de fréquences” refers to allocating frequency bands—typically in radio, wireless, or electromagnetic spectra—for specific uses tied to cultural-heritage or research infrastructures. Examples:
- Assigning Wi‑Fi/Bluetooth/RFID frequencies for museum sensors, beacons, or tracking artifacts.
- Reserving radio bands for digitization equipment, wireless mic systems in archives, or field survey instruments.
- Coordinating spectrum use to avoid interference in data collection (e.g., remote sensing, geophysical prospection) and public dissemination (e.g., live events, AR guides).

It involves regulatory compliance (national/international spectrum authorities), technical planning, and interference management to ensure reliable operation of DH technologies.","- “Broadcasting” is related to “Attribution de fréquences”.
- “Радиотехника” has narrower concept “Attribution de fréquences”.
- “Attribution de fréquences” has broader concept “Радиотехника”.
- “Attribution de fréquences” is related to “Broadcasting”.
- “Attribution de fréquences” is related to “concept2076”."
http://vocabularies.unesco.org/thesaurus/concept2091,Target,Class,c,"“Телевидение с высоким разрешением” means “high-definition television (HDTV)”—a television format with higher image resolution than standard definition, used in digital media production, archiving, and analysis in digital humanities contexts.","- “Technologie de la télévision” has the narrower concept “Телевидение c высоким разрешением”.
- “Televisión de circuito cerrado” is related to “Телевидение c высоким разрешением”.
- “Télévision couleur” is related to “Телевидение c высоким разрешением”.
- “تلفزيون كابلي” is related to “Телевидение c высоким разрешением”.
- “Телевидение c высоким разрешением” has the broader concept “Technologie de la télévision”.
- “Телевидение c высоким разрешением” is related to “Televisión de circuito cerrado”.
- “Телевидение c высоким разрешением” is related to “Télévision couleur”.
- “Телевидение c высоким разрешением” is related to “تلفزيون كابلي”."
http://vocabularies.unesco.org/thesaurus/concept2196,Target,Class,تحليل آلي للنص,"في سياق الإنسانيات الرقمية، ""تحليل آلي للنص"" يعني استخدام تقنيات الحوسبة والخوارزميات لمعالجة النصوص ودراستها على نطاق واسع، مثل استخراج الكلمات المفتاحية، تحليل التواتر والتوزيع، النمذجة الموضوعية، تحليل المشاعر، التعرّف على الكيانات، واكتشاف الأنماط والروابط، بهدف دعم البحث الإنساني بأساليب كمية وقابلة للتكرار.","- “Automatic indexing” is a broader concept of “تحليل آلي للنص”.
- “Computer applications” is related to “تحليل آلي للنص”.
- “بحوث المعلومات/المكتبات” is a narrower concept of “تحليل آلي للنص”.
- “تحليل آلي للنص” is a broader concept of “بحوث المعلومات/المكتبات”.
- “تحليل آلي للنص” is a narrower concept of “Automatic indexing”.
- “تحليل آلي للنص” is related to “Computer applications”."
http://vocabularies.unesco.org/thesaurus/concept2214,Target,Class,an lisis de datos,"In digital humanities, “análisis de datos” refers to the systematic processing and interpretation of digitized cultural data (texts, images, maps, metadata, social media, etc.) using computational methods to uncover patterns, trends, relationships, or meanings. It commonly involves data cleaning, modeling, statistical and computational techniques (e.g., NLP, network analysis, topic modeling, image analysis), and visualization to support humanities research questions.","- “Codificación” is related to “Análisis de datos”.
- “Recueil de données” is related to “Análisis de datos”.
- “معالجة البيانات” has narrower concept “Análisis de datos”.
- “Análisis de datos” has broader concept “معالجة البيانات”.
- “Análisis de datos” is related to “Codificación”.
- “Análisis de datos” is related to “Recueil de données”.
- “Análisis de datos” is related to “concept106”.
- “Análisis de datos” is related to “concept17105”.
- “Análisis de datos” is related to “concept7388”."
http://vocabularies.unesco.org/thesaurus/concept2232,Target,Class,an lisis documental,"In digital humanities, “análisis documental” is the systematic examination of documents (texts, images, audiovisual, metadata) to extract, structure, and interpret information using both traditional scholarly methods and computational techniques (e.g., text mining, NLP, topic modeling, network analysis). It encompasses describing and classifying sources, creating metadata/ontologies, assessing provenance and authority, and generating new insights from large corpora through digitization and algorithmic analysis.","- “Catalogage” is related to “Análisis documental”.
- “Information processing” has narrower concept “Análisis documental”.
- “Реферирование” has broader concept “Análisis documental”.
- “تكشيف” has broader concept “Análisis documental”.
- “Análisis documental” has broader concept “Information processing”.
- “Análisis documental” has narrower concepts “Реферирование” and “تكشيف”.
- “Análisis documental” is related to “Catalogage”."
http://vocabularies.unesco.org/thesaurus/concept2258,Target,Class,حواسب تناظرية,"""حواسب تناظرية"" means analog computers—computing systems that represent and process information using continuous physical quantities (e.g., voltage, resistance) rather than discrete digital bits.

In digital humanities, the term might appear when:
- Discussing early computing history/tools for textual or signal analysis.
- Comparing analog methods (e.g., oscillographs, early signal analyzers) with digital techniques in processing audio, images, or sensor-based cultural heritage data.","- ""حواسب تناظرية"" أعمّها: ""حواسيب"".
- ""حواسيب"" أخصّها: ""حواسب تناظرية""."
http://vocabularies.unesco.org/thesaurus/concept2478,Target,Class,annuaire,"Annuaire: An annual volume of current information, presented in descriptive and/or statistical form, sometimes focused on a specific field.","- “Annuaire” is a narrower concept of “Periodicals”.
- “Publicación seriada” is related to “Annuaire”.
- “Annuaire” is a broader concept of “Periodicals”. [Note: inverse of the first triple, typically redundant.]
- “Annuaire” is related to “Publicación seriada”."
http://vocabularies.unesco.org/thesaurus/concept2488,Target,Class,Антенны,"“Антенны” is Russian for “antennas.” 

In digital humanities context, it can metaphorically refer to tools, methods, or scholars that are especially sensitive to signals in cultural data—i.e., techniques that “pick up” patterns, trends, or weak signals in large corpora (text mining, distant reading, social signal detection).","- “Антенны” is a narrower concept of “Matériel radio/TV”.
- “Антенны” is related to “concept2076”."
http://vocabularies.unesco.org/thesaurus/concept2491,Target,Class,Антологии,"Антологии — это собрания произведений одного или нескольких авторов, отобранных для определённой цели или с конкретной перспективой.","- “Антологии” has broader concept “وثائق ثانوية”.
- “Антологии” is related to “concept2493”.
- “Антологии” is related to “concept328”.
- “وثائق ثانوية” has narrower concept “Антологии”."
http://vocabularies.unesco.org/thesaurus/concept2727,Target,Class,تشغيل آلي للارشيفات,"It means “automated processing of archives” in digital humanities—using computational methods (e.g., OCR, metadata extraction, text mining, indexing, entity recognition, linking, and preservation workflows) to ingest, process, organize, analyze, and provide access to archival materials at scale with minimal manual intervention.","- “Computer applications” has narrower concept “تشغيل آلي للارشيفات”.
- “Машиночитаемые материалы” is related to “تشغيل آلي للارشيفات”.
- “اتمتة المكتبات” is related to “تشغيل آلي للارشيفات”.
- “تشغيل آلي للارشيفات” has broader concept “Computer applications”.
- “تشغيل آلي للارشيفات” is related to “Машиночитаемые материалы”.
- “تشغيل آلي للارشيفات” is related to “اتمتة المكتبات”."
http://vocabularies.unesco.org/thesaurus/concept2730,Target,Class,اتمتة المكتبات,هي تحويل عمليات وخدمات المكتبات إلى نظم رقمية مؤتمتة باستخدام الحاسوب والبرمجيات، مثل الفهرسة والبحث والإعارة وإدارة المقتنيات، بهدف تسريع workflows، تحسين الدقة وإتاحة الوصول. في الإنسانيات الرقمية تعني دمج أدوات وتقنيات رقمية (قواعد بيانات، معايير وصفية، واجهات بحث، APIs) لتمكين البحث والتحليل والوصول المفتوح إلى المجموعات.,"- “Computer applications” has narrower concept “اتمتة المكتبات”.
- “تشغيل آلي للارشيفات” is related to “اتمتة المكتبات”.
- “اتمتة المكتبات” has broader concept “Computer applications”.
- “اتمتة المكتبات” is related to “تشغيل آلي للارشيفات”."
http://vocabularies.unesco.org/thesaurus/concept2731,Target,Class,Машиночитаемые материалы,"Машиночитаемые материалы — это информация, закодированная таким образом, что для её обработки требуется использование компьютера.","- “Automatic indexing” is related to “Машиночитаемые материалы”.
- “Computer applications” is related to “Машиночитаемые материалы”.
- “Databases” is related to “Машиночитаемые материалы”.
- “Документы” has narrower concept “Машиночитаемые материалы”.
- “تشغيل آلي للارشيفات” is related to “Машиночитаемые материалы”.
- “وسائط الكترونية” is related to “Машиночитаемые материалы”.
- “Машиночитаемые материалы” is broader concept of “Документы”.
- “Машиночитаемые материалы” is related to “Automatic indexing”.
- “Машиночитаемые материалы” is related to “Computer applications”.
- “Машиночитаемые материалы” is related to “Databases”.
- “Машиночитаемые материалы” is related to “تشغيل آلي للارشيفات”.
- “Машиночитаемые материалы” is related to “وسائط الكترونية”."
http://vocabularies.unesco.org/thesaurus/concept2735,Target,Class,Развитие архивов,"In digital humanities, “Развитие архивов” (Russian) means “development of archives” — i.e., the growth and improvement of archival institutions, practices, and infrastructures, especially through digitization, metadata standards, preservation workflows, access platforms, and interoperability to support research and public use.","- “Развитие архивов” is a narrower concept of “Gestion des archives.”
- “Развитие архивов” is related to “Planification des archives.”
- “Развитие архивов” is related to “Информационное/библиотечное развитие.”
- “Развитие архивов” is related to “ارشيفات.”"
http://vocabularies.unesco.org/thesaurus/concept2737,Target,Class,planification des archives,"In digital humanities, “planification des archives” refers to strategically planning how digital (and digitized) archival materials are created, organized, preserved, and made accessible over time. It typically includes:

- Appraisal and selection criteria for what to archive
- Metadata and standards choices (schemas, controlled vocabularies)
- File formats and digitization specifications
- Storage, redundancy, and preservation workflows (e.g., OAIS, fixity checks)
- Rights, ethics, and access policies
- Documentation, governance, and sustainability planning (funding, roles)
- Interoperability and discovery (APIs, IIIF, linked data)

In short, it’s the proactive, policy-driven management of the archival lifecycle for DH projects.","- “Planification des archives” is a narrower concept of “Gestion des archives.”
- “Información/biblioteca, planificación” is related to “Planification des archives.”
- “Развитие архивов” is related to “Planification des archives.”
- “Planification des archives” is a broader concept of “Gestion des archives.”
- “Planification des archives” is related to “Información/biblioteca, planificación.”
- “Planification des archives” is related to “Развитие архивов.”"
http://vocabularies.unesco.org/thesaurus/concept2738,Target,Class,Информационное/библиотечное развитие,"In digital humanities, “Информационное/библиотечное развитие” refers to the strategic evolution of information and library ecosystems to support digital research and cultural heritage. It typically includes:

- Infrastructure: digitization, repositories, metadata standards, linked data.
- Services: digital curation, research data management, open access, OAIS-compliant preservation.
- Technologies: DH tools (text mining, OCR/HTR, NLP), IIIF, APIs, semantic web.
- Competencies: data literacy, digital scholarship support, research software skills.
- Policy and governance: FAIR principles, copyright/licensing, ethical data use.
- Community and access: user-centered design, accessibility, outreach, collaborative platforms.

In short, it’s the planned development of libraries and information services to enable digital scholarship and sustainable access to digital cultural and research data.","- “Información/biblioteca, planificación” is related to “Информационное/библиотечное развитие”.
- “Informatique et développement” is related to “Информационное/библиотечное развитие”.
- “Развитие архивов” is related to “Информационное/библиотечное развитие”.
- “سياسة المعلومات/المكتبات” is a narrower concept of “Информационное/библиотечное развитие”.
- “Информационное/библиотечное развитие” is a broader concept of “سياسة المعلومات/المكتبات”.
- “Информационное/библиотечное развитие” is related to “Información/biblioteca, planificación”.
- “Информационное/библиотечное развитие” is related to “Informatique et développement”.
- “Информационное/библиотечное развитие” is related to “Развитие архивов”."
http://vocabularies.unesco.org/thesaurus/concept2743,Target,Class,archive personnel,"In digital humanities, “archive personnel” refers to the professionals who manage, preserve, and provide access to archival materials—both physical and digital. This typically includes archivists, digital archivists, metadata specialists, conservators, digitization technicians, and repository managers. Their roles cover appraisal and acquisition, description/metadata creation (e.g., Dublin Core, EAD), digitization and digital preservation (e.g., OAIS, fixity checks), rights management, access systems (catalogs, finding aids, digital repositories), and user support for researchers and projects.","- Archivists is a broader concept of Archive personnel.
- Information scientists is related to Archive personnel.
- Information/library personnel is a narrower concept of Archive personnel.
- Библиотекари is related to Archive personnel.
- ارشيفات is related to Archive personnel.
- فنيو المكتبات is related to Archive personnel.
- Archive personnel is a broader concept of Information/library personnel.
- Archive personnel is a narrower concept of Archivists.
- Archive personnel is related to Information scientists.
- Archive personnel is related to concept2740.
- Archive personnel is related to Библиотекари.
- Archive personnel is related to ارشيفات.
- Archive personnel is related to فنيو المكتبات."
http://vocabularies.unesco.org/thesaurus/concept2744,Target,Class,archivolog a,"Archivología is the discipline that studies the theory, methods, and practices of managing archives—how records are created, evaluated, organized, preserved, described, and made accessible over time. In digital humanities, it focuses on digital records and born-digital collections: appraisal and metadata standards, digitization, digital preservation (formats, fixity, storage), access systems, ethical/legal issues, and the use of archival data for computational research.","- “Archivists” is related to “Archivología”.
- “History of archives” is a broader concept of “Archivología”.
- “Sciences de l'information” is a narrower concept of “Archivología”.
- “ارشيفات” is related to “Archivología”.
- “علم المكتبات” is related to “Archivología”.
- “Archivología” is a broader concept of “Sciences de l'information”.
- “Archivología” is a narrower concept of “History of archives”.
- “Archivología” is related to “Archivists”.
- “Archivología” is related to “concept2740”.
- “Archivología” is related to “ارشيفات”.
- “Archivología” is related to “علم المكتبات”."
http://vocabularies.unesco.org/thesaurus/concept2745,Target,Class,archivists,"In digital humanities, archivists are information professionals who collect, appraise, describe, preserve, and provide access to records and primary sources—often in digital or digitized form—so they can be discovered, used, and trusted for research, teaching, and cultural memory. They manage metadata, standards, preservation workflows, and ethical/access policies for digital collections.","- Archivists is a narrower concept of Archive personnel.
- Archivología is related to Archivists.
- ارشيفات is related to Archivists.
- Archivists is a broader concept of Archive personnel.
- Archivists is related to Archivología.
- Archivists is related to concept2740.
- Archivists is related to concept678.
- Archivists is related to ارشيفات."
http://vocabularies.unesco.org/thesaurus/concept2748,Target,Class,quipement d archives,"In digital humanities, “équipement d’archives” refers to the infrastructure and tools used to preserve, manage, and provide access to archival materials in digital form. This includes:

- Hardware: servers, storage systems, scanners
- Software: digital repository platforms, cataloging/metadata systems, preservation tools (e.g., OAIS-compliant systems)
- Standards and protocols: metadata schemas, formats, and workflows for digitization, preservation, and access

In short: the technical and organizational setup enabling digital archiving and access.","- “Instalación de archivos” has narrower concept “Équipement d'archives”.
- “معدات المعلومات/المكتبات” is related to “Équipement d'archives”.
- “Équipement d'archives” has broader concept “Instalación de archivos”.
- “Équipement d'archives” is related to “معدات المعلومات/المكتبات”."
http://vocabularies.unesco.org/thesaurus/concept2750,Target,Class,معدات المعلومات/المكتبات,"In digital humanities, ""معدات المعلومات/المكتبات"" refers to the information and library equipment and infrastructure used to manage, access, and analyze digital collections. This typically includes:
- Hardware: servers, scanners, digitization stations, storage systems, workstations.
- Software: library management systems (ILS/LMS), digital repositories, metadata tools, OCR, text mining/analysis tools.
- Access/Networking: databases, discovery layers, APIs, networked services.
- Preservation/Backup: archival storage, fixity/checksum tools, format migration utilities.","- “Información/biblioteca, instalación” has narrower concept “معدات المعلومات/المكتبات”.
- “Équipement d'archives” is related to “معدات المعلومات/المكتبات”.
- “معدات المعلومات/المكتبات” has broader concept “Información/biblioteca, instalación”.
- “معدات المعلومات/المكتبات” is related to “Équipement d'archives”."
http://vocabularies.unesco.org/thesaurus/concept2752,Target,Class,instalaci n de archivos,"In digital humanities, “Instalación de archivos” typically means setting up or deploying archival materials—i.e., ingesting, organizing, and configuring files (texts, images, audio/video, datasets) into a digital repository or platform so they’re accessible, described (metadata), preserved, and usable (search/browse). It can include directory structuring, metadata mapping, format normalization, and platform configuration (e.g., Omeka, ArchivesSpace, Fedora).","- “Depósito de archivos” is a broader concept of “Instalación de archivos”.
- “Información/biblioteca, instalación” has a narrower concept “Instalación de archivos”.
- “Équipement d'archives” is a broader concept of “Instalación de archivos”.
- “ارشيفات” is related to “Instalación de archivos”.
- “Instalación de archivos” is a broader concept of “Información/biblioteca, instalación”.
- “Instalación de archivos” has narrower concepts “Depósito de archivos” and “Équipement d'archives”.
- “Instalación de archivos” is related to “ارشيفات”."
http://vocabularies.unesco.org/thesaurus/concept2753,Target,Class,dep sito de archivos,"In digital humanities, “Depósito de archivos” refers to a digital repository—an organized, maintained platform for storing, preserving, and providing access to files (e.g., texts, images, datasets, code) related to research and cultural heritage. It emphasizes long-term preservation, metadata, and discoverability.","- “Depósito de archivos” is a narrower concept of “Instalación de archivos”.
- “ارشيفات” is related to “Depósito de archivos”.
- “مباني المكتبات” is related to “Depósito de archivos”.
- “Depósito de archivos” is a broader concept of “Instalación de archivos”.
- “Depósito de archivos” is related to “ارشيفات”.
- “Depósito de archivos” is related to “مباني المكتبات”."
http://vocabularies.unesco.org/thesaurus/concept2756,Target,Class,archive finding aids,"In digital humanities, archive finding aids are structured guides that describe the contents, context, and organization of archival collections. They help researchers discover, understand, and navigate materials (e.g., correspondence, manuscripts, media) by providing metadata such as scope and content notes, provenance, series/item lists, dates, subjects, and access conditions. Digitally, they’re often encoded (e.g., EAD/XML) for searchable, interoperable access across repositories.","- Archive records has narrower term Archive finding aids.
- Inventories is related to Archive finding aids.
- فهارس is related to Archive finding aids.
- كشافات is related to Archive finding aids.
- Archive finding aids has broader term Archive records.
- Archive finding aids is related to Inventories.
- Archive finding aids is related to فهارس.
- Archive finding aids is related to كشافات."
http://vocabularies.unesco.org/thesaurus/concept2760,Target,Class,فهارس,"In digital humanities, فهارس means “indexes” or “catalogs”: a systematic compilation of bibliographic descriptions with sufficient information to enable access to documents.","- “Archive finding aids” is related to “فهارس”.
- “Catalogage” is related to “فهارس”.
- “Service bibliographique” is related to “فهارس”.
- “Sistema de información en línea” is related to “فهارس”.
- “كشافات” is related to “فهارس”.
- “وثائق ثانوية” has narrower concept “فهارس”.
- “فهارس” is broader than “وثائق ثانوية”.
- “فهارس” is related to “Archive finding aids”.
- “فهارس” is related to “Catalogage”.
- “فهارس” is related to “Service bibliographique”.
- “فهارس” is related to “Sistema de información en línea”.
- “فهارس” is related to “كشافات”."
http://vocabularies.unesco.org/thesaurus/concept2761,Target,Class,كشافات,"In digital humanities, كشافات means “indexes”: ordered reference lists of a file’s or document’s contents, with identifiers or location references to find those contents.","- “Archive finding aids” is related to “كشافات”.
- “Databases” is related to “كشافات”.
- “Periodicals” is related to “كشافات”.
- “Reference materials” is related to “كشافات”.
- “Service bibliographique” is related to “كشافات”.
- “Библиографии” is related to “كشافات”.
- “فهارس” is related to “كشافات”.
- “وثائق ثانوية” has narrower concept “كشافات”.
- “كشافات” is broader concept of “وثائق ثانوية”.
- “كشافات” is related to “Archive finding aids”.
- “كشافات” is related to “Databases”.
- “كشافات” is related to “Periodicals”.
- “كشافات” is related to “Reference materials”.
- “كشافات” is related to “Service bibliographique”.
- “كشافات” is related to “Библиографии”.
- “كشافات” is related to “فهارس”."
http://vocabularies.unesco.org/thesaurus/concept2762,Target,Class,inventories,"In digital humanities, “inventories” are systematic lists or catalogs of digital resources—such as manuscripts, images, datasets, tools, or metadata—created to document what exists, where it is, and key attributes (provenance, format, scope, rights). They support discovery, management, preservation, and analysis of cultural heritage and research assets.","- “Archive finding aids” is related to “Inventories”.
- “وثائق ثانوية” has narrower concept “Inventories”.
- “Inventories” has broader concept “وثائق ثانوية”.
- “Inventories” is related to “Archive finding aids”.
- “Inventories” is related to “concept365”."
http://vocabularies.unesco.org/thesaurus/concept2764,Target,Class,Архивное законодательство,"In digital humanities, “Архивное законодательство” means the body of laws and regulations governing archives and archival activity—creation, appraisal, preservation, access, digitization, metadata standards, rights management, and reuse of archival materials (including born-digital records). It sets legal frameworks for custody, authenticity, privacy, copyright, and open access that DH projects must follow when using or creating digital archives.","- “Архивное законодательство” is a narrower concept of “Gestion des archives.”
- “Information/library legislation” is related to “Архивное законодательство.”
- “Архивное законодательство” has broader concept “Gestion des archives.”
- “Архивное законодательство” is related to “Information/library legislation.”"
http://vocabularies.unesco.org/thesaurus/concept2766,Target,Class,information library legislation,"In digital humanities, information/library legislation refers to the body of laws, regulations, and policies that govern the creation, access, use, preservation, and sharing of information resources—especially digital content—within libraries and cultural institutions. It covers areas such as copyright and licensing (including text and data mining exceptions), open access and open data mandates, privacy and data protection, accessibility standards, digital preservation requirements, intellectual property in digitization, and ethical handling of cultural heritage and sensitive data. These frameworks shape how DH projects collect, manage, analyze, publish, and sustain digital collections and research outputs.","- “Información/biblioteca, administración” has narrower concept “Information/library legislation”.
- “Архивное законодательство” is related to “Information/library legislation”.
- “Управление в области информации/библиотечного дела” is related to “Information/library legislation”.
- “Information/library legislation” has broader concept “Información/biblioteca, administración”.
- “Information/library legislation” is related to “Архивное законодательство”.
- “Information/library legislation” is related to “Управление в области информации/библиотечного дела”."
http://vocabularies.unesco.org/thesaurus/concept2768,Target,Class,archive records,"In digital humanities, “archive records” are the descriptive and digital representations of archival materials—metadata, finding aids, and digitized items (texts, images, audio, datasets)—that document the provenance, context, and content of historical or cultural sources. They enable discovery, citation, and computational analysis of primary sources within digital repositories.","- “Archive finding aids” is broader term of “Archive records.”
- “Gestion des archives” has narrower term “Archive records.”
- “ادارة السجلات” is related to “Archive records.”
- “ارشيفات” is related to “Archive records.”
- “Archive records” is broader term of “Gestion des archives.”
- “Archive records” has narrower term “Archive finding aids.”
- “Archive records” is related to “ادارة السجلات.”
- “Archive records” is related to “ارشيفات.”"
http://vocabularies.unesco.org/thesaurus/concept2772,Target,Class,information scientists,"Information scientists: professionals who develop theory or applications in informatics/information science—analyzing, designing, and implementing information systems—within digital humanities contexts.","- Archive personnel is related to Information scientists.
- Information/library personnel has narrower concept Information scientists.
- Information scientists has broader concept Information/library personnel.
- Information scientists is related to Archive personnel.
- Information scientists is related to concept6096."
http://vocabularies.unesco.org/thesaurus/concept2773,Target,Class,Библиотекари,"“Библиотекари” is Russian for “librarians.” In a digital humanities context, it refers to professionals who manage, curate, and provide access to information resources, including digital collections, metadata, digitization projects, and research support in DH.","- Archive personnel is related to Библиотекари.
- Information/library personnel has narrower concept Библиотекари.
- علم المكتبات is related to Библиотекари.
- فنيو المكتبات is related to Библиотекари.
- Библиотекари has broader concept Information/library personnel.
- Библиотекари is related to Archive personnel.
- Библиотекари is related to concept2746.
- Библиотекари is related to concept678.
- Библиотекари is related to علم المكتبات.
- Библиотекари is related to فنيو المكتبات."
http://vocabularies.unesco.org/thesaurus/concept2774,Target,Class,فنيو المكتبات,"In digital humanities, فنيو المكتبات refers to library technicians—practitioners who support information organization and access. They handle tasks like metadata creation, cataloging, digitization, database maintenance, repository management, and user support for digital collections and research tools.","- “Archive personnel” is related to “فنيو المكتبات”.
- “Information/library personnel” has narrower concept “فنيو المكتبات”.
- “Библиотекари” is related to “فنيو المكتبات”.
- “فنيو المكتبات” has broader concept “Information/library personnel”.
- “فنيو المكتبات” is related to “Archive personnel”.
- “فنيو المكتبات” is related to “Библиотекари”."
http://vocabularies.unesco.org/thesaurus/concept2780,Target,Class,conservaci n de los registros de archivos,"En humanidades digitales, “conservación de los registros de archivos” se refiere al conjunto de estrategias y acciones para asegurar que los documentos y datos archivísticos (textos, imágenes, audio, bases de datos, metadatos) permanezcan accesibles, íntegros, legibles y auténticos a largo plazo. Incluye preservación digital (migración de formatos, emulación), gestión de metadatos, control de versiones, almacenamiento seguro y redundante, y políticas que garantizan la trazabilidad y el contexto original de los materiales.","- “ادارة السجلات” has narrower concept “Conservación de los registros de archivos”.
- “ارشيفات” is related to “Conservación de los registros de archivos”.
- “Conservación de los registros de archivos” has broader concept “ادارة السجلات”.
- “Conservación de los registros de archivos” is related to “concept2782”.
- “Conservación de los registros de archivos” is related to “concept2783”.
- “Conservación de los registros de archivos” is related to “ارشيفات”."
http://vocabularies.unesco.org/thesaurus/concept2786,Target,Class,مباني المكتبات,"In digital humanities context, مباني المكتبات means “library infrastructures” — the foundational structures (technical, organizational, and policy frameworks) that support libraries’ digital operations, such as metadata schemas, cataloging standards, repositories, platforms, and preservation systems.","- “Depósito de archivos” está relacionado con “مباني المكتبات”.
- “Información/biblioteca, instalación” tiene como término más específico “مباني المكتبات”.
- “مباني المكتبات” es un término más específico de “Información/biblioteca, instalación”.
- “مباني المكتبات” está relacionado con “Depósito de archivos”."
http://vocabularies.unesco.org/thesaurus/concept2788,Target,Class,history of archives,"In digital humanities, “history of archives” refers to studying how archives—the institutions, practices, technologies, and norms for selecting, organizing, preserving, and providing access to records—have developed over time. It examines:

- Shifts in archival theory (e.g., from custodial/document-centric to user/community-centric)
- Power, politics, and bias in what gets archived and described
- Material and technical changes (paper to microfilm to digital/born-digital records)
- Metadata standards and finding aids, and their evolution
- Provenance, appraisal, and access practices across periods and places

In DH, this history is used to critically interpret datasets and collections, understand their silences and structures, and design more equitable, sustainable digital archival systems.","- “Archivología” has narrower concept “History of archives”.
- “ارشيفات” is related to “History of archives”.
- “History of archives” has broader concept “Archivología”.
- “History of archives” is related to “concept302”.
- “History of archives” is related to “ارشيفات”."
http://vocabularies.unesco.org/thesaurus/concept2790,Target,Class,علم المكتبات,في سياق الإنسانيات الرقمية، علم المكتبات هو الحقل الذي يدرس تنظيم المعلومات والمعرفة، وإدارة المجموعات، والوصول إليها، باستخدام مبادئ وأدوات تقنية. يشمل الفهرسة والميتاداتا، المعايير (مثل MARC وDublin Core)، إدارة المستودعات الرقمية، التحويل الرقمي، الحفظ الرقمي، وإتاحة المصادر للبحث والحوسبة النصية. دوره مركزي في تمكين الوصول المفتوح، البنى التحتية المعرفية، وقابلية الاكتشاف ضمن مشاريع الإنسانيات الرقمية.,"- “Archivología” is related to “علم المكتبات”.
- “Documentación” is related to “علم المكتبات”.
- “Historia de las bibliotecas” is broader than “علم المكتبات”.
- “Sciences de l'information” is narrower than “علم المكتبات”.
- “Библиотекари” is related to “علم المكتبات”.
- “Сравнительное библиотековедение” is related to “علم المكتبات”.
- “بحوث المعلومات/المكتبات” is related to “علم المكتبات”.
- “علم المكتبات” is broader than “Sciences de l'information”.
- “علم المكتبات” is narrower than “Historia de las bibliotecas”.
- “علم المكتبات” is related to “Archivología”.
- “علم المكتبات” is related to “Documentación”.
- “علم المكتبات” is related to “Библиотекари”.
- “علم المكتبات” is related to “Сравнительное библиотековедение”.
- “علم المكتبات” is related to “بحوث المعلومات/المكتبات”."
http://vocabularies.unesco.org/thesaurus/concept2795,Target,Class,ارشيفات سمعية بصرية,"It means “audiovisual archives” — collections of sound and moving-image materials (e.g., recordings, films, videos) preserved, described, and made accessible for research and analysis in the digital humanities.","- “Film archives” is a broader concept of “ارشيفات سمعية بصرية”.
- “Phonothèque” is a broader concept of “ارشيفات سمعية بصرية”.
- “ارشيفات” has a narrower concept “ارشيفات سمعية بصرية”.
- “مكتبات الافلام” is related to “ارشيفات سمعية بصرية”.
- “مواد سمعية بصرية” is related to “ارشيفات سمعية بصرية”.
- “ارشيفات سمعية بصرية” is a broader concept of “ارشيفات”.
- “ارشيفات سمعية بصرية” has narrower concepts “Film archives” and “Phonothèque”.
- “ارشيفات سمعية بصرية” is related to “concept2783”, “concept3349”, “مكتبات الافلام”, and “مواد سمعية بصرية”."
http://vocabularies.unesco.org/thesaurus/concept2796,Target,Class,archivos gubernamentales,"In digital humanities, “archivos gubernamentales” refers to government archives: collections of records produced or held by public institutions (e.g., ministries, courts, agencies) that document governmental activities. In DH, this often implies digitized or born-digital records (laws, censuses, correspondence, datasets) used for research, analysis, and public access.","- “Archives de l'administration locale” is a broader concept of “Archivos gubernamentales”.
- “Public archives” is related to “Archivos gubernamentales”.
- “ارشيفات” is a narrower concept of “Archivos gubernamentales”.
- “Archivos gubernamentales” is a broader concept of “ارشيفات”; is a narrower concept of “Archives de l'administration locale”; is related to “Public archives”."
http://vocabularies.unesco.org/thesaurus/concept2797,Target,Class,archivos nacionales,"In digital humanities, “Archivos nacionales” refers to a country’s national archives—state institutions that preserve, manage, and provide access to the nation’s documentary heritage (government records, historical documents, audiovisual materials), increasingly via digitization, online catalogs, and digital repositories for research and analysis.","- “Public archives” is related to “Archivos nacionales”.
- “ارشيفات” has narrower concept “Archivos nacionales”.
- “Archivos nacionales” has broader concept “ارشيفات”.
- “Archivos nacionales” is related to “Public archives”."
http://vocabularies.unesco.org/thesaurus/concept2798,Target,Class,public archives,"Public archives:
1) In general usage, records accumulated by government agencies.
2) Records open to public inspection by law or custom.","- “Archivos gubernamentales” is related to “Public archives”.
- “Archivos nacionales” is related to “Public archives”.
- “ارشيفات” has narrower concept “Public archives”.
- “Public archives” has broader concept “ارشيفات”.
- “Public archives” is related to “Archivos gubernamentales”.
- “Public archives” is related to “Archivos nacionales”."
http://vocabularies.unesco.org/thesaurus/concept2803,Target,Class,archives de l administration locale,"In digital humanities, “Archives de l’administration locale” refers to the records produced and kept by local government bodies (e.g., municipalities, counties, communes)—council minutes, ordinances, permits, tax rolls, censuses, civil registers, maps, correspondence—now often digitized or born-digital. Scholars use these archives for computational analysis (text mining, GIS, network analysis), data curation, and building interoperable datasets to study local governance, social history, urban development, and community life over time.","- “Archives de l'administration locale” has broader concept “Archivos gubernamentales”.
- “Archivos gubernamentales” has narrower concept “Archives de l'administration locale”."
http://vocabularies.unesco.org/thesaurus/concept2806,Target,Class,film archives,"In digital humanities, “film archives” are curated collections of moving-image materials—such as films, videos, and related ephemera—preserved, cataloged, and made accessible (increasingly in digital form) for research, teaching, and cultural memory. They encompass preservation/restoration workflows, metadata and cataloging standards, digitization and born-digital stewardship, rights management, and platforms/tools that enable scholarly analysis (e.g., annotation, computational viewing, and visualization) of audiovisual heritage.","- ""ارشيفات سمعية بصرية"" has narrower concept ""Film archives"".
- ""مكتبات الافلام"" is related to ""Film archives"".
- ""Film archives"" has broader concept ""ارشيفات سمعية بصرية"".
- ""Film archives"" is related to ""concept350"".
- ""Film archives"" is related to ""concept5229"".
- ""Film archives"" is related to ""مكتبات الافلام""."
http://vocabularies.unesco.org/thesaurus/concept2916,Target,Class,art books,"In digital humanities, “art books” typically refers to books about, documenting, or embodying art—now studied, produced, or accessed through digital methods. This includes:

- Digitized art monographs, exhibition catalogs, and catalogues raisonnés used for computational analysis (e.g., image recognition, metadata mining).
- Born-digital or enhanced e-books that integrate high-resolution images, IIIF viewers, multimedia, and interactive annotations.
- Data-rich publications treating the book itself as an art object (artist’s books) in digital form, including 3D scans and virtual page-turners.
- Scholarly editions and platforms that link artworks, texts, and archival materials for research, pedagogy, and public engagement.

So, “art books” are art-focused publications whose creation, curation, analysis, and access are mediated by digital tools, standards, and infrastructures.","- “Art books” is a broader concept’s narrower term of “كتب”.
- “Art books” is related to “concept336”.
- “كتب” has the narrower concept “Art books”."
http://vocabularies.unesco.org/thesaurus/concept2969,Target,Class,art libraries,"In digital humanities, “art libraries” are specialized information centers—physical, digital, or hybrid—that collect, organize, preserve, and provide access to resources on art and visual culture (e.g., images, catalogs, archives, artist files, datasets). They support research and teaching by:

- Curating art-specific collections (museum and gallery catalogs, exhibition histories, conservation reports, visual/media archives).
- Providing digital access and metadata (IIIF images, linked open data, authority files, ontologies).
- Enabling computational methods (image analysis, text mining of catalogs, network analysis of artists/exhibitions).
- Offering research services (digital curation, rights/permissions, data management, digitization, DH tools training).

Examples include museum libraries, academic art libraries, and online repositories that integrate digitized collections with DH workflows.","- “Art libraries” is a broader concept’s narrower: It is narrower than “Bibliothèque spécialisée.”
- “Art libraries” is related to “concept336.”
- “Bibliothèque spécialisée” has the narrower concept “Art libraries.”"
http://vocabularies.unesco.org/thesaurus/concept3049,Target,Class,مراجعات الادبيات,"المقصود بـ ""مراجعات الأدبيات"" في سياق الإنسانيات الرقمية: استقصاء منهجي يلخص ويقيّم التقدم والاتجاهات في مجال محدد من العلم خلال فترة زمنية معينة، عبر مسح الدراسات والمنشورات ذات الصلة.","- “Библиографии” is related to “مراجعات الادبيات”.
- “وثائق ثانوية” has narrower concept “مراجعات الادبيات”.
- “مراجعات الادبيات” has broader concept “وثائق ثانوية”.
- “مراجعات الادبيات” is related to “Библиографии”."
http://vocabularies.unesco.org/thesaurus/concept3052,Target,Class,Искусственный интеллект,"Искусственный интеллект — способность устройства выполнять функции, обычно присущие человеческому интеллекту (в контексте цифровых гуманитарных наук — применение таких систем для анализа, интерпретации и обработки гуманитарных данных).","- “Computer applications” has narrower concept “Искусственный интеллект”.
- “Informática” is related to “Искусственный интеллект”.
- “Reconnaissance des formes” is broader than “Искусственный интеллект”.
- “Théorie de l'information” is related to “Искусственный интеллект”.
- “Кибернетика” is related to “Искусственный интеллект”.
- “حواسيب” is related to “Искусственный интеллект”.
- “علوم التحكم الآلي” is broader than “Искусственный интеллект”.
- “نظم خبيرة” is broader than “Искусственный интеллект”.
- “Искусственный интеллект” is broader than “Computer applications”.
- “Искусственный интеллект” has narrower concepts “Reconnaissance des formes”, “علوم التحكم الآلي”, and “نظم خبيرة”.
- “Искусственный интеллект” is related to “Informática”, “Théorie de l'information”, “concept3059”, “concept387”, “concept389”, “Кибернетика”, and “حواسيب”."
http://vocabularies.unesco.org/thesaurus/concept3053,Target,Class,نظم خبيرة,"النظم الخبيرة: أنظمة حاسوبية تعتمد على قاعدة معرفة أنشأها خبراء في مجال محدد، بهدف محاكاة قراراتهم وتقديم استنتاجات أو توصيات متخصصة. In digital humanities, they can encode expert knowledge about texts, artifacts, or cultural data to assist analysis and decision-making.","- “Computer programming” is related to “نظم خبيرة”.
- “Искусственный интеллект” has narrower concept “نظم خبيرة”.
- “نظم خبيرة” has broader concept “Искусственный интеллект”.
- “نظم خبيرة” is related to “Computer programming”.
- “نظم خبيرة” is related to “concept10614”."
http://vocabularies.unesco.org/thesaurus/concept3054,Target,Class,reconnaissance des formes,"In digital humanities, “reconnaissance des formes” (French) means “pattern recognition”: the computational identification of recurring structures or features in data (e.g., detecting motifs in texts, visual patterns in images, or regularities in metadata) to support analysis, classification, or discovery.","- «Искусственный интеллект» has narrower concept «Reconnaissance des formes».
- «Кибернетика» is related to «Reconnaissance des formes».
- «Reconnaissance des formes» has broader concept «Искусственный интеллект».
- «Reconnaissance des formes» is related to «Кибернетика»."
http://vocabularies.unesco.org/thesaurus/concept3055,Target,Class,علوم التحكم الآلي,It refers to the field of artificial intelligence applied to the industrial use of robots to perform repetitive tasks (industrial robotics and automation).,"- “Théorie de l'information” is related to “علوم التحكم الآلي”.
- “Искусственный интеллект” has narrower concept “علوم التحكم الآلي”.
- “Кибернетика” is related to “علوم التحكم الآلي”.
- “حواسيب” is related to “علوم التحكم الآلي”.
- “علوم التحكم الآلي” has broader concept “Искусственный интеллект”.
- “علوم التحكم الآلي” is related to “Théorie de l'information”.
- “علوم التحكم الآلي” is related to “concept13559”.
- “علوم التحكم الآلي” is related to “concept3399”.
- “علوم التحكم الآلي” is related to “concept3401”.
- “علوم التحكم الآلي” is related to “concept3403”.
- “علوم التحكم الآلي” is related to “Кибернетика”.
- “علوم التحكم الآلي” is related to “حواسيب”."
http://vocabularies.unesco.org/thesaurus/concept3057,Target,Class,Кибернетика,"Кибернетика: наука об управлении и коммуникации в системах, в частности о взаимодействии между автоматическим управлением и человеком.","- “Informática” has narrower concept “Кибернетика”.
- “Reconnaissance des formes” is related to “Кибернетика”.
- “Théorie de l’information” is related to “Кибернетика”.
- “Искусственный интеллект” is related to “Кибернетика”.
- “Распознавание знаков” is related to “Кибернетика”.
- “علوم التحكم الآلي” is related to “Кибернетика”.
- “Кибернетика” has broader concept “Informática”.
- “Кибернетика” is related to “Reconnaissance des formes”.
- “Кибернетика” is related to “Théorie de l’information”.
- “Кибернетика” is related to “concept2224”.
- “Кибернетика” is related to “concept3399”.
- “Кибернетика” is related to “concept6101”.
- “Кибернетика” is related to “concept622”.
- “Кибернетика” is related to “concept7323”.
- “Кибернетика” is related to “Искусственный интеллект”.
- “Кибернетика” is related to “Распознавание знаков”.
- “Кибернетика” is related to “علوم التحكم الآلي”."
http://vocabularies.unesco.org/thesaurus/concept3058,Target,Class,th orie de l information,"Théorie de l’information: a mathematical framework (from digital humanities/computing) that studies how information is represented, measured, transmitted, coded, and decoded—i.e., the efficient and reliable codage et décodage (ترميز وفك ترميز, кодирование и раскодирование, codificación y decodificación) of messages.","- “Codes” is a broader concept of “Théorie de l'information”.
- “Codificación” is related to “Théorie de l'information”.
- “Recherche sur la communication” is a narrower concept of “Théorie de l'information”.
- “Sciences de l'information” is related to “Théorie de l'information”.
- “Искусственный интеллект” is related to “Théorie de l'information”.
- “Кибернетика” is related to “Théorie de l'information”.
- “علوم التحكم الآلي” is related to “Théorie de l'information”.
- “Théorie de l'information” is a broader concept of “Recherche sur la communication”.
- “Théorie de l'information” is a narrower concept of “Codes”.
- “Théorie de l'information” is related to “Codificación”.
- “Théorie de l'information” is related to “Sciences de l'information”.
- “Théorie de l'information” is related to “concept2567”.
- “Théorie de l'information” is related to “concept5633”.
- “Théorie de l'information” is related to “concept5635”.
- “Théorie de l'information” is related to “concept7524”.
- “Théorie de l'information” is related to “concept7525”.
- “Théorie de l'information” is related to “Искусственный интеллект”.
- “Théorie de l'information” is related to “Кибернетика”.
- “Théorie de l'information” is related to “علوم التحكم الآلي”."
http://vocabularies.unesco.org/thesaurus/concept3172,Target,Class,Библиотечные ассоциации,"“Библиотечные ассоциации” in the digital humanities context means professional library associations—organizations that unite libraries and librarians to develop standards, advocate policy, support training, and coordinate projects, especially around digitization, metadata, open access, preservation, and DH research infrastructures.","- “Библиотечные ассоциации” is a narrower concept of “Information/bibliothèque, profession”.
- “Information/bibliothèque, profession” is a broader concept of “Библиотечные ассоциации”."
http://vocabularies.unesco.org/thesaurus/concept3268,Target,Class,Атласы,"In a digital humanities context, “Атласы” (Russian) means “atlases” — curated, often interactive map collections that visualize cultural, historical, linguistic, or literary data. These can be geospatial projects mapping texts, events, artifacts, or social networks across space and time.","- “Maps” is related to “Атласы”.
- “Reference materials” is related to “Атласы”.
- “كتب” has narrower concept “Атласы”.
- “Атласы” has broader concept “كتب”.
- “Атласы” is related to “Maps”.
- “Атласы” is related to “Reference materials”.
- “Атласы” is related to “concept172”.
- “Атласы” is related to “concept3269”."
http://vocabularies.unesco.org/thesaurus/concept3270,Target,Class,maps,"In digital humanities, “maps” are digital spatial representations used to analyze, visualize, and interpret cultural, historical, and literary data across place and time. They often involve GIS, georeferencing, and interactive layers to reveal spatial patterns, movements, networks, and place-based contexts in humanities research.","- “Атласы” is related to “Maps”.
- “Наглядные материалы” has narrower concept “Maps”.
- “Maps” has broader concept “Наглядные материалы”.
- “Maps” is related to “concept172”.
- “Maps” is related to “concept3269”.
- “Maps” is related to “Атласы”."
http://vocabularies.unesco.org/thesaurus/concept3271,Target,Class,reference materials,"In digital humanities, reference materials are curated resources used to look up established facts, standards, or authoritative information that support research and interpretation. They include items like controlled vocabularies and ontologies (e.g., Getty AAT), encyclopedias and handbooks, gazetteers, biographical dictionaries, style guides, thesauri, codebooks, metadata schemas (e.g., Dublin Core, TEI guidelines), and datasets or corpora treated as canonical lookup sources. Their role is to provide consistent, citable anchors for description, annotation, normalization, and cross-project interoperability.","- Dictionnaire is a broader concept of Reference materials.
- Servicio de referencia is related to Reference materials.
- Адресные справочники is related to Reference materials.
- Атласы is related to Reference materials.
- Библиографии is related to Reference materials.
- Энциклопедии is a broader concept of Reference materials.
- كتب is a narrower concept of Reference materials.
- كشافات is related to Reference materials.
- مكانز is related to Reference materials.
- Reference materials is a broader concept of كتب.
- Reference materials is a narrower concept of Dictionnaire.
- Reference materials is a narrower concept of Энциклопедии.
- Reference materials is related to Servicio de referencia.
- Reference materials is related to Адресные справочники.
- Reference materials is related to Атласы.
- Reference materials is related to Библиографии.
- Reference materials is related to كشافات.
- Reference materials is related to مكانز."
http://vocabularies.unesco.org/thesaurus/concept3312,Target,Class,participaci n del p blico,"In digital humanities, “Participación del público” refers to the active involvement of non‑specialist audiences in the creation, enrichment, analysis, or dissemination of humanities projects. Examples include:

- Crowdsourcing (transcribing, annotating, tagging)
- Citizen scholarship (contributing data, memories, or local knowledge)
- Collaborative interpretation (commenting, storytelling, remixing)
- Co-design and co-curation (shaping project goals, interfaces, exhibits)

It emphasizes openness, shared authority, and reciprocal value between researchers and communities.","- “Communication users” is related to “Participación del público”.
- “Medios sociales” is related to “Participación del público”.
- “Recherche sur le public” is narrower than “Participación del público”.
- “Participación del público” is broader than “Recherche sur le public”.
- “Participación del público” is related to “Communication users”.
- “Participación del público” is related to “Medios sociales”.
- “Participación del público” is related to “concept277”."
http://vocabularies.unesco.org/thesaurus/concept3315,Target,Class,Рейтинг аудитории,"In digital humanities, “Рейтинг аудитории” (Russian) typically means “audience rating” — a metric indicating how many people engage with or are exposed to a digital project or content (e.g., views, reach, unique users), often used to assess impact and compare popularity across platforms or works.","- “Recherche sur le public” has a narrower concept “Рейтинг аудитории”.
- “Рейтинг аудитории” has a broader concept “Recherche sur le public”.
- “Рейтинг аудитории” is related to “concept3317”."
http://vocabularies.unesco.org/thesaurus/concept3319,Target,Class,Реакция аудитории,"In digital humanities, “Реакция аудитории” (Russian) means “audience reaction”—the responses, engagement, and feedback from users/readers to digital content or projects (e.g., comments, shares, likes, sentiment, participation metrics).","- “Communication users” is related to “Реакция аудитории”.
- “Programme content” is related to “Реакция аудитории”.
- “Recherche sur le public” has narrower concept “Реакция аудитории”.
- “Реакция аудитории” has broader concept “Recherche sur le public”.
- “Реакция аудитории” is related to “Communication users”.
- “Реакция аудитории” is related to “Programme content”.
- “Реакция аудитории” is related to “concept277”."
http://vocabularies.unesco.org/thesaurus/concept3321,Target,Class,program content,"“Programme content” in digital humanities (in the field of communication/information transfer) refers to the substantive material delivered within a media or communication program—its topics, messages, data, narratives, formats, and multimodal elements (text, audio, video, interactive media). It encompasses:

- What is communicated: themes, narratives, arguments, datasets, visualizations.
- How it is structured and presented: genre, format, sequencing, metadata, platform-specific adaptations.
- For whom and to what effect: intended audience, cultural/linguistic framing, accessibility, and ethical considerations.

В области передачи информации и связи: «содержимое программы» — это информационные материалы и сообщения, передаваемые программой (темы, данные, медиаформаты) и их организация.

في مجال نقل المعلومات والاتصالات: يشير “محتوى البرنامج” إلى المواد والمضامين التي ينقلها البرنامج (موضوعات، رسائل، بيانات، ووسائط متعددة) وطريقة تنظيمها.

Dans le domaine de la communication: le « contenu du programme » désigne les matériaux et messages diffusés par un programme (thèmes, données, médias) et leur structuration.

En el ámbito de la comunicación: el “contenido del programa” es el conjunto de materiales y mensajes que un programa comunica (temas, datos, medios) y su organización.","- “Diversidad mediática” is related to “Programme content”.
- “Radio programmes” is related to “Programme content”.
- “Recherche sur la communication” is related to “Programme content”.
- “Реакция аудитории” is related to “Programme content”.
- “برامج اذاعية” has narrower concept “Programme content”.
- “برامج تلفزيونية” is related to “Programme content”.
- “Programme content” is broader than “برامج اذاعية”.
- “Programme content” is related to “Diversidad mediática”.
- “Programme content” is related to “Radio programmes”.
- “Programme content” is related to “Recherche sur la communication”.
- “Programme content” is related to “concept17017”.
- “Programme content” is related to “Реакция аудитории”.
- “Programme content” is related to “برامج تلفزيونية”."
http://vocabularies.unesco.org/thesaurus/concept3323,Target,Class,chiffres de tirage,"In a digital humanities context, chiffres de tirage refers to publication run numbers—i.e., the size of an edition or print run (number of copies produced), or the numerical identifiers associated with individual copies in a limited edition. It’s used in bibliographic metadata to document edition size and copy numbering for print or digitized artifacts.","- “Prensa de información diaria” is related to “Chiffres de tirage”.
- “Prensa periódica” is related to “Chiffres de tirage”.
- “Recherche sur le public” has narrower concept “Chiffres de tirage”.
- “Édition” is related to “Chiffres de tirage”.
- “Chiffres de tirage” is broader concept of “Recherche sur le public”.
- “Chiffres de tirage” is related to “Prensa de información diaria”.
- “Chiffres de tirage” is related to “Prensa periódica”.
- “Chiffres de tirage” is related to “Édition”."
http://vocabularies.unesco.org/thesaurus/concept3326,Target,Class,sociologie de la communication,"In digital humanities, “sociologie de la communication” refers to the sociological study of how communication processes, media, and technologies shape and are shaped by social structures, practices, and power. It examines:

- Media systems and platforms as social institutions
- Production, circulation, and reception of messages (including algorithms and interfaces)
- Audiences, communities, and participation online
- Inequalities, identity, and power in digital communication (e.g., datafication, platform governance)
- Methods combining qualitative/quantitative and computational approaches (e.g., social network analysis, trace ethnography, corpus analysis)

In short: it analyzes the social dynamics and consequences of communication—especially digital and platform-mediated—within culture and society.","- Communication psychology is related to Sociologie de la communication.
- Opinión pública is broader than Sociologie de la communication.
- Recherche sur la communication is narrower than Sociologie de la communication.
- Recherche sur le public is related to Sociologie de la communication.
- Коммуникационная этика is related to Sociologie de la communication.
- تأثير الاتصال is related to Sociologie de la communication.
- Sociologie de la communication is broader than Recherche sur la communication.
- Sociologie de la communication is narrower than Opinión pública.
- Sociologie de la communication is related to Communication psychology.
- Sociologie de la communication is related to Recherche sur le public.
- Sociologie de la communication is related to Коммуникационная этика.
- Sociologie de la communication is related to تأثير الاتصال."
http://vocabularies.unesco.org/thesaurus/concept3331,Target,Class,Библиотеки звукозаписей,"In digital humanities, “Библиотеки звукозаписей” means “libraries of sound recordings” — curated digital collections of audio materials (e.g., oral histories, music, interviews, broadcasts) that are preserved, described with metadata, and made accessible for research and analysis.","- “Библиотеки звукозаписей” is a narrower concept of “Bibliothèque spécialisée.”
- “Звукозаписи” is related to “Библиотеки звукозаписей.”
- “Библиотеки звукозаписей” is broader concept’s child of “Bibliothèque spécialisée” and is related to “Звукозаписи.”"
http://vocabularies.unesco.org/thesaurus/concept3340,Target,Class,مواد سمعية بصرية,"It means “audiovisual materials”—i.e., sources that combine sound and visuals (video recordings, films, TV/radio broadcasts with images, multimedia files). In digital humanities, this includes digitized or born-digital videos, podcasts with visuals, interactive media, and similar assets used for analysis, preservation, or presentation.","- “Enregistrement” has a narrower concept “مواد سمعية بصرية”.
- “Radio” is related to “مواد سمعية بصرية”.
- “Наглядные материалы” is related to “مواد سمعية بصرية”.
- “ارشيفات سمعية بصرية” is related to “مواد سمعية بصرية”.
- “تسجيلات الفيديو” is a broader concept of “مواد سمعية بصرية”.
- “مواد سمعية بصرية” is a broader concept of “Enregistrement”.
- “مواد سمعية بصرية” has a narrower concept “تسجيلات الفيديو”.
- “مواد سمعية بصرية” is related to “Radio”.
- “مواد سمعية بصرية” is related to “concept3333”.
- “مواد سمعية بصرية” is related to “concept352”.
- “مواد سمعية بصرية” is related to “Наглядные материалы”.
- “مواد سمعية بصرية” is related to “ارشيفات سمعية بصرية”."
http://vocabularies.unesco.org/thesaurus/concept3341,Target,Class,film fixe,"Film fixe: a motion-picture film strip with a still image or other graphic on each frame, projected as successive stills. Widely used as an audiovisual teaching aid.","- “Film fixe” is a narrower concept of “Film media.”
- “Наглядные материалы” is related to “Film fixe.”
- “Фотослайды” is related to “Film fixe.”
- “Film fixe” has the broader concept “Film media.”
- “Film fixe” is related to “concept3333.”
- “Film fixe” is related to “Наглядные материалы.”
- “Film fixe” is related to “Фотослайды.”"
http://vocabularies.unesco.org/thesaurus/concept3343,Target,Class,projectors,"In digital humanities, “projectors” typically refers to display devices used to project digital content—texts, images, data visualizations, maps, or multimedia—onto a screen or wall for teaching, presentations, exhibitions, or collaborative analysis. They enable shared viewing of digital editions, visualizations, and interactive tools in classrooms, workshops, labs, and public humanities events.","- “Equipo fotográfico” has narrower concept “Projectors”.
- “Projectors” has broader concept “Equipo fotográfico”.
- “Projectors” is related to “concept3333”."
http://vocabularies.unesco.org/thesaurus/concept3347,Target,Class,phonoth que,"In digital humanities, a Phonothèque is a sound archive—an institution or collection dedicated to preserving, describing, and providing access to audio recordings (oral histories, dialects, music, interviews, ethnographic fieldwork) for research and cultural heritage.","- “Phonothèque” is a broader concept’s narrower: it is narrower than “ارشيفات سمعية بصرية”.
- “ارشيفات سمعية بصرية” is a broader concept of “Phonothèque”."
http://vocabularies.unesco.org/thesaurus/concept3348,Target,Class,مكتبات الافلام,"In digital humanities, ""مكتبات الأفلام"" means film libraries—collections, archives, or databases of films and related metadata used for preservation, research, and analysis (e.g., digitized films, catalogs, annotations, and tools for searching and studying cinematic materials).","- “Bibliothèque spécialisée” has narrower concept “مكتبات الافلام”.
- “Film archives” is related to “مكتبات الافلام”.
- “ارشيفات سمعية بصرية” is related to “مكتبات الافلام”.
- “مكتبات الافلام” has broader concept “Bibliothèque spécialisée”.
- “مكتبات الافلام” is related to “Film archives”.
- “مكتبات الافلام” is related to “concept350”.
- “مكتبات الافلام” is related to “concept352”.
- “مكتبات الافلام” is related to “ارشيفات سمعية بصرية”."
http://vocabularies.unesco.org/thesaurus/concept3354,Target,Class,تسجيلات الفيديو,"In digital humanities, ""تسجيلات الفيديو"" means video recordings—digitized or born-digital video materials used as sources or data (e.g., interviews, performances, broadcasts) for analysis, annotation, archiving, or computational study.","- “Enregistrement sur bande magnétique” is related to “تسجيلات الفيديو”.
- “Звукозаписи” is related to “تسجيلات الفيديو”.
- “برامج تلفزيونية” is related to “تسجيلات الفيديو”.
- “صناعة التسجيلات المرئية” is related to “تسجيلات الفيديو”.
- “تسجيلات الفيديو” is a narrower concept of “مواد سمعية بصرية”.
- “مواد سمعية بصرية” is a broader concept of “تسجيلات الفيديو”.
- “تسجيلات الفيديو” is related to “Enregistrement sur bande magnétique”.
- “تسجيلات الفيديو” is related to “Звукозаписи”.
- “تسجيلات الفيديو” is related to “برامج تلفزيونية”.
- “تسجيلات الفيديو” is related to “صناعة التسجيلات المرئية”."
http://vocabularies.unesco.org/thesaurus/concept3356,Target,Class,radio,"In digital humanities, “radio” typically refers to audio broadcasting as a cultural and historical medium and a digitized corpus for analysis—e.g., studying radio programs, transcripts, metadata, and listener networks using computational methods (audio digitization, transcription, NLP, topic modeling, sound analysis) to explore content, circulation, reception, and impact across time and space.","- Broadcasting has narrower concept Radio.
- Informations radiophoniques has broader concept Radio.
- Radio programmes has broader concept Radio.
- Radiodiffusion nationale is related to Radio.
- Звукозаписи is related to Radio.
- مواد سمعية بصرية is related to Radio.
- وسائل الإعلام الجماهيرية is related to Radio.
- Radio has broader concept Broadcasting.
- Radio has narrower concept Informations radiophoniques.
- Radio has narrower concept Radio programmes.
- Radio is related to Radiodiffusion nationale.
- Radio is related to Звукозаписи.
- Radio is related to مواد سمعية بصرية.
- Radio is related to وسائل الإعلام الجماهيرية."
http://vocabularies.unesco.org/thesaurus/concept3359,Target,Class,radio listeners,"In digital humanities, “radio listeners” refers to the audience engaging with radio broadcasts—historically via traditional radio sets and, in contemporary contexts, also via digital streams, podcasts, and on-demand audio. Scholars study these listeners’ practices, demographics, reception, and participation to understand media circulation, cultural impact, and the social history of sound.","- Communication users has narrower concept Radio listeners.
- Televiewers is related to Radio listeners.
- Écoute is related to Radio listeners.
- Radio listeners has broader concept Communication users.
- Radio listeners is related to Televiewers.
- Radio listeners is related to concept277.
- Radio listeners is related to Écoute."
http://vocabularies.unesco.org/thesaurus/concept3379,Target,Class,authority lists,"In digital humanities, “authority lists” (or authority files) are controlled vocabularies of standardized names and terms—such as people, places, subjects, works, or organizations—used to ensure consistent identification across datasets. They disambiguate entities (e.g., different John Smiths), enable reliable linking and aggregation, and improve search and interoperability. Examples include VIAF for personal names, Getty TGN for places, and LCSH for subjects.","- “Authority lists” is a broader concept of “Langage d'indexation”.
- “Langage d'indexation” has the narrower concept “Authority lists”."
http://vocabularies.unesco.org/thesaurus/concept3385,Target,Class,صحفيون,"“صحفيون” means “journalists.” In digital humanities context: scholars might analyze journalists’ writings, media networks, or news archives using computational methods.","- “Journalisme” is related to “صحفيون”.
- “Personal de comunicación” has narrower concept “صحفيون”.
- “Rédacteur” is related to “صحفيون”.
- “Women journalists” has broader concept “صحفيون”.
- “Ética de la prensa” is related to “صحفيون”.
- “صحفيون” has broader concept “Personal de comunicación”.
- “صحفيون” has narrower concept “Women journalists”.
- “صحفيون” is related to “Journalisme”.
- “صحفيون” is related to “Rédacteur”.
- “صحفيون” is related to “concept17143”.
- “صحفيون” is related to “concept326”.
- “صحفيون” is related to “concept5798”.
- “صحفيون” is related to “concept678”.
- “صحفيون” is related to “concept8672”.
- “صحفيون” is related to “Ética de la prensa”."
http://vocabularies.unesco.org/thesaurus/concept3406,Target,Class,automatic indexing,"In digital humanities, automatic indexing is the use of computational methods to assign descriptive terms (e.g., keywords, topics, entities) to texts or other digital objects without manual annotation. It typically involves NLP techniques (tokenization, lemmatization, term weighting, named-entity recognition, topic modeling) to generate metadata that supports search, retrieval, classification, and analysis at scale.","- Computer applications is related to Automatic indexing.
- Traducción automática is related to Automatic indexing.
- Вычислительная лингвистика is related to Automatic indexing.
- Машиночитаемые материалы is related to Automatic indexing.
- تحليل آلي للنص has narrower concept Automatic indexing.
- تكشيف is related to Automatic indexing.
- Automatic indexing has broader concept تحليل آلي للنص.
- Automatic indexing is related to Computer applications.
- Automatic indexing is related to Traducción automática.
- Automatic indexing is related to Вычислительная лингвистика.
- Automatic indexing is related to Машиночитаемые материалы.
- Automatic indexing is related to تكشيف."
http://vocabularies.unesco.org/thesaurus/concept3410,Target,Class,traducci n autom tica,"In digital humanities, “traducción automática” refers to the use of computational systems (machine translation) to translate texts between languages, often at scale, for tasks like corpus exploration, multilingual access to archives, and cross-linguistic analysis. It involves algorithms (e.g., neural MT) that generate translations without human intervention, sometimes followed by human post-editing.","- “Automatic indexing” is related to “Traducción automática”.
- “Вычислительная лингвистика” has narrower concept “Traducción automática”.
- “Traducción automática” is a broader concept of “Automatic indexing”.
- “Traducción automática” is related to “concept314”.
- “Traducción automática” has broader concept “Вычислительная лингвистика”."
http://vocabularies.unesco.org/thesaurus/concept3411,Target,Class,Вычислительная лингвистика,"In digital humanities, “Вычислительная лингвистика” (Computational Linguistics) is the field that uses computational methods to analyze, model, and process language—e.g., building NLP tools (tokenization, parsing, tagging), text mining, and corpus analysis to study literature, culture, and language at scale.","- “Automatic indexing” is related to “Вычислительная лингвистика”.
- “Computer applications” has narrower concept “Вычислительная лингвистика”.
- “Computer languages” is related to “Вычислительная лингвистика”.
- “Traducción automática” has broader concept “Вычислительная лингвистика”.
- “Вычислительная лингвистика” has broader concept “Computer applications”.
- “Вычислительная лингвистика” has narrower concept “Traducción automática”.
- “Вычислительная лингвистика” is related to “Automatic indexing”.
- “Вычислительная лингвистика” is related to “Computer languages”."
http://vocabularies.unesco.org/thesaurus/concept3412,Target,Class,تكشيف,التكشيف: إسناد مصطلحات كشاف/واصفات إلى الوثائق أو الأشياء لتمكين استرجاعها لاحقًا وفقًا لمفاهيم مختارة ممثلة بهذه المصطلحات.,"- “Análisis documental” has narrower concept “تكشيف”.
- “Automatic indexing” is related to “تكشيف”.
- “Documentación” is related to “تكشيف”.
- “تكشيف” has broader concept “Análisis documental”.
- “تكشيف” is related to “Automatic indexing”.
- “تكشيف” is related to “Documentación”."
http://vocabularies.unesco.org/thesaurus/concept3565,Target,Class,Магнитные ленты,"“Магнитные ленты” (Russian) means “magnetic tapes.” In digital humanities, it refers to legacy storage media (reels, cassettes, cartridges) used to record and archive data, audio, or video, often requiring digitization/migration for preservation and access.","- «Компьютерные запоминающие устройства» имеют более узкое понятие: «Магнитные ленты».
- «Магнитные ленты» являются более общим понятием для «Компьютерные запоминающие устройства»."
http://vocabularies.unesco.org/thesaurus/concept3599,Target,Class,base de datos bibliogr fica,"In digital humanities, a “base de datos bibliográfica” is a structured, searchable database that catalogs bibliographic records (e.g., books, articles, chapters, editions, primary sources) with metadata such as author, title, date, publisher, subjects, keywords, identifiers, and often abstracts or links. It supports discovery, analysis, and citation management, and can underpin tasks like corpus building, metadata enrichment, network analysis of scholarship, and interoperable sharing via standards (e.g., Dublin Core, MARC, TEI-derived metadata).","- “Databases” has the narrower concept “Base de datos bibliográfica”.
- “Service bibliographique” is related to “Base de datos bibliográfica”.
- “Base de datos bibliográfica” has the broader concept “Databases”.
- “Base de datos bibliográfica” is related to “Service bibliographique”."
http://vocabularies.unesco.org/thesaurus/concept3753,Target,Class,Библиографии,"In digital humanities, “Библиографии” means bibliographies: printed lists of documents that provide formal/official descriptions of those documents.","- “Bibliografía nacional” is broader than “Библиографии”.
- “Bibliographie de bibliographies” is broader than “Библиографии”.
- “Reference materials” is related to “Библиографии”.
- “Service bibliographique” is related to “Библиографии”.
- “تجميع الببليوجرافيات” is broader than “Библиографии”.
- “كشافات” is related to “Библиографии”.
- “مراجعات الادبيات” is related to “Библиографии”.
- “وثائق ثانوية” is narrower than “Библиографии”.
- “Библиографии” is broader than “وثائق ثانوية”.
- “Библиографии” is narrower than “Bibliografía nacional”.
- “Библиографии” is narrower than “Bibliographie de bibliographies”.
- “Библиографии” is narrower than “تجميع الببليوجرافيات”.
- “Библиографии” is related to “Reference materials”.
- “Библиографии” is related to “Service bibliographique”.
- “Библиографии” is related to “كشافات”.
- “Библиографии” is related to “مراجعات الادبيات”."
http://vocabularies.unesco.org/thesaurus/concept3755,Target,Class,bibliographie de bibliographies,"In digital humanities, “Bibliographie de bibliographies” means a bibliography of bibliographies: a curated list that compiles and describes other bibliographies on a topic. It’s a meta-level reference tool used to quickly locate existing bibliographic guides, often aiding literature reviews, data curation, and discovery across disciplines.","- “Bibliographie de bibliographies” has broader concept “Библиографии”.
- “Библиографии” has narrower concept “Bibliographie de bibliographies”."
http://vocabularies.unesco.org/thesaurus/concept3757,Target,Class,bibliograf a nacional,"Bibliografía nacional: una bibliografía que reúne los libros publicados en el territorio de un país, sea cual sea su lengua, y/o las obras escritas en la lengua de ese país.","- “Bibliografía nacional” is a broader concept’s child of “Библиографии”.  
- “Библиографии” has the narrower concept “Bibliografía nacional”."
http://vocabularies.unesco.org/thesaurus/concept3759,Target,Class,control bibliogr fico,"In digital humanities, “control bibliográfico” (bibliographic control) is the set of practices, standards, and systems used to uniquely identify, describe, organize, and make discoverable scholarly resources (texts, datasets, images, software, etc.). It involves creating consistent metadata, authority control (names, subjects), standardized identifiers (e.g., DOI, ORCID, ISBN), interoperable schemas (e.g., MARC, Dublin Core, TEI), and registries to ensure reliable search, citation, linking, and long-term preservation across platforms and collections.","- “Bibliographic standards” is related to “Control bibliográfico”.
- “Catalogage” has narrower concept “Control bibliográfico”.
- “Control bibliográfico” has broader concept “Catalogage”.
- “Control bibliográfico” is related to “Bibliographic standards”."
http://vocabularies.unesco.org/thesaurus/concept3761,Target,Class,bibliographic standards,"In digital humanities, bibliographic standards are agreed-upon rules and formats for describing, identifying, and exchanging information about scholarly resources (e.g., books, articles, datasets, digital editions). They ensure consistency, interoperability, and machine-readability across projects and platforms. Examples include metadata schemas and citation standards such as MARC, Dublin Core, MODS, TEI header, BIBFRAME, RDF, and citation styles/formats (e.g., CSL, DOI/ORCID integration).","- Control bibliográfico is related to Bibliographic standards.
- ISBN is broader than Bibliographic standards.
- Intercambio de información is related to Bibliographic standards.
- Norma de catalogación is narrower than Bibliographic standards.
- تدوب is broader than Bibliographic standards.
- ردمد is broader than Bibliographic standards.
- Bibliographic standards is broader than Norma de catalogación.
- Bibliographic standards is narrower than ISBN.
- Bibliographic standards is narrower than تدوب.
- Bibliographic standards is narrower than ردمد.
- Bibliographic standards is related to Control bibliográfico.
- Bibliographic standards is related to Intercambio de información."
http://vocabularies.unesco.org/thesaurus/concept3766,Target,Class,revue bibliographique,"In digital humanities, a revue bibliographique is a bibliographic review: a curated, critical overview of existing publications (books, articles, datasets, tools) on a defined topic, summarizing key works, methods, debates, and gaps to orient research and practice.","- ""مسـتخلصات"" is broader than ""Revue bibliographique"".
- ""وثائق ثانوية"" is narrower than ""Revue bibliographique"".
- ""Revue bibliographique"" is broader than ""وثائق ثانوية"" and narrower than ""مسـتخلصات""."
http://vocabularies.unesco.org/thesaurus/concept3774,Target,Class,تجميع الببليوجرافيات,"في سياق الإنسانيات الرقمية، تجميع الببليوجرافيات يعني جمع وتنظيم قوائم المراجع (كتب، مقالات، مصادر رقمية) حول موضوع معيّن باستخدام أدوات رقمية. يشمل:
- استخراج البيانات الببليوجرافية من قواعد البيانات والمستودعات.
- توحيد الصيغ الوصفية (مثل Dublin Core، BibTeX).
- إزالة التكرار وتنظيف البيانات.
- ربط المراجع بمعرّفات معيارية (DOI، ORCID، VIAF).
- إتاحة النتائج في صيغ قابلة للبحث والتحليل البيني (CSV، JSON، Zotero/EndNote).
الغاية: تسهيل البحث، التحليل الكمي/الشبكي للمصادر، وبناء خرائط معرفية للمجال.","- “Catalogage” is related to “تجميع الببليوجرافيات”.
- “Service bibliographique” is related to “تجميع الببليوجرافيات”.
- “Библиографии” has narrower concept “تجميع الببليوجرافيات”.
- “Поиск информации” is related to “تجميع الببليوجرافيات”.
- “تجميع الببليوجرافيات” is a broader concept of “Библиографии”.
- “تجميع الببليوجرافيات” is related to “Catalogage”.
- “تجميع الببليوجرافيات” is related to “Service bibliographique”.
- “تجميع الببليوجرافيات” is related to “Поиск информации”."
http://vocabularies.unesco.org/thesaurus/concept3775,Target,Class,centro de intercambio de informaci n,"In digital humanities, “Centro de intercambio de información” refers to an Information Exchange Center—an institutional hub (physical or virtual) where data, tools, standards, and research outputs are shared among scholars, projects, and the public. It typically supports data curation, interoperability, collaboration, and access to datasets, metadata, and documentation.","- “Data centres” is related to “Centro de intercambio de información”.
- “Service bibliographique” is related to “Centro de intercambio de información”.
- “Service d'information” is related to “Centro de intercambio de información”.
- “Servicio de referencia” is related to “Centro de intercambio de información”.
- “Centro de intercambio de información” is narrower than “نظم المعلومات”.
- “Centro de intercambio de información” is related to “Data centres”.
- “Centro de intercambio de información” is related to “Service bibliographique”.
- “Centro de intercambio de información” is related to “Service d'information”.
- “Centro de intercambio de información” is related to “Servicio de referencia”."
http://vocabularies.unesco.org/thesaurus/concept3776,Target,Class,service d information,"In digital humanities, “Service d’information” (French) typically refers to an information service: a unit or function that curates, manages, and provides access to information resources (e.g., datasets, digital collections, metadata, research outputs) and supports users through reference, documentation, training, and tools for discovery and preservation. It often sits within libraries, archives, or DH centers, enabling research through services like data curation, repository management, and scholarly communication support.","- “Bibliothèque spécialisée” is related to “Service d'information”.
- “Centro de intercambio de información” is related to “Service d'information”.
- “Data centres” is related to “Service d'information”.
- “Difusión selectiva de información” is related to “Service d'information”.
- “Document delivery” is broader than “Service d'information”.
- “Service bibliographique” is related to “Service d'information”.
- “Servicio de referencia” is related to “Service d'information”.
- “نظم المعلومات” is narrower than “Service d'information”.
- “Service d'information” is broader than “نظم المعلومات”.
- “Service d'information” is narrower than “Document delivery”.
- “Service d'information” is related to “Bibliothèque spécialisée”.
- “Service d'information” is related to “Centro de intercambio de información”.
- “Service d'information” is related to “Data centres”.
- “Service d'information” is related to “Difusión selectiva de información”.
- “Service d'information” is related to “Service bibliographique”.
- “Service d'information” is related to “Servicio de referencia”."
http://vocabularies.unesco.org/thesaurus/concept3777,Target,Class,نظم المعلومات العلمية,"في سياق الإنسانيات الرقمية، ""نظم المعلومات العلمية"" تعني البنى والأدوات والمنهجيات التقنية المخصصة لتنظيم وإدارة وتمثيل واكتشاف المعرفة في مجالات العلوم الإنسانية باستخدام الحوسبة. تشمل:
- نمذجة البيانات المعرفية (مثل TEI، CIDOC CRM، أونتولوجيات)
- قواعد بيانات ومستودعات رقمية للنصوص/الصور/المخطوطات
- المعايير والبروتوكولات للوصف الببليوغرافي والميتاداتا (مثل Dublin Core)
- أدوات البحث والاستخراج الدلالي والتصور
- سير العمل للحفظ الرقمي وإتاحة الموارد للبحث القابل لإعادة الاستخدام

هدفها تمكين التحليل الحاسوبي، الترابط الدلالي، وقابلية الاكتشاف والتشغيل البيني لمصادر الإنسانيات.","- “Agricultural information systems” is a broader concept of “نظم المعلومات العلمية”.
- “Geographical information systems” is a broader concept of “نظم المعلومات العلمية”.
- “Service bibliographique” is related to “نظم المعلومات العلمية”.
- “Système d'information médicale” is a broader concept of “نظم المعلومات العلمية”.
- “معلومات علمية” is related to “نظم المعلومات العلمية”.
- “نظم المعلومات” is a narrower concept of “نظم المعلومات العلمية”.
- “نظم المعلومات العلمية” is a broader concept of “نظم المعلومات”.
- “نظم المعلومات العلمية” has the narrower concepts “Agricultural information systems”, “Geographical information systems”, and “Système d'information médicale”.
- “نظم المعلومات العلمية” is related to “Service bibliographique”, “concept12107”, “concept1772”, and “معلومات علمية”."
http://vocabularies.unesco.org/thesaurus/concept3778,Target,Class,difusi n selectiva de informaci n,"Difusión selectiva de información (DSI) is an information service that continually delivers documents, references, abstracts, or data selected according to users’ interest profiles. In digital humanities, it means tailoring ongoing updates to researchers’ specified topics, ensuring they receive only the most relevant new materials.","- “Information dissemination” has narrower concept “Difusión selectiva de información”.
- “International circulation of materials” is related to “Difusión selectiva de información”.
- “Service bibliographique” is related to “Difusión selectiva de información”.
- “Service d’information” is related to “Difusión selectiva de información”.
- “Difusión selectiva de información” has broader concept “Information dissemination”.
- “Difusión selectiva de información” is related to “International circulation of materials”.
- “Difusión selectiva de información” is related to “Service bibliographique”.
- “Difusión selectiva de información” is related to “Service d’information”."
http://vocabularies.unesco.org/thesaurus/concept3785,Target,Class,تدوب,"In this context, ""تدوب"" is likely a typographical error for ""تدويب"" or ""تدوين"". The correct term in digital humanities and bibliographic standards is ""تدوين"" (documentation/recording), as in تدوين الوصف الببليوجرافي (bibliographic description) per the International Standard Bibliographic Description (ISBD).","- “تدوب” is a narrower concept of “Bibliographic standards.”
- “Nonbook materials” is related to “تدوب.”
- “Publicación seriada” is related to “تدوب.”
- “Монографии” is related to “تدوب.”
- “تدوب” has broader concept “Bibliographic standards.”
- “تدوب” is related to “Nonbook materials,” “Publicación seriada,” and “Монографии.”"
http://vocabularies.unesco.org/thesaurus/concept3786,Target,Class,isbn,ISBN stands for International Standard Book Number — الرقم الدولي المعياري للكتاب — Numéro international normalisé du livre — Número internacional normalizado de libros — Стандартный международный номер книжного издания.,"- “ISBN” is a narrower concept of “Bibliographic standards.”
- “ردمد” is related to “ISBN.”
- “كتب” is related to “ISBN.”
- “ISBN” has broader concept “Bibliographic standards.”
- “ISBN” is related to “ردمد.”
- “ISBN” is related to “كتب.”"
http://vocabularies.unesco.org/thesaurus/concept3787,Target,Class,ردمد,"“ردمد” is the Persian acronym for ISSN (International Standard Serial Number), i.e., the international identifier for serial publications.","- “Bibliographic standards” has narrower concept “ردمد”.
- “ISBN” is related to “ردمد”.
- “Publicación seriada” is related to “ردمد”.
- “ردمد” has broader concept “Bibliographic standards”.
- “ردمد” is related to “ISBN”.
- “ردمد” is related to “Publicación seriada”."
http://vocabularies.unesco.org/thesaurus/concept3799,Target,Class,catalogage,"In digital humanities, “catalogage” (French for “cataloging”) refers to the process of describing, organizing, and standardizing metadata for digital or digitized cultural materials (texts, images, audio, artifacts) so they can be discovered, managed, and preserved. It involves applying controlled vocabularies/ontologies, identifiers, and schemas (e.g., Dublin Core, TEI, IIIF) to ensure interoperability and searchability across collections and platforms.","- “Análisis documental” is related to “Catalogage”.
- “Control bibliográfico” is broader than “Catalogage”.
- “Documentación” is related to “Catalogage”.
- “Information processing” is narrower than “Catalogage”.
- “Norma de catalogación” is related to “Catalogage”.
- “تجميع الببليوجرافيات” is related to “Catalogage”.
- “تعاون المعلومات/المكتبات” is related to “Catalogage”.
- “فهارس” is related to “Catalogage”.
- “Catalogage” is broader than “Information processing”.
- “Catalogage” is narrower than “Control bibliográfico”.
- “Catalogage” is related to “Análisis documental”.
- “Catalogage” is related to “Documentación”.
- “Catalogage” is related to “Norma de catalogación”.
- “Catalogage” is related to “تجميع الببليوجرافيات”.
- “Catalogage” is related to “تعاون المعلومات/المكتبات”.
- “Catalogage” is related to “فهارس”."
http://vocabularies.unesco.org/thesaurus/concept3802,Target,Class,ببليولوجيا,الببليولوجيا: الدراسة المنهجية لخصائص ومميزات الكتب في علاقتها بعمليات النشر وتقنيات الطباعة والإنتاج والتسويق.,"- “Édition” is related to “ببليولوجيا”.
- “Затраты на производство книг” is related to “ببليологيا”.
- “بحوث المعلومات/المكتبات” has narrower concept “ببليولوجيا”.
- “ببليولوجيا” is a broader concept of “بحوث المعلومات/المكتبات”.
- “ببليولوجيا” is related to “Édition”.
- “ببليولوجيا” is related to “Затраты на производство книг”."
http://vocabularies.unesco.org/thesaurus/concept3809,Target,Class,Затраты на производство книг,"It’s Russian for “costs of book production” — i.e., the expenses involved in producing books (editing, typesetting, design, printing, binding, materials, labor, overhead). In a digital humanities context, it can include digitization, OCR, metadata creation, digital layout, platform hosting, licensing, and preservation.","- “Economics of communication” has narrower concept “Затраты на производство книг”.
- “Financiación de la comunicación” is related to “Затраты на производство книг”.
- “ببليولوجيا” is related to “Затраты на производство книг”.
- “صناعة الكتاب” is related to “Затраты на производство книг”.
- “Затраты на производство книг” has broader concept “Economics of communication”.
- “Затраты на производство книг” is related to “Financiación de la comunicación”.
- “Затраты на производство книг” is related to “ببليولوجيا”.
- “Затраты на производство книг” is related to “صناعة الكتاب”."
http://vocabularies.unesco.org/thesaurus/concept3810,Target,Class,dition,"In digital humanities, “Édition” means making a recorded body of knowledge publicly accessible as a publication (e.g., preparing and releasing a text that conveys knowledge).","- “Chiffres de tirage” is related to “Édition”.
- “Depósito legal” is related to “Édition”.
- “Editorial” is related to “Édition”.
- “Impresión” is related to “Édition”.
- “Publishing industry” is narrower than “Édition”.
- “Record industry” is broader than “Édition”.
- “Édition électronique” is broader than “Édition”.
- “ببليولوجيا” is related to “Édition”.
- “تحرير” is broader than “Édition”.
- “صناعة التسجيلات المرئية” is broader than “Édition”.
- “صناعة الكتاب” is related to “Édition”.
- “نشر الموسيقى” is broader than “Édition”.
- “Édition” is broader than “Publishing industry”.
- “Édition” is narrower than “Record industry”.
- “Édition” is narrower than “Édition électronique”.
- “Édition” is narrower than “تحرير”.
- “Édition” is narrower than “صناعة التسجيلات المرئية”.
- “Édition” is narrower than “نشر الموسيقى”.
- “Édition” is related to “Chiffres de tirage”.
- “Édition” is related to “Depósito legal”.
- “Édition” is related to “Editorial”.
- “Édition” is related to “Impresión”.
- “Édition” is related to “concept3090”.
- “Édition” is related to “concept3386”.
- “Édition” is related to “ببليولوجيا”.
- “Édition” is related to “صناعة الكتاب”."
http://vocabularies.unesco.org/thesaurus/concept3814,Target,Class,biblioth que d positaire,"Bibliothèque dépositaire: a library legally designated or by agreement to receive, free of charge, copies of all (or all required) national publications.","- “Depósito legal” is related to “Bibliothèque dépositaire”.
- “Government libraries” is related to “Bibliothèque dépositaire”.
- “National libraries” has narrower concept “Bibliothèque dépositaire”.
- “Bibliothèque dépositaire” has broader concept “National libraries”.
- “Bibliothèque dépositaire” is related to “Depósito legal”.
- “Bibliothèque dépositaire” is related to “Government libraries”.
- “Bibliothèque dépositaire” is related to “concept3090”."
http://vocabularies.unesco.org/thesaurus/concept3816,Target,Class,Юридические библиотеки,"“Юридические библиотеки” means “law libraries” — libraries (often digital in DH contexts) that collect, organize, and provide access to legal materials (statutes, case law, legal scholarship, legislative histories, etc.) for research and analysis.","- “Bibliothèque spécialisée” has narrower concept “Юридические библиотеки”.
- “Système d'information juridique” is related to “Юридические библиотеки”.
- “Юридические библиотеки” has broader concept “Bibliothèque spécialisée”.
- “Юридические библиотеки” is related to “Système d'information juridique”.
- “Юридические библиотеки” is related to “concept546”."
http://vocabularies.unesco.org/thesaurus/concept3818,Target,Class,business libraries,"In digital humanities, “business libraries” are specialized library units or collections that support research and teaching in business-related fields (e.g., management, finance, marketing, economics) while providing DH-oriented resources and services. They typically:

- Curate digital and data resources: company/market datasets, financial filings, trade publications, digitized archives.
- Support computational methods: data cleaning, text mining of business news/reports, network and GIS analysis of markets/supply chains.
- Offer research infrastructure: databases, APIs, data labs, software (R, Python, SQL), and data-management guidance.
- Provide instruction and consultation: reproducible workflows, data ethics/compliance, visualization, and publishing.
- Facilitate interdisciplinary projects: linking business topics with humanities approaches (e.g., studying corporate narratives, advertising rhetoric, labor histories) using digital methods.","- “Bibliothèque spécialisée” has a narrower concept “Business libraries”.
- “مكتبات صناعية” is related to “Business libraries”.
- “Business libraries” has a broader concept “Bibliothèque spécialisée”.
- “Business libraries” is related to “مكتبات صناعية”."
http://vocabularies.unesco.org/thesaurus/concept3820,Target,Class,hospital libraries,"In digital humanities, “hospital libraries” refers to information centers within healthcare institutions that curate, preserve, and provide access to medical and patient-centered knowledge—now increasingly in digital forms (e.g., electronic journals, clinical databases, institutional repositories, digitized archives). They support research, education, and care by:

- Managing and digitizing medical literature, historical records, and grey literature.
- Enabling evidence-based practice via licensed databases and discovery tools.
- Supporting digital scholarship (text/data mining, bibliometrics, research data management).
- Providing patient education resources and accessible digital materials.
- Preserving institutional memory through digital archives and metadata standards.

Thus, they function as specialized digital humanities hubs bridging clinical practice, medical history, and scholarly communication in hospital settings.","- “Biblioteca institucional” has the narrower concept “Hospital libraries.”
- “Hospital libraries” has the broader concept “Biblioteca institucional.”"
http://vocabularies.unesco.org/thesaurus/concept3823,Target,Class,Газетные библиотеки,"In digital humanities, “газетные библиотеки” (Russian) refers to newspaper libraries—digital repositories or collections of historical and contemporary newspapers. These platforms provide searchable access (often OCRed) to scanned issues for research in media history, discourse analysis, cultural studies, and data-driven text analysis.","- “Газетные библиотеки” is a narrower concept of “Bibliothèque spécialisée.”
- “Newspapers” is related to “Газетные библиотеки.”
- “Газетные библиотеки” is a broader concept of “Bibliothèque spécialisée.” [Note: inverse of the first triple; likely intended as “Газетные библиотеки” is a narrower concept of “Bibliothèque spécialisée.”]
- “Газетные библиотеки” is related to “Newspapers.”"
http://vocabularies.unesco.org/thesaurus/concept3825,Target,Class,government libraries,"In digital humanities, government libraries are information centers run by government bodies (local, regional, or national) that collect, preserve, and provide access to official publications, data, records, and cultural heritage. They support policy, administration, and public accountability while enabling researchers to use government-produced datasets, digitized archives, and born-digital materials for humanities scholarship, often through open data portals, digital repositories, and preservation services.","- “Bibliothèque dépositaire” is related to “Government libraries”.
- “Libraries” has the narrower concept “Government libraries”.
- “National libraries” is related to “Government libraries”.
- “Government libraries” has the broader concept “Libraries”.
- “Government libraries” is related to “Bibliothèque dépositaire”.
- “Government libraries” is related to “National libraries”."
http://vocabularies.unesco.org/thesaurus/concept3829,Target,Class,مكتبات صناعية,"In digital humanities, “مكتبات صناعية” refers to AI-driven libraries—collections, tools, and platforms that use machine learning and other AI methods to organize, enrich, search, and analyze cultural/linguistic data (texts, images, audiovisual), e.g., automated metadata generation, OCR/NLP pipelines, topic modeling, and semantic search over digital collections.","- “Bibliothèque de recherche” is related to “مكتبات صناعية”.
- “Bibliothèque spécialisée” has narrower concept “مكتبات صناعية”.
- “Business libraries” is related to “مكتبات صناعية”.
- “مكتبات صناعية” is broader than “Bibliothèque spécialisée”.
- “مكتبات صناعية” is related to “Bibliothèque de recherche”.
- “مكتبات صناعية” is related to “Business libraries”.
- “مكتبات صناعية” is related to “concept608”."
http://vocabularies.unesco.org/thesaurus/concept3831,Target,Class,biblioteca institucional,"In digital humanities, “biblioteca institucional” typically refers to an institution’s library (often a university or research center) that curates, preserves, and provides access to its scholarly and cultural collections—print and digital. It may include:

- Physical holdings (books, archives, special collections)
- Digital collections (digitized manuscripts, datasets, multimedia)
- Institutional repository services (open access articles, theses, research data)
- Support for DH methods (metadata standards, digitization, preservation, research infrastructure)","- “Biblioteca para ciegos” is a broader concept of “Biblioteca institucional”.
- “Hospital libraries” is a broader concept of “Biblioteca institucional”.
- “Libraries” has the narrower concept “Biblioteca institucional”.
- “Biblioteca institucional” is a broader concept of “Libraries”.
- “Biblioteca institucional” has the narrower concepts “Biblioteca para ciegos” and “Hospital libraries”.
- “Biblioteca institucional” is related to “concept414”."
http://vocabularies.unesco.org/thesaurus/concept3833,Target,Class,مكتبات دولية,"Within digital humanities, ""مكتبات دولية"" means international libraries—libraries and digital library infrastructures that cross national boundaries, e.g., global consortia, multinational digital repositories, and platforms providing worldwide access to collections, metadata, and standards.","- “Libraries” has narrower concept “مكتبات دولية”.
- “مكتبات دولية” has broader concept “Libraries”."
http://vocabularies.unesco.org/thesaurus/concept3835,Target,Class,medical libraries,"In digital humanities, “medical libraries” are collections, services, and infrastructures—often digitized or born-digital—that curate, preserve, and provide access to medical knowledge (texts, images, data, audiovisuals) for research, teaching, and public engagement. They support humanities-driven inquiry into medicine by:

- Aggregating historical and contemporary medical sources (e.g., manuscripts, journals, patient narratives, ephemera) in digital repositories.
- Enabling computational methods (text/data mining, NLP, visualization) on medical corpora.
- Providing metadata, ontologies, and linked data to contextualize medical content culturally, ethically, and historically.
- Facilitating interdisciplinary scholarship across history of medicine, bioethics, medical rhetoric, disability studies, and public health humanities.","- “Bibliothèque spécialisée” has the narrower concept “Medical libraries.”
- “Medical libraries” has the broader concept “Bibliothèque spécialisée.”"
http://vocabularies.unesco.org/thesaurus/concept3837,Target,Class,Мобильные библиотеки,"In digital humanities, “Мобильные библиотеки” (Russian) typically means:
- Mobile libraries as apps/platforms: library catalogs, e-book collections, or DH tools accessible on smartphones/tablets.
- Portable library services: outreach via mobile units or pop-up services delivering digital collections and DH resources.
- Mobile-friendly collections/interfaces: digitized cultural heritage optimized for mobile access and on-the-go research/learning.","- “Biblioteca pública” has the narrower concept “Мобильные библиотеки”.
- “Мобильные библиотеки” has the broader concept “Biblioteca pública”."
http://vocabularies.unesco.org/thesaurus/concept3839,Target,Class,Муниципальные библиотеки,"“Муниципальные библиотеки” means “municipal libraries” — public libraries funded and administered by local governments (municipalities). In digital humanities, this often refers to locally run libraries as partners or sites for community archives, digitization projects, open access collections, and public-facing digital initiatives.","- “Biblioteca pública” has a narrower concept: “Муниципальные библиотеки”.
- “Муниципальные библиотеки” has a broader concept: “Biblioteca pública”."
http://vocabularies.unesco.org/thesaurus/concept3841,Target,Class,national libraries,A national library is the library responsible for acquiring and preserving copies of all significant publications produced in a country and may function as a legal deposit library.,"- “Biblioteca pública” is related to “National libraries”.
- “Bibliothèque dépositaire” is a broader concept than “National libraries”.
- “Government libraries” is related to “National libraries”.
- “Libraries” is narrower than “National libraries”.
- “National libraries” is a broader concept than “Libraries”.
- “National libraries” is a narrower concept than “Bibliothèque dépositaire”.
- “National libraries” is related to “Biblioteca pública”.
- “National libraries” is related to “Government libraries”."
http://vocabularies.unesco.org/thesaurus/concept3843,Target,Class,biblioteca para ciegos,"In digital humanities context, “Biblioteca para ciegos” means “Library for the Blind” — typically referring to accessible libraries or collections (often digital) providing materials in formats like Braille, audiobooks, or screen-reader–friendly texts for visually impaired users.","- “Biblioteca institucional” tiene como concepto más específico “Biblioteca para ciegos”.
- “Biblioteca para ciegos” tiene como concepto más general “Biblioteca institucional”."
http://vocabularies.unesco.org/thesaurus/concept3845,Target,Class,مكتبات الاطفال,"It means “children’s libraries” in the context of digital humanities—i.e., libraries, collections, or platforms focused on children’s literature and resources, often studied or built using digital methods (digitization, metadata, access platforms, analysis tools).","- “Libraries” has a narrower concept “مكتبات الاطفال”.
- “مكتبات الاطفال” has a broader concept “Libraries”."
http://vocabularies.unesco.org/thesaurus/concept3847,Target,Class,biblioteca p blica,A library that serves the population of a community or region free of charge or for a nominal fee.,"- “Bibliothèque régionale” is a broader concept of “Biblioteca pública”.
- “Extensión bibliotecaria” is related to “Biblioteca pública”.
- “Libraries” has the narrower concept “Biblioteca pública”.
- “National libraries” is related to “Biblioteca pública”.
- “Rural libraries” is a broader concept of “Biblioteca pública”.
- “Мобильные библиотеки” is a broader concept of “Biblioteca pública”.
- “Муниципальные библиотеки” is a broader concept of “Biblioteca pública”.
- “Biblioteca pública” is a broader concept of “Libraries”.
- “Biblioteca pública” has the narrower concepts “Bibliothèque régionale”, “Rural libraries”, “Мобильные библиотеки”, and “Муниципальные библиотеки”.
- “Biblioteca pública” is related to “Extensión bibliotecaria” and “National libraries”."
http://vocabularies.unesco.org/thesaurus/concept3849,Target,Class,biblioth que r gionale,"In digital humanities context, “Bibliothèque régionale” refers to a regional library—an institution that collects, preserves, and provides access to materials relevant to a specific region. Digitally, it often denotes regional digital libraries or portals that aggregate and curate digitized collections (texts, images, archives, metadata) from that region for research and public access.","- “Biblioteca pública” has narrower concept “Bibliothèque régionale”.
- “Bibliothèque régionale” has broader concept “Biblioteca pública”."
http://vocabularies.unesco.org/thesaurus/concept3851,Target,Class,rural libraries,"In digital humanities, “rural libraries” refers to libraries serving sparsely populated or non-urban communities that engage with DH by:

- Providing access to digital resources, digitization, and local heritage preservation (e.g., scanning community archives, oral histories).
- Supporting digital literacy and research skills for residents, often bridging the digital divide (connectivity, devices, training).
- Acting as partners or sites for community-engaged DH projects that surface rural knowledge, culture, and data.
- Hosting infrastructure and programs (makerspaces, GIS/story-mapping, metadata/cataloging) adapted to limited resources and local needs.

In short: rural libraries are community-centered DH hubs in non-urban areas, enabling access, creation, and preservation of digital cultural knowledge despite infrastructural constraints.","- “Biblioteca pública” has the narrower concept “Rural libraries”.
- “Rural libraries” has the broader concept “Biblioteca pública”."
http://vocabularies.unesco.org/thesaurus/concept3857,Target,Class,Сравнительное библиотековедение,"“Сравнительное библиотековедение” (Comparative Librarianship) is the study that systematically compares library systems, policies, services, technologies, and user practices across countries or institutions to identify patterns, differences, and best practices. 

In digital humanities, it often focuses on:
- Comparative analysis of digital collections, metadata standards, and interoperability
- Open access policies, digitization strategies, and preservation infrastructures
- User engagement, discovery tools, and data ethics across cultural contexts
- Governance, funding models, and the impact of digital transformation on libraries globally","- “بحوث المعلومات/المكتبات” has narrower concept “Сравнительное библиотековедение”.
- “علم المكتبات” is related to “Сравнительное библиотековедение”.
- “Сравнительное библиотековедениe” has broader concept “بحوث المعلومات/المكتبات”.
- “Сравнительное библиотоведениe” is related to “علم المكتبات”."
http://vocabularies.unesco.org/thesaurus/concept3897,Target,Class,اتصال بين الثقافات,الاتصال بين الثقافات: التواصل اللفظي وغير اللفظي بين أشخاص من ثقافات مختلفة، أي تبادل الرسائل والمعاني عبر اختلافات لغوية وثقافية، كما في الدراسات الإنسانية الرقمية التي تحلل هذا التفاعل.,"- “Processus de communication” has narrower concept “اتصال بين الثقافات”.
- “اتصال بين الاشخاص” is related to “اتصال بين الثقافات”.
- “اتصال بين الثقافات” has broader concept “Processus de communication”.
- “اتصال بين الثقافات” is related to “concept17166”.
- “اتصال بين الثقافات” is related to “concept261”.
- “اتصال بين الثقافات” is related to “concept3892”.
- “اتصال بين الثقافات” is related to “concept3895”.
- “اتصال بين الثقافات” is related to “concept3898”.
- “اتصال بين الثقافات” is related to “concept3899”.
- “اتصال بين الثقافات” is related to “concept419”.
- “اتصال بين الثقافات” is related to “concept6984”.
- “اتصال بين الثقافات” is related to “concept7007”.
- “اتصال بين الثقافات” is related to “concept7021”.
- “اتصال بين الثقافات” is related to “اتصال بين الاشخاص”."
http://vocabularies.unesco.org/thesaurus/concept3939,Target,Class,Переплет,"In digital humanities/book history, “переплёт” (pereplyot) means the book binding—the cover and the structural elements that hold the text block together (boards, spine, covering material). It can also refer to the process or style of binding.","- “Printing methods” has narrower concept “Переплет”.
- “Переплет” has broader concept “Printing methods”."
http://vocabularies.unesco.org/thesaurus/concept4167,Target,Class,newsletters,"In digital humanities, newsletters are periodic digital publications (often via email or web) used by projects, labs, centers, or communities to share updates: calls for papers, project milestones, tool releases, event announcements, funding opportunities, teaching resources, and brief research highlights. They serve as lightweight dissemination and community-building channels, archiving activity and connecting scholars, practitioners, and the public.","- “Newsletters” is a broader concept’s narrower term of “Periodicals.”  
- “Periodicals” has the narrower concept “Newsletters.”"
http://vocabularies.unesco.org/thesaurus/concept4179,Target,Class,صناعة الكتاب,"In digital humanities, صناعة الكتاب refers to the “making of the book” in a broad, process-oriented sense: the historical and technical practices of producing books—manuscript and print—including material aspects (scripts, layouts, bindings), editorial workflows, paratexts, and transmission. In DH, it often extends to modeling, digitizing, encoding (e.g., TEI), and analyzing the book’s production and circulation as data.","- Bookselling is a broader concept of صناعة الكتاب.
- Industrie des communications is related to صناعة الكتاب.
- Papel de imprenta is related to صناعة الكتاب.
- Production de manuels scolaires is a broader concept of صناعة الكتاب.
- Publishing industry is a narrower concept of صناعة الكتاب.
- Édition is related to صناعة الكتاب.
- Затраты на производство книг is related to صناعة الكتاب.
- تحرير is related to صناعة الكتاب.
- صناعة الكتاب is a broader concept of Publishing industry.
- صناعة الكتاب is a narrower concept of Bookselling.
- صناعة الكتاب is a narrower concept of Production de manuels scolaires.
- صناعة الكتاب is related to Industrie des communications.
- صناعة الكتاب is related to Papel de imprenta.
- صناعة الكتاب is related to Édition.
- صناعة الكتاب is related to Затраты на производство книг.
- صناعة الكتاب is related to تحرير."
http://vocabularies.unesco.org/thesaurus/concept4180,Target,Class,financiaci n de la comunicaci n,"In digital humanities, “Financiación de la comunicación” refers to how scholarly communication activities are funded—i.e., the economic models and resources that support creating, reviewing, publishing, disseminating, and preserving DH outputs (articles, datasets, software, editions). It covers mechanisms like grants, institutional budgets, APCs, diamond/open access models, consortial funding, infrastructure support (repositories, platforms), and sustainability plans that enable open, equitable access and long-term maintenance of DH communication channels.","- “Financiación de la comunicación” is a narrower concept of “Economics of communication.”
- “Media viability” is related to “Financiación de la comunicación.”
- “Затраты на производство книг” is related to “Financiación de la comunicación.”
- “Financiación de la comunicación” is a broader concept of “Economics of communication.” (inverse of narrower)
- “Financiación de la comunicación” is related to “Media viability.” (duplicate of related)
- “Financiación de la comunicación” is related to “Затраты на производство книг.” (duplicate of related)"
http://vocabularies.unesco.org/thesaurus/concept4183,Target,Class,promoci n del libro,"In digital humanities, “Promoción del libro” refers to strategies and activities—often digitally mediated—to increase a book’s visibility, access, and readership. This includes:

- Online dissemination: websites, social media campaigns, blogs, newsletters, influencer outreach.
- Metadata optimization: SEO, standardized metadata, discoverability in catalogs and repositories.
- Digital events: webinars, virtual launches, online reading groups.
- Open access and platforms: posting in institutional repositories, OA editions, ePub/PDF distribution.
- Analytics-driven outreach: tracking engagement, altmetrics, and iterating promotion.
- Community building: collaborations with digital archives, DH networks, and scholarly communities.","- ""تطوير الاتصالات"" has narrower concept ""Promoción del libro"".
- ""وسائط الإعلام المطبوعة"" is related to ""Promoción del libro"".
- ""Promoción del libro"" has broader concept ""تطوير الاتصالات"".
- ""Promoción del libro"" is related to ""وسائط الإعلام المطبوعة""."
http://vocabularies.unesco.org/thesaurus/concept4186,Target,Class,وسائط الإعلام المطبوعة,وسائط الإعلام المطبوعة: المواد الإعلامية التي تُنتَج وتُوزَّع بصيغة ورقية، مثل الصحف والمجلات والنشرات والكتب. في سياق الإنسانيات الرقمية، تُدرَس هذه الوسائط عبر رقمنتها، والفهرسة، والتحليل النصي/الحوسبي، وتتقاطع مع قضايا الأرشفة وإتاحة الوصول والميتاداتا.,"- “Impresión” is related to “وسائط الإعلام المطبوعة”.
- “Information media” has narrower concept “وسائط الإعلام المطبوعة”.
- “Papel de imprenta” has broader concept “وسائط الإعلام المطبوعة”.
- “Promoción del libro” is related to “وسائط الإعلام المطبوعة”.
- “Материалы в книжной форме” is related to “وسائط الإعلام المطبوعة”.
- “Репрография” is related to “وسائط الإعلام المطبوعة”.
- “وسائط الإعلام المطبوعة” has broader concept “Information media”.
- “وسائط الإعلام المطبوعة” has narrower concept “Papel de imprenta”.
- “وسائط الإعلام المطبوعة” is related to “Impresión”.
- “وسائط الإعلام المطبوعة” is related to “Promoción del libro”.
- “وسائط الإعلام المطبوعة” is related to “Материалы в книжной форме”.
- “وسائط الإعلام المطبوعة” is related to “Репрография”."
http://vocabularies.unesco.org/thesaurus/concept4188,Target,Class,Распространение книг,"In digital humanities, “Распространение книг” means the dissemination or distribution of books—how books are circulated, accessed, and shared (e.g., via libraries, publishers, digital platforms, open access), including the study of their reach, networks, and impact.","- “Bookselling” is related to “Распространение книг”.
- “Difusión de conocimientos” is related to “Распространение книг”.
- “Document delivery” is related to “Распространение книг”.
- “Information dissemination” has narrower concept “Распространение книг”.
- “Intercambio de publicaciones” is related to “Распространение книг”.
- “International circulation of materials” is related to “Распространение книг”.
- “Servicio postal” is related to “Распространение книг”.
- “Распространение книг” is broader than “Information dissemination”.
- “Распространение книг” is related to “Bookselling”.
- “Распространение книг” is related to “Difusión de conocimientos”.
- “Распространение книг” is related to “Document delivery”.
- “Распространение книг” is related to “Intercambio de publicaciones”.
- “Распространение книг” is related to “International circulation of materials”.
- “Распространение книг” is related to “Servicio postal”."
http://vocabularies.unesco.org/thesaurus/concept4190,Target,Class,bookselling,"In digital humanities, bookselling refers to the study and practice of how books are marketed, distributed, and sold—now including digital formats and platforms—and how these processes shape access to knowledge, reading practices, and cultural value. It covers historical and contemporary book trade networks, metadata and discoverability, platform economics (e.g., Amazon, ebooks, audiobooks), self-publishing, open access, and the data-driven analysis of sales, circulation, and recommendation systems.","- “Booksellers” is related to “Bookselling”.
- “Распространение книг” is related to “Bookselling”.
- “صناعة الكتاب” has narrower concept “Bookselling”.
- “Bookselling” has broader concept “صناعة الكتاب”.
- “Bookselling” is related to “Booksellers”.
- “Bookselling” is related to “Распространение книг”."
http://vocabularies.unesco.org/thesaurus/concept4191,Target,Class,difusi n de conocimientos,"In digital humanities, “difusión de conocimientos” refers to the strategies and practices for sharing research outputs, data, methods, and tools with wider audiences using digital means—e.g., open-access publications, repositories, datasets, websites, social media, interactive platforms, and public-facing projects—to increase accessibility, reuse, and impact.","- “Difusión de conocimientos” is a narrower concept of “Information dissemination”.
- “International circulation of materials” is related to “Difusión de conocimientos”.
- “Распространение книг” is related to “Difusión de conocimientos”.
- “Difusión de conocimientos” is a broader concept of “Information dissemination”.
- “Difusión de conocimientos” is related to “International circulation of materials”, “concept17126”, “concept6968”, and “Распространение книг”."
http://vocabularies.unesco.org/thesaurus/concept4192,Target,Class,document delivery,"Document delivery (in digital humanities): Providing users with the information resources or documents they request, by supplying the requested items to them.","- Information dissemination is related to Document delivery.
- International circulation of materials is related to Document delivery.
- Periodical circulation is related to Document delivery.
- Service d'information has narrower concept Document delivery.
- Servicio de préstamo bibliotecario is related to Document delivery.
- Распространение книг is related to Document delivery.
- اعارة بين المكتبات is related to Document delivery.
- Document delivery is broader than Service d'information.
- Document delivery is related to Information dissemination.
- Document delivery is related to International circulation of materials.
- Document delivery is related to Periodical circulation.
- Document delivery is related to Servicio de préstamo bibliotecario.
- Document delivery is related to Распространение книг.
- Document delivery is related to اعارة بين المكتبات."
http://vocabularies.unesco.org/thesaurus/concept4193,Target,Class,intercambio de publicaciones,"In digital humanities, “intercambio de publicaciones” refers to the exchange of scholarly outputs—such as articles, datasets, editions, software, or project reports—between institutions, projects, or researchers to broaden access, visibility, and collaboration. It can involve formal agreements (e.g., library/journal exchange programs), repository sharing (OA platforms), or reciprocal dissemination to enhance circulation and impact of digital scholarship.","- “Intercambio de información” has the narrower concept “Intercambio de publicaciones”.
- “International circulation of materials” is related to “Intercambio de publicaciones”.
- “Распространение книг” is related to “Intercambio de publicaciones”.
- “اعارة بين المكتبات” is related to “Intercambio de publicaciones”.
- “Intercambio de publicaciones” has the broader concept “Intercambio de información”.
- “Intercambio de publicaciones” is related to “International circulation of materials”.
- “Intercambio de publicaciones” is related to “concept6580”.
- “Intercambio de publicaciones” is related to “Распространение книг”.
- “Intercambio de publicaciones” is related to “اعارة بين المكتبات”."
http://vocabularies.unesco.org/thesaurus/concept4194,Target,Class,international circulation of materials,"It refers to agreements that facilitate the international exchange of materials intended for educational, scientific, and cultural purposes. Use this term only for documents about conventions or policies that enable such cross-border circulation.","- “Difusión de conocimientos” is related to “International circulation of materials”.
- “Difusión selectiva de información” is related to “International circulation of materials”.
- “Document delivery” is related to “International circulation of materials”.
- “Information dissemination” has narrower concept “International circulation of materials”.
- “Intercambio de publicaciones” is related to “International circulation of materials”.
- “Servicio postal” is related to “International circulation of materials”.
- “Распространение книг” is related to “International circulation of materials”.
- “اعارة بين المكتبات” is related to “International circulation of materials”.
- “International circulation of materials” is broader than “Information dissemination”.
- “International circulation of materials” is related to “Difusión de conocimientos”.
- “International circulation of materials” is related to “Difusión selectiva de información”.
- “International circulation of materials” is related to “Document delivery”.
- “International circulation of materials” is related to “Intercambio de publicaciones”.
- “International circulation of materials” is related to “Servicio postal”.
- “International circulation of materials” is related to “Распространение книг”.
- “International circulation of materials” is related to “اعارة بين المكتبات”."
http://vocabularies.unesco.org/thesaurus/concept4195,Target,Class,servicio postal,"In the context of digital humanities, “Servicio postal” refers to the postal service—the historical and institutional system for sending letters and packages. It often appears in DH as a subject of study (e.g., analyzing postal networks, correspondence metadata, circulation of ideas, or geospatial mapping of mail routes) and as a source base (digitized letters, postmarks, delivery records) for research on communication infrastructures.","- “Industrie des communications” has narrower concept “Servicio postal”.
- “International circulation of materials” is related to “Servicio postal”.
- “Распространение книг” is related to “Servicio postal”.
- “اتصال بين الاشخاص” is related to “Servicio postal”.
- “Servicio postal” has broader concept “Industrie des communications”.
- “Servicio postal” is related to “International circulation of materials”.
- “Servicio postal” is related to “Распространение книг”.
- “Servicio postal” is related to “اتصال بين الاشخاص”."
http://vocabularies.unesco.org/thesaurus/concept4198,Target,Class,production de manuels scolaires,"In digital humanities, “Production de manuels scolaires” means the creation and development of school textbooks using digital methods—e.g., digitizing sources, collaborative authoring, open educational resources, multimedia integration, versioning, metadata, and online publication.","- “Production de manuels scolaires” is broader term: “صناعة الكتاب”.
- “صناعة الكتاب” has narrower term: “Production de manuels scolaires”."
http://vocabularies.unesco.org/thesaurus/concept4200,Target,Class,تحرير,"In digital humanities, تحرير typically refers to:

- Editing: preparing, correcting, and formatting texts or data (e.g., editing a digital edition).
- Curation/Preparation: compiling, organizing, and annotating materials for publication or databases.
- Authorship/Writing: drafting scholarly content, metadata, or documentation.

Which sense applies depends on the task: text-critical editing, data curation, or writing.","- “Prensa de información diaria” is related to “تحرير”.
- “Rédacteur” is related to “تحرير”.
- “Édition” has narrower concept “تحرير”.
- “صناعة الكتاب” is related to “تحرير”.
- “تحرير” is a broader concept of “Édition”.
- “تحرير” is related to “Prensa de información diaria”.
- “تحرير” is related to “Rédacteur”.
- “تحرير” is related to “صناعة الكتاب”."
http://vocabularies.unesco.org/thesaurus/concept4201,Target,Class,papel de imprenta,"In digital humanities, “papel de imprenta” refers to “printing paper” or the material medium of print, often invoked to contrast print culture with digital media—e.g., how texts’ form, materiality, and affordances shift from paper (imprenta) to digital formats.","- “Equipement d'imprimerie” is related to “Papel de imprenta”.
- “Newsprint” has broader concept “Papel de imprenta”.
- “صناعة الكتاب” is related to “Papel de imprenta”.
- “وسائط الإعلام المطبوعة” has narrower concept “Papel de imprenta”.
- “Papel de imprenta” has broader concept “وسائط الإعلام المطبوعة”.
- “Papel de imprenta” has narrower concept “Newsprint”.
- “Papel de imprenta” is related to “Equipement d'imprimerie”.
- “Papel de imprenta” is related to “صناعة الكتاب”."
http://vocabularies.unesco.org/thesaurus/concept4207,Target,Class,editorial,"In digital humanities, “editorial” refers to the scholarly processes and decisions involved in preparing, curating, and presenting digital texts or cultural data. This includes establishing authoritative versions, encoding (e.g., TEI), annotating, normalizing or emending text, documenting provenance and variants, and making interpretive choices about interfaces, metadata, and sustainability—i.e., the critical mediation between sources and their digital representation.","- “Personal de comunicación” has narrower concept “Editorial”.
- “Édition” is related to “Editorial”.
- “Editorial” has broader concept “Personal de comunicación”.
- “Editorial” is related to “concept4205”.
- “Editorial” is related to “Édition”."
http://vocabularies.unesco.org/thesaurus/concept4216,Target,Class,Материалы в книжной форме,"It’s Russian for “materials in book form” — i.e., content packaged as a book (monograph, edited volume, catalog) rather than as articles, datasets, code, or web resources. In digital humanities, it typically refers to project outputs published as a book (print or e-book/PDF).","- “Primary documents” is related to “Материалы в книжной форме”.
- “Документы” has narrower concept “Материалы в книжной форме”.
- “وثائق ثانوية” is related to “Материалы в книжной форме”.
- “وسائط الإعلام المطبوعة” is related to “Материалы в книжной форме”.
- “Материалы в книжной форме” is broader concept of “Документы”.
- “Материалы в книжной форме” is related to “Primary documents”.
- “Материалы в книжной форме” is related to “وثائق ثانوية”.
- “Материалы в книжной форме” is related to “وسائط الإعلام المطبوعة”."
http://vocabularies.unesco.org/thesaurus/concept4219,Target,Class,primary documents,"Primary documents are original records that have not undergone any documentation or processing. They are the firsthand sources in digital humanities (e.g., original manuscripts, letters, images, datasets) as opposed to materials created through a documentation or cataloging process.","- Nonbook materials is related to Primary documents.
- Periodicals is related to Primary documents.
- Publicación seriada is related to Primary documents.
- Документы has narrower concept Primary documents.
- Материалы в книжной форме is related to Primary documents.
- Отчеты о командировках is related to Primary documents.
- تقارير قُطرية is related to Primary documents.
- Primary documents has broader concept Документы.
- Primary documents is related to Nonbook materials.
- Primary documents is related to Periodicals.
- Primary documents is related to Publicación seriada.
- Primary documents is related to concept15478.
- Primary documents is related to Материалы в книжной форме.
- Primary documents is related to Отчеты о командировках.
- Primary documents is related to تقارير قُطرية."
http://vocabularies.unesco.org/thesaurus/concept4222,Target,Class,libro para ni os,"In a digital humanities context, “Libro para niños” means “children’s book” and can refer to works designed for child readers, often studied for their themes, visuals, pedagogy, reception, and digital remediation (e.g., digitized picture books, interactive e-books, or metadata and corpus analysis of children’s literature).","- “Libro para niños” is a broader concept of “كتب”.
- “Libro para niños” is related to “concept5098”.
- “Libro para niños” is related to “concept96”.
- “كتب” has the narrower concept “Libro para niños”."
http://vocabularies.unesco.org/thesaurus/concept4223,Target,Class,documento de reuni n,"In digital humanities, “Documento de reunión” refers to a meeting document—i.e., texts produced for or from meetings (agenda, minutes, notes). Use this term only when discussing their writing, editing, formatting, or similar editorial processes.","- “Конференции” is related to “Documento de reunión”.
- “كتب” has a narrower concept “Documento de reunión”.
- “Documento de reunión” has a broader concept “كتب”.
- “Documento de reunión” is related to “Конференции”."
http://vocabularies.unesco.org/thesaurus/concept4224,Target,Class,manuel,"In digital humanities, “Manuel” most likely refers to the French term “manuel,” meaning a handbook or manual—i.e., a practical guide or instructional resource (e.g., a methods manual for text encoding, data curation, or DH tools)—rather than the personal name Manuel.","- “Guides to information sources” is related to “Manuel”.
- “Практические пособия” is broader than “Manuel”.
- “ادلة سياحية” is broader than “Manuel”.
- “كتب” is narrower than “Manuel”.
- “كتب دراسية” is broader than “Manuel”.
- “Manuel” is broader than “كتب”.
- “Manuel” is narrower than “Практические пособия”.
- “Manuel” is narrower than “ادلة سياحية”.
- “Manuel” is narrower than “كتب دراسية”.
- “Manuel” is related to “Guides to information sources”."
http://vocabularies.unesco.org/thesaurus/concept4225,Target,Class,livre rare,"In digital humanities, “livre rare” (French for “rare book”) refers to books that are scarce, valuable, or culturally significant—often early editions, limited prints, or works with distinctive provenance or material features—studied via digitization, cataloging, and metadata to enable access, preservation, and research on their texts and physical attributes.","- “Manuscripts” is related to “Livre rare”.
- “كتب” is narrower than “Livre rare”.
- “Livre rare” is broader than “كتب”.
- “Livre rare” is related to “Manuscripts”.
- “Livre rare” is related to “concept2782”.
- “Livre rare” is related to “concept2783”."
http://vocabularies.unesco.org/thesaurus/concept4227,Target,Class,Монографии,"Монографии: 
1) Научный труд, трактат на одну конкретную тему. 
2) В каталогизации — любая публикация, не являющаяся серийным изданием (не «серия»/не «периодика»).","- “Документы” has narrower concept “Монографии”.
- “Отчеты о командировках” has broader concept “Монографии”.
- “تدوب” is related to “Монографии”.
- “تقارير قُطرية” has broader concept “Монографии”.
- “كتب” is related to “Монографии”.
- “Монографии” has broader concept “Документы”.
- “Монографии” has narrower concepts “Отчеты о командировках”, “تقارير قُطرية”.
- “Монографии” is related to “تدوب”, “كتب”."
http://vocabularies.unesco.org/thesaurus/concept4230,Target,Class,booksellers,"In digital humanities, “booksellers” typically refers to the historical and contemporary agents who distribute and sell books—publishers, retailers, and intermediaries—whose catalogs, networks, and business records are analyzed to study the production, circulation, and reception of texts. This can include mapping trade networks, metadata about editions, prices, and audiences, and understanding how market forces shape literary and intellectual culture.","- “Bookselling” is related to “Booksellers”.
- “Personal de comunicación” has narrower concept “Booksellers”.
- “Booksellers” has broader concept “Personal de comunicación”.
- “Booksellers” is related to “Bookselling”."
http://vocabularies.unesco.org/thesaurus/concept4325,Target,Class,انتاج اذاعي,"In digital humanities, ""إنتاج إذاعي"" refers to creating audio programs—such as podcasts, radio documentaries, interviews, or audio essays—designed, produced, and distributed via radio or digital audio platforms. It includes scripting, recording, editing, sound design, metadata, and publication, often used for scholarly communication, public engagement, and preserving/curating cultural audio archives.","- “Broadcasting” has narrower concept “انتاج اذاعي”.
- “Technologie de radiodiffusion” is related to “انتاج اذاعي”.
- “Television production” is related to “انتاج اذاعي”.
- “انتاج اذاعي” has broader concept “Broadcasting”.
- “انتاج اذاعي” is related to “Technologie de radiodiffusion”.
- “انتاج اذاعي” is related to “Television production”.
- “انتاج اذاعي” is related to “concept4356”."
http://vocabularies.unesco.org/thesaurus/concept4326,Target,Class,برامج اذاعية,"In the context of digital humanities, ""برامج إذاعية"" means ""radio programs""—audio broadcasts (live or recorded) used as media sources or outputs for research, archiving, analysis, or public engagement.","- “Broadcasting” has narrower concept “برامج اذاعية”.
- “Programme content” has broader concept “برامج اذاعية”.
- “Radio programmes” is related to “برامج اذاعية”.
- “Обмен программами” has broader concept “برامج اذاعية”.
- “برامج تلفزيونية” is related to “برامج اذاعية”.
- “برامج اذاعية” has broader concept “Broadcasting”.
- “برامج اذاعية” has narrower concept “Programme content”.
- “برامج اذاعية” has narrower concept “Обмен программами”.
- “برامج اذاعية” is related to “Radio programmes”.
- “برامج اذاعية” is related to “برامج تلفزيونية”."
http://vocabularies.unesco.org/thesaurus/concept4327,Target,Class,community media,"In digital humanities, community media refers to participatory, locally produced digital content and platforms created by and for specific communities—often marginalized or underrepresented—to document experiences, share knowledge, preserve culture, and enable civic engagement. It emphasizes collaborative authorship, accessible tools (e.g., blogs, podcasts, social media, digital archives), and community control over narratives, data, and dissemination.","- Broadcasting has narrower concept Community media.
- Местная пресса is related to Community media.
- Community media has broader concept Broadcasting.
- Community media is related to concept5861.
- Community media is related to Местная пресса."
http://vocabularies.unesco.org/thesaurus/concept4328,Target,Class,radiodiffusion nationale,"Radiodiffusion nationale was France’s state-run radio broadcasting service (est. 1939; later RTF/ORTF). In digital humanities, it typically refers to this institution as a source/corpus of historical broadcast archives, metadata, and program catalogs used for research on media history, discourse, and cultural analysis.","- “Radiodiffusion nationale” is a narrower concept of “Broadcasting”.
- “Radio” is related to “Radiodiffusion nationale”.
- “Televisión” is related to “Radiodiffusion nationale”.
- “Radiodiffusion nationale” has the broader concept “Broadcasting”.
- “Radiodiffusion nationale” is related to “Radio” and “Televisión”."
http://vocabularies.unesco.org/thesaurus/concept4329,Target,Class,radiodiffusion rurale,"In digital humanities, “Radiodiffusion rurale” refers to rural radio broadcasting initiatives—often state-run or development-oriented services—aimed at disseminating information, education, and culture to rural populations. Scholars study them as media infrastructures and cultural-technological systems: archives of broadcasts, language use, community engagement, development discourse, and how radio shaped rural public spheres and knowledge circulation.","- Broadcasting has narrower concept Radiodiffusion rurale.
- Сельская пресса is related to Radiodiffusion rurale.
- Radiodiffusion rurale has broader concept Broadcasting.
- Radiodiffusion rurale is related to Сельская пресса."
http://vocabularies.unesco.org/thesaurus/concept4330,Target,Class,televisi n,"In digital humanities, “Televisión” refers to television as a cultural and media artifact studied using digital methods—e.g., analyzing broadcast content, archives, reception, and industry metadata with tools like text mining, audiovisual analysis, digitization, and computational historiography to understand its social, historical, and aesthetic impacts.","- Broadcasting has narrower concept Televisión.
- Radiodiffusion nationale is related to Televisión.
- Technologie de la télévision is related to Televisión.
- Telediario has broader concept Televisión.
- Televiewers is related to Televisión.
- Television production has broader concept Televisión.
- Коммерческое телевидение has broader concept Televisión.
- برامج تلفزيونية has broader concept Televisión.
- وسائل الإعلام الجماهيرية is related to Televisión.
- Televisión has broader concept Broadcasting.
- Televisión has narrower concept Telediario.
- Televisión has narrower concept Television production.
- Televisión has narrower concept Коммерческое телевидение.
- Televisión has narrower concept برامج تلفزيونية.
- Televisión is related to Radiodiffusion nationale.
- Televisión is related to Technologie de la télévision.
- Televisión is related to Televiewers.
- Televisión is related to concept3349.
- Televisión is related to وسائل الإعلام الجماهيرية."
http://vocabularies.unesco.org/thesaurus/concept4332,Target,Class,legislaci n de la radiodifusi n,"In digital humanities, “Legislación de la radiodifusión” refers to the body of laws and regulations governing broadcasting (radio/TV), including licensing, spectrum allocation, content standards, ownership limits, public service obligations, advertising rules, and digital transition policies. Scholars use it to analyze how legal frameworks shape media ecosystems, access to information, cultural representation, and archival/metadata practices in broadcast digitization.","- “Broadcasting” is related to “Legislación de la radiodifusión”.
- “Законодательство в области передачи информации и связи” has narrower concept “Legislación de la radiodifusión”.
- “Legislación de la radiodifusión” is broader than “Законодательство в области передачи информации и связи”.
- “Legislación de la radiodifusión” is related to “Broadcasting”.
- “Legislación de la radiodifusión” is related to “concept3094”."
http://vocabularies.unesco.org/thesaurus/concept4333,Target,Class,بث فضائي,"In digital humanities, بث فضائي (satellite broadcasting) refers to transmitting digital audio/video/data via communication satellites to widely disseminate cultural, historical, or scholarly content—e.g., educational TV/radio channels, heritage documentaries, or public lectures—reaching broad or remote audiences beyond terrestrial networks.","- “Broadcasting” is related to “بث فضائي”.
- “Technologie de radiodiffusion” has narrower concept “بث فضائي”.
- “بث فضائي” has broader concept “Technologie de radiodiffusion”.
- “بث فضائي” is related to “Broadcasting”.
- “بث فضائي” is related to “concept3067”."
http://vocabularies.unesco.org/thesaurus/concept4338,Target,Class,mat riel radio tv,"In a digital humanities context, “Matériel radio/TV” refers to radio and television materials used as sources or objects of study—e.g., broadcasts, recordings, transcripts, program metadata, schedules, and related archival items—along with any associated equipment or formats needed to access them.","- “Technologie de la télévision” is related to “Matériel radio/TV”.
- “Антенны” is broader than “Matériel radio/TV”.
- “Радиотехника” is related to “Matériel radio/TV”.
- “معدات البث” is narrower than “Matériel radio/TV”.
- “Matériel radio/TV” is broader than “معدات البث”.
- “Matériel radio/TV” is narrower than “Антенны”.
- “Matériel radio/TV” is related to “Technologie de la télévision”.
- “Matériel radio/TV” is related to “Радиотехника”."
http://vocabularies.unesco.org/thesaurus/concept4343,Target,Class,Радиостанции,"“Радиостанции” (Russian) means “radio stations.” In a digital humanities context, it would refer to radio broadcast entities as sources/objects of study (e.g., analyzing programming, archives, transcripts, metadata, or broadcasting networks).","- «Индустрия вещания» имеет более узкое понятие «Радиостанции».
- «Радиостанции» является более широким понятием для «Индустрия вещания».
- «Радиотехника» связано с «Радиостанции».
- «Радиостанции» связано с «Радиотехника»."
http://vocabularies.unesco.org/thesaurus/concept4344,Target,Class,Телецентры,"“Телецентры” (Russian) literally means “television centers.” In digital humanities contexts, it typically refers to broadcast TV production hubs or media complexes that serve as sites of media creation, archiving, and distribution—often relevant as institutions holding audiovisual archives, metadata, and cultural records used for DH research.","- “Technologie de la télévision” is related to “Телецентры”.
- “Индустрия вещания” has narrower concept “Телецентры”.
- “Телецентры” has broader concept “Индустрия вещания”.
- “Телецентры” is related to “Technologie de la télévision”."
http://vocabularies.unesco.org/thesaurus/concept4346,Target,Class,communication organizations,"In digital humanities, “communication organizations” are groups (institutions, networks, labs, associations, or projects) that structure, facilitate, and study the production, circulation, and reception of knowledge using digital media. They:

- Coordinate scholarly communication (e.g., open-access platforms, repositories, journals).
- Develop and maintain infrastructures for collaboration and data sharing.
- Mediate between researchers, cultural heritage institutions, and the public.
- Set norms and policies for digital scholarship, metadata, and ethics.
- Analyze communication practices and media ecologies using computational and humanistic methods.","- “Индустрия вещания” is related to “Communication organizations”.
- “ادارة الاتصالات” has narrower concept “Communication organizations”.
- “مجالس الصحافة” has broader concept “Communication organizations”.
- “Communication organizations” has broader concept “ادارة الاتصالات”.
- “Communication organizations” has narrower concept “مجالس الصحافة”.
- “Communication organizations” is related to “Индустрия вещания”."
http://vocabularies.unesco.org/thesaurus/concept4348,Target,Class,record industry,"In digital humanities, the “record industry” refers to the music recording industry—the network of companies, institutions, and practices involved in producing, distributing, marketing, and monetizing recorded music (e.g., labels, studios, distributors, streaming platforms). In DH contexts, it’s studied through data and cultural analysis: metadata of releases, label networks, formats (vinyl/CD/MP3/streaming), rights regimes, platform economics, and the social/cultural impact of recorded sound.","- “Recording equipment” is related to “Record industry”.
- “Édition” has narrower concept “Record industry”.
- “Звукозаписи” is related to “Record industry”.
- “Индустрия вещания” is related to “Record industry”.
- “Record industry” has broader concept “Édition”.
- “Record industry” is related to “Recording equipment”.
- “Record industry” is related to “Звукозаписи”.
- “Record industry” is related to “Индустрия вещания”."
http://vocabularies.unesco.org/thesaurus/concept4349,Target,Class,صناعة التسجيلات المرئية,"It means “video recording/production” or “videography,” i.e., creating and producing audiovisual recordings. In digital humanities, it refers to making video content (e.g., filmed interviews, recordings of performances, documentaries, or instructional videos) as part of research, documentation, or dissemination.","- “Recording equipment” is related to “صناعة التسجيلات المرئية”.
- “Édition” has narrower concept “صناعة التسجيلات المرئية”.
- “Индустрия вещания” is related to “صناعة التسجيلات المرئية”.
- “تسجيلات الفيديو” is related to “صناعة التسجيلات المرئية”.
- “صناعة التسجيلات المرئية” has broader concept “Édition”.
- “صناعة التسجيلات المرئية” is related to “Recording equipment”.
- “صناعة التسجيلات المرئية” is related to “Индустрия вещания”.
- “صناعة التسجيلات المرئية” is related to “تسجيلات الفيديو”."
http://vocabularies.unesco.org/thesaurus/concept4355,Target,Class,television production,"In digital humanities, “television production” refers to the end-to-end process of creating TV content—development, scripting, casting, filming, editing, and distribution—studied and modeled with digital methods. This includes analyzing workflows, metadata, archives, and audience data; examining industrial practices and labor; and using computational tools (e.g., text/image analysis, network mapping, timelines) to interpret how TV is made, circulated, and received.","- “Producteur de radio/TV” is related to “Television production”.
- “Televisión” has a narrower concept “Television production”.
- “انتاج اذاعي” is related to “Television production”.
- “برامج تلفزيونية” is related to “Television production”.
- “Television production” has a broader concept “Televisión”.
- “Television production” is related to “Producteur de radio/TV”.
- “Television production” is related to “concept4356”.
- “Television production” is related to “concept4717”.
- “Television production” is related to “انتاج اذاعي”.
- “Television production” is related to “برامج تلفزيونية”."
http://vocabularies.unesco.org/thesaurus/concept4358,Target,Class,Обмен программами,"In digital humanities, “Обмен программами” (Russian) means “exchange of software/programs” — sharing, distributing, or collaboratively using software tools (e.g., code, scripts, applications) among researchers/institutions.","- “Обмен программами” is a broader concept of “برامج اذاعية”.
- “Обмен программами” is related to “concept6984”.
- “برامج اذاعية” has a narrower concept “Обмен программами”."
http://vocabularies.unesco.org/thesaurus/concept4360,Target,Class,radio programs,"In digital humanities, “radio programmes” refers to audio broadcasts—live or recorded—distributed via radio (and often archived digitally as podcasts or streaming files) that serve as cultural texts and data sources. Scholars analyze their content, formats, production contexts, audiences, and metadata (e.g., schedules, transcripts) to study media history, narrative, sound culture, public discourse, and dissemination of knowledge.","- “Informations radiophoniques” is related to “Radio programmes”.
- “Programme content” is related to “Radio programmes”.
- “Radio programmes” is a narrower concept of “Radio”.
- “برامج اذاعية” is related to “Radio programmes”.
- “Radio programmes” is a broader concept of “Radio”.
- “Radio programmes” is related to “Informations radiophoniques”.
- “Radio programmes” is related to “Programme content”.
- “Radio programmes” is related to “concept5494”.
- “Radio programmes” is related to “برامج اذاعية”."
http://vocabularies.unesco.org/thesaurus/concept4361,Target,Class,برامج تلفزيونية,"In the context of digital humanities, ""برامج تلفزيونية"" means ""television programs""—i.e., TV shows as media artifacts that can be studied, analyzed, or processed (e.g., metadata, transcripts, reception, cultural impact) using digital methods.","- Programme content is related to برامج تلفزيونية.
- Telediario is related to برامج تلفزيونية.
- Television production is related to برامج تلفزيونية.
- Televisión has narrower concept برامج تلفزيونية.
- برامج اذاعية is related to برامج تلفزيونية.
- تسجيلات الفيديو is related to برامج تلفزيونية.
- برامج تلفزيونية is broader concept of Televisión.
- برامج تلفزيونية is related to Programme content.
- برامج تلفزيونية is related to Telediario.
- برامج تلفزيونية is related to Television production.
- برامج تلفزيونية is related to concept3349.
- برامج تلفزيونية is related to concept5494.
- برامج تلفزيونية is related to برامج اذاعية.
- برامج تلفزيونية is related to تسجيلات الفيديو."
http://vocabularies.unesco.org/thesaurus/concept4363,Target,Class,تلفزيون كابلي,"It means “cable television” (TV service delivered via coaxial/fiber cable), as opposed to broadcast/terrestrial TV. In digital humanities, it may appear in studies of media distribution, audience segmentation, or infrastructure shaping access to cultural content.","- “Technologie de la télévision” is related to “تلفزيون كابلي”.
- “Technologie de radiodiffusion” has narrower concept “تلفزيون كابلي”.
- “Televisión de circuito cerrado” is related to “تلفزيون كابلي”.
- “Телевидение c высоким разрешением” is related to “تلفزيون كابلي”.
- “تلفزيون كابلي” has broader concept “Technologie de radiodiffusion”.
- “تلفزيون كابلي” is related to “Technologie de la télévision”.
- “تلفزيون كابلي” is related to “Televisión de circuito cerrado”.
- “تلفزيون كابلي” is related to “Телевидение c высоким разрешением”."
http://vocabularies.unesco.org/thesaurus/concept4364,Target,Class,Радиотехника,"In this digital humanities context, “Радиотехника” (Russian) means “Radio engineering” or “Radio technology.” It refers to the field and artifacts related to radio/electronic communication—equipment, methods, and practices—often studied as historical/technical culture (e.g., devices, texts, industries, and communities around radio).","- “Attribution de fréquences” is broader than “Радиотехника”.
- “Matériel radio/TV” is related to “Радиотехника”.
- “Technologie de la télévision” is related to “Радиотехника”.
- “Technologie de radiodiffusion” is narrower than “Радиотехника”.
- “Радиостанции” is related to “Радиотехника”.
- “اتصالات سلكية ولاسلكية” is related to “Радиотехника”.
- “تكنولوجيا الاتصالات” is related to “Радиотехника”.
- “Радиотехника” is broader than “Technologie de radiodiffusion”.
- “Радиотехника” is narrower than “Attribution de fréquences”.
- “Радиотехника” is related to “Matériel radio/TV”.
- “Радиотехника” is related to “Technologie de la télévision”.
- “Радиотехника” is related to “concept2076”.
- “Радиотехника” is related to “Радиостанции”.
- “Радиотехника” is related to “اتصالات سلكية ولاسلكية”.
- “Радиотехника” is related to “تكنولوجيا الاتصالات”."
http://vocabularies.unesco.org/thesaurus/concept4365,Target,Class,technologie de la t l vision,"In a digital humanities context, “Technologie de la télévision” refers to the study and analysis of television’s technical systems (broadcast standards, signal transmission, recording/archiving formats, interfaces, digital compression/streaming) as cultural and historical media infrastructures. It centers on how TV technologies shape production, distribution, reception, and preservation of audiovisual content, and how these technical layers inform scholarly interpretation of media history and culture.","- “Matériel radio/TV” is related to “Technologie de la télévision”.
- “Technologie de radiodiffusion” has narrower concept “Technologie de la télévision”.
- “Televisión” is related to “Technologie de la télévision”.
- “Televisión de circuito cerrado” has broader concept “Technologie de la télévision”.
- “Télévision couleur” has broader concept “Technologie de la télévision”.
- “Радиотехника” is related to “Technologie de la télévision”.
- “Телевидение c высоким разрешением” has broader concept “Technologie de la télévision”.
- “Телецентры” is related to “Technologie de la télévision”.
- “اتصالات سلكية ولاسلكية” is related to “Technologie de la télévision”.
- “تكنولوجيا الاتصالات” is related to “Technologie de la télévision”.
- “تلفزيون كابلي” is related to “Technologie de la télévision”.
- “Technologie de la télévision” has broader concept “Technologie de radiodiffusion”.
- “Technologie de la télévision” has narrower concepts “Televisión de circuito cerrado”, “Télévision couleur”, and “Телевидение c высоким разрешением”.
- “Technologie de la télévision” is related to “Matériel radio/TV”, “Televisión”, “Радиотехника”, “Телецентры”, “اتصالات سلكية ولاسلكية”, “تكنولوجيا الاتصالات”, and “تلفزيون كابلي”."
http://vocabularies.unesco.org/thesaurus/concept4455,Target,Class,office automation,"In digital humanities, office automation means using software and digital workflows to handle routine administrative and scholarly tasks—such as document creation, editing, citation management, correspondence, scheduling, data entry, and basic analysis—so that researchers and project teams can streamline collaboration, reduce manual work, and focus on interpretive and analytical work.","- Computer applications has narrower concept Office automation.
- Gestion de bureau is related to Office automation.
- Microordenador is related to Office automation.
- Télématique is related to Office automation.
- Word processing has broader concept Office automation.
- Офисное оборудование is related to Office automation.
- Office automation has broader concept Computer applications.
- Office automation has narrower concept Word processing.
- Office automation is related to Gestion de bureau.
- Office automation is related to Microordenador.
- Office automation is related to Télématique.
- Office automation is related to Офисное оборудование."
http://vocabularies.unesco.org/thesaurus/concept4479,Target,Class,online searching,"In digital humanities, online searching is the process of using web-based tools (e.g., search engines, digital libraries, databases, catalogs) to locate, retrieve, and evaluate digital sources—texts, images, datasets, metadata—relevant to humanities research. It involves crafting queries, using operators/filters, and assessing provenance, authority, and context to build evidence and datasets for analysis.","- Computer applications is related to Online searching.
- Plateforme numérique is related to Online searching.
- Sistema de información en línea is related to Online searching.
- Поиск информации has narrower concept Online searching.
- استراتيجيات البحث has broader concept Online searching.
- Online searching has broader concept Поиск информации.
- Online searching has narrower concept استراتيجيات البحث.
- Online searching is related to Computer applications.
- Online searching is related to Plateforme numérique.
- Online searching is related to Sistema de información en línea."
http://vocabularies.unesco.org/thesaurus/concept4493,Target,Class,televisi n de circuito cerrado,"In digital humanities, “televisión de circuito cerrado” (closed-circuit television, CCTV) refers to video systems where signals are transmitted to a limited, private network rather than broadcast publicly. It’s relevant as a media form and source: researchers analyze CCTV footage or its sociotechnical context (surveillance, space control, power, ethics, datafication) to study how visual infrastructures shape social behavior, privacy, and archival practices.","- “Televisión de circuito cerrado” is a narrower concept of “Technologie de la télévision.”
- “Televisión de circuito cerrado” is related to “Télévision couleur.”
- “Televisión de circuito cerrado” is related to “Телевидение c высоким разрешением.”
- “Televisión de circuito cerrado” is related to “تلفزيون كابلي.”"
http://vocabularies.unesco.org/thesaurus/concept450,Target,Class,inform tica,"In the context of digital humanities, “Informática” (Spanish/Portuguese) refers to computer science and information technology—the study and application of computing, data processing, and information systems. In DH, it typically means the computational methods, tools, and infrastructures used to analyze, model, visualize, and manage humanities data (texts, images, audiovisual archives, maps, metadata).","- Computer applications is related to Informática.
- Computer programming is related to Informática.
- Sciences de l'information is related to Informática.
- Télématique is related to Informática.
- UNESCO Thesaurus has top concept Informática.
- Искусственный интеллект is related to Informática.
- Кибернетика is broader than Informática.
- حواسيب is related to Informática.
- معالجة البيانات is related to Informática.
- Informática has narrower concept Кибернетика.
- Informática is related to Computer applications.
- Informática is related to Computer programming.
- Informática is related to Sciences de l'information.
- Informática is related to Télématique.
- Informática is related to concept6049.
- Informática is related to Искусственный интеллект.
- Informática is related to حواسيب.
- Informática is related to معالجة البيانات.
- Informática is a top concept of UNESCO Thesaurus."
http://vocabularies.unesco.org/thesaurus/concept4504,Target,Class,نظم التصنيف,في سياق الإنسانيات الرقمية، “نظم التصنيف” تعني الأطر والمعايير التي تُستخدم لتنظيم وتصنيف المحتوى الثقافي/الأدبي/التاريخي رقمياً—مثل القوائم الموضوعية، التصنيفات الهرمية، المُكافئات الدلالية، والمخططات المعرفية—لتمكين الفهرسة، البحث، والاكتشاف البيني عبر قواعد بيانات ومجموعات رقمية متعددة. تشمل أمثلة ذلك أنطولوجيات المجالات، قوائم رؤوس الموضوعات، التصنيفات الهرمية (taxonomy)، وأنظمة الترميز الوصفي (metadata schemas).,"- “Langage contrôlé” has narrower concept “نظم التصنيف”.
- “Subject headings” has broader concept “نظم التصنيف”.
- “بحوث المعلومات/المكتبات” is related to “نظم التصنيف”.
- “نظم التصنيف” has broader concept “Langage contrôlé”.
- “نظم التصنيف” has narrower concept “Subject headings”.
- “نظم التصنيف” is related to “بحوث المعلومات/المكتبات”."
http://vocabularies.unesco.org/thesaurus/concept451,Target,Class,langage d indexation,"In digital humanities, “Langage d’indexation” means an artificial language used by documentation/information systems for indexing purposes (to describe and organize content for retrieval).","- “Authority lists” is a broader concept of “Langage d’indexation.”
- “Control terminológico” is a broader concept of “Langage d’indexation.”
- “Langage contrôlé” is a broader concept of “Langage d’indexation.”
- “UNESCO Thesaurus” has top concept “Langage d’indexation.”
- “Поиск информации” is related to “Langage d’indexation.”
- “مكانز” is a broader concept of “Langage d’indexation.”
- “Langage d’indexation” has narrower concepts: “Authority lists,” “Control terminológico,” “Langage contrôlé,” “مكانز.”
- “Langage d’indexation” is related to “concept310,” “concept7984,” and “Поиск информации.”
- “Langage d’indexation” is a top concept of “UNESCO Thesaurus.”"
http://vocabularies.unesco.org/thesaurus/concept4516,Target,Class,Цифровые компьютеры,"“Цифровые компьютеры” (Russian) means “digital computers.”  
In digital humanities, it refers to computers that process information in discrete (binary) form to analyze, model, and interpret cultural, historical, and linguistic data.","- “Цифровые компьютеры” is a broader concept’s child of “حواسيب”.
- “حواسيب” has the narrower concept “Цифровые компьютеры”."
http://vocabularies.unesco.org/thesaurus/concept452,Target,Class,information,"Information: data organized coherently and meaningfully within a generalized system; i.e., organized data that achieves meaning.","- “Educational information” is a broader concept of “Information”.
- “Information culturelle” is a broader concept of “Information”.
- “Information en sciences sociales” is a broader concept of “Information”.
- “UNESCO Thesaurus” has top concept “Information”.
- “Информационные пользователи” is related to “Information”.
- “Коммуникационная информация” is a broader concept of “Information”.
- “Передача информации” is related to “Information”.
- “معلومات علمية” is a broader concept of “Information”.
- “Information” has narrower concepts: “Educational information”, “Information culturelle”, “Information en sciences sociales”, “Коммуникационная информация”, “معلومات علمية”.
- “Information” is related to “concept6288”, “Информационные пользователи”, “Передача информации”.
- “Information” is a top concept of “UNESCO Thesaurus”."
http://vocabularies.unesco.org/thesaurus/concept4524,Target,Class,calendars,"In digital humanities, “calendars” typically refers to:

- Structured temporal frameworks used to organize, annotate, and align historical events, texts, or datasets across time (e.g., timelines in projects).
- The modeling and conversion of dates across different calendrical systems (Gregorian, Julian, Islamic, Hebrew, etc.) for accurate chronology.
- Metadata fields and data standards for representing dates (including uncertain or range dates) in digital corpora.
- Tools and interfaces (timelines, date pickers, temporal visualizations) that enable temporal querying, analysis, and visualization of cultural data.","- Periodicals has narrower concept Calendars.
- Publicación seriada is related to Calendars.
- Calendars has broader concept Periodicals.
- Calendars is related to Publicación seriada.
- Calendars is related to concept155.
- Calendars is related to concept4526."
http://vocabularies.unesco.org/thesaurus/concept453,Target,Class,intercambio de informaci n,"In digital humanities, “Intercambio de información” means the sharing and exchange of data, metadata, resources, and findings across projects, institutions, or platforms—often using interoperable formats, open standards, and APIs to enable reuse, collaboration, and cumulative research.","- “Bibliographic standards” is related to “Intercambio de información”.
- “Information dissemination” is related to “Intercambio de información”.
- “Intercambio de publicaciones” is a broader concept of “Intercambio de información”. (i.e., “Intercambio de información” is narrower than “Intercambio de publicaciones”.)
- “Plateforme numérique” is related to “Intercambio de información”.
- “Intercambio de información” is a top concept of “UNESCO Thesaurus”.
- “Передача информации” is related to “Intercambio de información”.
- “Intercambio de información” has narrower concept “Intercambio de publicaciones”.
- “Intercambio de información” is related to “Bibliographic standards”, “Information dissemination”, “Plateforme numérique”, and “Передача информации”.
- “Intercambio de información” is a top concept in “UNESCO Thesaurus”."
http://vocabularies.unesco.org/thesaurus/concept454,Target,Class,information media,"In digital humanities, information media are the material and technological forms through which information is encoded, stored, transmitted, and experienced—such as manuscripts, print, film, audio, born-digital files, databases, websites, social platforms, and interactive visualizations. The term emphasizes how media formats, infrastructures, and interfaces shape the production, interpretation, circulation, and preservation of knowledge.","- Film media is a broader concept of Information media. → Correction: Film media has broader concept Information media.
- UNESCO Thesaurus has top concept Information media.
- وسائط الإعلام المطبوعة has broader concept Information media.
- وسائط الكترونية has broader concept Information media.
- وسائل الإعلام الجماهيرية is related to Information media.
- Information media has narrower concept Film media.
- Information media has narrower concept وسائط الإعلام المطبوعة.
- Information media has narrower concept وسائط الكترونية.
- Information media is related to وسائل الإعلام الجماهيرية.
- Information media is a top concept of UNESCO Thesaurus."
http://vocabularies.unesco.org/thesaurus/concept4547,Target,Class,criture manuscrite,"In digital humanities, “écriture manuscrite” refers to handwritten writing—manuscript text as opposed to printed or typed text—studied and processed digitally (e.g., digitization, transcription, OCR/HTR, analysis of handwriting, paleography).","- “Écriture manuscrite” is a broader concept of “كتابة”.
- “Écriture manuscrite” is related to “concept3607”.
- “Écriture manuscrite” is related to “concept4545”.
- “كتابة” has the narrower concept “Écriture manuscrite”."
http://vocabularies.unesco.org/thesaurus/concept455,Target,Class,sciences de l information,"In digital humanities, “Sciences de l’information” (Information Science) refers to the study of how information is produced, organized, represented, stored, retrieved, preserved, and used—across documents, data, media, and systems. It includes metadata, classification/ontologies, information retrieval, digital libraries/archives, preservation, human–information interaction, and scholarly communication, applied to cultural heritage and humanities data.","- “Archivología” is a broader concept of “Sciences de l'information”.
- “Documentación” is a broader concept of “Sciences de l'information”.
- “Informática” is related to “Sciences de l'information”.
- “Théorie de l'information” is related to “Sciences de l'information”.
- “UNESCO Thesaurus” has top concept “Sciences de l'information”.
- “Информационная технология” is related to “Sciences de l'information”.
- “Компьютерные специалисты” is related to “Sciences de l'information”.
- “علم المكتبات” is a broader concept of “Sciences de l'information”.
- “Sciences de l'information” has the narrower concepts “Archivología”, “Documentación”, and “علم المكتبات”.
- “Sciences de l'information” is related to “Informática”, “Théorie de l'information”, “Информационная технология”, and “Компьютерные специалисты”.
- “Sciences de l'information” is a top concept of “UNESCO Thesaurus”."
http://vocabularies.unesco.org/thesaurus/concept4557,Target,Class,film cameras,"In digital humanities, “film cameras” refers to analog image-capturing devices that record visual information on photographic film (celluloid) rather than digitally. They matter as:

- Primary sources: artifacts for studying media history, visual culture, and technological change.
- Production tools: used to create historically grounded or practice-based research outputs.
- Objects of remediation: materials digitized (scanned) for analysis, preservation, and computational study (e.g., metadata, image processing).
- Contextual anchors: helping interpret aesthetics, constraints, and social practices of pre-digital image-making.","- “Equipo fotográfico” has narrower concept “Film cameras”.
- “Film cameras” has broader concept “Equipo fotográfico”.
- “Film cameras” is related to “concept4717”."
http://vocabularies.unesco.org/thesaurus/concept456,Target,Class,بحوث المعلومات/المكتبات,"It refers to the research field that studies how information is created, organized, described, discovered, preserved, and used—traditionally in libraries and archives—applied within digital humanities. In this context it includes:

- Metadata, cataloging, and ontologies for humanities data
- Digital curation and preservation of texts, images, and media
- Information retrieval, search, and discovery for cultural heritage
- User studies and scholarly communication in digital scholarship
- Building and evaluating digital libraries, repositories, and editions","- UNESCO Thesaurus has top concept “بحوث المعلومات/المكتبات”.
- “Сравнительное библиотековедение” is broader term of “بحوث المعلومات/المكتبات”.
- “ببليولوجيا” is broader term of “بحوث المعلومات/المكتبات”.
- “تحليل آلي للنص” is broader term of “بحوث المعلومات/المكتبات”.
- “علم المكتبات” is related to “بحوث المعلومات/المكتبات”.
- “نظم التصنيف” is related to “بحوث المعلومات/المكتبات”.
- “بحوث المعلومات/المكتبات” has narrower terms “Сравнительное библиотековедение”, “ببليولوجيا”, “تحليل آلي للنص”.
- “بحوث المعلومات/المكتبات” is related to “علم المكتبات” and “نظم التصنيف”.
- “بحوث المعلومات/المكتبات” is a top concept of UNESCO Thesaurus."
http://vocabularies.unesco.org/thesaurus/concept457,Target,Class,Информационные/библиотечные стандарты,"In digital humanities, “информационные/библиотечные стандарты” are agreed-upon rules and formats that ensure information can be consistently described, exchanged, preserved, and discovered across systems and institutions. They include:

- Metadata schemas: Dublin Core, MODS, METS, EAD, TEI.
- Controlled vocabularies/identifiers: LCSH, AAT, Getty vocabularies, VIAF, ORCID, ISNI.
- Exchange/serialization formats and protocols: MARC21, RDF, XML/JSON, OAI-PMH, IIIF.
- Preservation and packaging: PREMIS, BagIt.
- Text/image standards: TEI (texts), IIIF (images), OCR formats (ALTO).
- Citation and persistent identifiers: DOI, Handle, ARK.

Purpose: interoperability, long-term preservation, reliable citation, and efficient discovery/use of cultural and scholarly data in DH projects.","- “Información/biblioteca, planificación” is related to “Информационные/библиотечные стандарты”.
- “Norma de catalogación” has broader concept “Информационные/библиотечные стандарты”.
- “UNESCO Thesaurus” has top concept “Информационные/библиотечные стандарты”.
- “تعاون المعلومات/المكتبات” is related to “Информационные/библиотечные стандарты”.
- “Информационные/библиотечные стандарты” has narrower concept “Norma de catalogación”.
- “Информационные/библиотечные стандарты” is related to “Información/biblioteca, planificación”.
- “Информационные/библиотечные стандарты” is related to “تعاون المعلومات/المكتبات”.
- “Информационные/библиотечные стандарты” is a top concept of “UNESCO Thesaurus”."
http://vocabularies.unesco.org/thesaurus/concept460,Target,Class,communication,"Communication (in digital humanities): An interactive social process of sharing information, experiences, and cultures—physically or electronically—that leads to the mutual enrichment of all participants. When possible, use a more specific descriptor.","- “Communication” is a top concept of “UNESCO Thesaurus”.
- “UNESCO Thesaurus” has top concept “Communication”."
http://vocabularies.unesco.org/thesaurus/concept461,Target,Class,Планирование в области передачи информации и связи,"In digital humanities, “Планирование в области передачи информации и связи” refers to strategic planning of information and communication infrastructures and processes that support research, preservation, and dissemination of digital cultural data. It includes:

- Assessing data flows: how texts, images, audio/video, and metadata move between repositories, tools, and users.
- Choosing standards and protocols: metadata schemas, APIs, persistent identifiers, interoperability frameworks.
- Infrastructure design: storage, networks, servers/cloud, content delivery, access control.
- Preservation and access: formats, redundancy, rights management, open access policies.
- Workflow coordination: collaboration tools, versioning, documentation, and training.
- Sustainability and scalability: budgeting, governance, risk management, and long-term maintenance.

Goal: ensure reliable, interoperable, and sustainable communication of humanities data across platforms and communities.","- “Communication programmes” is a broader concept of “Планирование в области передачи информации и связи”.
- “Economics of communication” is a broader concept of “Планирование в области передачи информации и связи”.
- “Informatique et développement” is a broader concept of “Планирование в области передачи информации и связи”.
- “Política de la comunicación” is related to “Планирование в области передачи информации и связи”.
- “Statistique de la communication” is a broader concept of “Планирование в области передачи информации и связи”.
- “Stratégie de la communication” is related to “Планирование в области передачи информации и связи”.
- “UNESCO Thesaurus” has top concept “Планирование в области передачи информации и связи”.
- “Плановики в области передачи информации и связи” is related to “Планирование в области передачи информации и связи”.
- “اتصال وتنمية” is a broader concept of “Планирование в области передачи информации и связи”.
- “ادارة الاتصالات” is a broader concept of “Планирование в области передачи информации и связи”.
- “Планирование в области передачи информации и связи” has narrower concepts “Communication programmes”, “Economics of communication”, “Informatique et développement”, “Statistique de la communication”, “اتصال وتنمية”, “ادارة الاتصالات”.
- “Планирование в области передачи информации и связи” is related to “Política de la comunicación”, “Stratégie de la communication”, “Плановики в области передачи информации и связи”.
- “Планирование в области передачи информации и связи” is a top concept of “UNESCO Thesaurus”."
http://vocabularies.unesco.org/thesaurus/concept462,Target,Class,pol tica de la comunicaci n,"In digital humanities, “política de la comunicación” refers to the norms, power relations, and governance shaping how information is produced, circulated, accessed, and preserved across digital media. It covers:

- Institutional and platform policies (algorithms, moderation, datafication, IP, open access)
- Infrastructures and their ownership/control (Big Tech vs. public/commons)
- Inequalities in voice and visibility (language, race, gender, geopolitics)
- Regulation and rights (privacy, surveillance, net neutrality, AI governance)
- Scholarly communication practices (open science, repositories, metrics, citation politics)
- Ethics of data and archives (consent, community stewardship, decolonial approaches)

In short, it is the critical study and shaping of communication ecosystems that determine who can speak, be heard, study, and preserve culture in digital environments.","- “Stratégie de la communication” has broader concept “Política de la comunicación”.
- “UNESCO Thesaurus” has top concept “Política de la comunicación”.
- “Законодательство в области передачи информации и связи” has broader concept “Política de la comunicación”.
- “Коммуникационная этика” has broader concept “Política de la comunicación”.
- “Коммуникационный контроль” has broader concept “Política de la comunicación”.
- “Планирование в области передачи информации и связи” is related to “Política de la comunicación”.
- “تطوير الاتصالات” has broader concept “Política de la comunicación”.
- “Política de la comunicación” has narrower concepts “Stratégie de la communication”, “Законодательство в области передачи информации и связи”, “Коммуникационная этика”, “Коммуникационный контроль”, and “تطوير الاتصالات”.
- “Política de la comunicación” is related to “concept1800” and “Планирование в области передачи информации и связи”.
- “Política de la comunicación” is a top concept of “UNESCO Thesaurus”."
http://vocabularies.unesco.org/thesaurus/concept463,Target,Class,processus de communication,"In digital humanities, “processus de communication” (communication process) refers to the chain of activities through which information is produced, encoded, transmitted, received, interpreted, and circulated within digital cultural ecosystems.

Typical components:
- Sender(s): scholars, institutions, communities
- Message/content: data, editions, interpretations, metadata
- Encoding/formats: TEI-XML, IIIF, RDF, databases, multimedia
- Medium/channel: websites, repositories, social media, APIs, visualizations
- Receiver(s): researchers, publics, machines (algorithms)
- Context/noise: platform affordances, interface design, biases, data quality
- Feedback: citations, annotations, user interaction, versioning

It emphasizes how meaning is shaped by technical formats, platforms, and user practices across the full lifecycle of digital scholarly communication.","- Advertising is a broader concept of Processus de communication. → Processus de communication has narrower concept Advertising.
- Communication conversationnelle is a broader concept of Processus de communication. → Processus de communication has narrower concept Communication conversationnelle.
- Communication psychology is related to Processus de communication. → Processus de communication is related to Communication psychology.
- Comunicación en grupo is a broader concept of Processus de communication. → Processus de communication has narrower concept Comunicación en grupo.
- Feedback (communication) is a broader concept of Processus de communication. → Processus de communication has narrower concept Feedback (communication).
- Persuasion is a broader concept of Processus de communication. → Processus de communication has narrower concept Persuasion.
- UNESCO Thesaurus has top concept Processus de communication. → Processus de communication is a top concept of UNESCO Thesaurus.
- Коммуникационные навыки is a broader concept of Processus de communication. → Processus de communication has narrower concept Коммуникационные навыки.
- Массовые коммуникации is a broader concept of Processus de communication. → Processus de communication has narrower concept Массовые коммуникации.
- Передача информации is a broader concept of Processus de communication. → Processus de communication has narrower concept Передача информации.
- اتصال بين الاشخاص is a broader concept of Processus de communication. → Processus de communication has narrower concept اتصال بين الاشخاص.
- اتصال بين الثقافات is a broader concept of Processus de communication. → Processus de communication has narrower concept اتصال بين الثقافات."
http://vocabularies.unesco.org/thesaurus/concept464,Target,Class,recherche sur la communication,"In digital humanities, “Recherche sur la communication” (French) means “Research on communication.” It typically refers to scholarly study of communication processes, media, and discourse—often using digital methods (e.g., text mining, network analysis, corpus linguistics, media analytics) to investigate how information, culture, and messages are produced, transmitted, and received across digital platforms and historical/media contexts.","- “Communication psychology” is a broader concept of “Recherche sur la communication”.
- “Histoire de la communication” is a broader concept of “Recherche sur la communication”.
- “Programme content” is related to “Recherche sur la communication”.
- “Recherche sur le public” is a broader concept of “Recherche sur la communication”.
- “Sociologie de la communication” is a broader concept of “Recherche sur la communication”.
- “Théorie de l’information” is a broader concept of “Recherche sur la communication”.
- “UNESCO Thesaurus” has top concept “Recherche sur la communication”.
- “تأثير الاتصال” is a broader concept of “Recherche sur la communication”.
- “Recherche sur la communication” has narrower concepts: “Communication psychology”, “Histoire de la communication”, “Recherche sur le public”, “Sociologie de la communication”, “Théorie de l’information”, “تأثير الاتصال”.
- “Recherche sur la communication” is related to “Programme content”, “concept3325”, “concept378”.
- “Recherche sur la communication” is a top concept of “UNESCO Thesaurus”."
http://vocabularies.unesco.org/thesaurus/concept468,Target,Class,gestion des archives,"In digital humanities, “Gestion des archives” (French) means “archive management”: the policies, methods, and tools for organizing, preserving, describing, providing access to, and ensuring the long-term integrity of archival materials—often focusing on born-digital and digitized records (metadata standards, preservation workflows, access platforms, and governance).","- “Archive records” is a broader concept of “Gestion des archives”.
- “Información/biblioteca, administración” is related to “Gestion des archives”.
- “Planification des archives” is a broader concept of “Gestion des archives”.
- “UNESCO Thesaurus” has top concept “Gestion des archives”.
- “Архивное законодательство” is a broader concept of “Gestion des archives”.
- “Развитие архивов” is a broader concept of “Gestion des archives”.
- “ارشيفات” is related to “Gestion des archives”.
- “Gestion des archives” has narrower concepts “Archive records”, “Planification des archives”, “Архивное законодательство”, “Развитие архивов”.
- “Gestion des archives” is related to “Información/biblioteca, administración”, “ارشيفات”.
- “Gestion des archives” is a top concept of “UNESCO Thesaurus”."
http://vocabularies.unesco.org/thesaurus/concept469,Target,Class,Информационные пользователи,"In digital humanities, “информационные пользователи” refers to information users—people who seek, access, interpret, and apply digital information (e.g., scholars, students, librarians, the public) within DH ecosystems, including databases, digital archives, tools, and platforms. It emphasizes their roles, needs, behaviors, and interaction with information systems.","- “Communication users” is related to “Информационные пользователи”.
- “Formación de usuarios de información” is broader than “Информационные пользователи”.
- “Information” is related to “Информационные пользователи”.
- “Information needs” is broader than “Информационные пользователи”.
- “UNESCO Thesaurus” has top concept “Информационные пользователи”.
- “Utilisateur des bibliothèques” is broader than “Информационные пользователи”.
- “Étude d'utilisateurs d'information” is broader than “Информационные пользователи”.
- “Информационные пользователи” has narrower concept “Formación de usuarios de información”.
- “Информационные пользователи” has narrower concept “Information needs”.
- “Информационные пользователи” has narrower concept “Utilisateur des bibliothèques”.
- “Информационные пользователи” has narrower concept “Étude d'utilisateurs d'information”.
- “Информационные пользователи” is related to “Communication users”.
- “Информационные пользователи” is related to “Information”.
- “Информационные пользователи” is related to “concept17007”.
- “Информационные пользователи” is a top concept of “UNESCO Thesaurus”."
http://vocabularies.unesco.org/thesaurus/concept470,Target,Class,informaci n biblioteca administraci n,"In digital humanities, “Información/biblioteca, administración” refers to the information and library domain within DH, focused on how information is organized, preserved, accessed, and managed. It typically includes:

- Library and information science methods applied to digital collections
- Metadata standards, cataloging, and linked data
- Digital curation and preservation
- Repository and database management
- Information architecture and user access/usability
- Project and data lifecycle management within cultural heritage and research libraries","- “Gestion des archives” is related to “Información/biblioteca, administración”.
- “Information systems evaluation” is a broader concept of “Información/biblioteca, administración”.
- “Information/library legislation” is a broader concept of “Información/biblioteca, administración”.
- “UNESCO Thesaurus” has top concept “Información/biblioteca, administración”.
- “Управление в области информации/библиотечного дела” is a broader concept of “Información/biblioteca, administración”.
- “مجموعات المكتبات” is a broader concept of “Información/biblioteca, administración”.
- “Información/biblioteca, administración” has narrower concepts: “Information systems evaluation”, “Information/library legislation”, “Управление в области информации/библиотечного дела”, “مجموعات المكتبات”.
- “Información/biblioteca, administración” is related to “Gestion des archives”.
- “Información/biblioteca, administración” is a top concept of “UNESCO Thesaurus”."
http://vocabularies.unesco.org/thesaurus/concept471,Target,Class,informaci n biblioteca planificaci n,"In digital humanities, “Información/biblioteca, planificación” refers to the planning (strategic and operational) of information and library services to support DH work. This typically includes:
- Assessing user needs for DH research and teaching
- Planning collections (digitization, licensing, data acquisition)
- Infrastructure planning (repositories, metadata, preservation, access platforms)
- Workflow and staffing (librarians, data specialists, developers)
- Policies (open access, data management, ethics)
- Training and outreach (DH literacy, tools, methodologies)
- Sustainability planning (funding, maintenance, partnerships)","- “Información/biblioteca, estadísticas” is a broader concept of “Información/biblioteca, planificación”.
- “Information et développement” is a broader concept of “Información/biblioteca, planificación”.
- “Information/bibliothèque, économie” is a broader concept of “Información/biblioteca, planificación”.
- “Planification des archives” is related to “Información/biblioteca, planificación”.
- “UNESCO Thesaurus” has top concept “Información/biblioteca, planificación”.
- “Информационное/библиотечное развитие” is related to “Información/biblioteca, planificación”.
- “Информационные/библиотечные стандарты” is related to “Información/biblioteca, planificación”.
- “تعاون المعلومات/المكتبات” is a broader concept of “Información/biblioteca, planificación”.
- “سياسة المعلومات/المكتبات” is related to “Información/biblioteca, planificación”.
- “موارد المعلومات/المكتبات” is a broader concept of “Información/biblioteca, planificación”.
- “Información/biblioteca, planificación” has narrower concepts “Información/biblioteca, estadísticas”, “Information et développement”, “Information/bibliothèque, économie”, “تعاون المعلومات/المكتبات”, and “موارد المعلومات/المكتبات”.
- “Información/biblioteca, planificación” is related to “Planification des archives”, “Информационное/библиотечное развитие”, “Информационные/библиотечные стандарты”, and “سياسة المعلومات/المكتبات”.
- “Información/biblioteca, planificación” is a top concept of “UNESCO Thesaurus”."
http://vocabularies.unesco.org/thesaurus/concept4716,Target,Class,dessins,"In digital humanities, ""Dessins"" usually refers to Grothendieck’s “dessins d’enfants” (French: “children’s drawings”): combinatorial graphs embedded on Riemann surfaces that encode Belyi maps. They serve as discrete, visual representations linking algebraic curves over number fields to topological/combinatorial structures. In DH contexts, they’re used for visualization, analysis, and modeling of complex mathematical or cultural-heritage data via graph-embedded surfaces.","- “Иллюстрации” is related to “Dessins”.
- “Наглядные материалы” has narrower concept “Dessins”.
- “Dessins” has broader concept “Наглядные материалы”.
- “Dessins” is related to “concept4714”.
- “Dessins” is related to “concept5670”.
- “Dessins” is related to “concept8420”.
- “Dessins” is related to “Иллюстрации”."
http://vocabularies.unesco.org/thesaurus/concept472,Target,Class,سياسة المعلومات/المكتبات,"سياسة المعلومات/المكتبات في سياق الإنسانيات الرقمية هي الإطار الذي يحدد كيف تُجمع الموارد الرقمية (نصوص، صور، بيانات)، وكيف تُفهرس وتُحفظ وتُتاح وتُدار حقوقها، بما يضمن:

- الوصول المفتوح والمنصف للباحثين والجمهور.
- معايير الوصف الببليوجرافي والبيانات الوصفية القابلة للتشغيل البيني.
- الحفظ الرقمي طويل الأمد وإدارة الإصدارات.
- الامتثال لحقوق النشر والتراخيص المفتوحة (مثل Creative Commons).
- أخلاقيات البيانات، الخصوصية، وحساسية المجموعات.
- سياسات المشاركة المجتمعية واللغات المتعددة وتمثيل التراث.
- دعم إعادة الاستخدام العلمي: الاستشهاد بالبيانات، واجهات برمجة التطبيقات، ودعم FAIR (قابلة للإيجاد، الوصول، التفاعل، وإعادة الاستخدام).","- “Información/biblioteca, planificación” is related to “سياسة المعلومات/المكتبات”.
- “Information et développement” is related to “سياسة المعلومات/المكتبات”.
- “UNESCO Thesaurus” has top concept “سياسة المعلومات/المكتبات”.
- “Информационное/библиотечное развитие” is broader than “سياسة المعلومات/المكتبات”.
- “سياسة المعلومات/المكتبات” has narrower concept “Информационное/библиотечное развитие”.
- “سياسة المعلومات/المكتبات” is related to “Información/biblioteca, planificación”.
- “سياسة المعلومات/المكتبات” is related to “Information et développement”.
- “سياسة المعلومات/المكتبات” is related to “concept1800”.
- “سياسة المعلومات/المكتبات” is a top concept of “UNESCO Thesaurus”."
http://vocabularies.unesco.org/thesaurus/concept473,Target,Class,information biblioth que profession,"In digital humanities, “information/bibliothèque, profession” refers to the library and information profession—the field of librarians, archivists, and information specialists—its roles, practices, and professional knowledge as they relate to DH. It covers how these professionals manage, curate, preserve, describe, and provide access to digital cultural heritage and research data, and how their competencies (metadata, cataloging, preservation, user services, digital scholarship support) intersect with DH methodologies and projects.","- Information/library personnel is related to Information/bibliothèque, profession.
- UNESCO Thesaurus has top concept Information/bibliothèque, profession.
- Библиотечные ассоциации has broader concept Information/bibliothèque, profession.
- Information/bibliothèque, profession has narrower concept Библиотечные ассоциации.
- Information/bibliothèque, profession is related to Information/library personnel.
- Information/bibliothèque, profession is related to concept2746.
- Information/bibliothèque, profession is related to concept6096.
- Information/bibliothèque, profession is a top concept of UNESCO Thesaurus."
http://vocabularies.unesco.org/thesaurus/concept474,Target,Class,promotion de l utilization des biblioth ques,"In digital humanities, “Promotion de l’utilisation des bibliothèques” means efforts to encourage and increase the use of libraries—physical and especially digital—by researchers, students, and the public. This includes advocating for and facilitating access to library collections, digital repositories, tools, and services (e.g., digitized archives, datasets, catalogs, research support), and integrating them into DH research, teaching, and public engagement.","- “Extensión bibliotecaria” is a broader concept of “Promotion de l'utilisation des bibliothèques”.
- “UNESCO Thesaurus” has top concept “Promotion de l'utilisation des bibliothèques”.
- “Utilisateur des bibliothèques” is related to “Promotion de l'utilisation des bibliothèques”.
- “Управление в области информации/библиотечного дела” is related to “Promotion de l'utilisation des bibliothèques”.
- “Promotion de l'utilisation des bibliothèques” has narrower concept “Extensión bibliotecaria”.
- “Promotion de l'utilisation des bibliothèques” is related to “Utilisateur des bibliothèques”.
- “Promotion de l'utilisation des bibliothèques” is related to “Управление в области информации/библиотечного дела”.
- “Promotion de l'utilisation des bibliothèques” is a top concept of “UNESCO Thesaurus”."
http://vocabularies.unesco.org/thesaurus/concept4758,Target,Class,sistema de informaci n en l nea,"In digital humanities, “Sistema de información en línea” refers to an online information system: a web-accessible platform that stores, organizes, and serves data, documents, or multimedia—often with search, visualization, and analytical tools—for research, curation, and public access (e.g., digital archives, databases, or scholarly portals).","- “Biblioteca digital” is related to “Sistema de información en línea”.
- “Online searching” is related to “Sistema de información en línea”.
- “Online systems” is related to “Sistema de información en línea”.
- “Plateforme numérique” is broader than “Sistema de información en línea”.
- “حواسيب” is related to “Sistema de información en línea”.
- “فهارس” is related to “Sistema de información en línea”.
- “نظم المعلومات” is narrower than “Sistema de información en línea”.
- “Sistema de información en línea” is broader than “نظم المعلومات”.
- “Sistema de información en línea” is narrower than “Plateforme numérique”.
- “Sistema de información en línea” is related to “Biblioteca digital”.
- “Sistema de información en línea” is related to “Online searching”.
- “Sistema de información en línea” is related to “Online systems”.
- “Sistema de información en línea” is related to “حواسيب”.
- “Sistema de información en línea” is related to “فهارس”."
http://vocabularies.unesco.org/thesaurus/concept4763,Target,Class,norma de catalogaci n,"In digital humanities, “Norma de catalogación” refers to the cataloging standard or set of rules used to describe, organize, and provide metadata for digital (and digitized) cultural objects so they can be discovered, identified, and interoperated. Examples include standards like Dublin Core, RDA, DACS, EAD, or MODS, which define what information to record (titles, creators, dates, subjects, rights) and how to structure it for consistent, shareable records across systems and projects.","- “Bibliographic standards” is a broader concept of “Norma de catalogación.”
- “Catalogage” is related to “Norma de catalogación.”
- “Информационные/библиотечные стандарты” is a narrower concept of “Norma de catalogación.”
- “Norma de catalogación” is a broader concept of “Информационные/библиотечные стандарты,” a narrower concept of “Bibliographic standards,” and related to “Catalogage.”"
http://vocabularies.unesco.org/thesaurus/concept4764,Target,Class,documentaci n,"In digital humanities, “Documentación” means the continuous and systematic processing of documents or data for specialized information users.","- “Catalogage” is related to “Documentación”.
- “Information processing” is related to “Documentación”.
- “Sciences de l'information” has the narrower concept “Documentación”.
- “تكشيف” is related to “Documentación”.
- “علم المكتبات” is related to “Documentación”.
- “Documentación” has the broader concept “Sciences de l'information”.
- “Documentación” is related to “Catalogage”.
- “Documentación” is related to “Information processing”.
- “Documentación” is related to “تكشيف”.
- “Documentación” is related to “علم المكتبات”."
http://vocabularies.unesco.org/thesaurus/concept4765,Target,Class,تعاون المعلومات/المكتبات,"في سياق الإنسانيات الرقمية، تعني ""تعاون المعلومات/المكتبات"":
- الشراكة بين باحثي الإنسانيات، وأخصائيي المعلومات/أمناء المكتبات، وخبراء التقنية لتطوير مشاريع رقمية.
- تبادل البيانات الوصفية والنصوص الرقمية والمجموعات الممسوحة والأدوات والمنهجيات.
- العمل المشترك على معايير الإتاحة والربط البيني (مثل IIIF، TEI، Dublin Core) لضمان قابلية الاكتشاف وإعادة الاستخدام.
- بناء منصات وخدمات مشتركة لحفظ البيانات، إتاحة المجموعات، التحليل النصي، التصور، وحوسبة الأبحاث.
- تنسيق حقوق الوصول والترخيص المفتوح وسياسات الحفظ الرقمي.

باختصار: تعاون منظم متعدد التخصصات بين المكتبات/المعلومات والباحثين لتجميع الموارد الرقمية، تنظيمها، إتاحتها، وتحليلها وفق معايير وتقنيات مشتركة.","- “Catalogage” is related to “تعاون المعلومات/المكتبات”.
- “Información/biblioteca, planificación” has the narrower concept “تعاون المعلومات/المكتبات”.
- “Servicio de referencia” is related to “تعاون المعلومات/المكتبات”.
- “Информационные/библиотечные стандарты” is related to “تعاون المعلومات/المكتبات”.
- “اعارة بين المكتبات” is related to “تعاون المعلومات/المكتبات”.
- “تعاون المعلومات/المكتبات” is broader than “Información/biblioteca, planificación”.
- “تعاون المعلومات/المكتبات” is related to “Catalogage”.
- “تعاون المعلومات/المكتبات” is related to “Servicio de referencia”.
- “تعاون المعلومات/المكتبات” is related to “Информационные/библиотечные стандарты”.
- “تعاون المعلومات/المكتبات” is related to “اعارة بين المكتبات”."
http://vocabularies.unesco.org/thesaurus/concept478,Target,Class,broadcasting,"In digital humanities, broadcasting is the one-to-many dissemination of content—such as text, audio, video, or data—over mass media or digital platforms to reach broad publics. It contrasts with narrowcasting or interactive, networked communication, and is studied for how media infrastructures, institutions, and formats shape cultural production, reception, and public discourse.","- “Attribution de fréquences” is related to “Broadcasting”.
- “Community media” is broader concept under “Broadcasting”.
- “Journalisme” is related to “Broadcasting”.
- “Legislación de la radiodifusión” is related to “Broadcasting”.
- “Radio” is broader concept under “Broadcasting”.
- “Radiodiffusion nationale” is broader concept under “Broadcasting”.
- “Radiodiffusion rurale” is broader concept under “Broadcasting”.
- “Technologie de radiodiffusion” is related to “Broadcasting”.
- “Televisión” is broader concept under “Broadcasting”.
- “UNESCO Thesaurus” has top concept “Broadcasting”.
- “Индустрия вещания” is related to “Broadcasting”.
- “Коммерческое вещание” is broader concept under “Broadcasting”.
- “اتصالات سلكية ولاسلكية” is related to “Broadcasting”.
- “انتاج اذاعي” is broader concept under “Broadcasting”.
- “بث فضائي” is related to “Broadcasting”.
- “برامج اذاعية” is broader concept under “Broadcasting”.
- “Broadcasting” has narrower concepts “Community media”, “Radio”, “Radiodiffusion nationale”, “Radiodiffusion rurale”, “Televisión”, “Коммерческое вещание”, “انتاج اذاعي”, “برامج اذاعية”.
- “Broadcasting” is related to “Attribution de fréquences”, “Journalisme”, “Legislación de la radiodifusión”, “Technologie de radiodiffusion”, “Индустрия вещания”, “اتصالات سلكية ولاسلكية”, “بث فضائي”.
- “Broadcasting” is a top concept of “UNESCO Thesaurus”."
http://vocabularies.unesco.org/thesaurus/concept479,Target,Class,Индустрия вещания,"In the digital humanities context, “Индустрия вещания” means the broadcasting industry—i.e., the sector that produces, programs, transmits, and distributes audio/video content (radio, television, streaming) over broadcast and digital platforms, including its technologies, institutions, and cultural-economic practices.","- “Broadcasting” is related to “Индустрия вещания”.
- “Communication organizations” is related to “Индустрия вещания”.
- “Industrie des communications” is related to “Индустрия вещания”.
- “Information industry” is related to “Индустрия вещания”.
- “Record industry” is related to “Индустрия вещания”.
- “UNESCO Thesaurus” has top concept “Индустрия вещания”.
- “Радиостанции” is broader than “Индустрия вещания”.
- “Телецентры” is broader than “Индустрия вещания”.
- “صناعة التسجيلات المرئية” is related to “Индустрия вещания”.
- “Индустрия вещания” has narrower concept “Радиостанции”.
- “Индустрия вещания” has narrower concept “Телецентры”.
- “Индустрия вещания” is related to “Broadcasting”.
- “Индустрия вещания” is related to “Communication organizations”.
- “Индустрия вещания” is related to “Industrie des communications”.
- “Индустрия вещания” is related to “Information industry”.
- “Индустрия вещания” is related to “Record industry”.
- “Индустрия вещания” is related to “concept4347”.
- “Индустрия вещания” is related to “صناعة التسجيلات المرئية”.
- “Индустрия вещания” is a top concept of “UNESCO Thesaurus”."
http://vocabularies.unesco.org/thesaurus/concept480,Target,Class,industrie des communications,"In digital humanities, “Industrie des communications” refers to the communication industries: the sectors that produce, distribute, and monetize information and media—e.g., publishing, journalism, broadcasting, film, advertising, telecommunications, and digital platforms. It frames how cultural content and data circulate, how infrastructures and platforms shape access and power, and how political economy influences digital culture and knowledge production.","- “Information industry” is related to “Industrie des communications”.
- “Publishing industry” is related to “Industrie des communications”.
- “Servicio postal” is broader than “Industrie des communications”.
- “UNESCO Thesaurus” has top concept “Industrie des communications”.
- “Индустрия вещания” is related to “Industrie des communications”.
- “Индустрия телекоммуникаций” is broader than “Industrie des communications”.
- “صناعة الكتاب” is related to “Industrie des communications”.
- “Industrie des communications” has narrower concepts “Servicio postal” and “Индустрия телекоммуникаций”.
- “Industrie des communications” is related to “Information industry”, “Publishing industry”, “concept5228”, “concept5767”, “Индустрия вещания”, and “صناعة الكتاب”.
- “Industrie des communications” is a top concept of “UNESCO Thesaurus”."
http://vocabularies.unesco.org/thesaurus/concept481,Target,Class,personal de comunicaci n,"In digital humanities, “personal de comunicación” refers to the communications staff—professionals who plan and execute how a project, lab, or institution communicates with its audiences. This typically includes tasks like public outreach, social media, press relations, website content, newsletters, branding, and translating research outputs into accessible formats for the public, stakeholders, and academic partners.","- “Booksellers” is a broader concept of “Personal de comunicación”.
- “Editorial” is a broader concept of “Personal de comunicación”.
- “Rédacteur” is a broader concept of “Personal de comunicación”.
- “UNESCO Thesaurus” has top concept “Personal de comunicación”.
- “Плановики в области передачи информации и связи” is a broader concept of “Personal de comunicación”.
- “Работники ТВ/радио” is a broader concept of “Personal de comunicación”.
- “صحفيون” is a broader concept of “Personal de comunicación”.
- “Personal de comunicación” has narrower concepts “Booksellers”, “Editorial”, “Rédacteur”, “Плановики в области передачи информации и связи”, “Работники ТВ/радио”, “صحفيون”.
- “Personal de comunicación” is related to “concept270”, “concept326”, “concept4607”, “concept5793”.
- “Personal de comunicación” is a top concept of “UNESCO Thesaurus”."
http://vocabularies.unesco.org/thesaurus/concept482,Target,Class,communication users,"In digital humanities, “communication users” typically refers to the people or groups who interact through digital media within a project or platform—creators, audiences, collaborators, and stakeholders who send, receive, and interpret information (e.g., scholars, students, the public) via tools like websites, social media, databases, or collaborative platforms. They shape and are shaped by the communicative practices, interfaces, and networks of a DH initiative.","- Communication psychology is related to Communication users.
- Feedback (communication) is related to Communication users.
- Opinión pública is related to Communication users.
- Participación del público is related to Communication users.
- Radio listeners is a broader term for Communication users.
- Recherche sur le public is related to Communication users.
- Televiewers is a broader term for Communication users.
- UNESCO Thesaurus has top concept Communication users.
- Écoute is related to Communication users.
- Информационные пользователи is related to Communication users.
- Реакция аудитории is related to Communication users.
- Communication users has narrower concept Radio listeners.
- Communication users has narrower concept Televiewers.
- Communication users is related to Communication psychology.
- Communication users is related to Feedback (communication).
- Communication users is related to Opinión pública.
- Communication users is related to Participación del público.
- Communication users is related to Recherche sur le public.
- Communication users is related to concept17017.
- Communication users is related to concept277.
- Communication users is related to Écoute.
- Communication users is related to Информационные пользователи.
- Communication users is related to Реакция аудитории.
- Communication users is a top concept of UNESCO Thesaurus."
http://vocabularies.unesco.org/thesaurus/concept483,Target,Class,Компьютерные специалисты,"“Компьютерные специалисты” means “computer specialists” or “computing professionals.” In digital humanities, it typically refers to technologists (e.g., software developers, data scientists, research engineers) who collaborate with humanities scholars on tasks like data curation, text mining, NLP, visualization, and tool/platform development.","- “Sciences de l'information” is related to “Компьютерные специалисты”.
- “UNESCO Thesaurus” has top concept “Компьютерные специалисты”.
- “Компьютерные специалисты” is related to “Sciences de l'information”.
- “Компьютерные специалисты” is a top concept of “UNESCO Thesaurus”."
http://vocabularies.unesco.org/thesaurus/concept4831,Target,Class,censorship,"In digital humanities, censorship refers to the suppression, restriction, or manipulation of information, expression, or access to digital texts, data, and cultural artifacts—by states, platforms, institutions, or algorithms—which shapes what can be created, preserved, discovered, studied, and circulated. It includes overt removal or blocking, subtle algorithmic downranking or moderation biases, access barriers (e.g., paywalls, geopolitics), and self-censorship driven by surveillance or platform policies.","- “Законодательство в области передачи информации и связи” is related to “Censorship”.
- “Коммуникационный контроль” has narrower concept “Censorship”.
- “Censorship” has broader concept “Коммуникационный контроль”.
- “Censorship” is related to “concept4834”.
- “Censorship” is related to “concept4835”.
- “Censorship” is related to “concept4836”.
- “Censorship” is related to “Законодательство в области передачи информации и связи”."
http://vocabularies.unesco.org/thesaurus/concept4833,Target,Class,Законодательство в области передачи информации и связи,"It means “legislation on information transmission and communications” — i.e., the body of laws and regulations governing how information is created, transmitted, stored, accessed, and shared via communication technologies (internet, telecom, data networks). In digital humanities, this covers legal frameworks for data access and reuse, privacy, copyright and licensing, telecommunications policy, data protection (e.g., GDPR-like rules), and obligations for platforms and service providers that affect research data collection, archiving, and dissemination.","- Censorship is related to Законодательство в области передачи информации и связи.
- Data protection is broader than Законодательство в области передачи информации и связи.
- Depósito legal is broader than Законодательство в области передачи информации и связи.
- Gobernanza de Internet is related to Законодательство в области передачи информации и связи.
- Legislación de la radiodifusión is broader than Законодательство в области передачи информации и связи.
- Política de la comunicación is narrower than Законодательство в области передачи информации и связи.
- Коммуникационная этика is related to Законодательство в области передачи информации и связи.
- Коммуникационный контроль is related to Законодательство в области передачи информации и связи.
- Законодательство в области передачи информации и связи is broader than Política de la comunicación.
- Законодательство в области передачи информации и связи is narrower than Data protection.
- Законодательство в области передачи информации и связи is narrower than Depósito legal.
- Законодательство в области передачи информации и связи is narrower than Legislación de la radiodifusión.
- Законодательство в области передачи информации и связи is related to Censorship.
- Законодательство в области передачи информации и связи is related to Gobernanza de Internet.
- Законодательство в области передачи информации и связи is related to concept3090.
- Законодательство в области передачи информации и связи is related to concept3094.
- Законодательство в области передачи информации и связи is related to concept5325.
- Законодательство в области передачи информации и связи is related to concept5752.
- Законодательство в области передачи информации и связи is related to Коммуникационная этика.
- Законодательство в области передачи информации и связи is related to Коммуникационный контроль."
http://vocabularies.unesco.org/thesaurus/concept484,Target,Class,information industry,"In digital humanities, the information industry refers to the sector that produces, curates, manages, and distributes information as its primary commodity—encompassing publishers, libraries, archives, databases, digital platforms, data analytics firms, and cultural heritage institutions. It includes the tools, infrastructures, and services for creating, preserving, accessing, and monetizing digital texts, images, audio/visual materials, and metadata used for research, teaching, and public engagement.","- “Industrie des communications” is related to “Information industry”.
- “UNESCO Thesaurus” has top concept “Information industry”.
- “Индустрия вещания” is related to “Information industry”.
- “Information industry” is related to “Industrie des communications”.
- “Information industry” is related to “concept17007”.
- “Information industry” is related to “concept5767”.
- “Information industry” is related to “Индустрия вещания”.
- “Information industry” is a top concept of “UNESCO Thesaurus”."
http://vocabularies.unesco.org/thesaurus/concept485,Target,Class,information library personnel,"In digital humanities, “information/library personnel” refers to professionals who support the creation, curation, preservation, and access of digital scholarly resources. They typically:

- Manage collections: digitization, metadata, cataloging, linked data.
- Support research: data management plans, corpus building, text/data mining facilitation.
- Provide infrastructure: repository administration, digital preservation, rights/permissions.
- Develop services: research guides, instruction in DH tools/methods, reference and consultation.
- Collaborate on projects: project planning, workflow design, grants, UX, accessibility.
- Enable interoperability: standards (e.g., TEI, IIIF), APIs, ontologies, controlled vocabularies.

Roles include librarians (subject, digital scholarship), archivists, data/metadata specialists, digital preservationists, scholarly communication specialists, and library IT/developers.","- Archive personnel is a broader concept of Information/library personnel.
- Information scientists is a broader concept of Information/library personnel.
- Information/bibliothèque, profession is related to Information/library personnel.
- UNESCO Thesaurus has top concept Information/library personnel.
- Библиотекари is a broader concept of Information/library personnel.
- فنيو المكتبات is a broader concept of Information/library personnel.
- موارد المعلومات/المكتبات is related to Information/library personnel.
- Information/library personnel has narrower concepts Archive personnel; Information scientists; Библиотекари; فنيو المكتبات.
- Information/library personnel is related to Information/bibliothèque, profession; موارد المعلومات/المكتبات.
- Information/library personnel is a top concept of UNESCO Thesaurus."
http://vocabularies.unesco.org/thesaurus/concept486,Target,Class,journalisme,"In digital humanities, “journalisme” refers to journalism studied, practiced, or augmented with digital methods—e.g., data journalism, computational news analysis, algorithmic/new media reporting, and the scholarly study of news texts, networks, and audiences using digital tools (text mining, NLP, visualization, archiving).","- Broadcasting is related to Journalisme.
- Presse is related to Journalisme.
- UNESCO Thesaurus has top concept Journalisme.
- Ética de la prensa is related to Journalisme.
- Агентства новостей is related to Journalisme.
- تدفق الاخبار is related to Journalisme.
- صحفيون is related to Journalisme.
- Journalisme is related to Broadcasting, Presse, Ética de la prensa, Агентства новостей, تدفق الاخبار, and صحفيون.
- Journalisme is a top concept of UNESCO Thesaurus."
http://vocabularies.unesco.org/thesaurus/concept487,Target,Class,وسائل الإعلام الجماهيرية,"In digital humanities, وسائل الإعلام الجماهيرية refers to mass media channels that reach large audiences—such as television, radio, newspapers, and, in the digital era, social media platforms, news websites, podcasts, and streaming services—studied as cultural, historical, and social data sources (e.g., content, networks, reception) using computational and humanistic methods.","- “Diversidad mediática” is related to “وسائل الإعلام الجماهيرية”.
- “Information media” is related to “وسائل الإعلام الجماهيرية”.
- “Media development” is related to “وسائل الإعلام الجماهيرية”.
- “Medios sociales” is broader than “وسائل الإعلام الجماهيرية”.
- “Presse” is related to “وسائل الإعلام الجماهيرية”.
- “Radio” is related to “وسائل الإعلام الجماهيرية”.
- “Televisión” is related to “وسائل الإعلام الجماهيرية”.
- “UNESCO Thesaurus” has top concept “وسائل الإعلام الجماهيرية”.
- “Массовые коммуникации” is related to “وسائل الإعلام الجماهيرية”.
- “وسائل الإعلام الجماهيرية” has narrower concept “Medios sociales”.
- “وسائل الإعلام الجماهيرية” is related to “Diversidad mediática”.
- “وسائل الإعلام الجماهيرية” is related to “Information media”.
- “وسائل الإعلام الجماهيرية” is related to “Media development”.
- “وسائل الإعلام الجماهيرية” is related to “Presse”.
- “وسائل الإعلام الجماهيرية” is related to “Radio”.
- “وسائل الإعلام الجماهيرية” is related to “Televisión”.
- “وسائل الإعلام الجماهيرية” is related to “concept17017”.
- “وسائل الإعلام الجماهيرية” is related to “concept350”.
- “وسائل الإعلام الجماهيرية” is related to “concept6465”.
- “وسائل الإعلام الجماهيرية” is related to “Массовые коммуникации”.
- “وسائل الإعلام الجماهيرية” is a top concept of “UNESCO Thesaurus”."
http://vocabularies.unesco.org/thesaurus/concept488,Target,Class,presse,"In digital humanities, “Presse” refers to newspapers, journals, and other periodicals, as well as the process of publishing them.","- “Journalisme” is related to “Presse”.
- “Prensa de información diaria” is broader than “Presse”.
- “Prensa periódica” is broader than “Presse”.
- “Publishing industry” is related to “Presse”.
- “UNESCO Thesaurus” has top concept “Presse”.
- “Ética de la prensa” is related to “Presse”.
- “Местная пресса” is broader than “Presse”.
- “Неофициальная пресса” is broader than “Presse”.
- “Сельская пресса” is broader than “Presse”.
- “مجالس الصحافة” is related to “Presse”.
- “وسائل الإعلام الجماهيرية” is related to “Presse”.
- “Presse” has narrower concepts “Prensa de información diaria”, “Prensa periódica”, “Местная пресса”, “Неофициальная пресса”, “Сельская пресса”.
- “Presse” is related to “Journalisme”, “Publishing industry”, “concept4836”, “Ética de la prensa”, “مجالس الصحافة”, “وسائل الإعلام الجماهيرية”.
- “Presse” is a top concept of “UNESCO Thesaurus”."
http://vocabularies.unesco.org/thesaurus/concept4888,Target,Class,data centers,"In digital humanities, “data centres” are organizations that process and provide mainly digital (often numerical) data, usually without added evaluation or analytical interpretation.","- “Centro de intercambio de información” is related to “Data centres”.
- “Service d'information” is related to “Data centres”.
- “نظم المعلومات” has narrower concept “Data centres”.
- “Data centres” has broader concept “نظم المعلومات”.
- “Data centres” is related to “Centro de intercambio de información”.
- “Data centres” is related to “Service d'information”."
http://vocabularies.unesco.org/thesaurus/concept489,Target,Class,publishing industry,"In digital humanities, the publishing industry refers to the ecosystem of organizations, platforms, and practices that produce, disseminate, and preserve scholarly and cultural content in digital forms. It includes academic presses, journals, repositories, and commercial publishers, as well as open-access platforms, born-digital projects, data publications, multimedia editions, and experimental formats. It covers workflows like peer review, metadata creation, licensing (e.g., Creative Commons), versioning, long-term preservation, and metrics/altmetrics—emphasizing accessibility, interoperability, and sustainability of digital scholarship.","- “Industrie des communications” is related to “Publishing industry”.
- “Microphotographie” has broader concept “Publishing industry”.
- “Presse” is related to “Publishing industry”.
- “UNESCO Thesaurus” has top concept “Publishing industry”.
- “Édition” has broader concept “Publishing industry”.
- “Агентства новостей” has broader concept “Publishing industry”.
- “صناعة الكتاب” has broader concept “Publishing industry”.
- “Publishing industry” has narrower concepts “Microphotographie”, “Édition”, “Агентства новостей”, and “صناعة الكتاب”.
- “Publishing industry” is related to “Industrie des communications”, “Presse”, and “concept4347”.
- “Publishing industry” is a top concept of “UNESCO Thesaurus”."
http://vocabularies.unesco.org/thesaurus/concept490,Target,Class,فيديوتكس,"""فيديوتِكس"" (Videotex) في سياق الإنسانيات الرقمية هو نظام مبكّر لنشر المعلومات رقمياً عبر الشبكات قبل الويب، يدمج النص (وأحياناً رسوماً بسيطة) مع واجهة تفاعلية تُعرض على شاشة تلفاز أو حاسوب عبر خطوط الهاتف. استُخدم للأدلة، الفهارس، قواعد البيانات، والخدمات الثقافية/الأكاديمية، ويُعد سلفاً تقنياً للويب والخدمات عبر الإنترنت في نشر المعرفة والوصول التفاعلي للمحتوى.","- “Télématique” is related to “فيديوتكس”.
- “UNESCO Thesaurus” has top concept “فيديوتكس”.
- “Индустрия телекоммуникаций” is related to “فيديوتكس”.
- “تكنولوجيا الاتصالات” is related to “فيديوتكس”.
- “فيديوتكس” is related to “Télématique”.
- “فيديوتكس” is related to “Индустрия телекоммуникаций”.
- “فيديوتكس” is related to “تكنولوجيا الاتصالات”.
- “فيديوتكس” is a top concept of “UNESCO Thesaurus”."
http://vocabularies.unesco.org/thesaurus/concept492,Target,Class,ارشيفات,"In digital humanities, ""أرشيفات"" (arshifāt) means ""archives""—collections of records, documents, images, datasets, or other materials (often digitized) preserved for research and cultural memory.","- “Archive personnel” is related to “ارشيفات”.
- “Archive records” is related to “ارشيفات”.
- “Archivists” is related to “ارشيفات”.
- “Archivología” is related to “ارشيفات”.
- “Archivos gubernamentales” is broader than “ارشيفات”.
- “Archivos nacionales” is broader than “ارشيفات”.
- “Conservación de los registros de archivos” is related to “ارشيفات”.
- “Depósito de archivos” is related to “ارشيفات”.
- “Gestion des archives” is related to “ارشيفات”.
- “History of archives” is related to “ارشيفات”.
- “Instalación de archivos” is related to “ارشيفات”.
- “Public archives” is broader than “ارشيفات”.
- “UNESCO Thesaurus” has top concept “ارشيفات”.
- “Развитие архивов” is related to “ارشيفات”.
- “ادارة السجلات” is related to “ارشيفات”.
- “ارشيفات سمعية بصرية” is broader than “ارشيفات”.
- “نظم المعلومات” is related to “ارشيفات”.
- “ارشيفات” has narrower concepts “Archivos gubernamentales”, “Archivos nacionales”, “Public archives”, “ارشيفات سمعية بصرية”.
- “ارشيفات” is related to “Archive personnel”, “Archive records”, “Archivists”, “Archivología”, “Conservación de los registros de archivos”, “Depósito de archivos”, “Gestion des archives”, “History of archives”, “Instalación de archivos”, “concept2740”, “concept2799”, “Развитие архивов”, “ادارة السجلات”, “نظم المعلومات”.
- “ارشيفات” is a top concept of “UNESCO Thesaurus”."
http://vocabularies.unesco.org/thesaurus/concept493,Target,Class,نظم المعلومات,في سياق الإنسانيات الرقمية، “نُظُم المعلومات” تعني البُنى التقنية والتنظيمية (برمجيات، قواعد بيانات، معايير، عمليات) المصممة لجمع البيانات الإنسانية/الثقافية، تخزينها، تنظيمها، معالجتها، تحليلها، واسترجاعها وعرضها؛ مثل نظم إدارة المستودعات والمحفوظات الرقمية، قواعد بيانات النصوص والتراث، وأدوات الفهرسة والبحث التصوري.,"- “Centro de intercambio de información” is a broader concept of “نظم المعلومات”.
- “Data centres” is a broader concept of “نظم المعلومات”.
- “Information processing” is related to “نظم المعلومات”.
- “Information systems evaluation” is related to “نظم المعلومات”.
- “Information/library networks” is related to “نظم المعلومات”.
- “International information systems” is a broader concept of “نظم المعلومات”.
- “Libraries” is related to “نظم المعلومات”.
- “Management information systems” is a broader concept of “نظم المعلومات”.
- “Service bibliographique” is a broader concept of “نظم المعلومات”.
- “Service d'information” is a broader concept of “نظم المعلومات”.
- “Servicio de referencia” is a broader concept of “نظم المعلومات”.
- “Sistema de información en línea” is a broader concept of “نظم المعلومات”.
- “Sistema de información sobre la administración de la educación” is a broader concept of “نظم المعلومات”.
- “Système d'information intégré” is a broader concept of “نظم المعلومات”.
- “Système d'information juridique” is a broader concept of “نظم المعلومات”.
- “UNESCO Thesaurus” has top concept “نظم المعلومات”.
- “Поиск информации” is related to “نظم المعلومات”.
- “ارشيفات” is related to “نظم المعلومات”.
- “نظم المعلومات العلمية” is a broader concept of “نظم المعلومات”.
- “نظم المعلومات الوطنية” is a broader concept of “نظم المعلومات”.
- “نظم المعلومات” has narrower concept “Centro de intercambio de información”.
- “نظم المعلومات” has narrower concept “Data centres”.
- “نظم المعلومات” has narrower concept “International information systems”.
- “نظم المعلومات” has narrower concept “Management information systems”.
- “نظم المعلومات” has narrower concept “Service bibliographique”.
- “نظم المعلومات” has narrower concept “Service d'information”.
- “نظم المعلومات” has narrower concept “Servicio de referencia”.
- “نظم المعلومات” has narrower concept “Sistema de información en línea”.
- “نظم المعلومات” has narrower concept “Sistema de información sobre la administración de la educación”.
- “نظم المعلومات” has narrower concept “Système d'information intégré”.
- “نظم المعلومات” has narrower concept “Système d'information juridique”.
- “نظم المعلومات” has narrower concept “نظم المعلومات العلمية”.
- “نظم المعلومات” has narrower concept “نظم المعلومات الوطنية”.
- “نظم المعلومات” is related to “Information processing”.
- “نظم المعلومات” is related to “Information systems evaluation”.
- “نظم المعلومات” is related to “Information/library networks”.
- “نظم المعلومات” is related to “Libraries”.
- “نظم المعلومات” is related to “Поиск информации”.
- “نظم المعلومات” is related to “ارشيفات”.
- “نظم المعلومات” is a top concept of “UNESCO Thesaurus”."
http://vocabularies.unesco.org/thesaurus/concept494,Target,Class,informaci n biblioteca instalaci n,"In digital humanities contexts (e.g., project documentation, metadata fields, or grant forms):

- Información/biblioteca: The information resources and library services relevant to the project—e.g., collections used, catalog/metadata standards, access policies, reference support.
- Instalación: The technical infrastructure or “installation” required—e.g., software stack, server setup, repository deployment, storage, preservation systems, and how/where the project is installed and maintained.","- “Instalación de archivos” is a broader concept of “Información/biblioteca, instalación”.
- “UNESCO Thesaurus” has top concept “Información/biblioteca, instalación”.
- “مباني المكتبات” is a broader concept of “Información/biblioteca, instalación”.
- “معدات المعلومات/المكتبات” is a broader concept of “Información/biblioteca, instalación”.
- “موارد المعلومات/المكتبات” is related to “Información/biblioteca, instalación”.
- “Información/biblioteca, instalación” has narrower concepts “Instalación de archivos”, “مباني المكتبات”, and “معدات المعلومات/المكتبات”.
- “Información/biblioteca, instalación” is related to “موارد المعلومات/المكتبات”.
- “Información/biblioteca, instalación” is a top concept of “UNESCO Thesaurus”."
http://vocabularies.unesco.org/thesaurus/concept495,Target,Class,information library networks,"In digital humanities, information/library networks are collaborative systems—technical and institutional—that connect libraries, archives, museums, and research centers to share, standardize, and co-develop digital resources. They enable interoperable metadata, linked data, shared repositories, discovery layers, and services (e.g., digitization, preservation, text/data mining), allowing scholars to access, aggregate, and analyze distributed cultural heritage collections as a unified, networked research infrastructure.","- “International information systems” is related to “Information/library networks”.
- “Libraries” is related to “Information/library networks”.
- “UNESCO Thesaurus” has top concept “Information/library networks”.
- “Поиск информации” is related to “Information/library networks”.
- “نظم المعلومات” is related to “Information/library networks”.
- “Information/library networks” is related to “International information systems”.
- “Information/library networks” is related to “Libraries”.
- “Information/library networks” is related to “Поиск информации”.
- “Information/library networks” is related to “نظم المعلومات”.
- “Information/library networks” is a top concept of “UNESCO Thesaurus”."
http://vocabularies.unesco.org/thesaurus/concept4954,Target,Class,Распознавание знаков,"In digital humanities, “Распознавание знаков” refers to character recognition—i.e., OCR (Optical Character Recognition): the automated process of converting scanned or photographed text (printed or handwritten) into machine-readable text for analysis, search, and digital archiving.","- “Codificación” has narrower concept “Распознавание знаков”.
- “Télédétection” is related to “Распознавание знаков”.
- “Кибернетика” is related to “Распознавание знаков”.
- “Распознавание знаков” has broader concept “Codificación”.
- “Распознавание знаков” is related to “Télédétection”.
- “Распознавание знаков” is related to “Кибернетика”."
http://vocabularies.unesco.org/thesaurus/concept496,Target,Class,libraries,"In digital humanities, “libraries” are institutions and infrastructures that collect, preserve, describe, and provide access to cultural, scholarly, and research materials—now increasingly in digital forms. They:
- Digitize and curate collections (texts, images, audio/visual, datasets)
- Provide metadata, standards, and discovery tools
- Host repositories and digital platforms
- Support data management, preservation, and open access
- Collaborate on DH projects with services like text encoding, OCR, data cleaning, and computational access (APIs)","- “Biblioteca digital” is a broader concept of “Libraries”.
- “Biblioteca escolar” is a broader concept of “Libraries”.
- “Biblioteca institucional” is a broader concept of “Libraries”.
- “Biblioteca pública” is a broader concept of “Libraries”.
- “Biblioteca universitaria” is a broader concept of “Libraries”.
- “Government libraries” is a broader concept of “Libraries”.
- “Information/library networks” is related to “Libraries”.
- “National libraries” is a broader concept of “Libraries”.
- “Servicio de referencia” is related to “Libraries”.
- “UNESCO Thesaurus” has top concept “Libraries”.
- “مصادر المعلومات” is related to “Libraries”.
- “مكتبات الاطفال” is a broader concept of “Libraries”.
- “مكتبات دولية” is a broader concept of “Libraries”.
- “نظم المعلومات” is related to “Libraries”.
- “Libraries” has narrower concept “Biblioteca digital”.
- “Libraries” has narrower concept “Biblioteca escolar”.
- “Libraries” has narrower concept “Biblioteca institucional”.
- “Libraries” has narrower concept “Biblioteca pública”.
- “Libraries” has narrower concept “Biblioteca universitaria”.
- “Libraries” has narrower concept “Government libraries”.
- “Libraries” has narrower concept “National libraries”.
- “Libraries” has narrower concept “مكتبات الاطفال”.
- “Libraries” has narrower concept “مكتبات دولية”.
- “Libraries” is related to “Information/library networks”.
- “Libraries” is related to “Servicio de referencia”.
- “Libraries” is related to “concept98”.
- “Libraries” is related to “مصادر المعلومات”.
- “Libraries” is related to “نظم المعلومات”.
- “Libraries” is a top concept of “UNESCO Thesaurus”."
http://vocabularies.unesco.org/thesaurus/concept497,Target,Class,biblioth que sp cialis e,It means a specialized library: a library primarily serving one discipline or particular field.,"- “Art libraries” is a broader concept of “Bibliothèque spécialisée”.
- “Bibliothèque agricole” is a broader concept of “Bibliothèque spécialisée”.
- “Bibliothèque de recherche” is a broader concept of “Bibliothèque spécialisée”.
- “Business libraries” is a broader concept of “Bibliothèque spécialisée”.
- “Medical libraries” is a broader concept of “Bibliothèque spécialisée”.
- “Service d'information” is related to “Bibliothèque spécialisée”.
- “UNESCO Thesaurus” has top concept “Bibliothèque spécialisée”.
- “Библиотеки звукозаписей” is a broader concept of “Bibliothèque spécialisée”.
- “Газетные библиотеки” is a broader concept of “Bibliothèque spécialisée”.
- “Юридические библиотеки” is a broader concept of “Bibliothèque spécialisée”.
- “مكتبات الافلام” is a broader concept of “Bibliothèque spécialisée”.
- “مكتبات صناعية” is a broader concept of “Bibliothèque spécialisée”.
- “Bibliothèque spécialisée” has narrower concepts: “Art libraries”, “Bibliothèque agricole”, “Bibliothèque de recherche”, “Business libraries”, “Medical libraries”, “Библиотеки звукозаписей”, “Газетные библиотеки”, “Юридические библиотеки”, “مكتبات الافلام”, “مكتبات صناعية”.
- “Bibliothèque spécialisée” is related to “Service d'information”.
- “Bibliothèque spécialisée” is a top concept of “UNESCO Thesaurus”."
http://vocabularies.unesco.org/thesaurus/concept500,Target,Class,كتب,"In a digital humanities context, كتب (kutub) is Arabic for “books.” It can refer to digitized book collections, book metadata, or corpora of texts used for computational analysis.","- Albums is a broader concept of كتب.
- Art books is a broader concept of كتب.
- Documento de reunión is a broader concept of كتب.
- ISBN is related to كتب.
- Libro para niños is a broader concept of كتب.
- Livre rare is a broader concept of كتب.
- Manuel is a broader concept of كتب.
- Reference materials is a broader concept of كتب.
- UNESCO Thesaurus has top concept كتب.
- Атласы is a broader concept of كتب.
- Монографии is related to كتب.
- كتب has narrower concept Albums.
- كتب has narrower concept Art books.
- كتب has narrower concept Documento de reunión.
- كتب has narrower concept Libro para niños.
- كتب has narrower concept Livre rare.
- كتب has narrower concept Manuel.
- كتب has narrower concept Reference materials.
- كتب has narrower concept Атласы.
- كتب is related to ISBN.
- كتب is related to Монографии.
- كتب is a top concept of UNESCO Thesaurus."
http://vocabularies.unesco.org/thesaurus/concept501,Target,Class,databases,"In digital humanities, a database is a structured collection of digitized humanities data—such as texts, images, metadata, annotations, and relationships—organized to enable efficient storage, querying, analysis, and visualization. It underpins tasks like corpus management, thematic tagging, prosopography, GIS mapping, and network analysis, supporting reproducible, scalable research.","- “Base de datos bibliográfica” is a broader concept of “Databases”.
- “Nonbook materials” is related to “Databases”.
- “UNESCO Thesaurus” has top concept “Databases”.
- “Машиночитаемые материалы” is related to “Databases”.
- “Организация файлов” is related to “Databases”.
- “Поиск информации” is related to “Databases”.
- “Полнотекстовые базы данных” is a broader concept of “Databases”.
- “كشافات” is related to “Databases”.
- “Databases” has narrower concept “Base de datos bibliográfica”.
- “Databases” has narrower concept “Полнотекстовые базы данных”.
- “Databases” is related to “Nonbook materials”.
- “Databases” is related to “Машиночитаемые материалы”.
- “Databases” is related to “Организация файлов”.
- “Databases” is related to “Поиск информации”.
- “Databases” is related to “كشافات”.
- “Databases” is a top concept of “UNESCO Thesaurus”."
http://vocabularies.unesco.org/thesaurus/concept502,Target,Class,Документы,"In the context of digital humanities, “Документы” (Russian) means “Documents” — digital or digitized records (texts, images, audiovisual files, metadata) used as primary sources or research materials.","- “Manuscripts” is a broader concept of “Документы”.
- “Nonbook materials” is a broader concept of “Документы”.
- “Primary documents” is a broader concept of “Документы”.
- “UNESCO Thesaurus” has top concept “Документы”.
- “Материалы в книжной форме” is a broader concept of “Документы”.
- “Машиночитаемые материалы” is a broader concept of “Документы”.
- “Монографии” is a broader concept of “Документы”.
- “Переводы” is a broader concept of “Документы”.
- “مطبوعات رسمية” is a broader concept of “Документы”.
- “Документы” has narrower concepts: “Manuscripts”, “Nonbook materials”, “Primary documents”, “Материалы в книжной форме”, “Машиночитаемые материалы”, “Монографии”, “Переводы”, “مطبوعات رسمية”.
- “Документы” is related to “concept2782” and “concept2783”.
- “Документы” is a top concept of “UNESCO Thesaurus”."
http://vocabularies.unesco.org/thesaurus/concept503,Target,Class,مصادر المعلومات,"في سياق الإنسانيات الرقمية، “مصادر المعلومات” تعني الأوعية والقنوات التي تُنتَج وتُحفظ وتُتداول عبرها البيانات والمعرفة ذات الصلة بالدراسات الإنسانية، وتشمل:
- مصادر أولية رقمية: مخطوطات وصور عالية الدقة، نصوص مُرقمنة، تسجيلات صوتية/فيديو، قواعد بيانات أرشيفية.
- مصادر ثانوية: مقالات ودراسات محكّمة، كتب إلكترونية، مراجعات أدبية، ميتاداتا منظّمة.
- مستودعات وأدوات: مكتبات رقمية، أرشيفات مفتوحة، كتالوجات وفهارس، واجهات برمجة تطبيقات (APIs)، منصات ترميز النص (مثل TEI)، ومستودعات البيانات البحثية.","- “Guides to information sources” is related to “مصادر المعلومات”.
- “Libraries” is related to “مصادر المعلومات”.
- “Recueil de données” is related to “مصادر المعلومات”.
- “UNESCO Thesaurus” has top concept “مصادر المعلومات”.
- “Ética de la prensa” is related to “مصادر المعلومات”.
- “Передача информации” is related to “مصادر المعلومات”.
- “مصادر المعلومات” is related to “Guides to information sources”.
- “مصادر المعلومات” is related to “Libraries”.
- “مصادر المعلومات” is related to “Recueil de données”.
- “مصادر المعلومات” is related to “concept98”.
- “مصادر المعلومات” is related to “Ética de la prensa”.
- “مصادر المعلومات” is related to “Передача информации”.
- “مصادر المعلومات” is a top concept of “UNESCO Thesaurus”."
http://vocabularies.unesco.org/thesaurus/concept504,Target,Class,periodicals,"In digital humanities, “periodicals” are serial publications—such as journals, magazines, newspapers, or newsletters—issued at regular intervals. Scholars analyze digitized periodicals to study trends over time (language, themes, readership, culture), build searchable corpora, apply text mining and OCR, and examine publication networks, authorship, and reception across historical periods.","- Annuaire is a broader concept of Periodicals. → Annuaire has broader concept Periodicals.
- Calendars has broader concept Periodicals.
- Newsletters has broader concept Periodicals.
- Newspapers has broader concept Periodicals.
- Periodical circulation is related to Periodicals.
- Prensa periódica is related to Periodicals.
- Primary documents is related to Periodicals.
- Publicación seriada is related to Periodicals.
- UNESCO Thesaurus has top concept Periodicals.
- كشافات is related to Periodicals.
- Periodicals has narrower concept Annuaire.
- Periodicals has narrower concept Calendars.
- Periodicals has narrower concept Newsletters.
- Periodicals has narrower concept Newspapers.
- Periodicals is related to Periodical circulation.
- Periodicals is related to Prensa periódica.
- Periodicals is related to Primary documents.
- Periodicals is related to Publicación seriada.
- Periodicals is related to كشافات.
- Periodicals is a top concept of UNESCO Thesaurus."
http://vocabularies.unesco.org/thesaurus/concept505,Target,Class,enregistrement,"In digital humanities, “enregistrement” (French) typically means “record” or “recording,” i.e., the act or result of capturing, saving, or registering data. It can refer to:
- The process of saving data in a database or repository.
- A discrete database entry (a record) in a dataset or metadata schema.
- An audio/video recording as a digital object.","- Nonbook materials is related to Enregistrement.
- Recording equipment is related to Enregistrement.
- Enregistrement is a top concept of UNESCO Thesaurus.
- Звукозаписи is broader than Enregistrement.
- مواد سمعية بصرية is broader than Enregistrement.
- Enregistrement has narrower concept Звукозаписи.
- Enregistrement has narrower concept مواد سمعية بصرية.
- Enregistrement is related to Nonbook materials.
- Enregistrement is related to Recording equipment.
- Enregistrement is a top concept of UNESCO Thesaurus."
http://vocabularies.unesco.org/thesaurus/concept506,Target,Class,وثائق ثانوية,الوثائق الثانوية: هي مستندات تحتوي على بيانات أو معلومات عن الوثائق الأساسية (الأولية)، كالمراجعات، الفهارس، الببليوغرافيات، التحليلات أو الملخصات التي تصف أو تفسر الوثائق الأولية في الإنسانيات الرقمية.,"- “Citation” is a broader concept of “وثائق ثانوية”.
- “Inventories” is a broader concept of “وثائق ثانوية”.
- “Lista de adquisiciones” is a broader concept of “وثائق ثانوية”.
- “Nonbook materials” is related to “وثائق ثانوية”.
- “Revue bibliographique” is a broader concept of “وثائق ثانوية”.
- “UNESCO Thesaurus” has top concept “وثائق ثانوية”.
- “Адресные справочники” is a broader concept of “وثائق ثانوية”.
- “Антологии” is a broader concept of “وثائق ثانوية”.
- “Библиографии” is a broader concept of “وثائق ثانوية”.
- “Материалы в книжной форме” is related to “وثائق ثانوية”.
- “سجلات البحوث” is a broader concept of “وثائق ثانوية”.
- “فهارس” is a broader concept of “وثائق ثانوية”.
- “كشافات” is a broader concept of “وثائق ثانوية”.
- “مراجعات الادبيات” is a broader concept of “وثائق ثانوية”.
- “وثائق ثانوية” has narrower concepts “Citation”, “Inventories”, “Lista de adquisiciones”, “Revue bibliographique”, “Адресные справочники”, “Антологии”, “Библиографии”, “سجلات البحوث”, “فهارس”, “كشافات”, “مراجعات الادبيات”.
- “وثائق ثانوية” is related to “Nonbook materials”, “concept4209”, “Материалы в книжной форме”.
- “وثائق ثانوية” is a top concept of “UNESCO Thesaurus”."
http://vocabularies.unesco.org/thesaurus/concept507,Target,Class,publicaci n seriada,"Publicación seriada: Publicación que aparece en partes separadas y sucesivas, con formato uniforme y un título fijo, destinada a continuar a largo plazo (por tiempo indefinido).","- Annuaire is related to Publicación seriada.
- Calendars is related to Publicación seriada.
- Newspapers is related to Publicación seriada.
- Periodicals is related to Publicación seriada.
- Primary documents is related to Publicación seriada.
- Standards is broader than Publicación seriada.
- UNESCO Thesaurus has top concept Publicación seriada.
- تدوب is related to Publicación seriada.
- ردمد is related to Publicación seriada.
- Publicación seriada has narrower concept Standards.
- Publicación seriada is related to Annuaire.
- Publicación seriada is related to Calendars.
- Publicación seriada is related to Newspapers.
- Publicación seriada is related to Periodicals.
- Publicación seriada is related to Primary documents.
- Publicación seriada is related to تدوب.
- Publicación seriada is related to ردمد.
- Publicación seriada is a top concept of UNESCO Thesaurus."
http://vocabularies.unesco.org/thesaurus/concept508,Target,Class,Наглядные материалы,"“Наглядные материалы” in a digital humanities context means visual/illustrative materials used to present, explain, or analyze data, sources, or findings—e.g., charts, maps, infographics, timelines, network graphs, annotated images, dashboards, and other visualizations.","- “Dessins” is a broader concept of “Наглядные материалы”.
- “Film fixe” is related to “Наглядные материалы”.
- “Maps” is a broader concept of “Наглядные материалы”.
- “Nonbook materials” is related to “Наглядные материалы”.
- “Posters” is a broader concept of “Наглядные материалы”.
- “UNESCO Thesaurus” has top concept “Наглядные материалы”.
- “Иллюстрации” is a broader concept of “Наглядные материалы”.
- “Микроформы” is related to “Наглядные материалы”.
- “رسوم بيانية” is a broader concept of “Наглядные материалы”.
- “صور فوتوغرافية” is a broader concept of “Наглядные материалы”.
- “مواد سمعية بصرية” is related to “Наглядные материалы”.
- “Наглядные материалы” has narrower concepts: “Dessins”, “Maps”, “Posters”, “Иллюстрации”, “رسوم بيانية”, “صور فوتографии”.
- “Наглядные материалы” is related to “Film fixe”, “Nonbook materials”, “concept2783”, “Микроформы”, “مواد سمعية بصرية”.
- “Наглядные материалы” is a top concept of “UNESCO Thesaurus”."
http://vocabularies.unesco.org/thesaurus/concept511,Target,Class,acquisitions,"In digital humanities, “acquisitions” refers to the processes of identifying, selecting, and obtaining materials—born-digital or digitized (e.g., datasets, images, texts, audiovisual files, software, web archives)—for inclusion in a collection, repository, or project. It can involve licensing or rights clearance, web harvesting, data purchase or donation, and ensuring materials are suitable (format, metadata, provenance) for long-term preservation and access.","- Bon UNESCO is a broader concept of Acquisitions.
- Information processing is related to Acquisitions.
- Lista de adquisiciones is related to Acquisitions.
- Selección de libros is a broader concept of Acquisitions.
- UNESCO Thesaurus has top concept Acquisitions.
- مجموعات المكتبات is related to Acquisitions.
- Acquisitions has narrower concepts Bon UNESCO; Selección de libros.
- Acquisitions is related to Information processing; Lista de adquisiciones; مجموعات المكتبات.
- Acquisitions is a top concept of UNESCO Thesaurus."
http://vocabularies.unesco.org/thesaurus/concept512,Target,Class,information dissemination,"Information dissemination (in digital humanities): the supply or provision of information or records from a storage point (e.g., repositories, databases, archives) to individuals or organizations.","- “Difusión de conocimientos” is broader term of “Information dissemination”.
- “Difusión selectiva de información” is broader term of “Information dissemination”.
- “Document delivery” is related term of “Information dissemination”.
- “Información pública” is related term of “Information dissemination”.
- “Information et développement” is related term of “Information dissemination”.
- “Information processing” is related term of “Information dissemination”.
- “Intercambio de información” is related term of “Information dissemination”.
- “International circulation of materials” is broader term of “Information dissemination”.
- “UNESCO Thesaurus” has top concept “Information dissemination”.
- “Передача информации” is related term of “Information dissemination”.
- “Распространение книг” is broader term of “Information dissemination”.
- “معلومات علمية” is related term of “Information dissemination”.
- “Information dissemination” has narrower term “Difusión de conocimientos”.
- “Information dissemination” has narrower term “Difusión selectiva de información”.
- “Information dissemination” has narrower term “International circulation of materials”.
- “Information dissemination” has narrower term “Распространение книг”.
- “Information dissemination” is related term of “Document delivery”.
- “Information dissemination” is related term of “Información pública”.
- “Information dissemination” is related term of “Information et développement”.
- “Information dissemination” is related term of “Information processing”.
- “Information dissemination” is related term of “Intercambio de información”.
- “Information dissemination” is related term of “concept5873”.
- “Information dissemination” is related term of “concept6968”.
- “Information dissemination” is related term of “Передача информации”.
- “Information dissemination” is related term of “معلومات علمية”.
- “Information dissemination” is top concept of “UNESCO Thesaurus”."
http://vocabularies.unesco.org/thesaurus/concept513,Target,Class,information processing,"Information processing in digital humanities: the storage and processing of items (units) of information.  
Also expressed as:  
- Stockage et traitement d'éléments d'information.  
- Хранение и обработка информационных единиц.  
- Almacenamiento y tratamiento de unidades de información.  
- تخزين ومعالجة مواد المعلومات.","- “Acquisitions” is related to “Information processing”.
- “Análisis documental” is broader than “Information processing”.
- “Catalogage” is broader than “Information processing”.
- “Documentación” is related to “Information processing”.
- “Information dissemination” is related to “Information processing”.
- “UNESCO Thesaurus” has top concept “Information processing”.
- “Поиск информации” is related to “Information processing”.
- “معالجة البيانات” is related to “Information processing”.
- “نظم المعلومات” is related to “Information processing”.
- “Information processing” has narrower concept “Análisis documental”.
- “Information processing” has narrower concept “Catalogage”.
- “Information processing” is related to “Acquisitions”.
- “Information processing” is related to “Documentación”.
- “Information processing” is related to “Information dissemination”.
- “Information processing” is related to “concept10614”.
- “Information processing” is related to “Поиск информации”.
- “Information processing” is related to “معالجة البيانات”.
- “Information processing” is related to “نظم المعلومات”.
- “Information processing” is a top concept of “UNESCO Thesaurus”."
http://vocabularies.unesco.org/thesaurus/concept514,Target,Class,Поиск информации,"“Поиск информации” (Russian) means “information retrieval” in the context of digital humanities—i.e., the processes, methods, and tools for finding, accessing, and retrieving relevant digital sources (texts, images, data) from databases, archives, and the web.","- “Databases” is related to “Поиск информации”.
- “Information processing” is related to “Поиск информации”.
- “Information systems evaluation” is related to “Поиск информации”.
- “Information/library networks” is related to “Поиск информации”.
- “Langage d'indexation” is related to “Поиск информации”.
- “Online searching” is broader than “Поиск информации”.
- “Servicio de referencia” is related to “Поиск информации”.
- “UNESCO Thesaurus” has top concept “Поиск информации”.
- “تجميع الببليوجرافيات” is related to “Поиск информации”.
- “نظم المعلومات” is related to “Поиск информации”.
- “Поиск информации” has narrower concept “Online searching”.
- “Поиск информации” is related to “Databases”, “Information processing”, “Information systems evaluation”, “Information/library networks”, “Langage d'indexation”, “Servicio de referencia”, “تجميع الببليوجرافيات”, “نظم المعلومات”.
- “Поиск информации” is a top concept of “UNESCO Thesaurus”."
http://vocabularies.unesco.org/thesaurus/concept515,Target,Class,servicio de pr stamo bibliotecario,"It means “lending to users the requested documents” — i.e., the library loan service that temporarily provides requested materials to users.","- “Document delivery” is related to “Servicio de préstamo bibliotecario”.
- “Periodical circulation” is a broader concept of “Servicio de préstamo bibliotecario”.
- “UNESCO Thesaurus” has top concept “Servicio de préstamo bibliotecario”.
- “اعارة بين المكتبات” is a broader concept of “Servicio de préstamo bibliotecario”.
- “Servicio de préstamo bibliotecario” has narrower concepts “Periodical circulation” and “اعارة بين المكتبات”.
- “Servicio de préstamo bibliotecario” is related to “Document delivery”.
- “Servicio de préstamo bibliotecario” is a top concept of “UNESCO Thesaurus”."
http://vocabularies.unesco.org/thesaurus/concept516,Target,Class,ادارة السجلات,إدارة السجلات: المجال الإداري الذي يهتم بتحقيق الاقتصاد والكفاءة في إنشاء السجلات واستخدامها وصيانتها والتصرف فيها.,"- “Archive records” is related to “ادارة السجلات”.
- “Conservación de los registros de archivos” is broader than “ادارة السجلات”.
- “Gestion de bureau” is related to “ادارة السجلات”.
- “Records appraisal” is broader than “ادارة السجلات”.
- “Service de bureau” is related to “ادارة السجلات”.
- “UNESCO Thesaurus” has top concept “ادارة السجلات”.
- “ارشيفات” is related to “ادارة السجلات”.
- “ادارة السجلات” has narrower concepts “Conservación de los registros de archivos” and “Records appraisal”.
- “ادارة السجلات” is related to “Archive records”, “Gestion de bureau”, “Service de bureau”, and “ارشيفات”.
- “ادارة السجلات” is a top concept of “UNESCO Thesaurus”."
http://vocabularies.unesco.org/thesaurus/concept519,Target,Class,technologie de radiodiffusion,"In digital humanities, “Technologie de radiodiffusion” refers to broadcast technologies—systems and standards for transmitting audio/video to mass audiences (e.g., radio, television, digital/streaming broadcasts). In DH, it’s studied as media infrastructure shaping cultural production, distribution, reception, and archives (e.g., analysis of radio/TV histories, metadata, digitization, preservation, and computational study of broadcast content).","- “Broadcasting” is related to “Technologie de radiodiffusion”.
- “Technologie de la télévision” is broader than “Technologie de radiodiffusion”.
- “UNESCO Thesaurus” has top concept “Technologie de radiodiffusion”.
- “Радиотехника” is broader than “Technologie de radiodiffusion”.
- “انتاج اذاعي” is related to “Technologie de radiodiffusion”.
- “بث فضائي” is broader than “Technologie de radiodiffusion”.
- “تلفزيون كابلي” is broader than “Technologie de radiodiffusion”.
- “معدات البث” is related to “Technologie de radiodiffusion”.
- “Technologie de radiodiffusion” has narrower concepts “Technologie de la télévision”, “Радиотехника”, “بث فضائي”, “تلفزيون كابلي”.
- “Technologie de radiodiffusion” is related to “Broadcasting”, “انتاج اذاعي”, “معدات البث”.
- “Technologie de radiodiffusion” is a top concept of “UNESCO Thesaurus”."
http://vocabularies.unesco.org/thesaurus/concept520,Target,Class,computer applications,"In digital humanities, “computer applications” refers to specific software tools and systems used to support humanities research and practice. More specific terms are preferable, such as:

- Text analysis/mining tools (e.g., Voyant, AntConc)
- NLP/linguistic tools (e.g., spaCy, NLTK, TreeTagger)
- Data cleaning/wrangling (e.g., OpenRefine)
- Databases and querying (e.g., SQL, Neo4j)
- GIS and spatial analysis (e.g., QGIS, ArcGIS)
- Network analysis (e.g., Gephi, Cytoscape)
- Visualization (e.g., Tableau, D3.js)
- Digital editions/TEI tools (e.g., oXygen XML, TEI Publisher)
- OCR/HTR (e.g., Tesseract, Transkribus)
- Reproducible research (e.g., Jupyter, RStudio)
- Web publishing (e.g., Omeka, Scalar, WordPress)
- Preservation/repository tools (e.g., Archivematica, Fedora)","- “Automatic indexing” is related to “Computer applications”.
- “Computer aided manufacturing” is a broader concept of “Computer applications”.
- “Geographical information systems” is related to “Computer applications”.
- “Informatique et développement” is related to “Computer applications”.
- “Informática” is related to “Computer applications”.
- “Office automation” is a broader concept of “Computer applications”.
- “Online searching” is related to “Computer applications”.
- “Red informática” is related to “Computer applications”.
- “Télématique” is related to “Computer applications”.
- “UNESCO Thesaurus” has top concept “Computer applications”.
- “Édition électronique” is related to “Computer applications”.
- “Видеоигры” is a broader concept of “Computer applications”.
- “Вычислительная лингвистика” is a broader concept of “Computer applications”.
- “Искусственный интеллект” is a broader concept of “Computer applications”.
- “Машиночитаемые материалы” is related to “Computer applications”.
- “Фотонабор” is related to “Computer applications”.
- “اتمتة المكتبات” is a broader concept of “Computer applications”.
- “تحليل آلي للنص” is related to “Computer applications”.
- “تشغيل آلي للارشيفات” is a broader concept of “Computer applications”.
- “تصميم بمساعدة الحاسب” is a broader concept of “Computer applications”.
- “حواسيب” is related to “Computer applications”.
- “رسومات الحاسب” is a broader concept of “Computer applications”.
- “Computer applications” has narrower concepts “Computer aided manufacturing”, “Office automation”, “Видеоигры”, “Вычислительная лингвистика”, “Искусственный интеллект”, “اتمتة المكتبات”, “تشغيل آلي للارشيفات”, “تصميم بمساعدة الحاسب”, “رسومات الحاسب”.
- “Computer applications” is related to “Automatic indexing”, “Geographical information systems”, “Informatique et développement”, “Informática”, “Online searching”, “Red informática”, “Télématique”, “concept3401”, “concept6018”, “concept6020”, “Édition électronique”, “Машиночитаемые материалы”, “Фотонабор”, “تحليل آلي للنص”, “حواسيب”.
- “Computer applications” is a top concept of “UNESCO Thesaurus”."
http://vocabularies.unesco.org/thesaurus/concept521,Target,Class,computer programming,"In digital humanities, computer programming is the practice of writing code to process, analyze, and present humanistic data—such as texts, images, maps, and audiovisual materials—so scholars can ask and answer research questions at scale. It enables tasks like text mining, network analysis, spatial humanities (GIS), data cleaning, visualization, and building tools or digital editions, translating humanistic inquiry into computational workflows.","- Computer languages is a broader concept of Computer programming.
- Informática is related to Computer programming.
- Logiciel is a broader concept of Computer programming.
- Multiuser systems is a broader concept of Computer programming.
- Online systems is a broader concept of Computer programming.
- Téléconférence is related to Computer programming.
- UNESCO Thesaurus has top concept Computer programming.
- Организация файлов is a broader concept of Computer programming.
- حواسيب is related to Computer programming.
- نظم خبيرة is related to Computer programming.
- Computer programming has narrower concepts: Computer languages; Logiciel; Multiuser systems; Online systems; Организация файлов.
- Computer programming is related to: Informática; Téléconférence; concept2024; حواسيب; نظم خبيرة.
- Computer programming is a top concept of UNESCO Thesaurus."
http://vocabularies.unesco.org/thesaurus/concept522,Target,Class,معالجة البيانات,المعنى: التعامل المنهجي مع البيانات، بما يشمل التلاعب بها وحسابها، ويتم ذلك دائمًا باستخدام الحاسوب. لا تخلطها مع “معالجة المعلومات”.,"- “Análisis de datos” is a broader concept of “معالجة البيانات”.
- “Codificación” is a broader concept of “معالجة البيانات”.
- “Information processing” is related to “معالجة البيانات”.
- “Informática” is related to “معالجة البيانات”.
- “Intercambio de datos” is a broader concept of “معالجة البيانات”.
- “Recueil de données” is a broader concept of “معالجة البيانات”.
- “Transmission des données” is related to “معالجة البيانات”.
- “UNESCO Thesaurus” has top concept “معالجة البيانات”.
- “Word processing” is related to “معالجة البيانات”.
- “حواسيب” is related to “معالجة البيانات”.
- “رقمنة” is a broader concept of “معالجة البيانات”.
- “معالجة البيانات” has narrower concept “Análisis de datos”.
- “معالجة البيانات” has narrower concept “Codificación”.
- “معالجة البيانات” has narrower concept “Intercambio de datos”.
- “معالجة البيانات” has narrower concept “Recueil de données”.
- “معالجة البيانات” has narrower concept “رقمنة”.
- “معالجة البيانات” is related to “Information processing”.
- “معالجة البيانات” is related to “Informática”.
- “معالجة البيانات” is related to “Transmission des données”.
- “معالجة البيانات” is related to “Word processing”.
- “معالجة البيانات” is related to “concept2076”.
- “معالجة البيانات” is related to “حواسيب”.
- “معالجة البيانات” is a top concept of “UNESCO Thesaurus”."
http://vocabularies.unesco.org/thesaurus/concept523,Target,Class,Информационная технология,"Информационная технология: совокупность методов, средств и процессов для хранения, обработки и распространения информации, включая технологии управления базами данных и распределения информации (системы телеобработки, сети терминалов, системы видеотекса, микрография и т.д.) в контексте цифровых гуманитарных наук.","- “Sciences de l'information” is related to “Информационная технология”.
- “Télématique” is broader than “Информационная технология”.
- “UNESCO Thesaurus” has top concept “Информационная технология”.
- “Équipement de télécommunications” is related to “Информационная технология”.
- “Микроформы” is related to “Информационная технология”.
- “Передача информации” is related to “Информационная технология”.
- “اتصالات سلكية ولاسلكية” is related to “Информационная технология”.
- “تكنولوجيا الاتصالات” is broader than “Информационная технология”.
- “Информационная технология” has narrower concept “Télématique”.
- “Информационная технология” has narrower concept “تكنولوجيا الاتصالات”.
- “Информационная технология” is related to “Sciences de l'information”.
- “Информационная технология” is related to “concept10614”.
- “Информационная технология” is related to “concept16994”.
- “Информационная технология” is related to “concept17004”.
- “Информационная технология” is related to “concept9548”.
- “Информационная технология” is related to “concept97”.
- “Информационная технология” is related to “Équipement de télécommunications”.
- “Информационная технология” is related to “Микроформы”.
- “Информационная технология” is related to “Передача информации”.
- “Информационная технология” is related to “اتصالات سلكية ولاسلكية”.
- “Информационная технология” is a top concept of “UNESCO Thesaurus”."
http://vocabularies.unesco.org/thesaurus/concept524,Target,Class,service de bureau,"In digital humanities, “Service de bureau” (French) typically refers to office/desktop services—i.e., the suite of office productivity tools and support (word processing, spreadsheets, presentations, email, file management) used for everyday scholarly and administrative work, as opposed to specialized research infrastructures or data services.","- “Gestion de bureau” is a broader concept of “Service de bureau”.
- “Service de bureau” is a top concept in “UNESCO Thesaurus”.
- “Офисное оборудование” is related to “Service de bureau”.
- “Репрография” is related to “Service de bureau”.
- “ادارة السجلات” is related to “Service de bureau”.
- “Service de bureau” has the narrower concept “Gestion de bureau”.
- “Service de bureau” is related to “concept14748”.
- “Service de bureau” is related to “concept9624”.
- “Service de bureau” is related to “Офисное оборудование”.
- “Service de bureau” is related to “Репрография”.
- “Service de bureau” is related to “ادارة السجلات”.
- “Service de bureau” is a top concept of “UNESCO Thesaurus”."
http://vocabularies.unesco.org/thesaurus/concept5242,Target,Class,circuito electr nico,"In digital humanities, “circuito electrónico” (Spanish) typically refers to an electronic circuit—the arrangement of electronic components (e.g., resistors, capacitors, transistors, integrated chips) connected to process, transmit, or store electrical signals. In DH contexts, it can denote the hardware layer enabling computation and media: the physical basis of digital devices used for text analysis, digitization, sensing, or interactive installations.","- “Circuit intégré” is a broader term of “Circuito electrónico”.
- “Laser” is related to “Circuito electrónico”.
- “اشباه الموصلات” is related to “Circuito electrónico”.
- “معالجات دقيقة” is related to “Circuito electrónico”.
- “معدات الكترونية” is a narrower term of “Circuito الإلكتروني”.
- “Circuito electrónico” is a broader term of “معدات الكترونية”.
- “Circuito electrónico” is a narrower term of “Circuit intégré”.
- “Circuito electrónico” is related to “Laser”.
- “Circuito الإلكتروني” is related to “اشباه الموصلات”.
- “Circuito الإلكتروني” is related to “معالجات دقيقة”."
http://vocabularies.unesco.org/thesaurus/concept5244,Target,Class,circuit int gr,"In digital humanities, “circuit intégré” (French for “integrated circuit,” IC) refers to a microelectronic chip that contains multiple electronic components (transistors, resistors, etc.) on a single semiconductor substrate. It’s the foundational hardware enabling modern computing—thus underpinning the tools, platforms, and large-scale data processing used in digital humanities research.","- “Circuito electrónico” has narrower concept “Circuit intégré”.
- “اشباه الموصلات” is related to “Circuit intégré”.
- “Circuit intégré” has broader concept “Circuito electrónico”.
- “Circuit intégré” is related to “اشباه الموصلات”."
http://vocabularies.unesco.org/thesaurus/concept5249,Target,Class,periodical circulation,"In digital humanities, periodical circulation refers to how serial publications (e.g., newspapers, magazines, journals) move through networks over time—how issues are produced, distributed, accessed, remixed, and referenced across audiences, platforms, and regions. It encompasses tracking and analyzing patterns of publication, readership, reprinting, citation, and digitization/metadata flows to study the social, cultural, and material life of periodicals.","- “Document delivery” is related to “Periodical circulation”.
- “Periodicals” is related to “Periodical circulation”.
- “Servicio de préstamo bibliotecario” has narrower concept “Periodical circulation”.
- “Periodical circulation” has broader concept “Servicio de préstamo bibliotecario”.
- “Periodical circulation” is related to “Document delivery”.
- “Periodical circulation” is related to “Periodicals”."
http://vocabularies.unesco.org/thesaurus/concept525,Target,Class,impresi n,"In digital humanities, “impresión” typically refers to the act or output of printing (e.g., producing a physical print of a digital text, image, or artifact). It can also mean the visual rendering of a digital document on screen or in PDF—how it appears when formatted for print or display.","- “Microphotographie” is related to “Impresión”.
- “Printing methods” is broader than “Impresión”.
- “UNESCO Thesaurus” has top concept “Impresión”.
- “Édition” is related to “Impresión”.
- “Репрография” is related to “Impresión”.
- “وسائط الإعلام المطبوعة” is related to “Impresión”.
- “Impresión” has narrower concept “Printing methods”.
- “Impresión” is related to “Microphotographie”.
- “Impresión” is related to “concept343”.
- “Impresión” is related to “Édition”.
- “Impresión” is related to “Репрография”.
- “Impresión” is related to “وسائط الإعلام المطبوعة”.
- “Impresión” is a top concept of “UNESCO Thesaurus”."
http://vocabularies.unesco.org/thesaurus/concept5256,Target,Class,تدفق الاخبار,"In digital humanities, ""تدفق الأخبار"" (news flow) refers to the continuous, time-ordered stream of news items as they are produced, distributed, and circulated across platforms. It often involves analyzing volume, velocity, sources, topics, sentiments, and network pathways of news dissemination to study patterns, influence, and information dynamics.","- “Informations radiophoniques” is related to “تدفق الاخبار”.
- “Journalisme” is related to “تدفق الاخبار”.
- “Telediario” is related to “تدفق الاخبار”.
- “Агентства новостей” is related to “تدفق الاخبار”.
- “Передача информации” has narrower concept “تدفق الاخبار”.
- “تدفق الاخبار” has broader concept “Передача информации”.
- “تدفق الاخبار” is related to “Informations radiophoniques”.
- “تدفق الاخبار” is related to “Journalisme”.
- “تدفق الاخبار” is related to “Telediario”.
- “تدفق الاخبار” is related to “concept1154”.
- “تدفق الاخبار” is related to “Агентства новостей”."
http://vocabularies.unesco.org/thesaurus/concept5258,Target,Class,prensa de informaci n diaria,"In digital humanities, “Prensa de información diaria” refers to daily news press—periodicals (newspapers or daily news outlets) that publish general current-affairs information every day. It’s a category of sources used for analysis (e.g., text mining, discourse, sentiment, or historical media studies).","- “Chiffres de tirage” is related to “Prensa de información diaria”.
- “Newspapers” is related to “Prensa de información diaria”.
- “Prensa periódica” is related to “Prensa de información diaria”.
- “Press cuttings” is broader than “Prensa de información diaria”.
- “Presse” is narrower than “Prensa de información diaria”.
- “Агентства новостей” is related to “Prensa de información diaria”.
- “Неофициальная пресса” is related to “Prensa de información diaria”.
- “تحرير” is related to “Prensa de información diaria”.
- “Prensa de información diaria” is broader than “Presse”.
- “Prensa de información diaria” is narrower than “Press cuttings”.
- “Prensa de información diaria” is related to “Chiffres de tirage”.
- “Prensa de información diaria” is related to “Newspapers”.
- “Prensa de información diaria” is related to “Prensa periódica”.
- “Prensa de información diaria” is related to “Агентства новостей”.
- “Prensa de información diaria” is related to “Неофициальная пресса”.
- “Prensa de información diaria” is related to “تحرير”."
http://vocabularies.unesco.org/thesaurus/concept5259,Target,Class,prensa peri dica,"In digital humanities, “prensa periódica” refers to periodical press—serial publications like newspapers, magazines, and journals—studied as digitized corpora for analysis (e.g., text mining, topic modeling, metadata analysis, historical discourse and reception studies).","- “Chiffres de tirage” is related to “Prensa periódica”.
- “Periodicals” is related to “Prensa periódica”.
- “Prensa de información diaria” is related to “Prensa periódica”.
- “Presse” has narrower concept “Prensa periódica”.
- “Неофициальная пресса” is related to “Prensa periódica”.
- “Prensa periódica” is broader concept of “Presse”.
- “Prensa periódica” is related to “Chiffres de tirage”.
- “Prensa periódica” is related to “Periodicals”.
- “Prensa periódica” is related to “Prensa de información diaria”.
- “Prensa periódica” is related to “Неофициальная пресса”."
http://vocabularies.unesco.org/thesaurus/concept526,Target,Class,Репрография,"In digital humanities, “репрография” (reprography) refers to the processes and technologies for reproducing documents and images—scanning, photocopying, digital imaging, and related workflows—used to create, preserve, and disseminate digital surrogates of texts, manuscripts, and visual materials.","- “Impresión” is related to “Репрография”.
- “Microphotographie” is related to “Репрография”.
- “Service de bureau” is related to “Репрография”.
- “UNESCO Thesaurus” has top concept “Репрография”.
- “وسائط الإعلام المطبوعة” is related to “Репрография”.
- “Репрография” is related to “Impresión”.
- “Репрография” is related to “Microphotographie”.
- “Репрография” is related to “Service de bureau”.
- “Репрография” is related to “وسائط الإعلام المطبوعة”.
- “Репрография” is a top concept of “UNESCO Thesaurus”."
http://vocabularies.unesco.org/thesaurus/concept527,Target,Class,اتصالات سلكية ولاسلكية,"“اتصالات سلكية ولاسلكية” means “wired and wireless communications.”

In digital humanities, it refers to the infrastructures and channels used to transmit, access, and share digital data—e.g., wired networks (fiber, Ethernet) and wireless networks (Wi‑Fi, cellular)—that enable activities like digitization workflows, online archives, data sharing, and collaborative research.","- Broadcasting is related to اتصالات سلكية ولاسلكية.
- Communication mobile is broader than اتصالات سلكية ولاسلكية.
- Comunicación espacial is broader than اتصالات سلكية ولاسلكية.
- Red informática is related to اتصالات سلكية ولاسلكية.
- Réseau de télécommunications is broader than اتصالات سلكية ولاسلكية.
- Technologie de la télévision is related to اتصالات سلكية ولاسلكية.
- Transmission des données is broader than اتصالات سلكية ولاسلكية.
- Téléconférence is related to اتصالات سلكية ولاسلكية.
- Télédétection is related to اتصالات سلكية ولاسلكية.
- Télématique is related to اتصالات سلكية ولاسلكية.
- UNESCO Thesaurus has top concept اتصالات سلكية ولاسلكية.
- Информационная технология is related to اتصالات سلكية ولاسلكية.
- Радиотехника is related to اتصالات سلكية ولاسلكية.
- تكنولوجيا الاتصالات is related to اتصالات سلكية ولاسلكية.
- هندسة الهاتف is broader than اتصالات سلكية ولاسلكية.
- اتصالات سلكية ولاسلكية has narrower concepts: Communication mobile; Comunicación espacial; Réseau de télécommunications; Transmission des données; هندسة الهاتف.
- اتصالات سلكية ولاسلكية is related to: Broadcasting; Red informática; Technologie de la télévision; Téléconférence; Télédétection; Télématique; Информационная технология; Радиотехника; تكنولوجيا الاتصالات.
- اتصالات سلكية ولاسلكية is a top concept of UNESCO Thesaurus."
http://vocabularies.unesco.org/thesaurus/concept5273,Target,Class,citation,"Citation: A reference note to a work from which a passage is quoted, or to reliable source material presented as authority to support a statement or proposition in digital humanities.","- “Citation” is a broader concept under “وثائق ثانوية”.
- “وثائق ثانوية” has the narrower concept “Citation”."
http://vocabularies.unesco.org/thesaurus/concept528,Target,Class,Телекоммуникационные приложения,"In digital humanities, “Телекоммуникационные приложения” means telecommunications applications—software and systems that enable electronic communication and data exchange over networks (e.g., email, VoIP, messaging, video conferencing, collaborative platforms). They support research collaboration, remote access to archives, data sharing, and distributed project work.","- “Courrier électronique” is a broader concept of “Телекоммуникационные приложения”. [Intended: “Courrier électronique” has broader “Телекоммуникационные приложения”.]
- “Téléconférence” has broader “Телекоммуникационные приложения”.
- “Телекоммуникационные приложения” is a narrower concept of “Courrier électronique”.
- “Телекоммуникационные приложения” is a narrower concept of “Téléconférence”.
- “UNESCO Thesaurus” has top concept “Телекоммуникационные приложения”.
- “Телекоммуникационные приложения” is top concept of “UNESCO Thesaurus”."
http://vocabularies.unesco.org/thesaurus/concept531,Target,Class,معدات البث,"In the context of digital humanities, معدات البث means “broadcasting equipment”: the hardware and software used to capture, encode, and transmit audio/video or live streams for scholarly events and projects (e.g., cameras, microphones, encoders, mixers, streaming platforms).","- “Matériel radio/TV” is a broader concept of “معدات البث”.
- “Technologie de radiodiffusion” is related to “معدات البث”.
- “UNESCO Thesaurus” has “معدات البث” as a top concept.
- “معدات البث” has the narrower concept “Matériel radio/TV”.
- “معدات البث” is related to “Technologie de radiodiffusion”.
- “معدات البث” is a top concept of “UNESCO Thesaurus”."
http://vocabularies.unesco.org/thesaurus/concept532,Target,Class,material de comunicaci n,"In digital humanities, “material de comunicación” refers to the communicative artifacts used to convey information or mediate interaction—texts, images, audio, video, social media posts, websites, newsletters, posters, press kits, metadata, captions, and associated paratexts. It includes both primary sources (e.g., historical newspapers, broadcasts) and outreach/dissemination materials for DH projects (project sites, blog posts, tutorials, documentation), as well as their digital formats and platforms.","- Laser is related to Material de comunicación.
- Recording equipment is a broader concept of Material de comunicación.
- UNESCO Thesaurus has top concept Material de comunicación.
- Material de comunicación has narrower concept Recording equipment.
- Material de comunicación is related to Laser.
- Material de comunicación is a top concept of UNESCO Thesaurus."
http://vocabularies.unesco.org/thesaurus/concept533,Target,Class,نظم الحاسب,"في سياق الإنسانيات الرقمية، ""نُظُم الحاسب"" تعني النظم الحاسوبية المستخدمة لتخزين البيانات الإنسانية وتحليلها وتمثيلها رقمياً—مثل قواعد البيانات، أنظمة إدارة المحتوى، أدوات المعالجة اللغوية، نظم الاسترجاع والبحث، ومستودعات النصوص/الصور—وما يرتبط بها من بنى برمجية ومعيارية تسهّل البحث والشرح والنشر العلمي.","- “Red informática” is a broader concept’s subordinate of “نظم الحاسب”.
- “UNESCO Thesaurus” has the top concept “نظم الحاسب”.
- “نظم الحاسب” has the narrower concept “Red informática”.
- “نظم الحاسب” is a top concept of “UNESCO Thesaurus”."
http://vocabularies.unesco.org/thesaurus/concept534,Target,Class,حواسيب,"“حواسيب” is the Arabic plural of “حاسوب,” meaning “computers.” In digital humanities, it refers to computers used for tasks like text analysis, data mining, visualization, and digital archiving.","- “Computer applications” is related to “حواسيب”.
- “Computer programming” is related to “حواسيب”.
- “Informática” is related to “حواسيب”.
- “Logiciel” is related to “حواسيب”.
- “Microordenador” is a broader term of “حواسيب”.
- “Minicomputers” is a broader term of “حواسيب”.
- “Périphérique d'ordinateur” is a broader term of “حواسيب”.
- “Red informática” is related to “حواسيب”.
- “Sistema de información en línea” is related to “حواسيب”.
- “Terminal de ordenador” is a broader term of “حواسيب”.
- “Télématique” is related to “حواسيب”.
- “UNESCO Thesaurus” has top concept “حواسيب”.
- “Искусственный интеллект” is related to “حواسيب”.
- “Компьютерные запоминающие устройства” is a broader term of “حواسيب”.
- “Цифровые компьютеры” is a broader term of “حواسيب”.
- “حواسب تناظرية” is a broader term of “حواسيب”.
- “علوم التحكم الآلي” is related to “حواسيب”.
- “معالجات دقيقة” is related to “حواسيب”.
- “معالجة البيانات” is related to “حواسيب”.
- “حواسيب” has narrower term “Microordenador”.
- “حواسيب” has narrower term “Minicomputers”.
- “حواسيب” has narrower term “Périphérique d'ordinateur”.
- “حواسيب” has narrower term “Terminal de ordenador”.
- “حواسيب” has narrower term “Компьютерные запоминающие устройства”.
- “حواسيب” has narrower term “Цифровые компьютеры”.
- “حواسيب” has narrower term “حواسب تناظرية”.
- “حواسيب” is related to “Computer applications”.
- “حواسيب” is related to “Computer programming”.
- “حواسيب” is related to “Informática”.
- “حواسيب” is related to “Logiciel”.
- “حواسيب” is related to “Red informática”.
- “حواسيب” is related to “Sistema de información en línea”.
- “حواسيب” is related to “Télématique”.
- “حواسيب” is related to “concept5767”.
- “حواسيب” is related to “concept6126”.
- “حواسيب” is related to “concept622”.
- “حواسيب” is related to “Искусственный интеллект”.
- “حواسيب” is related to “علوم التحكم الآلي”.
- “حواسيب” is related to “معالجات دقيقة”.
- “حواسيب” is related to “معالجة البيانات”.
- “حواسيب” is a top concept of “UNESCO Thesaurus”."
http://vocabularies.unesco.org/thesaurus/concept535,Target,Class,معدات الكترونية,"In the context of digital humanities, ""معدات الكترونية"" means electronic equipment—i.e., the hardware used for research and practice, such as computers, scanners, cameras, audio recorders, servers, and related devices used for digitization, analysis, storage, and presentation of cultural data.","- “Circuito electrónico” is a broader concept’s narrower term of “معدات الكترونية”.
- “Laser” is a narrower term of “معدات الكترونية”.
- “UNESCO Thesaurus” has top concept “معدات الكترونية”.
- “اشباه الموصلات” is a narrower term of “معدات الكترونية”.
- “معالجات دقيقة” is a narrower term of “معدات الكترونية”.
- “معدات الكترونية” has narrower concepts: “Circuito electrónico”, “Laser”, “اشباه الموصلات”, “معالجات دقيقة”.
- “معدات الكترونية” is related to “concept622” and “concept647”.
- “معدات الكترونية” is a top concept of “UNESCO Thesaurus”."
http://vocabularies.unesco.org/thesaurus/concept536,Target,Class,Офисное оборудование,"In the context of digital humanities, “Офисное оборудование” (Russian) means “office equipment”—tools like computers, printers, scanners, projectors, and related peripherals used for document creation, digitization, data entry, and project administration.","- “Office automation” is related to “Офисное оборудование”.
- “Service de bureau” is related to “Офисное оборудование”.
- “UNESCO Thesaurus” has top concept “Офисное оборудование”.
- “Word processing” is related to “Офисное оборудование”.
- “Офисное оборудование” is related to “Office automation”.
- “Офисное оборудование” is related to “Service de bureau”.
- “Офисное оборудование” is related to “Word processing”.
- “Офисное оборудование” is a top concept of “UNESCO Thesaurus”."
http://vocabularies.unesco.org/thesaurus/concept537,Target,Class,equipo fotogr fico,"In digital humanities, “equipo fotográfico” means photographic equipment—i.e., the cameras, lenses, lighting, tripods, and related gear used to capture high-quality images of artifacts, texts, or sites for documentation, analysis, and dissemination.","- “Film cameras” is a broader concept of “Equipo fotográfico”.
- “Projectors” is a broader concept of “Equipo fotográfico”.
- “UNESCO Thesaurus” has top concept “Equipo fotográfico”.
- “Оборудование для микроформ” is a broader concept of “Equipo fotográfico”.
- “Equipo fotográfico” has narrower concepts “Film cameras”, “Projectors”, and “Оборудование для микроформ”.
- “Equipo fotográfico” is related to “concept3237” and “concept345”.
- “Equipo fotográfico” is a top concept of “UNESCO Thesaurus”."
http://vocabularies.unesco.org/thesaurus/concept538,Target,Class,equipement d imprimerie,"In digital humanities, “Équipement d’imprimerie” (French) means “printing equipment” or “printing machinery”—hardware used for producing printed materials (e.g., presses, typesetting, binding), often referenced when discussing digitization of print culture or histories of publishing.","- “Papel de imprenta” is related to “Equipement d’imprimerie”.
- “Printing methods” is related to “Equipement d’imprimerie”.
- “UNESCO Thesaurus” has top concept “Equipement d’imprimerie”.
- “Equipement d’imprimerie” is related to “Papel de imprenta”, “Printing methods”, “concept12207”, and “concept5030”.
- “Equipement d’imprimerie” is a top concept of “UNESCO Thesaurus”."
http://vocabularies.unesco.org/thesaurus/concept539,Target,Class,quipement de t l communications,"In digital humanities, “Équipement de télécommunications” refers to the hardware and network infrastructure that enables digital data transmission and connectivity—e.g., servers, routers, switches, fiber/5G links, Wi‑Fi access points, video-conferencing systems, and related devices used to store, transmit, and access digital humanities resources (archives, datasets, tools) and to support remote collaboration, streaming, and high-bandwidth research workflows.","- “Terminal de ordenador” is related to “Équipement de télécommunications”.
- “Transmission des données” is related to “Équipement de télécommunications”.
- “UNESCO Thesaurus” has top concept “Équipement de télécommunications”.
- “Информационная технология” is related to “Équipement de télécommunications”.
- “Компьютерные интерфейсы” is related to “Équipement de télécommunications”.
- “تلكس” is broader than “Équipement de télécommunications”.
- “فاكس” is broader than “Équipement de télécommunications”.
- “هاتف” is broader than “Équipement de télécommunications”.
- “Équipement de télécommunications” has narrower concepts “تلكس”, “فاكس”, “هاتف”.
- “Équipement de télécommunications” is related to “Terminal de ordenador”, “Transmission des données”, “concept3067”, “Информационная технология”, “Компьютерные интерфейсы”.
- “Équipement de télécommunications” is a top concept of “UNESCO Thesaurus”."
http://vocabularies.unesco.org/thesaurus/concept5406,Target,Class,subject headings,"Subject headings are words, terms, or phrases selected to express a concept or a combination of concepts for indexing, forming an entry to organize and retrieve information in digital humanities.","- ""مكانز"" is related to ""Subject headings"".
- ""نظم التصنيف"" has narrower concept ""Subject headings"".
- ""Subject headings"" has broader concept ""نظم التصنيف"".
- ""Subject headings"" is related to ""مكانز""."
http://vocabularies.unesco.org/thesaurus/concept5420,Target,Class,servicio de referencia,"In digital humanities, “Servicio de referencia” refers to the reference service: support provided (often by libraries, DH labs, or digital scholarship centers) to help users find, evaluate, and use information and tools. It includes assisting with literature searches, data sources, digital collections, metadata standards, tool selection (e.g., text mining, GIS), citation and data management, and guidance on DH methodologies—delivered via chat/email/in-person, research consultations, guides, and tutorials.","- “Centro de intercambio de información” is related to “Servicio de referencia”.
- “Libraries” is related to “Servicio de referencia”.
- “Reference materials” is related to “Servicio de referencia”.
- “Service d'information” is related to “Servicio de referencia”.
- “Поиск информации” is related to “Servicio de referencia”.
- “تعاون المعلومات/المكتبات” is related to “Servicio de referencia”.
- “نظم المعلومات” has narrower concept “Servicio de referencia”.
- “Servicio de referencia” has broader concept “نظم المعلومات”.
- “Servicio de referencia” is related to “Centro de intercambio de información”.
- “Servicio de referencia” is related to “Libraries”.
- “Servicio de referencia” is related to “Reference materials”.
- “Servicio de referencia” is related to “Service d'information”.
- “Servicio de referencia” is related to “Поиск информации”.
- “Servicio de referencia” is related to “تعاون المعلومات/المكتبات”."
http://vocabularies.unesco.org/thesaurus/concept5469,Target,Class,t l vision couleur,"In the context of digital humanities, “Télévision couleur” (French for “color television”) typically refers to:

- A historical media form: the shift from black-and-white to color TV broadcasting and its cultural, technological, and aesthetic implications.
- A metadata/archival descriptor: a field or tag indicating that a television source is in color, used in cataloging audiovisual materials.
- An object of study: analyzing how color impacted reception, production practices, visual rhetoric, and archiving of television content.","- “Télévision couleur” is a narrower concept of “Technologie de la télévision.”
- “Televisión de circuito cerrado” is related to “Télévision couleur.”
- “Телевидение c высоким разрешением” is related to “Télévision couleur.”
- “Télévision couleur” has broader concept “Technologie de la télévision.”
- “Télévision couleur” is related to “Televisión de circuito cerrado.”
- “Télévision couleur” is related to “Телевидение c высоким разрешением.”"
http://vocabularies.unesco.org/thesaurus/concept5530,Target,Class,codificaci n,"Codificación: transformación o representación de datos mediante un “código”; es decir, convertir información en un formato codificado para su procesamiento, análisis o preservación en humanidades digitales.","- “Análisis de datos” is related to “Codificación”.
- “Codes” is related to “Codificación”.
- “Théorie de l'information” is related to “Codificación”.
- “Télédétection” is broader than “Codificación”.
- “Распознавание знаков” is broader than “Codificación”.
- “معالجة البيانات” is narrower than “Codificación”.
- “Codificación” is broader than “معالجة البيانات”.
- “Codificación” is narrower than “Télédétection”.
- “Codificación” is narrower than “Распознавание знаков”.
- “Codificación” is related to “Análisis de datos”.
- “Codificación” is related to “Codes”.
- “Codificación” is related to “Théorie de l'information”."
http://vocabularies.unesco.org/thesaurus/concept5533,Target,Class,codes,"In digital humanities, “codes” typically refers to:

- Encoding schemes for representing texts and data (e.g., TEI/XML, HTML, Markdown).
- Programming code used for analysis, visualization, or tool-building (e.g., Python, R, JavaScript).
- Categorical codes in qualitative or mixed-methods analysis used to tag, classify, and interpret humanities data (e.g., themes applied to interview transcripts or archival materials).

All three senses are common: encoding cultural artifacts for machine readability, writing software to process them, and coding data for interpretive analysis.","- “Codificación” is related to “Codes”.
- “Théorie de l'information” has narrower concept “Codes”.
- “Codes” has broader concept “Théorie de l'information”.
- “Codes” is related to “Codificación”."
http://vocabularies.unesco.org/thesaurus/concept5673,Target,Class,Коммерческое телевидение,"“Коммерческое телевидение” (commercial television) in a digital humanities context refers to TV broadcasting funded primarily by advertising, subscriptions, or sponsorships rather than public funds. DH scholars study it as a cultural-industrial system: ownership and platform infrastructures, audience measurement and commodification, content formats shaped by market incentives, datafication (ratings, targeted ads), and its role in the media ecology compared with public service or state media.","- “Televisión” has narrower concept “Коммерческое телевидение”.
- “Коммерческое вещание” is related to “Коммерческое телевидение”.
- “اعلانات تلفزيونية” is related to “Коммерческое телевидение”.
- “Коммерческое телевидение” has broader concept “Televisión”.
- “Коммерческое телевидение” is related to “Коммерческое вещание”.
- “Коммерческое телевидение” is related to “اعلانات تلفزيونية”."
http://vocabularies.unesco.org/thesaurus/concept5722,Target,Class,اتصال وتنمية,“اتصال وتنمية” means “communication and development” in the digital humanities context: the use of diverse physical communications infrastructures and media to support and advance the development process.,"- “Планирование в области передачи информации и связи” has narrower concept “اتصال وتنمية”.
- “اتصال وتنمية” has broader concept “Планирование в области передачи информации и связи”.
- “اتصال وتنمية” is related to “concept16994”.
- “اتصال وتنمية” is related to “concept5724”.
- “اتصال وتنمية” is related to “concept5725”.
- “اتصال وتنمية” is related to “concept594”."
http://vocabularies.unesco.org/thesaurus/concept5728,Target,Class,Коммуникационный контроль,"В контексте digital humanities коммуникационный контроль — это анализ и управление потоками коммуникаций (тексты, сообщения, медиа) в цифровых средах с целью отслеживания, моделирования и влияния на распространение информации и смыслов. Включает:

- Сбор и очистку данных коммуникаций (соцсети, форумы, СМИ)
- Сетевой и дискурс-анализ (кто с кем и как говорит; темы, фреймы, нарративы)
- Мониторинг динамики (тренды, вирусность, информационные кампании)
- Оценку воздействия (изменение мнений, повестки, поляризация)
- Инструменты вмешательства/модерации (правила, фактчекинг, рекомендационные алгоритмы)

Цель — понимать и, при необходимости, направлять коммуникативные процессы в цифровой культуре и обществе.","- “Censorship” is a broader concept of “Коммуникационный контроль”.
- “Libre circulación de la información” is a broader concept of “Коммуникационный контроль”.
- “Pluralisme des médias” is related to “Коммуникационный контроль”.
- “Política de la comunicación” is a narrower concept of “Коммуникационный контроль”.
- “Ética de la prensa” is related to “Коммуникационный контроль”.
- “Законодательство в области передачи информации и связи” is related to “Коммуникационный контроль”.
- “وصول إلى المعلومات” is a broader concept of “Коммуникационный контроль”.

- “Коммуникационный контроль” is a broader concept of “Política de la comunicación”.
- “Коммуникационный контроль” is a narrower concept of “Censorship”.
- “Коммуникационный контроль” is a narrower concept of “Libre circulación de la información”.
- “Коммуникационный контроль” is a narrower concept of “وصول إلى المعلومات”.
- “Коммуникационный контроль” is related to “Pluralisme des médias”.
- “Коммуникационный контроль” is related to “concept1154”.
- “Коммуникационный контроль” is related to “concept4834”.
- “Коммуникационный контроль” is related to “concept5307”.
- “Коммуникационный контроль” is related to “concept5731”.
- “Коммуникационный контроль” is related to “Ética de la prensa”.
- “Коммуникационный контроль” is related to “Законодательство в области передачи информации и связи”."
http://vocabularies.unesco.org/thesaurus/concept5732,Target,Class,tica de la prensa,"In digital humanities, “Ética de la prensa” refers to the ethical principles and standards guiding news production and dissemination—accuracy, fairness, transparency, accountability, respect for subjects and audiences—applied to digital contexts. It includes issues like algorithmic bias in news distribution, data privacy, sourcing and verification online, platform amplification and moderation, misinformation/disinformation dynamics, authorship and attribution in digital archives, and the social impact of computational methods on newsroom practices and public discourse.","- “Journalisme” is related to “Ética de la prensa”.
- “Newspapers” is related to “Ética de la prensa”.
- “Presse” is related to “Ética de la prensa”.
- “Коммуникационная этика” has narrower concept “Ética de la prensa”.
- “Коммуникационный контроль” is related to “Ética de la prensa”.
- “صحفيون” is related to “Ética de la prensa”.
- “مصادر المعلومات” is related to “Ética de la prensa”.
- “Ética de la prensa” is broader concept of “Коммуникационная этика”.
- “Ética de la prensa” is related to “Journalisme”.
- “Ética de la prensa” is related to “Newspapers”.
- “Ética de la prensa” is related to “Presse”.
- “Ética de la prensa” is related to “concept3971”.
- “Ética de la prensa” is related to “concept4834”.
- “Ética de la prensa” is related to “concept5307”.
- “Ética de la prensa” is related to “Коммуникационный контроль”.
- “Ética de la prensa” is related to “صحفيون”.
- “Ética de la prensa” is related to “مصادر المعلومات”."
http://vocabularies.unesco.org/thesaurus/concept5735,Target,Class,communication conversationnelle,"In digital humanities, “communication conversationnelle” refers to interactional, turn-by-turn communication that unfolds like a conversation—synchronous or near-synchronous, multimodal, and co-constructed by participants—across digital platforms (e.g., chats, forums, social media threads). It emphasizes:

- Sequential organization: replies respond to specific prior turns.
- Contextual cues: emojis, mentions, quotes, threading.
- Co-presence and timing: synchronicity/asynchronicity shaping meaning.
- Collaborative meaning-making: negotiation, repair, alignment.
- Platform affordances: interface features that structure how conversations occur.

Scholars analyze it to understand digital discourse practices, community building, knowledge circulation, and how technologies mediate interaction.","- “Comunicación en grupo” is related to “Communication conversationnelle”.
- “Feedback (communication)” is related to “Communication conversationnelle”.
- “Processus de communication” has narrower concept “Communication conversationnelle”.
- “Téléconférence” is related to “Communication conversationnelle”.
- “اتصال بين الاشخاص” is related to “Communication conversationnelle”.
- “هاتف” is related to “Communication conversationnelle”.
- “Communication conversationnelle” is broader than “Processus de communication”.
- “Communication conversationnelle” is related to “Comunicación en grupo”.
- “Communication conversationnelle” is related to “Feedback (communication)”.
- “Communication conversationnelle” is related to “Téléconférence”.
- “Communication conversationnelle” is related to “اتصال بين الاشخاص”.
- “Communication conversationnelle” is related to “هاتف”."
http://vocabularies.unesco.org/thesaurus/concept5738,Target,Class,تطوير الاتصالات,"In digital humanities, ""تطوير الاتصالات"" means enhancing how information is exchanged and connected—e.g., improving digital platforms, networks, and tools that enable communication, collaboration, and dissemination of research (such as interoperable data standards, digital archives, scholarly networks, and user interfaces).","- “Media development” is a broader concept of “تطوير الاتصالات”.
- “Política de la comunicación” has the narrower concept “تطوير الاتصالات”.
- “Promoción del libro” is a broader concept of “تطوير الاتصالات”.
- “تطوير الاتصالات” is a broader concept of “Política de la comunicación”.
- “تطوير الاتصالات” has the narrower concepts “Media development” and “Promoción del libro”."
http://vocabularies.unesco.org/thesaurus/concept5744,Target,Class,recording equipment,"In digital humanities, “recording equipment” refers to the hardware used to capture primary source materials or create born-digital content for research and preservation. This includes:

- Audio: microphones, audio interfaces, portable recorders
- Video: cameras, camcorders, tripods, lighting
- Imaging: flatbed/scanner cameras, DSLR/mirrorless setups, copy stands
- Environmental/field: mobile kits for oral histories, ethnography, site documentation

It enables high-quality, standards-compliant capture for analysis, archiving, and dissemination.","- “Enregistrement” is related to “Recording equipment”.
- “Material de comunicación” has narrower concept “Recording equipment”.
- “Record industry” is related to “Recording equipment”.
- “صناعة التسجيلات المرئية” is related to “Recording equipment”.
- “Recording equipment” is a broader concept of “Material de comunicación”.
- “Recording equipment” is related to “Enregistrement”.
- “Recording equipment” is related to “Record industry”.
- “Recording equipment” is related to “صناعة التسجيلات المرئية”."
http://vocabularies.unesco.org/thesaurus/concept5746,Target,Class,laser,"In digital humanities, LASER (sometimes styled LASER) most often refers to FaceBook/Meta’s LASER: Language-Agnostic SEntence Representations—multilingual sentence embeddings used to align, compare, and retrieve text across many languages. Scholars use LASER to:

- Compute cross-lingual similarity for parallel text mining and translation alignment
- Cluster or classify multilingual documents
- Perform cross-lingual information retrieval and corpus exploration

(If you meant the physical device: laser = Light Amplification by Stimulated Emission of Radiation.)","- “Circuito electrónico” is related to “Laser”.
- “Material de comunicación” is related to “Laser”.
- “اشباه الموصلات” is related to “Laser”.
- “معالجات دقيقة” is related to “Laser”.
- “معدات الكترونية” has narrower concept “Laser”.
- “Laser” is broader than “معدات الكترونية”.
- “Laser” is related to “Circuito electrónico”.
- “Laser” is related to “Material de comunicación”.
- “Laser” is related to “concept11930”.
- “Laser” is related to “concept129”.
- “Laser” is related to “concept242”.
- “Laser” is related to “concept622”.
- “Laser” is related to “concept9537”.
- “Laser” is related to “اشباه الموصلات”.
- “Laser” is related to “معالجات دقيقة”."
http://vocabularies.unesco.org/thesaurus/concept5749,Target,Class,Коммуникационная этика,"In digital humanities, “коммуникационная этика” (communication ethics) refers to the norms, principles, and guidelines that govern how information is created, shared, interpreted, and archived in digital environments. It covers:

- Integrity: accuracy, transparency of methods, proper citation and attribution.
- Respect: inclusive, non-harmful discourse; sensitivity to cultural and community contexts.
- Privacy and consent: ethical handling of personal data, informed consent for datasets and digital exhibits.
- Accessibility and equity: designing for diverse users; mitigating digital divides.
- Accountability: openness about algorithms, biases, and editorial choices in digital projects.
- Community stewardship: responsible moderation, preservation, and long-term care of digital cultural heritage.","- “Información pública” is related to “Коммуникационная этика”.
- “Política de la comunicación” has narrower concept “Коммуникационная этика”.
- “Propaganda” is related to “Коммуникационная этика”.
- “Sociologie de la communication” is related to “Коммуникационная этика”.
- “Ética de la prensa” has broader concept “Коммуникационная этика”.
- “Законодательство в области передачи информации и связи” is related to “Коммуникационная этика”.
- “Массовые коммуникации” is related to “Коммуникационная этика”.
- “дезинформация” is related to “Коммуникационная этика”.
- “Коммуникационная этика” has broader concept “Política de la comunicación”.
- “Коммуникационная этика” has narrower concept “Ética de la prensa”.
- “Коммуникационная этика” is related to “Información pública”.
- “Коммуникационная этика” is related to “Propaganda”.
- “Коммуникационная этика” is related to “Sociologie de la communication”.
- “Коммуникационная этика” is related to “concept3971”.
- “Коммуникационная этика” is related to “concept4834”.
- “Коммуникационная этика” is related to “concept5307”.
- “Коммуникационная этика” is related to “concept5752”.
- “Коммуникационная этика” is related to “Законодательство в области передачи информации и связи”.
- “Коммуникационная этика” is related to “Массовые коммуникации”.
- “Коммуникационная этика” is related to “дезинформация”."
http://vocabularies.unesco.org/thesaurus/concept5753,Target,Class,propaganda,"In digital humanities, “propaganda” refers to strategically crafted, often persuasive information—text, images, audio, video, or data—designed to shape opinions or behavior, typically serving a political or ideological agenda. DH studies analyze its production, circulation, and reception across media and platforms using methods like discourse analysis, network analysis, sentiment/topic modeling, and multimodal forensics to trace narratives, detect bias/manipulation, and understand its cultural and historical impact.","- Communication psychology is related to Propaganda.
- Comunicación en grupo is related to Propaganda.
- Feedback (communication) is related to Propaganda.
- Información pública is related to Propaganda.
- Persuasion has narrower concept Propaganda.
- War propaganda has broader concept Propaganda.
- Коммуникационная этика is related to Propaganda.
- Массовые коммуникации is related to Propaganda.
- дезинформация has broader concept Propaganda.
- Propaganda has broader concept Persuasion.
- Propaganda has narrower concept War propaganda.
- Propaganda has narrower concept дезинформация.
- Propaganda is related to Communication psychology.
- Propaganda is related to Comunicación en grupo.
- Propaganda is related to Feedback (communication).
- Propaganda is related to Información pública.
- Propaganda is related to concept5731.
- Propaganda is related to Коммуникационная этика.
- Propaganda is related to Массовые коммуникации."
http://vocabularies.unesco.org/thesaurus/concept5758,Target,Class,histoire de la communication,"In digital humanities, “Histoire de la communication” refers to the historical study of how people create, transmit, and receive information across time—covering media, technologies, practices, institutions, and social norms of communication. It includes oral, written, print, telecommunication, mass media, and digital networks, and examines how these forms shape culture, power, and knowledge. Digital humanities adds methods like digitization, data mining, network analysis, and visualization to analyze sources and communication infrastructures over time.","- “Histoire de la communication” is a broader concept of “Recherche sur la communication”.  
- “Recherche sur la communication” has the narrower concept “Histoire de la communication”."
http://vocabularies.unesco.org/thesaurus/concept5761,Target,Class,تأثير الاتصال,"في سياق الإنسانيات الرقمية، “تأثير الاتصال” يشير إلى الأثر الذي تُحدثه تقنيات ووسائط الاتصال الرقمية (مثل الشبكات الاجتماعية، المنصات التعاونية، البريد الإلكتروني، تطبيقات الدردشة، والبودكاست/الفيديو) في:

- إنتاج المعرفة الإنسانية: طرق جديدة لجمع وتحليل النصوص والوسائط وتفسيرها.
- تداول المعرفة: سرعة وانتشار الوصول للمحتوى الأكاديمي والجمهور العام.
- التشاركية والشبكات: بناء مجتمعات بحثية ومشاريع تعاونية مفتوحة عبر الحدود.
- تشكيل الخطاب والثقافة: كيف تعيد المنصات خوارزميًا توجيه الانتباه، وتؤثر على السرديات والتلقي.
- المنهجيات: اعتماد أساليب رقمية في التحليل البيني، التصور البياني، والتنقيب النصي.

باختصار: هو الأثر البنيوي والمنهجي والثقافي الذي تتركه بنى الاتصال الرقمية على البحث الإنساني وإنتاجه وتلقيه.","- Communication psychology is related to تأثير الاتصال.
- Opinión pública is related to تأثير الاتصال.
- Persuasion is related to تأثير الاتصال.
- Recherche sur la communication has narrower concept تأثير الاتصال.
- Sociologie de la communication is related to تأثير الاتصال.
- Массовые коммуникации is related to تأثير الاتصال.
- تأثير الاتصال is broader than Recherche sur la communication.
- تأثير الاتصال is related to Communication psychology.
- تأثير الاتصال is related to Opinión pública.
- تأثير الاتصال is related to Persuasion.
- تأثير الاتصال is related to Sociologie de la communication.
- تأثير الاتصال is related to concept17017.
- تأثير الاتصال is related to concept5731.
- تأثير الاتصال is related to Массовые коммуникации."
http://vocabularies.unesco.org/thesaurus/concept5763,Target,Class,opini n p blica,"In digital humanities, “opinión pública” refers to the aggregate of attitudes, sentiments, and judgments expressed by individuals and communities—now often observed, measured, and modeled through digital traces (social media posts, comments, searches, online news engagement). It encompasses:

- Collective viewpoints circulating in networked publics.
- Their formation and diffusion via digital platforms, algorithms, and media ecosystems.
- Methods to study them (text mining, sentiment analysis, network analysis, discourse analysis).
- The socio-technical dynamics shaping them (bots, recommendation systems, influencers, platform policies).

So, it’s both the emergent collective opinion and a research object examined through computational and critical humanities approaches.","- “Communication users” is related to “Opinión pública”.
- “Información pública” is related to “Opinión pública”.
- “Relations publiques” is related to “Opinión pública”.
- “Sociologie de la communication” has narrower concept “Opinión pública”.
- “Массовые коммуникации” is related to “Opinión pública”.
- “تأثير الاتصال” is related to “Opinión pública”.
- “Opinión pública” has broader concept “Sociologie de la communication”.
- “Opinión pública” is related to “Communication users”.
- “Opinión pública” is related to “Información pública”.
- “Opinión pública” is related to “Relations publiques”.
- “Opinión pública” is related to “concept15705”.
- “Opinión pública” is related to “concept6369”.
- “Opinión pública” is related to “Массовые коммуникации”.
- “Opinión pública” is related to “تأثير الاتصال”."
http://vocabularies.unesco.org/thesaurus/concept5765,Target,Class,Индустрия телекоммуникаций,"“Индустрия телекоммуникаций” в контексте digital humanities — это сектор технологий и инфраструктуры (сети, интернет, мобильная связь, дата-центры, протоколы и платформы), обеспечивающий передачу данных и коммуникацию, на которой базируются цифровые гуманитарные исследования: сбор, распространение и анализ гуманитарных данных, сетевые архивы, совместная работа, визуализации и доступ к цифровым ресурсам.","- “Индустрия телекоммуникаций” is a narrower concept of “Industrie des communications”.
- “فيديوتكس” is related to “Индустрия телекоммуникаций”.
- “Индустрия телекоммуникаций” is a broader concept of “Industrie des communications”. (from the inverse of the first triple)
- “Индустрия телекоммуникаций” is related to “concept5767”.
- “Индустрия телекоммуникаций” is related to “فيديوتكس”."
http://vocabularies.unesco.org/thesaurus/concept5769,Target,Class,Коммуникационная информация,"In digital humanities, “Коммуникационная информация” (communication information) refers to information generated, transmitted, and interpreted through communication processes—messages, metadata, channels, and contexts—studied with digital methods. It includes:

- Content: texts, images, audio/video, social posts.
- Metadata: sender/receiver, time, location, network ties.
- Channels and platforms: media systems shaping dissemination.
- Interaction patterns: diffusion, engagement, discourse dynamics.

It’s analyzed to understand how culture, knowledge, and narratives circulate digitally.","- “Information” has narrower concept “Коммуникационная информация”.
- “Коммуникационная информация” has broader concept “Information”.
- “Коммуникационная информация” is related to “concept5771”."
http://vocabularies.unesco.org/thesaurus/concept5775,Target,Class,اتصال بين الاشخاص,في سياق الإنسانيات الرقمية، «اتصال بين الأشخاص» يعني التفاعل المباشر بين الأفراد—وجهاً لوجه أو عبر وسائط رقمية—لنقل المعاني وبناء الفهم المشترك. يشمل المحادثات، الرسائل، التعليقات، التعاون عبر المنصات، والمشاركة المجتمعية. يركّز على الديناميات الاجتماعية (اللغة، السياق، السلطة، الهوية) وكيف تُسهّلها أو تُشكّلها التقنيات الرقمية في البحث، الأرشفة، التحليل، ونشر المعرفة.,"- “Communication conversationnelle” is related to “اتصال بين الاشخاص”.
- “Communication psychology” is related to “اتصال بين الاشخاص”.
- “Comunicación en grupo” is related to “اتصال بين الاشخاص”.
- “Correspondencia” is related to “اتصال بين الاشخاص”.
- “Feedback (communication)” is related to “اتصال بين الاشخاص”.
- “Parole” is related to “اتصال بين الاشخاص”.
- “Processus de communication” has narrower concept “اتصال بين الاشخاص”.
- “Servicio postal” is related to “اتصال بين الاشخاص”.
- “Écoute” is related to “اتصال بين الاشخاص”.
- “اتصال بين الثقافات” is related to “اتصال بين الاشخاص”.
- “تلكس” is related to “اتصال بين الاشخاص”.
- “فاكس” is related to “اتصال بين الاشخاص”.
- “هاتف” is related to “اتصال بين الاشخاص”.
- “اتصال بين الاشخاص” is broader than “Processus de communication”.
- “اتصال بين الاشخاص” is related to “Communication conversationnelle”.
- “اتصال بين الاشخاص” is related to “Communication psychology”.
- “اتصال بين الاشخاص” is related to “Comunicación en grupo”.
- “اتصال بين الاشخاص” is related to “Correspondencia”.
- “اتصال بين الاشخاص” is related to “Feedback (communication)”.
- “اتصال بين الاشخاص” is related to “Parole”.
- “اتصال بين الاشخاص” is related to “Servicio postal”.
- “اتصال بين الاشخاص” is related to “concept9610”.
- “اتصال بين الاشخاص” is related to “Écoute”.
- “اتصال بين الاشخاص” is related to “اتصال بين الثقافات”.
- “اتصال بين الاشخاص” is related to “تلكس”.
- “اتصال بين الاشخاص” is related to “فاكس”.
- “اتصال بين الاشخاص” is related to “هاتف”."
http://vocabularies.unesco.org/thesaurus/concept5778,Target,Class,dep sito legal,"In digital humanities, “Depósito legal” (legal deposit) is the legally mandated submission of copies of publications—including digital materials like e-books, websites, datasets, and digitized collections—to designated libraries or archives. Its purpose is preservation, bibliographic control, and public access to a nation’s cultural and scholarly output. Policies define what must be deposited, formats, timing, and access conditions.","- “Bibliothèque dépositaire” is related to “Depósito legal”.
- “Édition” is related to “Depósito legal”.
- “Depósito legal” is a narrower concept of “Законодательство в области передачи информации и связи”.
- “Depósito legal” is related to “Bibliothèque dépositaire”.
- “Depósito legal” is related to “concept3090”.
- “Depósito legal” is related to “Édition”."
http://vocabularies.unesco.org/thesaurus/concept5782,Target,Class,communication mobile,"In digital humanities, “communication mobile” refers to the use of mobile devices and networks (smartphones, tablets, SMS, apps, social platforms) as channels for creating, distributing, and engaging with humanities content. It encompasses mobile-mediated research, outreach, data collection (e.g., location-based surveys), public scholarship (e.g., museum apps, AR walks), and mobile-first interfaces that shape how audiences access, interpret, and participate in cultural and scholarly work.","- ""اتصالات سلكية ولاسلكية"" has narrower concept ""Communication mobile"".
- ""هواتف محمولة"" is related to ""Communication mobile"".
- ""Communication mobile"" has broader concept ""اتصالات سلكية ولاسلكية"".
- ""Communication mobile"" is related to ""هواتف محمولة""."
http://vocabularies.unesco.org/thesaurus/concept5785,Target,Class,اتصال غير لفظي,في سياق الإنسانيات الرقمية، الاتصال غير اللفظي هو نقل المعنى دون كلمات عبر الإيماءات، تعابير الوجه، لغة الجسد، المسافة، النبرة والإيقاع، والعناصر البصرية. يُدرَس رقمياً عبر تحليل فيديو/صور، تتبّع حركة الجسد والوجه، تحليل بروزات الصوت (prosody)، واستخراج أنماط تواصلية لفهم التفاعل الاجتماعي والثقافي خارج النصوص المكتوبة أو المسموعة المباشرة.,"- “Parole” is related to “اتصال غير لفظي”.
- “Коммуникационные навыки” has narrower concept “اتصال غير لفظي”.
- “اتصال غير لفظي” has broader concept “Коммуникационные навыки”.
- “اتصال غير لفظي” is related to “Parole”."
http://vocabularies.unesco.org/thesaurus/concept5786,Target,Class,مجالس الصحافة,"In digital humanities, ""مجالس الصحافة"" refers to press councils—independent or semi-independent bodies that set ethical standards, mediate complaints, and oversee journalistic practice and media accountability. In DH contexts, they may be studied as institutions shaping media ecosystems, data sources for regulatory/ethical analysis, or nodes in networks of information governance.","- “مجالس الصحافة” is a narrower concept of “Communication organizations”.
- “Presse” is related to “مجالس الصحافة”.
- “Communication organizations” is a broader concept of “مجالس الصحافة”.
- “مجالس الصحافة” is related to “Presse”."
http://vocabularies.unesco.org/thesaurus/concept5789,Target,Class,Плановики в области передачи информации и связи,"In a digital humanities context, “Плановики в области передачи информации и связи” refers to planners/strategists responsible for designing, coordinating, and optimizing information and communications infrastructure and workflows. This can include:

- Planning data transmission networks and communication systems for projects (e.g., digitization pipelines, repositories, scholarly communication platforms).
- Setting policies and standards for metadata, interoperability, and long-term preservation.
- Allocating resources and timelines for information flow, storage, access, and dissemination across institutions or projects.","- “Personal de comunicación” has narrower concept “Плановики в области передачи информации и связи”.
- “Планирование в области передачи информации и связи” is related to “Плановики в области передачи информации и связи”.
- “Плановики в области передачи информации и связи” has broader concept “Personal de comunicación”.
- “Плановики в области передачи информации и связи” is related to “concept4498”.
- “Плановики в области передачи информации и связи” is related to “Планирование в области передачи информации и связи”."
http://vocabularies.unesco.org/thesaurus/concept5790,Target,Class,r dacteur,"In digital humanities, “Rédacteur” means an editor: a person responsible for the content of a document or for preparing it for publication, whether or not they contributed to its creation.","- “Rédacteur” is a narrower concept of “Personal de comunicación”.
- “تحرير” is related to “Rédacteur”.
- “صحفيون” is related to “Rédacteur”.
- “Rédacteur” has the broader concept “Personal de comunicación”.
- “Rédacteur” is related to “تحرير”.
- “Rédacteur” is related to “صحفيون”."
http://vocabularies.unesco.org/thesaurus/concept5791,Target,Class,Работники ТВ/радио,"It’s Russian for “TV/radio workers,” i.e., people employed in television and radio (broadcast media personnel). In digital humanities, it would refer to the occupational category for individuals working in broadcast media within datasets, classifications, or metadata.","- “Personal de comunicación” has narrower concept “Работники ТВ/радио”.
- “Producteur de radio/TV” has broader concept “Работники ТВ/радио”.
- “Работники ТВ/радио” has broader concept “Personal de comunicación”.
- “Работники ТВ/радио” has narrower concept “Producteur de radio/TV”.
- “Работники ТВ/радио” is related to “concept5796”."
http://vocabularies.unesco.org/thesaurus/concept5801,Target,Class,communication programs,"In digital humanities, “communication programmes” are structured sets of activities, curricula, or initiatives that train and support the creation, analysis, and dissemination of knowledge using digital media. They typically focus on:

- Methods: digital storytelling, data visualization, multimedia production, web publishing, social media strategy.
- Theory: media and communication theory applied to digital culture and humanities content.
- Tools/skills: coding for the web, content management systems, text encoding, GIS, UX, analytics.
- Public engagement: translating humanities research for diverse audiences via digital platforms.
- Ethics/access: accessibility, copyright, platform governance, and responsible data practices.

In short, they prepare practitioners to communicate humanities research effectively in networked, data-rich, and multimedia environments.","- Communication programmes is a broader concept than Планирование в области передачи информации и связи.
- Communication programmes is related to concept5815.
- Планирование в области передачи информации и связи has the narrower concept Communication programmes."
http://vocabularies.unesco.org/thesaurus/concept5802,Target,Class,statistique de la communication,"In digital humanities, “Statistique de la communication” refers to the quantitative study of communication processes and artifacts—using statistical methods to analyze texts, media, networks, and interactions. It typically includes:
- Measuring frequencies (words, themes, entities), distributions, and trends in corpora
- Modeling communication networks (who communicates with whom, how often)
- Quantifying discourse features (sentiment, topics, stylistic markers)
- Evaluating dissemination and reception (reach, engagement, diffusion patterns)

The aim is to reveal patterns, structures, and dynamics of communication through data-driven analysis.","- “Statistique de la communication” is broader concept: “Планирование в области передачи информации и связи”.
- “Statistique de la communication” is related to “concept5835”.
- “Планирование в области передачи информации и связи” has narrower concept: “Statistique de la communication”."
http://vocabularies.unesco.org/thesaurus/concept5803,Target,Class,informatique et d veloppement,"In the digital humanities context, “Informatique et développement” refers to:

- Informatique: computing/IT—data processing, databases, programming, algorithms, infrastructure.
- Développement: software/application development—designing, coding, testing, and maintaining tools.

Together: the computing and software development work that enables DH research—e.g., building databases, text-mining pipelines, visualization tools, web platforms, and research workflows.","- “Computer applications” is related to “Informatique et développement”.
- “Stratégie de la communication” is related to “Informatique et développement”.
- “Информационное/библиотечное развитие” is related to “Informatique et développement”.
- “Планирование в области передачи информации и связи” has narrower concept “Informatique et développement”.
- “Informatique et développement” is broader than “Планирование в области передачи информации и связи”.
- “Informatique et développement” is related to “Computer applications”.
- “Informatique et développement” is related to “Stratégie de la communication”.
- “Informatique et développement” is related to “concept5724”.
- “Informatique et développement” is related to “concept5725”.
- “Informatique et développement” is related to “concept594”.
- “Informatique et développement” is related to “Информационное/библиотечное развитие”."
http://vocabularies.unesco.org/thesaurus/concept5804,Target,Class,economics of communication,"In digital humanities, “economics of communication” refers to how resources, incentives, and constraints shape the production, distribution, access, and value of digital cultural communication.

Key aspects:
- Costs and incentives: funding, labor, platform fees, open vs. proprietary tools, sustainability of projects.
- Infrastructures and platforms: how platform business models, algorithms, and data policies affect visibility, reach, and preservation.
- Attention and value: attention as a scarce resource; metrics (views, citations, altmetrics) as currencies that influence scholarly and public communication.
- Access and equity: paywalls vs. open access, licensing, data sovereignty, and who can participate or benefit.
- Data economies: extraction, monetization, and governance of cultural data; ethical and legal implications.
- Network effects: how collaboration networks, standards, and interoperability create or limit value.

In short, it analyzes the material and institutional conditions that determine how digital humanities knowledge circulates and accrues value.","- “Financiación de la comunicación” is a broader concept of “Economics of communication”.
- “Затраты на производство книг” is a broader concept of “Economics of communication”.
- “Планирование в области передачи информации и связи” is a narrower concept of “Economics of communication”.
- “Economics of communication” is a broader concept of “Планирование в области передачи информации и связи”.
- “Economics of communication” is a narrower concept of “Financiación de la comunicación”.
- “Economics of communication” is a narrower concept of “Затраты на производство книг”.
- “Economics of communication” is related to “concept585”."
http://vocabularies.unesco.org/thesaurus/concept5806,Target,Class,strat gie de la communication,"In digital humanities, “stratégie de la communication” means a planned approach to how a project communicates its goals, methods, results, and value to its audiences. It typically covers:

- Audiences: scholars, students, cultural institutions, funders, and the public
- Messages: key narratives (research insights, datasets, tools, impact)
- Channels: project websites, repositories, social media, newsletters, conferences, workshops
- Formats: blog posts, data stories, visualizations, exhibitions, podcasts, documentation
- Timing and workflows: release plans, outreach during milestones, community engagement
- Evaluation: analytics, citations, reuse metrics, feedback loops
- Accessibility and ethics: inclusive language, multilingual access, open licenses, credit and attribution

Goal: build visibility, foster collaboration, support sustainability, and maximize the reuse and impact of DH outputs.","- “Informatique et développement” is related to “Stratégie de la communication”.
- “Política de la comunicación” has narrower concept “Stratégie de la communication”.
- “Планирование в области передачи информации и связи” is related to “Stratégie de la communication”.
- “Stratégie de la communication” is broader than “Política de la comunicación”.
- “Stratégie de la communication” is related to “Informatique et développement”.
- “Stratégie de la communication” is related to “Планирование в области передачи информации и связи”."
http://vocabularies.unesco.org/thesaurus/concept5823,Target,Class,comunicaci n espacial,"In digital humanities, “comunicación espacial” refers to how information, narratives, and cultural data are produced, organized, and interpreted through spatial frameworks—maps, geolocated data, spatial networks, and place-based interfaces. It involves:

- Encoding and analyzing humanities data with geographic coordinates or spatial relations.
- Using GIS, web mapping, and spatial visualization to communicate patterns (movement, diffusion, segregation, memory, heritage).
- Examining how place, scale, distance, and spatial metaphors shape meaning and user experience in digital projects.

In short, it’s the study and practice of communicating humanities insights through space and place.","- “Comunicación espacial” is a broader concept under “اتصالات سلكية ولاسلكية”.
- “Comunicación espacial” is related to “concept10626”.
- “Comunicación espacial” is related to “concept3067”.
- “اتصالات سلكية ولاسلكية” has the narrower concept “Comunicación espacial”."
http://vocabularies.unesco.org/thesaurus/concept5824,Target,Class,t l matique,"Télématique: data transfer services via telecommunication systems (i.e., transmitting data over telecom networks).","- “Computer applications” is related to “Télématique”.
- “Courrier électronique” is related to “Télématique”.
- “Informática” is related to “Télématique”.
- “Office automation” is related to “Télématique”.
- “Terminal de ordenador” is related to “Télématique”.
- “Информационная технология” has narrower concept “Télématique”.
- “Передача информации” is related to “Télématique”.
- “اتصالات سلكية ولاسلكية” is related to “Télématique”.
- “تكنولوجيا الاتصالات” is related to “Télématique”.
- “حواسيب” is related to “Télématique”.
- “فاكس” is related to “Télématique”.
- “فيديوتكس” is related to “Télématique”.
- “Télématique” has broader concept “Информационная технология”.
- “Télématique” is related to “Computer applications”.
- “Télématique” is related to “Courrier électronique”.
- “Télématique” is related to “Informática”.
- “Télématique” is related to “Office automation”.
- “Télématique” is related to “Terminal de ordenador”.
- “Télématique” is related to “concept3067”.
- “Télématique” is related to “concept5844”.
- “Télématique” is related to “Передача информации”.
- “Télématique” is related to “اتصالات سلكية ولاسلكية”.
- “Télématique” is related to “تكنولوجيا الاتصالات”.
- “Télématique” is related to “حواسيب”.
- “Télématique” is related to “فاكس”.
- “Télématique” is related to “فيديوتكس”."
http://vocabularies.unesco.org/thesaurus/concept5826,Target,Class,coute,"In digital humanities, Écoute (French for “listening”) refers to attentive, interpretive practices of listening—often to audio archives, soundscapes, or voice recordings—as a methodological lens. It emphasizes how sound (tone, silence, ambience, affect) conveys meaning, and uses tools/approaches like close listening, sonic analysis, and auditory ethnography to study culture, media, and history beyond text.","- Communication users is related to Écoute.
- Radio listeners is related to Écoute.
- Коммуникационные навыки has narrower concept Écoute.
- اتصال بين الاشخاص is related to Écoute.
- Écoute has broader concept Коммуникационные навыки.
- Écoute is related to Communication users.
- Écoute is related to Radio listeners.
- Écoute is related to concept11783.
- Écoute is related to اتصال بين الاشخاص."
http://vocabularies.unesco.org/thesaurus/concept5827,Target,Class,reading,"In digital humanities, “reading” refers to interpreting texts (or other cultural data) with both humanistic close attention and computational methods. It spans:
- Close reading: nuanced, contextual interpretation of passages.
- Distant reading: analyzing large corpora via algorithms (e.g., frequencies, topics, networks) to see patterns.
- Machine-assisted reading: tools like NLP, OCR, and annotation platforms that augment interpretation.
- Multimodal reading: engaging with text, image, audio, and metadata as interconnected signals.

Overall, reading is an interpretive practice enhanced by computation to scale, compare, and contextualize meaning.","- “Reading habit” is a broader concept of “Reading”.
- “Коммуникационные навыки” has a narrower concept “Reading”.
- “كتابة” is related to “Reading”.
- “Reading” is a broader concept of “Коммуникационные навыки”.
- “Reading” has a narrower concept “Reading habit”.
- “Reading” is related to “كتابة”."
http://vocabularies.unesco.org/thesaurus/concept5828,Target,Class,parole,"In digital humanities (drawing on Saussurean linguistics), “parole” refers to actual instances of language use—the concrete utterances, texts, or performances produced by individuals—contrasted with “langue,” the underlying system or structure of a language. In DH, analyses of parole focus on real-world corpora (e.g., documents, transcripts, social media posts) to study how language is used in practice.","- “Коммуникационные навыки” has narrower concept “Parole”.
- “اتصال بين الاشخاص” is related to “Parole”.
- “اتصال غير لفظي” is related to “Parole”.
- “تعبير شفهي” has broader concept “Parole”.
- “Parole” has broader concept “Коммуникационные навыки”.
- “Parole” has narrower concept “تعبير شفهي”.
- “Parole” is related to “concept10997”.
- “Parole” is related to “concept13199”.
- “Parole” is related to “concept2992”.
- “Parole” is related to “concept8165”.
- “Parole” is related to “اتصال بين الاشخاص”.
- “Parole” is related to “اتصال غير لفظي”."
http://vocabularies.unesco.org/thesaurus/concept5829,Target,Class,كتابة,"In digital humanities, كتابة (kitābah) means “writing” or “inscription.” It can refer to:
- The act of writing (text production, authorship)
- Written text itself (documents, inscriptions, manuscripts)
- Processes of encoding text (e.g., transcription, digitization, text encoding in TEI)","- “Correspondencia” is a broader concept of “كتابة”.
- “Reading” is related to “كتابة”.
- “Technical writing” is a broader concept of “كتابة”.
- “Écriture manuscrite” is a broader concept of “كتابة”.
- “Коммуникационные навыки” is a narrower concept of “كتابة”.
- “كتابة” is a broader concept of “Коммуникационные навыки”.
- “كتابة” is a narrower concept of “Correspondencia”.
- “كتابة” is a narrower concept of “Technical writing”.
- “كتابة” is a narrower concept of “Écriture manuscrite”.
- “كتابة” is related to “Reading”.
- “كتابة” is related to “concept13216”.
- “كتابة” is related to “concept2362”.
- “كتابة” is related to “concept328”.
- “كتابة” is related to “concept3384”."
http://vocabularies.unesco.org/thesaurus/concept5840,Target,Class,تكنولوجيا الاتصالات,في سياق الإنسانيات الرقمية، تكنولوجيا الاتصالات تعني منظومة الأدوات والبنى الرقمية التي تُمكّن نقل المعلومات وتبادلها (شبكات الإنترنت، بروتوكولات الاتصال، البريد الإلكتروني، المنصات الاجتماعية، المؤتمرات عن بُعد)، وتُستخدم لدعم البحث الإنساني: جمع مصادر رقمية، التعاون بين الباحثين، نشر النتائج مفتوح الوصول، وإشراك الجمهور عبر وسائط تفاعلية.,"- “Technologie de la télévision” is related to “تكنولوجيا الاتصالات”.
- “Télématique” is related to “تكنولوجيا الاتصالات”.
- “Информационная технология” has narrower concept “تكنولوجيا الاتصالات”.
- “Радиотехника” is related to “تكنولوجيا الاتصالات”.
- “اتصالات سلكية ولاسلكية” is related to “تكنولوجيا الاتصالات”.
- “فيديوتكس” is related to “تكنولوجيا الاتصالات”.
- “تكنولوجيا الاتصالات” is broader concept of “Информационная технология”.
- “تكنولوجيا الاتصالات” is related to “Technologie de la télévision”.
- “تكنولوجيا الاتصالات” is related to “Télématique”.
- “تكنولوجيا الاتصالات” is related to “concept5844”.
- “تكنولوجيا الاتصالات” is related to “concept5845”.
- “تكنولوجيا الاتصالات” is related to “concept629”.
- “تكنولوجيا الاتصالات” is related to “Радиотехника”.
- “تكنولوجيا الاتصالات” is related to “اتصالات سلكية ولاسلكية”.
- “تكنولوجيا الاتصالات” is related to “فيديوتكس”."
http://vocabularies.unesco.org/thesaurus/concept5850,Target,Class,televiewers,"In digital humanities, “televiewers” typically refers to audiences who consume televised or screen-based media (TV, streaming, video) and whose viewing practices can be studied digitally—e.g., through ratings data, platform analytics, social media backchannels, and computational analysis of reception. It frames viewers as datafied, networked participants whose engagement with broadcast or streaming content can be analyzed for cultural, historical, or media studies research.","- Communication users has narrower concept Televiewers.
- Radio listeners is related to Televiewers.
- Televisión is related to Televiewers.
- Televiewers has broader concept Communication users.
- Televiewers is related to Radio listeners.
- Televiewers is related to Televisión.
- Televiewers is related to concept277."
http://vocabularies.unesco.org/thesaurus/concept5937,Target,Class,تجميع المكانز,في سياق الإنسانيات الرقمية، «تجميع المكانز» يعني جمع ودمج عدة مكانز مصطلحية (thesauri/controlled vocabularies) في حقل معرفي واحد أو مجالات متقاطعة، لتوحيد المصطلحات، ربط المرادفات والمتغيرات اللغوية، وتنسيق البنى الهرمية والدلالية. الهدف هو تحسين الاتساق الدلالي، قابلية الاكتشاف، والتشغيل البيني بين قواعد البيانات والمنصات البحثية. يشمل ذلك مواءمة المعرفات، تعيين خرائط بين المفاهيم، وتحويل الصيغ إلى معايير مثل SKOS.,"- ""تجميع المكانز"" is broader term’s child of ""مكانز"". (skos:broader)
- ""مكانز"" has narrower term ""تجميع المكانز"". (skos:narrower)"
http://vocabularies.unesco.org/thesaurus/concept5983,Target,Class,تنضيد الحروف,تنضيد الحروف في سياق الإنسانيات الرقمية يعني عملية ترتيب الحروف والنصوص وإخراجها طباعياً/رقمياً (typesetting)، أي تحويل المحتوى النصي إلى شكل منسّق قابل للقراءة والعرض والنشر عبر البرمجيات والأدوات الرقمية، مع مراعاة الخطوط، والمحاذاة، والهوامش، والتشكيل، ودعم اللغات (كاللغة العربية) واتجاه الكتابة.,"- Offset printing is related to تنضيد الحروف.
- Printing methods has narrower concept تنضيد الحروف.
- Фотонабор is related to تنضيد الحروف.
- طباعة بالليزر is related to تنضيد الحروف.
- طباعة توضيحية is related to تنضيد الحروف.
- تنضيد الحروف is a broader concept’s narrower term under Printing methods.
- تنضيد الحروف is related to Offset printing, Фотонабор, طباعة بالليزر, and طباعة توضيحية."
http://vocabularies.unesco.org/thesaurus/concept6007,Target,Class,computer languages,"In digital humanities, computer languages are formal systems (like Python, R, SQL, XML/TEI) used to represent, process, and analyze humanistic data. They let scholars encode texts and metadata, transform and query corpora, run computational analyses (e.g., text mining, NLP, visualization), and ensure reproducible, machine-readable workflows for research and preservation.","- Computer programming has narrower concept Computer languages.
- Вычислительная лингвистика is related to Computer languages.
- Computer languages has broader concept Computer programming.
- Computer languages is related to concept308.
- Computer languages is related to Вычислительная лингвистика."
http://vocabularies.unesco.org/thesaurus/concept6009,Target,Class,تصميم بمساعدة الحاسب,"في سياق الإنسانيات الرقمية، ""تصميم بمساعدة الحاسب"" يعني استخدام أدوات وبرمجيات حاسوبية لتصميم وإنتاج مواد ومشروعات رقمية—مثل خرائط تفاعلية، بصريات بيانات، معارض رقمية، واجهات مواقع، أو نماذج ثلاثية الأبعاد—لدعم البحث الإنساني، العرض، والحفاظ على التراث، مع تحسين الدقة والكفاءة والتفاعل.","- “Computer aided manufacturing” is related to “تصميم بمساعدة الحاسب”.
- “Computer applications” has narrower concept “تصميم بمساعدة الحاسب”.
- “رسومات الحاسب” is related to “تصميم بمساعدة الحاسب”.
- “تصميم بمساعدة الحاسب” is a broader concept’s narrower term under “Computer applications”.
- “تصميم بمساعدة الحاسب” is related to “Computer aided manufacturing”.
- “تصميم بمساعدة الحاسب” is related to “concept17030”.
- “تصميم بمساعدة الحاسب” is related to “رسومات الحاسب”."
http://vocabularies.unesco.org/thesaurus/concept6011,Target,Class,computer aided manufacturing,"In the context of digital humanities, computer-aided manufacturing (CAM) refers to using computer-controlled tools and software to fabricate physical objects from digital designs—such as replicas of artifacts, tactile models, exhibit components, or research prototypes. It bridges digital scholarship (3D scans, reconstructions, GIS-derived models) with material outputs via processes like 3D printing, CNC milling, or laser cutting for education, preservation, analysis, and public engagement.","- “Computer applications” has narrower concept “Computer aided manufacturing”.
- “تصميم بمساعدة الحاسب” is related to “Computer aided manufacturing”.
- “Computer aided manufacturing” has broader concept “Computer applications”.
- “Computer aided manufacturing” is related to “concept3403”.
- “Computer aided manufacturing” is related to “concept6015”.
- “Computer aided manufacturing” is related to “تصميم بمساعدة الحاسب”."
http://vocabularies.unesco.org/thesaurus/concept6012,Target,Class,رسومات الحاسب,"In digital humanities, ""رسومات الحاسب"" means computer graphics—the creation, processing, and visualization of images using computers to analyze, present, or interpret humanities data (e.g., visualizing texts, maps, networks).","- “رسومات الحاسب” is a narrower concept of “Computer applications.”
- “تصميم بمساعدة الحاسب” is related to “رسومات الحاسب.”
- “رسومات الحاسب” is a broader concept’s member under “Computer applications.”
- “رسومات الحاسب” is related to “concept17030.”
- “رسومات الحاسب” is related to “concept17105.”
- “رسومات الحاسب” is related to “concept343.”
- “رسومات الحاسب” is related to “concept6020.”
- “رسومات الحاسب” is related to “تصميم بمساعدة الحاسب.”"
http://vocabularies.unesco.org/thesaurus/concept6017,Target,Class,Видеоигры,"“Видеоигры” is Russian for “video games.” In digital humanities, it refers to video games as cultural, historical, and computational artifacts—objects of study for narrative, representation, player communities, design, and data-driven analysis.","- “Computer applications” has narrower concept “Видеоигры” (video games).
- “Видеоигры” (video games) has broader concept “Computer applications”."
http://vocabularies.unesco.org/thesaurus/concept6019,Target,Class,red inform tica,"In digital humanities, “red informática” (Spanish) means a computer network: the interconnected hardware, software, and protocols that link devices to share data and services. In this field it underpins collaborative research, data storage and access, digital repositories, and online tools for analysis, annotation, and dissemination.","- “Computer applications” is related to “Red informática”.
- “Réseau de télécommunications” is related to “Red informática”.
- “Terminal de ordenador” is related to “Red informática”.
- “Интернет” is broader than “Red informática”.
- “Компьютерные интерфейсы” is broader than “Red informática”.
- “اتصالات سلكية ولاسلكية” is related to “Red informática”.
- “حواسيب” is related to “Red informática”.
- “نظم الحاسب” is narrower than “Red informática”.
- “Red informática” is broader than “نظم الحاسب”.
- “Red informática” is narrower than “Интернет”.
- “Red informática” is narrower than “Компьютерные интерфейсы”.
- “Red informática” is related to “Computer applications”.
- “Red informática” is related to “Réseau de télécommunications”.
- “Red informática” is related to “Terminal de ordenador”.
- “Red informática” is related to “اتصالات سلكية ولاسلكية”.
- “Red informática” is related to “حواسيب”."
http://vocabularies.unesco.org/thesaurus/concept6021,Target,Class,dition lectronique,"In digital humanities, “édition électronique” (electronic edition) refers to a scholarly edition of texts produced and published in digital form. It typically:
- Encodes texts (often in TEI-XML) to represent structure, variants, and annotations
- Enables advanced features (search, hyperlinks, facsimiles, dynamic apparatus, multimedia)
- Supports versioning, interoperability, and long-term preservation
- May be “born-digital” or a digital remediation of print, with scholarly standards for accuracy and curation.","- ""Computer applications"" is related to ""Édition électronique"".
- ""Microordenador"" is related to ""Édition électronique"".
- ""Édition"" has narrower concept ""Édition électronique"".
- ""الوصول المفتوح"" is related to ""Édition électronique"".
- ""Édition électronique"" is a broader concept of ""Édition"".
- ""Édition électronique"" is related to ""Computer applications"".
- ""Édition électronique"" is related to ""Microordenador"".
- ""Édition électronique"" is related to ""الوصول المفتوح""."
http://vocabularies.unesco.org/thesaurus/concept6022,Target,Class,Фотонабор,"Фотонабор (phototypesetting) in digital humanities refers to the pre-digital method of setting text using photographic processes to produce high-quality type on film or paper for printing. In DH contexts, it appears when:

- Describing historical publishing/printing workflows before desktop publishing
- Digitizing and analyzing materials produced via phototypesetting
- Studying typography/layout evolution and its impact on text encoding, OCR accuracy, and bibliographic metadata","- “Computer applications” is related to “Фотонабор”.
- “Offset printing” is related to “Фотонабор”.
- “Printing methods” has narrower concept “Фотонабор”.
- “تنضيد الحروف” is related to “Фотонабор”.
- “طباعة بالليزر” is related to “Фотонабор”.
- “طباعة توضيحية” is related to “Фотонабор”.
- “Фотонабор” has broader concept “Printing methods”.
- “Фотонабор” is related to “Computer applications”.
- “Фотонабор” is related to “Offset printing”.
- “Фотонабор” is related to “تنضيد الحروف”.
- “Фотонабор” is related to “طباعة بالليزر”.
- “Фотонабор” is related to “طباعة توضيحية”."
http://vocabularies.unesco.org/thesaurus/concept6039,Target,Class,Компьютерные интерфейсы,"“Компьютерные интерфейсы” in digital humanities refers to the ways humans interact with digital systems—interfaces like graphical user interfaces, command lines, touch/voice interfaces, and web/app front ends—designed to access, analyze, visualize, and interpret cultural and scholarly data. It also encompasses the study and design of these interfaces to support research, pedagogy, accessibility, and user experience in humanities contexts.","- “Red informática” has narrower concept “Компьютерные интерфейсы”.
- “Équipement de télécommunications” is related to “Компьютерные интерфейсы”.
- “Компьютерные интерфейсы” has broader concept “Red informática”.
- “Компьютерные интерфейсы” is related to “Équipement de télécommunications”."
http://vocabularies.unesco.org/thesaurus/concept6061,Target,Class,terminal de ordenador,"In digital humanities, “terminal de ordenador” (Spanish) means a computer terminal—a text-based interface where you interact with a computer or remote server via command line (e.g., Bash/Unix shell). It’s used for tasks like running scripts, managing files, processing corpora, using tools (Python, R, Git), and accessing HPC/servers over SSH.","- “Périphérique d'ordinateur” is related to “Terminal de ordenador”.
- “Red informática” is related to “Terminal de ordenador”.
- “Télématique” is related to “Terminal de ordenador”.
- “Équipement de télécommunications” is related to “Terminal de ordenador”.
- “Компьютерные запоминающие устройства” is related to “Terminal de ordenador”.
- “حواسيب” has narrower concept “Terminal de ordenador”.
- “Terminal de ordenador” has broader concept “حواسيب”.
- “Terminal de ordenador” is related to “Périphérique d'ordinateur”.
- “Terminal de ordenador” is related to “Red informática”.
- “Terminal de ordenador” is related to “Télématique”.
- “Terminal de ordenador” is related to “Équipement de télécommunications”.
- “Terminal de ordenador” is related to “Компьютерные запоминающие устройства”."
http://vocabularies.unesco.org/thesaurus/concept6062,Target,Class,r seau de t l communications,"In digital humanities, “Réseau de télécommunications” (French) refers to the technical infrastructure and systems that transmit data—wired, wireless, and internet networks—enabling the circulation, access, and preservation of digital cultural content (texts, images, audio, metadata) and supporting research activities like digitization, data sharing, and collaborative scholarship.","- “Red informática” is related to “Réseau de télécommunications”.
- “اتصالات سلكية ولاسلكية” has narrower concept “Réseau de télécommunications”.
- “Réseau de télécommunications” has broader concept “اتصالات سلكية ولاسلكية”.
- “Réseau de télécommunications” is related to “Red informática”."
http://vocabularies.unesco.org/thesaurus/concept6064,Target,Class,microfiche en sortie d ordinateur,"In digital humanities, “microfiche en sortie d’ordinateur” (often English: Computer Output Microfiche, COM) refers to generating microfiche directly from digital/computer data. It’s a preservation and dissemination method where databases, catalogs, or texts are printed to microfiche cards for compact, durable storage and offline access.","- “Impresora” is related to “Microfiche en sortie d'ordinateur”.
- “Périphérique d'ordinateur” has narrower concept “Microfiche en sortie d'ordinateur”.
- “Микроформы” is related to “Microfiche en sortie d'ordinateur”.
- “Microfiche en sortie d'ordinateur” has broader concept “Périphérique d'ordinateur”.
- “Microfiche en sortie d'ordinateur” is related to “Impresora”.
- “Microfiche en sortie d'ordinateur” is related to “Микроформы”."
http://vocabularies.unesco.org/thesaurus/concept6066,Target,Class,impresora,"In digital humanities, “impresora” (Spanish) means “printer” — the device that produces hard copies of digital texts, images, or data visualizations.","- “Microfiche en sortie d'ordinateur” is related to “Impresora”.
- “Impresora” is a narrower concept of “Périphérique d'ordinateur”.
- “Périphérique d'ordinateur” is a broader concept of “Impresora”.
- “Impresora” is related to “Microfiche en sortie d'ordinateur”."
http://vocabularies.unesco.org/thesaurus/concept6067,Target,Class,Микроформы,"In digital humanities, “микроформы” (microforms) refers to microphotographic storage formats—such as microfilm and microfiche—used to preserve and access miniaturized images of documents (books, newspapers, manuscripts). They’re legacy analog carriers often digitized for online access and long-term preservation.","- Film media has narrower concept Микроформы.
- Microfiche en sortie d'ordinateur is related to Микроформы.
- Microfiches has broader concept Микроформы.
- Microfilms has broader concept Микроформы.
- Microphotographie is related to Микроформы.
- Информационная технология is related to Микроформы.
- Наглядные материалы is related to Микроформы.
- Оборудование для микроформ is related to Микроформы.
- Микроформы has broader concept Film media.
- Микроформы has narrower concepts Microfiches; Microfilms.
- Микроформы is related to Microfiche en sortie d'ordinateur; Microphotographie; Информационная технология; Наглядные материалы; Оборудование для микроформ."
http://vocabularies.unesco.org/thesaurus/concept6069,Target,Class,p riph rique d ordinateur,"In digital humanities, “périphérique d’ordinateur” means a computer peripheral: any external device used to input, output, or store data—e.g., keyboard, mouse, scanner, microphone, camera, monitor, printer, external drives. These peripherals are often key for digitization, data capture, visualization, and interaction in DH workflows.","- “Impresora” is a broader concept of “Périphérique d'ordinateur”.
- “Microfiche en sortie d'ordinateur” is a broader concept of “Périphérique d'ordinateur”.
- “Terminal de ordenador” is related to “Périphérique d'ordinateur”.
- “Компьютерные запоминающие устройства” is related to “Périphérique d'ordinateur”.
- “حواسيب” is a narrower concept of “Périphérique d'ordinateur”.
- “Périphérique d'ordinateur” is a broader concept of “حواسيب”.
- “Périphérique d'ordinateur” is a narrower concept of “Impresora”.
- “Périphérique d'ordinateur” is a narrower concept of “Microfiche en sortie d'ordinateur”.
- “Périphérique d'ordinateur” is related to “Terminal de ordenador”.
- “Périphérique d'ordinateur” is related to “concept5844”.
- “Périphérique d'ordinateur” is related to “Компьютерные запоминающие устройства”."
http://vocabularies.unesco.org/thesaurus/concept6072,Target,Class,Компьютерные запоминающие устройства,"“Компьютерные запоминающие устройства” means computer memory/storage devices—the hardware used to store data in computing (e.g., RAM, hard drives, SSDs). In digital humanities, this refers to the media and systems used to store, preserve, and access digital texts, datasets, images, and research outputs.","- “Disque magnétique” is a broader concept of “Компьютерные запоминающие устройства”.
- “Disque optique” is a broader concept of “Компьютерные запоминающие устройства”.
- “Périphérique d'ordinateur” is related to “Компьютерные запоминающие устройства”.
- “Terminal de ordenador” is related to “Компьютерные запоминающие устройства”.
- “Магнитные ленты” is a broader concept of “Компьютерные запоминающие устройства”.
- “Организация файлов” is related to “Компьютерные запоминающие устройства”.
- “حواسيب” is a narrower concept of “Компьютерные запоминающие устройства”.
- “وسائط الكترونية” is related to “Компьютерные запоминающие устройства”.
- “Компьютерные запоминающие устройства” is a broader concept of “حواسيب”.
- “Компьютерные запоминающие устройства” has narrower concepts: “Disque magnétique”, “Disque optique”, “Магнитные ленты”.
- “Компьютерные запоминающие устройства” is related to: “Périphérique d'ordinateur”, “Terminal de ordenador”, “Организация файлов”, “وسائط الكترونية”."
http://vocabularies.unesco.org/thesaurus/concept6081,Target,Class,logiciel,"In digital humanities (and computing generally), “logiciel” is the French term for “software.” It refers to computer programs and applications used for tasks like text analysis, data visualization, annotation, and archiving.","- “Computer programming” has narrower concept “Logiciel”.
- “Свободное и открытое программное обеспечение” has broader concept “Logiciel”.
- “حواسيب” is related to “Logiciel”.
- “Logiciel” has broader concept “Computer programming”.
- “Logiciel” has narrower concept “Свободное и открытое программное обеспечение”.
- “Logiciel” is related to “concept6028”.
- “Logiciel” is related to “concept6101”.
- “Logiciel” is related to “حواسيب”."
http://vocabularies.unesco.org/thesaurus/concept6082,Target,Class,Организация файлов,"In digital humanities, “Организация файлов” (File organization) refers to how research files are systematically structured, named, stored, and linked to ensure findability, consistency, and reproducibility. It includes:

- Directory structure (e.g., data/raw, data/processed, code, outputs)
- Naming conventions and versioning
- Metadata and documentation (readme, data dictionaries)
- Persistent identifiers and checksums
- Backup and access control
- Interoperable formats and standards (e.g., CSV, UTF-8, TEI/XML)

Purpose: streamline collaboration, enable transparent workflows, and support long-term preservation and reuse of digital humanities assets.","- “Computer programming” has narrower concept “Организация файлов”.
- “Databases” is related to “Организация файлов”.
- “Компьютерные запоминающие устройства” is related to “Организация файлов”.
- “Произвольный доступ” is a broader concept of “Организация файлов”.
- “اشكال البيانات” is a broader concept of “Организация файлов”.
- “Организация файлов” has broader concept “Computer programming”.
- “Организация файлов” has narrower concepts “Произвольный доступ” and “اشكال البيانات”.
- “Организация файлов” is related to “Databases” and “Компьютерные запоминающие устройства”."
http://vocabularies.unesco.org/thesaurus/concept6083,Target,Class,multiuser systems,"In digital humanities, a multiuser system is a computing environment (software platform, database, or server) that allows multiple researchers or collaborators to access, use, and often edit shared resources simultaneously—such as datasets, texts, annotations, code, or project metadata—while managing permissions, version control, and concurrency to support collaborative scholarship.","- “Computer programming” has narrower concept “Multiuser systems”.
- “Multiuser systems” has broader concept “Computer programming”."
http://vocabularies.unesco.org/thesaurus/concept6084,Target,Class,online systems,"In digital humanities, “online systems” are networked platforms and tools—accessed via the web—that support creating, managing, analyzing, and sharing humanities data and research. Examples include digital archives and repositories, scholarly databases, GIS platforms, text-analysis and annotation tools, collaborative editing environments, and publication systems that enable open, interactive, and scalable scholarship.","- “Computer programming” has narrower concept “Online systems”.
- “Sistema de información en línea” is related to “Online systems”.
- “Online systems” has broader concept “Computer programming”.
- “Online systems” is related to “Sistema de información en línea”."
http://vocabularies.unesco.org/thesaurus/concept6086,Target,Class,t l conf rence,"Téléconférence: tenue de conférences simultanément depuis des lieux géographiquement dispersés à l’aide de la vidéo, du téléphone ou d’autres médias.","- “Communication conversationnelle” is related to “Téléconférence”.
- “Computer programming” is related to “Téléconférence”.
- “Конференции” is related to “Téléconférence”.
- “Телекоммуникационные приложения” has narrower concept “Téléconférence”.
- “اتصالات سلكية ولاسلكية” is related to “Téléconférence”.
- “Téléconférence” is broader than “Телекоммуникационные приложения”.
- “Téléconférence” is related to “Communication conversationnelle”.
- “Téléconférence” is related to “Computer programming”.
- “Téléconférence” is related to “Конференции”.
- “Téléconférence” is related to “اتصالات سلكية ولاسلكية”."
http://vocabularies.unesco.org/thesaurus/concept6104,Target,Class,disque magn tique,"In digital humanities contexts (often in French metadata or archival descriptions), “disque magnétique” means magnetic disk—i.e., storage media like hard disks or floppy disks used to store digital data.","- “Disque magnétique” is a broader concept under “Компьютерные запоминающие устройства”.
- “Компьютерные запоминающие устройства” has the narrower concept “Disque magnétique”."
http://vocabularies.unesco.org/thesaurus/concept6105,Target,Class,disque optique,"In digital humanities, disque optique (French) refers to optical disc storage media—e.g., CD, DVD, Blu‑ray—used to store, preserve, and distribute digitized or born-digital cultural materials (texts, images, audio/video), metadata, and scholarly editions. It contrasts with magnetic or solid-state storage and is often discussed in contexts of archival longevity, access, and format obsolescence.","- “Disque optique” is a broader concept of “Компьютерные запоминающие устройства”.  
- “Компьютерные запоминающие устройства” has the narrower concept “Disque optique”."
http://vocabularies.unesco.org/thesaurus/concept6107,Target,Class,وسائط الكترونية,"في سياق الإنسانيات الرقمية، ""وسائط إلكترونية"" تعني المنصات والأدوات الرقمية المستخدمة لإنتاج المحتوى الإنسانياتّي وتحليله ونشره، مثل المواقع والتطبيقات وقواعد البيانات، النصوص الرقمية، الوسائط المتعددة (صور/صوت/فيديو)، الشبكات الاجتماعية، وأدوات التحليل الحاسوبي.","- “Information media” has narrower concept “وسائط الكترونية”.
- “Компьютерные запоминающие устройства” is related to “وسائط الكترونية”.
- “Машиночитаемые материалы” is related to “وسائط الكترونية”.
- “رقمنة” is related to “وسائط الكترونية”.
- “وسائط الكترونية” has broader concept “Information media”.
- “وسائط الكترونية” is related to “Компьютерные запоминающие устройства”.
- “وسائط الكترونية” is related to “Машиночитаемые материалы”.
- “وسائط الكترونية” is related to “رقمنة”."
http://vocabularies.unesco.org/thesaurus/concept6123,Target,Class,microordenador,"In digital humanities, “microordenador” (Spanish for “microcomputer”) refers to a small, relatively inexpensive personal computer—typically a desktop or early home computer—used by individual researchers for tasks like text analysis, data processing, or running DH software.","- “Office automation” is related to “Microordenador”.
- “Word processing” is related to “Microordenador”.
- “Édition électronique” is related to “Microordenador”.
- “حواسيب” has narrower concept “Microordenador”.
- “Microordenador” is broader than “حواسيب”.
- “Microordenador” is related to “Office automation”.
- “Microordenador” is related to “Word processing”.
- “Microordenador” is related to “concept9548”.
- “Microordenador” is related to “Édition électronique”."
http://vocabularies.unesco.org/thesaurus/concept6124,Target,Class,minicomputers,"In digital humanities, “minicomputers” refers to mid-sized, multi-user computers (smaller and cheaper than mainframes) widely used from the 1960s–1980s in labs and humanities computing centers for tasks like text encoding, corpus management, concordance generation, and statistical analysis. They enabled shared, interactive computing (via terminals) for projects such as TEI text processing, linguistic analysis, and early database work before PCs and workstations became standard.","- “Minicomputers” is a broader concept than “حواسيب”.
- “حواسيب” is a narrower concept than “Minicomputers”."
http://vocabularies.unesco.org/thesaurus/concept6127,Target,Class,معالجات دقيقة,"It means “microprocessors,” i.e., the computer’s central processing units (CPU).","- “Circuito electrónico” is related to “معالجات دقيقة”.
- “Laser” is related to “معالجات دقيقة”.
- “اشباه الموصلات” is related to “معالجات دقيقة”.
- “حواسيب” is related to “معالجات دقيقة”.
- “معالجات دقيقة” is a narrower concept of “معدات الكترونية”.
- “معالجات دقيقة” is broader than “معدات الكترونية”.
- “معالجات دقيقة” is related to “Circuito electrónico”.
- “معالجات دقيقة” is related to “Laser”.
- “معالجات دقيقة” is related to “concept3403”.
- “معالجات دقيقة” is related to “concept9548”.
- “معالجات دقيقة” is related to “اشباه الموصلات”.
- “معالجات دقيقة” is related to “حواسيب”."
http://vocabularies.unesco.org/thesaurus/concept6218,Target,Class,Конференции,"In this digital humanities context, “Конференции” refers specifically to conferences in terms of their organization, funding, logistics, and related administrative aspects (not their scholarly content).","- “Comunicación en grupo” has narrower concept “Конференции”.
- “Discussion de groupe” is related to “Конференции”.
- “Documento de reunión” is related to “Конференции”.
- “Téléconférence” is related to “Конференции”.
- “Конференции” has broader concept “Comunicación en grupo”.
- “Конференции” is related to “Discussion de groupe”.
- “Конференции” is related to “Documento de reunión”.
- “Конференции” is related to “Téléconférence”."
http://vocabularies.unesco.org/thesaurus/concept6229,Target,Class,discussion de groupe,"In digital humanities, “Discussion de groupe” (French) means a group discussion—an organized, collaborative conversation (in person or online) where participants analyze, interpret, or co-design around digital humanities topics (e.g., methods, tools, datasets, project planning, or findings). It’s used for collective sense-making, feedback, and decision-making in research or pedagogy.","- “Comunicación en grupo” has narrower concept “Discussion de groupe”.
- “Конференции” is related to “Discussion de groupe”.
- “Discussion de groupe” has broader concept “Comunicación en grupo”.
- “Discussion de groupe” is related to “concept4915”.
- “Discussion de groupe” is related to “concept671”.
- “Discussion de groupe” is related to “Конференции”."
http://vocabularies.unesco.org/thesaurus/concept6523,Target,Class,control terminol gico,"Control terminológico: conjunto de normas y procedimientos que garantizan el uso coherente de términos en un sistema de información (p. ej., tesauros, vocabularios controlados) en humanidades digitales. Asegura que sinónimos y cuasi‑sinónimos se remitan como equivalentes y que homónimos y polisémicos se distingan mediante calificativos, manteniendo referencias cruzadas consistentes para mejorar recuperación y desambiguación.","- “Langage d'indexation” has narrower concept “Control terminológico”.
- “مكانز” is related to “Control terminológico”.
- “Control terminológico” has broader concept “Langage d'indexation” and is related to “مكانز”."
http://vocabularies.unesco.org/thesaurus/concept6549,Target,Class,langage contr l,"In digital humanities, “langage contrôlé” (controlled vocabulary) is a standardized set of approved terms used to describe, index, and retrieve information consistently across datasets and projects. It reduces ambiguity and synonymy by enforcing preferred terms, hierarchies, and relationships (e.g., authority files, thesauri, ontologies like VIAF, Getty AAT, or TEI taxonomies), improving interoperability, search precision, and data integration.","- “Langage d’indexation” has narrower concept “Langage contrôlé”.
- “نظم التصنيف” has broader concept “Langage contrôlé”.
- “Langage contrôlé” has broader concept “Langage d’indexation”.
- “Langage contrôlé” has narrower concept “نظم التصنيف”."
http://vocabularies.unesco.org/thesaurus/concept6661,Target,Class,courrier lectronique,"“Courrier électronique” means electronic mail (email). It covers creating messages, email, and the electronic transmission/filing of documents.","- “Télématique” is related to “Courrier électronique”.
- “Word processing” is related to “Courrier électronique”.
- “Интернет” is related to “Courrier électronique”.
- “Телекоммуникационные приложения” has narrower concept “Courrier électronique”.
- “Courrier électronique” has broader concept “Телекоммуникационные приложения”.
- “Courrier électronique” is related to “Télématique”.
- “Courrier électronique” is related to “Word processing”.
- “Courrier électronique” is related to “Интернет”."
http://vocabularies.unesco.org/thesaurus/concept6740,Target,Class,تقارير قُطرية,"In digital humanities, ""تقارير قُطرية"" means country-specific reports—analyses or summaries focused on a single country (e.g., datasets, infrastructure, policies, or DH activities within that nation).","- “Primary documents” is related to “تقارير قُطرية”.
- “Монографии” has narrower concept “تقارير قُطرية”.
- “تقارير قُطرية” has broader concept “Монографии”.
- “تقارير قُطرية” is related to “Primary documents”."
http://vocabularies.unesco.org/thesaurus/concept6744,Target,Class,press cuttings,"In digital humanities, “press cuttings” refers to collected excerpts or clippings from newspapers, magazines, and other press sources—now often digitized—used as data for research. They serve as curated evidence of media coverage on specific topics, people, events, or periods, enabling analysis of discourse, reception, sentiment, and historiography.","- “Prensa de información diaria” has narrower concept “Press cuttings”.
- “Press cuttings” has broader concept “Prensa de información diaria”."
http://vocabularies.unesco.org/thesaurus/concept6973,Target,Class,extensi n bibliotecaria,"In digital humanities, “extensión bibliotecaria” refers to library outreach: the set of programs, services, and partnerships that extend a library’s resources, expertise, and collections beyond its physical or traditional user base. It includes activities like:

- Digitization and open access to collections
- Community engagement through workshops, exhibitions, and digital storytelling
- Collaboration with researchers on DH projects (text mining, data curation)
- Training in digital literacy, data management, and tools
- Online platforms, virtual exhibits, and social media to broaden impact

Goal: democratize access, foster participation, and integrate libraries as active partners in digital research and cultural heritage.","- “Biblioteca pública” is related to “Extensión bibliotecaria”.
- “Library exhibitions” is broader than “Extensión bibliotecaria”.
- “Promotion de l'utilisation des bibliothèques” is narrower than “Extensión bibliotecaria”.
- “Популяризация чтения” is broader than “Extensión bibliotecaria”.
- “Extensión bibliotecaria” is broader than “Promotion de l'utilisation des bibliothèques”.
- “Extensión bibliotecaria” is narrower than “Library exhibitions”.
- “Extensión bibliotecaria” is narrower than “Популяризация чтения”.
- “Extensión bibliotecaria” is related to “Biblioteca pública”.
- “Extensión bibliotecaria” is related to “concept1279”.
- “Extensión bibliotecaria” is related to “concept38”."
http://vocabularies.unesco.org/thesaurus/concept7094,Target,Class,information culturelle,"In digital humanities, “information culturelle” refers to data, metadata, and knowledge about cultural phenomena—such as artworks, texts, performances, practices, heritage sites—encoded, curated, and analyzed using digital methods. It includes descriptive, contextual, and interpretive information (e.g., provenance, authorship, period, genre, themes, geotemporal context) that enables discovery, analysis, preservation, and reuse of cultural heritage in digital environments.","- “Information” has narrower concept “Information culturelle”.
- “Information culturelle” has broader concept “Information”.
- “Information culturelle” is related to “concept264”."
http://vocabularies.unesco.org/thesaurus/concept7181,Target,Class,informaci n biblioteca estad sticas,"In digital humanities, “Información/biblioteca, estadísticas” typically refers to library information and usage statistics—data about collections, access, and users that can be analyzed computationally. Examples:
- Catalog/metadata records (titles, subjects, authors)
- Circulation and access logs (checkouts, downloads, views)
- Repository metrics (item counts, provenance, formats)
- User behavior analytics (search queries, session paths)
- Bibliometric/altmetric data (citations, mentions)

These statistics are used to study knowledge production, readership, impact, collection development, and to build visualizations, recommender systems, or research on scholarly communication.","- “Información/biblioteca, estadísticas” is a broader concept of “Información/biblioteca, planificación”.
- “Información/biblioteca, estadísticas” is related to “concept5835”.
- “Información/biblioteca, estadísticas” is related to “concept7083”.
- “Información/biblioteca, planificación” has the narrower concept “Información/biblioteca, estadísticas”."
http://vocabularies.unesco.org/thesaurus/concept7193,Target,Class,utilisateur des biblioth ques,"In digital humanities, “Utilisateur des bibliothèques” refers to the end user of library resources and services—researchers, students, or the public—who access catalogs, digital collections, databases, repositories, and tools provided by libraries (often via digital interfaces), and whose behaviors, needs, and user experience are studied to inform design, access, and preservation strategies.","- “Formación de usuarios de información” is related to “Utilisateur des bibliothèques”.
- “Information needs” is related to “Utilisateur des bibliothèques”.
- “Promotion de l'utilisation des bibliothèques” is related to “Utilisateur des bibliothèques”.
- “Étude d'utilisateurs d'information” is related to “Utilisateur des bibliothèques”.
- “Информационные пользователи” has narrower concept “Utilisateur des bibliothèques”.
- “Utilisateur des bibliothèques” has broader concept “Информационные пользователи”.
- “Utilisateur des bibliothèques” is related to “Formación de usuarios de información”.
- “Utilisateur des bibliothèques” is related to “Information needs”.
- “Utilisateur des bibliothèques” is related to “Promotion de l'utilisation des bibliothèques”.
- “Utilisateur des bibliothèques” is related to “concept277”.
- “Utilisateur des bibliothèques” is related to “Étude d'utilisateurs d'information”."
http://vocabularies.unesco.org/thesaurus/concept7387,Target,Class,recueil de donn es,"In digital humanities, “recueil de données” means the process of collecting or gathering data (texts, images, metadata, datasets, etc.) relevant to a research project—often from digitized archives, web scraping, databases, or born-digital sources—while documenting provenance, formats, and ethical/legal constraints.","- “Análisis de datos” is related to “Recueil de données”.
- “مصادر المعلومات” is related to “Recueil de données”.
- “معالجة البيانات” has narrower concept “Recueil de données”.
- “Recueil de données” has broader concept “معالجة البيانات”.
- “Recueil de données” is related to “Análisis de datos”.
- “Recueil de données” is related to “concept4830”.
- “Recueil de données” is related to “concept5835”.
- “Recueil de données” is related to “concept6916”.
- “Recueil de données” is related to “concept7393”.
- “Recueil de données” is related to “مصادر المعلومات”."
http://vocabularies.unesco.org/thesaurus/concept7396,Target,Class,intercambio de datos,"In digital humanities, “intercambio de datos” means the sharing and transfer of research data between people, projects, or systems—often using standard formats and protocols to ensure interoperability, reuse, and preservation (e.g., exchanging datasets, metadata, annotations, or corpora via standards like TEI, Dublin Core, JSON-LD, OAI-PMH, IIIF).","- “Transmission internationale des données” is related to “Intercambio de datos”.
- “اشكال البيانات” is related to “Intercambio de datos”.
- “معالجة البيانات” has the narrower concept “Intercambio de datos”.
- “Intercambio de datos” has the broader concept “معالجة البيانات”.
- “Intercambio de datos” is related to “Transmission internationale des données”.
- “Intercambio de datos” is related to “اشكال البيانات”."
http://vocabularies.unesco.org/thesaurus/concept7398,Target,Class,اشكال البيانات,"في سياق الإنسانيات الرقمية، ""أشكال البيانات"" تعني أنواع وتمثيلات البيانات المستخدمة لدراسة المواد الإنسانية رقمياً، مثل:
- نصوص (مشفرة أو معلمة، مثل TEI)
- بيانات وصفية وببليوغرافية
- صور رقمية وخرائط
- بيانات مكانية (GIS)
- شبكات وعلاقات (graphs)
- جداول وإحصاءات
- صوت وفيديو
- بيانات سيميائية/دلالية (ontologies, linked data)

أي الشكل البنيوي والتمثيلي الذي تُحزن به البيانات وتُعالج وتُحلّل.","- “Intercambio de datos” is related to “اشكال البيانات”.
- “Организация файлов” has narrower concept “اشكال البيانات”.
- “اشكال البيانات” is broader than “Организация файлов”.
- “اشكال البيانات” is related to “Intercambio de datos”."
http://vocabularies.unesco.org/thesaurus/concept7399,Target,Class,transmission internationale des donn es,"In digital humanities, “Transmission internationale des données” refers to the cross-border transfer of data—moving or accessing datasets (texts, images, metadata, user data) from one country to another. It raises issues of data sovereignty, privacy, copyright, and compliance with regulations (e.g., GDPR’s rules on international data transfers), affecting how projects store, share, and process research data across jurisdictions.","- “Intercambio de datos” is related to “Transmission internationale des données”.
- “Transmission internationale des données” is narrower than “Transmission des données”.
- “Transmission des données” is broader than “Transmission internationale des données”.
- “Intercambio de datos” is related to “Transmission internationale des données”."
http://vocabularies.unesco.org/thesaurus/concept7411,Target,Class,رقمنة,الرقمنة: تحويل الصورة الورقية أو أي حامل تقليدي آخر للوثائق إلى صورة إلكترونية.,"- “Biblioteca digital” is related to “رقمنة”.
- “Полнотекстовые базы данных” is related to “رقمنة”.
- “معالجة البيانات” is narrower than “رقمنة”.
- “وسائط الكترونية” is related to “رقمنة”.
- “رقمنة” is broader than “معالجة البيانات”.
- “رقمنة” is related to “Biblioteca digital”.
- “رقمنة” is related to “concept17157”.
- “رقمنة” is related to “concept2782”.
- “رقمنة” is related to “concept8030”.
- “رقمنة” is related to “Полнотекстовые базы данных”.
- “رقمنة” is related to “وسائط الكترونية”."
http://vocabularies.unesco.org/thesaurus/concept7413,Target,Class,transmission des donn es,"In digital humanities, “Transmission des données” refers to the processes and infrastructures used to move research data between people, systems, and platforms—e.g., exporting datasets, transferring files or metadata between tools, publishing to repositories, sharing via APIs—while preserving integrity, provenance, formats/standards (like TEI, Dublin Core), and ensuring ethical, legal, and secure handling (licensing, consent, privacy).","- “Transmission internationale des données” is a broader concept of “Transmission des données”.
- “Équipement de télécommunications” is related to “Transmission des données”.
- “اتصالات سلكية ولاسلكية” is a narrower concept of “Transmission des données”.
- “فاكس” is related to “Transmission des données”.
- “معالجة البيانات” is related to “Transmission des données”.
- “Transmission des données” is a broader concept of “اتصالات سلكية ولاسلكية”.
- “Transmission des données” is a narrower concept of “Transmission internationale des données”.
- “Transmission des données” is related to “Équipement de télécommunications”.
- “Transmission des données” is related to “فاكس”.
- “Transmission des données” is related to “معالجة البيانات”."
http://vocabularies.unesco.org/thesaurus/concept7414,Target,Class,word processing,"In digital humanities, word processing refers to using software (e.g., Word, Google Docs) to create, edit, format, and manage textual documents—supporting tasks like transcription, annotation, versioning, citation formatting, and basic text preparation for further computational analysis (e.g., cleaning, encoding, or exporting to formats like TXT/TEI).","- “Courrier électronique” is related to “Word processing”.
- “Microordenador” is related to “Word processing”.
- “Office automation” has narrower concept “Word processing”.
- “Офисное оборудование” is related to “Word processing”.
- “معالجة البيانات” is related to “Word processing”.
- “Word processing” is broader than “Office automation”.
- “Word processing” is related to “Courrier électronique”.
- “Word processing” is related to “Microordenador”.
- “Word processing” is related to “Офисное оборудование”.
- “Word processing” is related to “معالجة البيانات”."
http://vocabularies.unesco.org/thesaurus/concept7421,Target,Class,فاكس,"In digital humanities/context of technology, فاكس (fāks) means “fax” — the device or system for sending scanned documents over telephone lines.","- “Transmission des données” is related to “فاكس”.
- “Télématique” is related to “فاكس”.
- “Équipement de télécommunications” has narrower concept “فاكس”.
- “اتصال بين الاشخاص” is related to “فاكس”.
- “فاكس” is a broader concept of “Équipement de télécommunications”.
- “فاكس” is related to “Transmission des données”.
- “فاكس” is related to “Télématique”.
- “فاكس” is related to “اتصال بين الاشخاص”."
http://vocabularies.unesco.org/thesaurus/concept7424,Target,Class,nonbook materials,"In digital humanities, “nonbook materials” refers to information resources that aren’t traditional printed books. This includes analog and digital formats such as manuscripts, archival records, maps, photographs, audio recordings, films and video, datasets, software, born-digital files, websites, social media archives, 3D models, GIS layers, and interactive media. These materials are often primary sources for analysis, digitization, annotation, visualization, and computational research.","- Databases is related to Nonbook materials.
- Enregistrement is related to Nonbook materials.
- Primary documents is related to Nonbook materials.
- Документы has narrower concept Nonbook materials.
- Наглядные материалы is related to Nonbook materials.
- تدوب is related to Nonbook materials.
- وثائق ثانوية is related to Nonbook materials.
- Nonbook materials has broader concept Документы.
- Nonbook materials is related to Databases, Enregistrement, Primary documents, Наглядные материалы, تدوب, وثائق ثانوية."
http://vocabularies.unesco.org/thesaurus/concept7968,Target,Class,Фотослайды,"“Фотослайды” (Russian) means “photo slides” — digitized or physical photographic slides used as visual materials. In digital humanities, it typically refers to collections of scanned slide images used for analysis, annotation, metadata enrichment, and presentation in digital archives or research projects.","- “Film fixe” is related to “Фотослайды”.
- “صور فوتوغرافية” has narrower concept “Фотослайды”.
- “Фотослайды” has broader concept “صور فوتوغرافية”.
- “Фотослайды” is related to “Film fixe”."
http://vocabularies.unesco.org/thesaurus/concept7974,Target,Class,dictionnaire,"In digital humanities, a “dictionnaire” (French for “dictionary”) usually refers to a curated lexical resource—often a structured, digital compilation of words, names, or concepts with definitions, metadata, and links. These can be TEI-encoded or database-driven, used for tasks like text annotation, lexicography, historical linguistics, or prosopography, and are often interoperable (e.g., via linked data) for research and analysis.","- “Reference materials” has narrower concept “Dictionnaire”.
- “Глоссарии” has broader concept “Dictionnaire”.
- “Энциклопедии” is related to “Dictionnaire”.
- “Dictionnaire” has broader concept “Reference materials”.
- “Dictionnaire” has narrower concept “Глоссарии”.
- “Dictionnaire” is related to “concept309”.
- “Dictionnaire” is related to “concept7984”.
- “Dictionnaire” is related to “Энциклопедии”."
http://vocabularies.unesco.org/thesaurus/concept7981,Target,Class,Глоссарии,"Глоссарии: словари терминов (не обязательно в алфавитном порядке) с определениями и пояснениями, используемые в цифровых гуманитарных науках для разъяснения понятий.","- “Dictionnaire” has a narrower concept “Глоссарии”.
- “Глоссарии” has a broader concept “Dictionnaire”."
http://vocabularies.unesco.org/thesaurus/concept7983,Target,Class,Энциклопедии,"In digital humanities, “Энциклопедии” (Russian for “encyclopedias”) refers to curated, structured reference works—often digital—designed to compile and interlink authoritative knowledge about humanities subjects (e.g., people, texts, events, concepts), typically featuring editorial oversight, metadata standards, and interoperable formats for research and discovery.","- “Dictionnaire” is related to “Энциклопедии”.
- “Reference materials” has narrower concept “Энциклопедии”.
- “Энциклопедии” is a broader concept of “Reference materials”.
- “Энциклопедии” is related to “Dictionnaire”."
http://vocabularies.unesco.org/thesaurus/concept8078,Target,Class,Адресные справочники,"Адресные справочники — это перечни лиц или организаций, упорядоченные систематически или по алфавиту, содержащие сведения о каждом элементе, обычно как минимум адрес.","- “Guides to information sources” is a broader concept of “Адресные справочники”.
- “Reference materials” is related to “Адресные справочники”.
- “وثائق ثانوية” has the narrower concept “Адресные справочники”.
- “Адресные справочники” is a broader concept of “وثائق ثانوية”.
- “Адресные справочники” has the narrower concept “Guides to information sources”.
- “Адресные справочники” is related to “Reference materials”."
http://vocabularies.unesco.org/thesaurus/concept8079,Target,Class,guides to information sources,"In digital humanities, “guides to information sources” are curated, structured overviews that help researchers find, evaluate, and use relevant resources. They typically:

- Identify key primary sources (digitized archives, datasets, corpora) and secondary sources (scholarship, reviews).
- Point to tools and platforms (text mining, GIS, visualization, TEI, OCR).
- Describe standards and best practices (metadata, citation, FAIR data).
- Explain access and search strategies (discovery portals, APIs, repositories).
- Provide context on scope, quality, licensing, and sustainability of resources.

They function as navigational aids to the DH information ecosystem, reducing search time and improving resource selection.","- “Manuel” is related to “Guides to information sources”.
- “Адресные справочники” is narrower than “Guides to information sources”.
- “مصادر المعلومات” is related to “Guides to information sources”.
- “Guides to information sources” is broader than “Адресные справочники”.
- “Guides to information sources” is related to “Manuel”.
- “Guides to information sources” is related to “مصادر المعلومات”."
http://vocabularies.unesco.org/thesaurus/concept8154,Target,Class,enregistrement sur disque,"In digital humanities, “Enregistrement sur disque” (French) means “recording to disk,” i.e., saving or writing data/audio/video to a storage disk (hard drive, SSD). It refers to the process or setting that captures and stores digital content persistently on disk.","- “Enregistrement sur disque” is broader term’s child of “Звукозаписи”.  
- “Звукозаписи” has the narrower term “Enregistrement sur disque”."
http://vocabularies.unesco.org/thesaurus/concept8279,Target,Class,Популяризация науки,"In digital humanities, “Популяризация науки” (popularizatsiya nauki) means the popularization of science: communicating research to broad, non-specialist audiences using accessible language, media, and formats (e.g., blogs, podcasts, interactive visualizations, digital exhibits) to increase public understanding and engagement with scholarly work.","- “Technical writing” is related to “Популяризация науки”.
- “معلومات علمية” has narrower concept “Популяризация науки”.
- “Популяризация науки” has broader concept “معلومات علمية”.
- “Популяризация науки” is related to “Technical writing”.
- “Популяризация науки” is related to “concept3974”.
- “Популяризация науки” is related to “concept6935”."
http://vocabularies.unesco.org/thesaurus/concept8318,Target,Class,اعارة بين المكتبات,"It means “interlibrary loan”: the service that lets researchers borrow books, articles, or other materials from another library when their home library doesn’t have them—often including digital copies or scans in digital humanities contexts.","- “Document delivery” is related to “اعارة بين المكتبات”.
- “Intercambio de publicaciones” is related to “اعارة بين المكتبات”.
- “International circulation of materials” is related to “اعارة بين المكتبات”.
- “Servicio de préstamo bibliotecario” has narrower concept “اعارة بين المكتبات”.
- “تعاون المعلومات/المكتبات” is related to “اعارة بين المكتبات”.
- “اعارة بين المكتبات” is broader concept of “Servicio de préstamo bibliotecario”.
- “اعارة بين المكتبات” is related to “Document delivery”.
- “اعارة بين المكتبات” is related to “Intercambio de publicaciones”.
- “اعارة بين المكتبات” is related to “International circulation of materials”.
- “اعارة بين المكتبات” is related to “تعاون المعلومات/المكتبات”."
http://vocabularies.unesco.org/thesaurus/concept8324,Target,Class,manuscripts,"In digital humanities, “manuscripts” are handwritten (or early pre-print) documents—such as letters, codices, drafts, marginalia—studied and processed in digital form (e.g., digitized images, transcriptions, encoded texts) for analysis, preservation, and access.","- “Livre rare” is related to “Manuscripts”.
- “Документы” has the narrower concept “Manuscripts”.
- “Manuscripts” has the broader concept “Документы”.
- “Manuscripts” is related to “Livre rare”.
- “Manuscripts” is related to “concept2782”.
- “Manuscripts” is related to “concept2783”.
- “Manuscripts” is related to “concept2799”."
http://vocabularies.unesco.org/thesaurus/concept8356,Target,Class,مطبوعات رسمية,"In digital humanities, ""مطبوعات رسمية"" means official publications—materials issued by government or public institutions (e.g., laws, gazettes, statistical yearbooks, reports) that serve as authoritative sources for research and digitization.","- “Información pública” is related to “مطبوعات رسمية”.
- “Документы” has narrower concept “مطبوعات رسمية”.
- “مطبوعات رسمية” is broader concept of “Документы”.
- “مطبوعات رسمية” is related to “Información pública”."
http://vocabularies.unesco.org/thesaurus/concept8357,Target,Class,Переводы,"In the context of digital humanities, “Переводы” (Russian) means “Translations” — typically referring to translated texts, translation projects, or translation datasets/resources.","- «Документы» имеет более узкое понятие «Переводы».
- «Переводы» является более широким понятием для «Документы». [Note: This contradicts the first triple; likely intended is: «Переводы» имеет более широкое понятие «Документы».]
- «Переводы» связано с «concept16399».
- «Переводы» связано с «concept314».
- «Переводы» связано с «concept5793»."
http://vocabularies.unesco.org/thesaurus/concept8419,Target,Class,Иллюстрации,"In the context of digital humanities, “Иллюстрации” (Russian) means “illustrations” — visual materials (e.g., images, figures, plates) used to accompany, explain, or analyze texts, datasets, or research outputs.","- “Dessins” is related to “Иллюстрации”.
- “Наглядные материалы” has narrower concept “Иллюстрации”.
- “Иллюстрации” has broader concept “Наглядные материалы”.
- “Иллюстрации” is related to “Dessins”.
- “Иллюстрации” is related to “concept5671”.
- “Иллюстрации” is related to “concept8420”."
http://vocabularies.unesco.org/thesaurus/concept8759,Target,Class,information et d veloppement,It means the contribution of scientific and social science information to the development process.,"- “Información/biblioteca, planificación” has the narrower concept “Information et développement”.
- “Information dissemination” is related to “Information et développement”.
- “Information en sciences sociales” is related to “Information et développement”.
- “Передача информации” is related to “Information et développement”.
- “سياسة المعلومات/المكتبات” is related to “Information et développement”.
- “معلومات علمية” is related to “Information et développement”.
- “Information et développement” has the broader concept “Información/biblioteca, planificación”.
- “Information et développement” is related to “Information dissemination”.
- “Information et développement” is related to “Information en sciences sociales”.
- “Information et développement” is related to “concept16994”.
- “Information et développement” is related to “concept5725”.
- “Information et développement” is related to “concept594”.
- “Information et développement” is related to “Передача информации”.
- “Information et développement” is related to “سياسة المعلومات/المكتبات”.
- “Information et développement” is related to “معلومات علمية”."
http://vocabularies.unesco.org/thesaurus/concept8794,Target,Class,informaci n econ mica,"In digital humanities, “Información económica” refers to data and documentation about economic activities, structures, and practices—such as prices, wages, trade records, taxation, budgets, account books, and market reports—used as sources for computational and interpretive analysis of historical or cultural phenomena.","- “Información económica” is a broader concept’s child of “Information en sciences sociales.”
- “Información económica” is related to “concept585.”
- “Information en sciences sociales” has the narrower concept “Información económica.”"
http://vocabularies.unesco.org/thesaurus/concept8952,Target,Class,نشر الموسيقى,"In digital humanities, نشر الموسيقى means “music publishing/dissemination”—the processes and platforms for distributing, curating, and making music accessible (e.g., digitizing collections, metadata creation, online repositories, licensing, and scholarly sharing).","- “Édition” has a narrower concept “نشر الموسيقى”.
- “نشر الموسيقى” has a broader concept “Édition”.
- “نشر الموسيقى” is related to “concept14399”."
http://vocabularies.unesco.org/thesaurus/concept9259,Target,Class,educational information,"In digital humanities, “educational information” refers to data, content, and metadata—often digitized or born-digital—used for teaching and learning about human culture. It includes:

- Primary sources (digitized texts, images, audio/video, artifacts)
- Structured data (annotations, TEI/metadata, databases, ontologies)
- Pedagogical materials (syllabi, tutorials, lesson plans, modules)
- Tools and platforms documentation (how to use DH methods/software)
- Learning analytics and usage data (for assessing learning outcomes)

Its meaning emphasizes interoperability, accessibility, reproducibility, and critical pedagogy—i.e., information designed and curated to support inquiry-based, computational, and humanistic learning.","- Educational information is a narrower concept of Information.
- Sistema de información sobre la administración de la educación is related to Educational information.
- Educational information is a broader concept of Information.
- Educational information is related to Sistema de información sobre la administración de la educación.
- Educational information is related to concept9262.
- Educational information is related to concept9263.
- Educational information is related to concept96."
http://vocabularies.unesco.org/thesaurus/concept9261,Target,Class,sistema de informaci n sobre la administraci n de la educaci n,"It refers to an information system for managing education—i.e., a data infrastructure that collects, stores, analyzes, and reports educational administration data (students, teachers, schools, resources, outcomes) to support decision-making, policy, and research. In digital humanities, it’s a sociotechnical data corpus and platform enabling analysis, visualization, and critical study of educational governance and practices.","- “Educational information” is related to “Sistema de información sobre la administración de la educación”.
- “نظم المعلومات” has the narrower concept “Sistema de información sobre la administración de la educación”.
- “Sistema de información sobre la administración de la educación” has the broader concept “نظم المعلومات”.
- “Sistema de información sobre la administración de la educación” is related to “Educational information”."
http://vocabularies.unesco.org/thesaurus/concept9368,Target,Class,كتب دراسية,"In digital humanities, ""كتب دراسية"" means ""textbooks""—formal instructional books used for teaching and learning within DH courses (e.g., introductions to text analysis, data visualization, GIS, corpus linguistics, or coding for the humanities).","- “Manuel” has the narrower concept “كتب دراسية”.
- “كتب دراسية” has the broader concept “Manuel”.
- “كتب دراسية” is related to “concept17093”.
- “كتب دراسية” is related to “concept7291”.
- “كتب دراسية” is related to “concept96”.
- “كتب दरاسية” is related to “concept99”."
http://vocabularies.unesco.org/thesaurus/concept9546,Target,Class,اشباه الموصلات,"In digital humanities, ""أشباه الموصلات"" means ""semiconductors""—materials (like silicon) whose electrical conductivity can be precisely controlled, enabling the hardware (chips, processors, memory) that underpins digital tools, archives, text analysis, and other computational methods used in the field.","- “Circuit intégré” is related to “اشباه الموصلات”.
- “Circuito electrónico” is related to “اشباه الموصلات”.
- “Laser” is related to “اشباه الموصلات”.
- “Транзисторы” is broader than “اشباه الموصلات”.
- “معالجات دقيقة” is related to “اشباه الموصلات”.
- “معدات الكترونية” is narrower than “اشباه الموصلات”.
- “اشباه الموصلات” is broader than “معدات الكترونية”.
- “اشباه الموصلات” is narrower than “Транзисторы”.
- “اشباه الموصلات” is related to “Circuit intégré”.
- “اشباه الموصلات” is related to “Circuito electrónico”.
- “اشباه الموصلات” is related to “Laser”.
- “اشباه الموصلات” is related to “concept622”.
- “اشباه الموصلات” is related to “معالجات دقيقة”."
http://vocabularies.unesco.org/thesaurus/concept9744,Target,Class,information nerg tique,"In digital humanities, “information énergétique” refers to energy-related information embedded in or derived from cultural-heritage data and media—both:

- As content: representations, discourses, and metadata about energy (e.g., narratives of power systems, energy infrastructures in texts, images, maps).
- As process: the energetic footprint of digital workflows (data storage, computation, digitization), analyzed to understand and optimize the energy consumption of DH research, archives, and platforms.

It thus links interpretive study of energy in cultural materials with assessment of the energy used to produce, process, and circulate those materials digitally.","- “Information énergétique” is a broader concept of “concept212”.
- “Information énergétique” is related to “concept212”.
- “معلومات علمية” has the narrower concept “Information énergétique”."
http://vocabularies.unesco.org/thesaurus/concept9803,Target,Class,طباعة توضيحية,"في سياق الإنسانيات الرقمية، ""طباعة توضيحية"" تشير عادةً إلى إخراج/توليد مواد مطبوعة أو مرئية تحمل عناصر توضيحية (رسوم، مخططات، خرائط، صور مع تعليق) لدعم الفهم والتحليل. يشمل ذلك تصميم صفحات أو تقارير تجمع نصوصاً مع وسائط بصرية مُنشأة رقمياً (مثل تصوّرات بيانات، خرائط تفاعلية محوّلة إلى صور للطباعة) بهدف شرح النتائج أو إبراز الأنماط بطريقة بصرية مفهومة.","- Printing methods has narrower concept طباعة توضيحية.
- Фотонабор is related to طباعة توضيحية.
- تنضيد الحروف is related to طباعة توضيحية.
- طباعة توضيحية has broader concept Printing methods.
- طباعة توضيحية is related to concept9801.
- طباعة توضيحية is related to Фотонабор.
- طباعة توضيحية is related to تنضيد الحروف."
http://vocabularies.unesco.org/thesaurus/concept9812,Target,Class,Звукозаписи,"“Звукозаписи” (Russian) means “sound recordings” or “audio recordings.” In digital humanities, it refers to recorded audio materials (e.g., oral histories, interviews, broadcasts, music) that are digitized, curated, analyzed, or annotated as sources for research.","- Enregistrement has narrower concept Звукозаписи.
- Enregistrement sur bande magnétique has broader concept Звукозаписи.
- Enregistrement sur disque has broader concept Звукозаписи.
- Radio is related to Звукозаписи.
- Record industry is related to Звукозаписи.
- Библиотеки звукозаписей is related to Звукозаписи.
- تسجيلات الفيديو is related to Звукозаписи.
- Звукозаписи has broader concept Enregistrement.
- Звукозаписи has narrower concepts Enregistrement sur bande magnétique, Enregistrement sur disque.
- Звукозаписи is related to Radio, Record industry, Библиотеки звукозаписей, تسجيلات الفيديو."
http://vocabularies.unesco.org/thesaurus/concept9814,Target,Class,enregistrement sur bande magn tique,"“Enregistrement sur bande magnétique” means recording data onto magnetic tape. In digital humanities, it typically refers to legacy storage/archiving on reel-to-reel or cassette tapes (audio, video, or digital data) used for preservation, digitization projects, and historical media analysis.","- “Звукозаписи” has narrower concept “Enregistrement sur bande magnétique”.
- “تسجيلات الفيديو” is related to “Enregistrement sur bande magnétique”.
- “Enregistrement sur bande magnétique” has broader concept “Звукозаписи”.
- “Enregistrement sur bande magnétique” is related to “تسجيلات الفيديو”."
