entity,source_or_target,entity_type,syntactic_matching,lexical_matching,semantic_matching
http://cmt#Acceptance,Source,Class,acceptance,"In the context of a conference, ""acceptance"" typically refers to the formal approval or agreement to participate in the event. This could mean the acceptance of a submitted paper or abstract for presentation, the acceptance of an invitation to speak or attend, or the confirmation of registration by the organizers. It signifies that the individual's contribution or presence has been officially recognized and approved by the conference committee or organizers.","Sure, here are the triples verbalized into phrases:

1. ""Acceptance"" is a subclass of ""Decision"".
2. ""Acceptance"" is disjoint with ""Rejection"".
3. ""Rejection"" is disjoint with ""Acceptance""."
http://cmt#Administrator,Source,Class,administrator,"In the context of a conference, an ""Administrator"" typically refers to an individual responsible for organizing, managing, and overseeing the logistical and operational aspects of the event. This can include tasks such as coordinating schedules, managing registrations, handling communications with speakers and attendees, arranging venues and accommodations, and ensuring that the conference runs smoothly. The Administrator plays a crucial role in ensuring that all elements of the conference are well-coordinated and executed efficiently.","Sure, here are the triples verbalized into phrases:

1. The action ""acceptPaper"" is performed by an ""Administrator"".
2. The action ""acceptedBy"" involves an ""Administrator"".
3. The action ""addProgramCommitteeMember"" is performed by an ""Administrator"".
4. The action ""addedBy"" involves an ""Administrator"".
5. The action ""assignReviewer"" is performed by an ""Administrator"".
6. The action ""assignedByAdministrator"" involves an ""Administrator"".
7. The action ""detailsEnteredBy"" involves an ""Administrator"".
8. The action ""enableVirtualMeeting"" is performed by an ""Administrator"".
9. The action ""enterConferenceDetails"" is performed by an ""Administrator"".
10. The action ""enterReviewCriteria"" is performed by an ""Administrator"".
11. The action ""finalizePaperAssignment"" is performed by an ""Administrator"".
12. The action ""hardcopyMailingManifestsPrintedBy"" involves an ""Administrator"".
13. The action ""paperAssignmentFinalizedBy"" involves an ""Administrator"".
14. The action ""paperAssignmentToolsRunBy"" involves an ""Administrator"".
15. The action ""printHardcopyMailingManifests"" is performed by an ""Administrator"".
16. The action ""rejectPaper"" is performed by an ""Administrator"".
17. The action ""rejectedBy"" involves an ""Administrator"".
18. The action ""reviewCriteriaEnteredBy"" involves an ""Administrator"".
19. The action ""reviewerBiddingStartedBy"" involves an ""Administrator"".
20. The action ""runPaperAssignmentTools"" is performed by an ""Administrator"".
21. The action ""setMaxPapers"" is performed by an ""Administrator"".
22. The action ""startReviewerBidding"" is performed by an ""Administrator"".
23. The action ""virtualMeetingEnabledBy"" involves an ""Administrator"".
24. An ""Administrator"" is a subclass of ""User""."
http://cmt#AssociatedChair,Source,Class,associated chair,"In the context of a conference, an ""Associated Chair"" typically refers to an individual who assists the main conference chair in organizing and managing the event. This role may involve responsibilities such as coordinating sessions, managing submissions and reviews, liaising with speakers and attendees, and ensuring the smooth operation of the conference. The Associated Chair supports the overall leadership and helps ensure that the conference runs efficiently and effectively.","Sure, here are the triples verbalised into phrases:

1. The class ""AssociatedChair"" is a subclass of the class ""ConferenceMember"".
2. The class ""AssociatedChair"" is disjoint with the class ""ConferenceChair"".
3. The class ""ConferenceChair"" is disjoint with the class ""AssociatedChair"".The subgraph describes a class named ""Chairman"" which is equivalent to another class represented by a blank node. This equivalent class is defined as a union of three roles: ""AssociatedChair,"" ""ConferenceChair,"" and ""ProgramCommitteeChair."" The structure of the union is detailed as follows:

1. The first element of the union is ""AssociatedChair.""
2. The rest of the union consists of another list where:
   - The first element is ""ConferenceChair.""
   - The rest of this list contains another list where:
     - The first element is ""ProgramCommitteeChair.""
     - The rest of this list is empty (denoted by 'nil').

In summary, the class ""Chairman"" is equivalent to a union of the roles ""AssociatedChair,"" ""ConferenceChair,"" and ""ProgramCommitteeChair."""
http://cmt#Author,Source,Class,author,"In the context of a conference, an ""author"" typically refers to an individual who has written a paper, article, or presentation that is being presented or discussed at the event. This person is responsible for the research, content, and findings that are being shared with the conference attendees.","Sure, here are the triples verbalised into phrases:

1. ""AuthorNotReviewer"" is a subclass of ""Author"".
2. ""Co-author"" is a subclass of ""Author"".
3. The property ""hasAuthor"" has a range of ""Author"".
4. The property ""submitPaper"" has a domain of ""Author"".
5. The property ""writePaper"" has a domain of ""Author"".
6. ""Author"" is a subclass of ""ConferenceMember"" and ""User"".The subgraph describes a hierarchical structure involving roles and a class related to marking conflicts of interest. Here's a natural language description:

1. There is a class, denoted as `_:N74dbe1cdc3eb4311991ed26b63d3b38e`, which is of type ""Class"".
2. The function `markConflictOfInterest` has a domain that includes this class.
3. This class is defined as a union of a list structure starting with `_:Ncb3818dac5894edda25db48d5b4cafc6`.
4. The list structure is as follows:
   - The first element of the list is ""Reviewer"".
   - The rest of the list points to another list structure, `_:Ne01c79db3f1a47eebc6118def1d13272`.
5. The second list structure:
   - The first element is ""Chairman"".
   - The rest of the list points to yet another list structure, `_:N0cb452497db64be0ac935ed20e6727fc`.
6. The third list structure:
   - The first element is ""Author"".
   - The rest of the list is ""nil"", indicating the end of the list.

In summary, the class related to marking conflicts of interest includes the roles of Reviewer, Chairman, and Author in a specific hierarchical order."
http://cmt#AuthorNotReviewer,Source,Class,author not reviewer,"In the context of a conference, ""AuthorNotReviewer"" typically refers to a policy or rule indicating that an individual who has submitted a paper or work to the conference (an author) is not allowed to participate in the review process for that same conference. This is to prevent any conflicts of interest and to ensure the integrity and impartiality of the review process.","Sure, here are the triples verbalised into phrases:

1. ""ProgramCommitteeMember"" is disjoint with ""AuthorNotReviewer"".
2. ""Reviewer"" is disjoint with ""AuthorNotReviewer"".
3. ""AuthorNotReviewer"" is a subclass of ""Author"".
4. ""AuthorNotReviewer"" is disjoint with ""ProgramCommitteeMember"".
5. ""AuthorNotReviewer"" is disjoint with ""Reviewer""."
http://cmt#Bid,Source,Class,bid,"In the context of a conference, a ""bid"" typically refers to a formal proposal submitted by an individual, organization, or city to host the conference. This proposal usually includes details such as the venue, dates, logistical arrangements, and sometimes financial commitments or incentives to attract the conference organizers to select their location. The bidding process is often competitive, with multiple parties vying for the opportunity to host the event.","Sure, here are the triples verbalized into phrases:

1. The range of ""adjustBid"" is ""Bid"".
2. The domain of ""adjustedBy"" is ""Bid"".
3. The range of ""hasBid"" is ""Bid"".
4. ""Conference"" is disjoint with ""Bid"".
5. ""Decision"" is disjoint with ""Bid"".
6. ""Document"" is disjoint with ""Bid"".
7. ""Person"" is disjoint with ""Bid"".
8. ""Preference"" is disjoint with ""Bid"".
9. ""ProgramCommittee"" is disjoint with ""Bid"".
10. ""Bid"" is disjoint with ""Conference"", ""Decision"", ""Document"", ""Person"", ""Preference"", and ""ProgramCommittee""."
http://cmt#Chairman,Source,Class,chairman,"In the context of a conference, the term ""Chairman"" refers to the person who presides over the conference, leading and facilitating the discussions, ensuring the agenda is followed, and maintaining order during the proceedings. The Chairman is responsible for guiding the flow of the conference, introducing speakers, managing time, and often making key decisions to ensure the event runs smoothly.","The class ""Chairman"" is a subclass of the class ""Person"".The provided subgraph can be described in natural language as follows:

There is a class that is defined as the union of several roles. This class includes the roles of Chairman, Author, Reviewer, and Associated Chair. The role of Chairman is equivalent to another class, which is also defined as a union of roles. This second class includes the roles of Conference Chair and Program Committee Chair.

Additionally, there is a class that is the domain of the property ""markConflictOfInterest.""

To summarize:
1. The role of Chairman is equivalent to a class that includes:
   - Conference Chair
   - Program Committee Chair

2. Another class includes:
   - Chairman
   - Author
   - Reviewer
   - Associated Chair

3. The property ""markConflictOfInterest"" has a domain that is a class."
http://cmt#Co-author,Source,Class,co author,"In the context of a conference, a ""co-author"" refers to an individual who has collaborated with one or more other individuals to contribute to the creation of a research paper, presentation, or other scholarly work that is being presented at the conference. Co-authors share responsibility for the content and findings of the work and are typically listed alongside the primary author in the conference program and on the published material.","Sure, here are the triples verbalized into phrases:

1. The property ""co-writePaper"" has a domain of ""Co-author"".
2. The property ""hasCo-author"" has a range of ""Co-author"".
3. The class ""Co-author"" is a subclass of ""Author""."
http://cmt#Conference,Source,Class,conference,"In the context of ""conference,"" the term refers to a formal meeting or gathering where individuals or groups come together to discuss specific topics, share information, and engage in collaborative discussions. Conferences can be held in various fields such as business, education, science, technology, and more, and they often include presentations, workshops, and networking opportunities.","Sure, here are the triples verbalized into phrases:

1. The property ""acceptsHardcopySubmissions"" is associated with the domain ""Conference"".
2. The property ""date"" is associated with the domain ""Conference"".
3. The property ""detailsEnteredBy"" is associated with the domain ""Conference"".
4. The property ""enableVirtualMeeting"" has a range of ""Conference"".
5. The property ""enterConferenceDetails"" has a range of ""Conference"".
6. The property ""enterReviewCriteria"" has a range of ""Conference"".
7. The property ""finalizePaperAssignment"" has a range of ""Conference"".
8. The property ""hardcopyMailingManifestsPrintedBy"" is associated with the domain ""Conference"".
9. The property ""hasConferenceMember"" is associated with the domain ""Conference"".
10. The property ""logoURL"" is associated with the domain ""Conference"".
11. The property ""memberOfConference"" has a range of ""Conference"".
12. The property ""paperAssignmentFinalizedBy"" is associated with the domain ""Conference"".
13. The property ""paperAssignmentToolsRunBy"" is associated with the domain ""Conference"".
14. The property ""printHardcopyMailingManifests"" has a range of ""Conference"".
15. The property ""reviewCriteriaEnteredBy"" is associated with the domain ""Conference"".
16. The property ""reviewerBiddingStartedBy"" is associated with the domain ""Conference"".
17. The property ""reviewsPerPaper"" is associated with the domain ""Conference"".
18. The property ""runPaperAssignmentTools"" has a range of ""Conference"".
19. The property ""siteURL"" is associated with the domain ""Conference"".
20. The property ""startReviewerBidding"" has a range of ""Conference"".
21. The property ""virtualMeetingEnabledBy"" is associated with the domain ""Conference"".
22. The class ""Bid"" is disjoint with the class ""Conference"".
23. The class ""Decision"" is disjoint with the class ""Conference"".
24. The class ""Document"" is disjoint with the class ""Conference"".
25. The class ""Person"" is disjoint with the class ""Conference"".
26. The class ""Preference"" is disjoint with the class ""Conference"".
27. The class ""ProgramCommittee"" is disjoint with the class ""Conference"".
28. The class ""Conference"" is disjoint with the classes ""Bid"", ""Decision"", ""Document"", ""Person"", ""Preference"", and ""ProgramCommittee"".The provided subgraph describes a set of restrictions and class relationships involving a ""Conference"" and its properties. Here is a natural language description of the subgraph:

1. **Conference Class**:
   - The ""Conference"" class is a subclass of three different restrictions.
   
2. **Name Property Restriction**:
   - There is a restriction on the ""name"" property of the ""Conference"" class.
   - This restriction specifies that the ""name"" property must have exactly one value (cardinality of 1).

3. **Date Property Restriction**:
   - There is a restriction on the ""date"" property of the ""Conference"" class.
   - This restriction specifies that the ""date"" property must have at least one value (minimum cardinality of 1).

4. **ReviewsPerPaper Property Restriction**:
   - There is a restriction on the ""reviewsPerPaper"" property of the ""Conference"" class.
   - This restriction specifies that the ""reviewsPerPaper"" property must have exactly one value (cardinality of 1).

5. **Domain of Name Property**:
   - The domain of the ""name"" property is defined as a union of two classes: ""Conference"" and ""Person"".

6. **Union Class**:
   - The union class is defined as a combination of ""Conference"" and ""Person"".
   - This union class is a subclass of a list structure where ""Conference"" is the first element and ""Person"" is the rest of the list.

In summary, the ""Conference"" class has specific restrictions on its ""name"", ""date"", and ""reviewsPerPaper"" properties, and the ""name"" property applies to both ""Conference"" and ""Person"" classes."
http://cmt#ConferenceChair,Source,Class,conference chair,"In the context of a conference, a ""Conference Chair"" refers to the individual who is responsible for overseeing and organizing the entire event. This person typically handles a wide range of tasks, including planning the conference agenda, coordinating with speakers and participants, managing logistics, and ensuring that the conference runs smoothly. The Conference Chair plays a crucial role in the success of the event, as they are the primary point of contact for all aspects of the conference.","Sure, here are the triples verbalized into phrases:

1. ""AssociatedChair"" is disjoint with ""ConferenceChair"".
2. ""ConferenceChair"" is a subclass of ""ConferenceMember"".
3. ""ConferenceChair"" is disjoint with ""AssociatedChair"".The subgraph describes a class named ""Chairman"" which is equivalent to a union of three roles: ""AssociatedChair,"" ""ConferenceChair,"" and ""ProgramCommitteeChair."" The union is represented as a list where ""AssociatedChair"" is the first element, followed by ""ConferenceChair,"" and finally ""ProgramCommitteeChair."" The list terminates with a ""nil"" indicating the end of the sequence."
http://cmt#ConferenceMember,Source,Class,conference member,"In the context of a conference, a ""ConferenceMember"" refers to an individual who is a participant or attendee of the conference. This person may be involved in various activities such as attending sessions, presenting papers, participating in discussions, networking with other attendees, and contributing to the overall objectives of the conference.","Sure, here are the triples verbalised into phrases:

1. ""AssociatedChair"" is a subclass of ""ConferenceMember"".
2. ""Author"" is a subclass of ""ConferenceMember"".
3. ""ConferenceChair"" is a subclass of ""ConferenceMember"".
4. ""ProgramCommitteeMember"" is a subclass of ""ConferenceMember"".
5. ""Reviewer"" is a subclass of ""ConferenceMember"".
6. The property ""hasConferenceMember"" has a range of ""ConferenceMember"".
7. The property ""memberOfConference"" has a domain of ""ConferenceMember"".
8. ""ConferenceMember"" is a subclass of ""Person""."
http://cmt#Decision,Source,Class,decision,"In the context of a conference, a ""decision"" refers to a conclusion or resolution reached after discussion and deliberation among the participants. It often involves choosing a course of action, setting policies, or making strategic plans based on the information and opinions shared during the conference sessions.","1. ""Acceptance"" is a subclass of ""Decision"".
2. ""Rejection"" is a subclass of ""Decision"".
3. The property ""hasDecision"" has a range of ""Decision"".
4. ""Bid"" is disjoint with ""Decision"".
5. ""Conference"" is disjoint with ""Decision"".
6. ""Document"" is disjoint with ""Decision"".
7. ""Person"" is disjoint with ""Decision"".
8. ""Preference"" is disjoint with ""Decision"".
9. ""ProgramCommittee"" is disjoint with ""Decision"".
10. ""Decision"" is disjoint with ""Bid"", ""Conference"", ""Document"", ""Person"", ""Preference"", and ""ProgramCommittee""."
http://cmt#Document,Source,Class,document,"In the context of a conference, a ""document"" typically refers to any written, printed, or digital material that is used or distributed during the event. This can include agendas, schedules, presentation slides, handouts, research papers, reports, and any other relevant materials that support the discussions and activities taking place at the conference. These documents are often used to provide information, facilitate communication, and serve as a record of the proceedings.","1. A ""Paper"" is a subclass of ""Document"".
2. A ""Review"" is a subclass of ""Document"".
3. The property ""hasConflictOfInterest"" has a range of ""Document"".
4. A ""Bid"" is disjoint with ""Document"".
5. A ""Conference"" is disjoint with ""Document"".
6. A ""Decision"" is disjoint with ""Document"".
7. A ""Person"" is disjoint with ""Document"".
8. A ""Preference"" is disjoint with ""Document"".
9. A ""ProgramCommittee"" is disjoint with ""Document"".
10. A ""Document"" is disjoint with ""Bid"", ""Conference"", ""Decision"", ""Person"", ""Preference"", and ""ProgramCommittee""."
http://cmt#ExternalReviewer,Source,Class,external reviewer,"In the context of a conference, an External Reviewer is an individual who is tasked with evaluating a paper on behalf of another Reviewer. Although they perform the review, they are not officially designated as a Reviewer within the conference's formal review process.","Sure, here are the triples verbalised into phrases:

1. The range of ""assignExternalReviewer"" is ""ExternalReviewer"".
2. The domain of ""assignedByReviewer"" is ""ExternalReviewer"".
3. ""Reviewer"" is disjoint with ""ExternalReviewer"".
4. ""ExternalReviewer"" is a subclass of ""Person"" and is disjoint with ""Reviewer"".The class ""ExternalReviewer"" is a subclass of a restriction. This restriction specifies that there is exactly one property, ""assignedByReviewer"", associated with instances of ""ExternalReviewer""."
http://cmt#Meta-Review,Source,Class,meta review,"In the context of a conference, a meta-review refers to a summary and evaluation of the reviews provided by multiple reviewers for a particular paper or submission. The meta-review is typically written by a senior reviewer or an area chair who synthesizes the individual reviews, providing an overall assessment of the submission's strengths and weaknesses. This meta-review helps the program committee make a final decision on whether to accept or reject the paper for presentation at the conference.","The class ""Meta-Review"" is a subclass of the class ""Review""."
http://cmt#Meta-Reviewer,Source,Class,meta reviewer,"In the context of a conference, a Meta-Reviewer is a special type of Reviewer who has the responsibility of overseeing the reviews submitted for a given paper. While there can be multiple Reviewers for a paper, there is only one Meta-Reviewer. The Meta-Reviewer reviews all the submitted reviews and can submit their own review. Their primary role is to ensure that the reviews are of high quality and consistent. The decision to use Meta-Reviewers is optional and must be determined before the paper assignment process begins.","Sure, here are the triples verbalized into phrases:

1. The property ""readByMeta-Reviewer"" has a range of ""Meta-Reviewer"".
2. The class ""Meta-Reviewer"" is a subclass of ""Reviewer""."
http://cmt#Paper,Source,Class,paper,"In the context of a conference, a ""paper"" typically refers to a written document that presents research findings, theories, or reviews on a specific topic. These papers are often submitted by researchers, scholars, or professionals and are subject to peer review before being accepted for presentation at the conference. The paper may be presented orally, as a poster, or in a panel discussion, and it contributes to the body of knowledge shared at the conference.","Sure, here are the triples verbalized into phrases:

1. ""PaperAbstract"" is a subclass of ""Paper"".
2. ""PaperFullVersion"" is a subclass of ""Paper"".
3. The range of ""acceptPaper"" is ""Paper"".
4. The domain of ""acceptedBy"" is ""Paper"".
5. The domain of ""assignedTo"" is ""Paper"".
6. The range of ""co-writePaper"" is ""Paper"".
7. The domain of ""hasAuthor"" is ""Paper"".
8. The range of ""hasBeenAssigned"" is ""Paper"".
9. The domain of ""hasBid"" is ""Paper"".
10. The domain of ""hasCo-author"" is ""Paper"".
11. The domain of ""hasDecision"" is ""Paper"".
12. The domain of ""hasSubjectArea"" is ""Paper"".
13. The range of ""markConflictOfInterest"" is ""Paper"".
14. The domain of ""paperID"" is ""Paper"".
15. The domain of ""readByMeta-Reviewer"" is ""Paper"".
16. The domain of ""readByReviewer"" is ""Paper"".
17. The range of ""readPaper"" is ""Paper"".
18. The range of ""rejectPaper"" is ""Paper"".
19. The domain of ""rejectedBy"" is ""Paper"".
20. The range of ""submitPaper"" is ""Paper"".
21. The domain of ""title"" is ""Paper"".
22. The range of ""writePaper"" is ""Paper"".
23. ""Review"" is disjoint with ""Paper"".
24. ""Paper"" is a subclass of ""Document"" and is disjoint with ""Review"".The class ""Paper"" is subject to several restrictions:

1. A paper must be read by exactly one reviewer. This is indicated by a restriction on the property ""readByReviewer"" with a minimum cardinality of 1 and a maximum cardinality of 1.
2. A paper can have a decision, but it is not mandatory. This is indicated by a restriction on the property ""hasDecision"" with a minimum cardinality of 0.
3. A paper can be read by at most one meta-reviewer. This is indicated by a restriction on the property ""readByMeta-Reviewer"" with a maximum cardinality of 1."
http://cmt#PaperAbstract,Source,Class,paper abstract,"In the context of a conference, a ""PaperAbstract"" refers to a concise summary of a research paper that is submitted for consideration. This abstract typically includes the main objectives, methods, results, and conclusions of the research. It provides reviewers and attendees with a quick overview of the paper's content, helping them decide whether the full paper is relevant to their interests and worth reading or attending the presentation.","The class ""PaperAbstract"" is a subclass of the class ""Paper""."
http://cmt#PaperFullVersion,Source,Class,paper full version,"In the context of a conference, ""PaperFullVersion"" typically refers to the complete and final version of a research paper that is submitted for review or publication. This version includes all sections such as the abstract, introduction, methodology, results, discussion, conclusion, references, and any supplementary materials. It is the comprehensive document that presents the full details of the research study, as opposed to an abstract or a preliminary draft.","The class ""PaperFullVersion"" is a subclass of the class ""Paper""."
http://cmt#Person,Source,Class,person,"In the context of a conference, a ""person"" typically refers to an individual who is attending or participating in the event. This could include speakers, attendees, organizers, panelists, or any other individuals involved in the conference activities.","Sure, here are the triples verbalized into phrases:

1. A Chairman is a subclass of Person.
2. A Conference Member is a subclass of Person.
3. An External Reviewer is a subclass of Person.
4. A Program Committee Member is a subclass of Person.
5. A User is a subclass of Person.
6. The domain of email is Person.
7. The domain of has Conflict Of Interest is Person.
8. A Bid is disjoint with Person.
9. A Conference is disjoint with Person.
10. A Decision is disjoint with Person.
11. A Document is disjoint with Person.
12. A Preference is disjoint with Person.
13. A Program Committee is disjoint with Person.
14. A Person is disjoint with Bid, Conference, Decision, Document, Preference, and Program Committee.The given subgraph describes a class that is defined as the union of two other classes: ""Conference"" and ""Person"". The class has a property named ""name"" which is associated with this union class. The structure of the union is such that ""Conference"" is the first element, followed by ""Person"", and there are no further elements in the list."
http://cmt#Preference,Source,Class,preference,"In the context of a conference, ""preference"" refers to the choices or priorities of the attendees or organizers regarding various aspects of the event. This could include preferences for session topics, speakers, seating arrangements, meal options, or scheduling. Understanding these preferences helps in tailoring the conference experience to better meet the needs and expectations of the participants.","1. ""Bid"" is disjoint with ""Preference"".
2. ""Conference"" is disjoint with ""Preference"".
3. ""Decision"" is disjoint with ""Preference"".
4. ""Document"" is disjoint with ""Preference"".
5. ""Person"" is disjoint with ""Preference"".
6. ""ProgramCommittee"" is disjoint with ""Preference"".
7. ""Preference"" is disjoint with ""Bid"", ""Conference"", ""Decision"", ""Document"", ""Person"", and ""ProgramCommittee""."
http://cmt#ProgramCommittee,Source,Class,program committee,"In the context of a conference, a Program Committee is a group of experts and professionals responsible for organizing and overseeing the academic and technical content of the conference. Their duties typically include reviewing submitted papers or presentations, selecting which ones will be included in the conference program, and sometimes organizing sessions or panels. The Program Committee ensures that the conference maintains high standards of quality and relevance in its content.","Sure, here are the triples verbalized into phrases:

1. The property ""hasProgramCommitteeMember"" has a domain of ""ProgramCommittee"".
2. The property ""memberOfProgramCommittee"" has a range of ""ProgramCommittee"".
3. ""Bid"" is disjoint with ""ProgramCommittee"".
4. ""Conference"" is disjoint with ""ProgramCommittee"".
5. ""Decision"" is disjoint with ""ProgramCommittee"".
6. ""Document"" is disjoint with ""ProgramCommittee"".
7. ""Person"" is disjoint with ""ProgramCommittee"".
8. ""Preference"" is disjoint with ""ProgramCommittee"".
9. ""ProgramCommittee"" is disjoint with ""Bid"", ""Conference"", ""Decision"", ""Document"", ""Person"", and ""Preference""."
http://cmt#ProgramCommitteeChair,Source,Class,program committee chair,"In the context of a conference, the Program Committee Chair is the individual responsible for overseeing the organization and execution of the conference's program. This includes tasks such as coordinating the review process for submitted papers, selecting and inviting speakers, organizing sessions, and ensuring the overall quality and coherence of the conference content. The Program Committee Chair typically leads a team of committee members who assist in these tasks and play a crucial role in shaping the academic and professional agenda of the conference.","Sure, here are the triples verbalized into phrases:

1. The property ""endReview"" has a domain of ""ProgramCommitteeChair"".
2. The class ""ProgramCommitteeChair"" is a subclass of ""ProgramCommitteeMember"".The subgraph describes a class hierarchy and equivalence relationships involving different types of chairs. Specifically:

1. There is a class denoted by a blank node (let's call it `Class1`) which is a union of three types of chairs: `AssociatedChair`, `ConferenceChair`, and `ProgramCommitteeChair`.
2. The `AssociatedChair` is the first element in this union.
3. The `ConferenceChair` is the first element in the rest of the list after `AssociatedChair`.
4. The `ProgramCommitteeChair` is the first element in the rest of the list after `ConferenceChair`.
5. The rest of the list after `ProgramCommitteeChair` is empty (denoted by `nil`).
6. The class `Chairman` is equivalent to `Class1`.

In summary, the class `Chairman` is equivalent to a union of `AssociatedChair`, `ConferenceChair`, and `ProgramCommitteeChair`."
http://cmt#ProgramCommitteeMember,Source,Class,program committee member,"In the context of a conference, a Program Committee Member is an individual who is part of the Program Committee, which includes all members of the conference except for Authors who are not also Reviewers. These members are typically responsible for tasks such as reviewing submitted papers, providing feedback, and helping to shape the conference program.","Sure, here are the triples verbalized into phrases:

1. ""ProgramCommitteeChair"" is a subclass of ""ProgramCommitteeMember"".
2. The range of ""addProgramCommitteeMember"" is ""ProgramCommitteeMember"".
3. The domain of ""addedBy"" is ""ProgramCommitteeMember"".
4. The range of ""hasProgramCommitteeMember"" is ""ProgramCommitteeMember"".
5. The domain of ""maxPapers"" is ""ProgramCommitteeMember"".
6. The domain of ""memberOfProgramCommittee"" is ""ProgramCommitteeMember"".
7. The range of ""setMaxPapers"" is ""ProgramCommitteeMember"".
8. ""AuthorNotReviewer"" is disjoint with ""ProgramCommitteeMember"".
9. ""ProgramCommitteeMember"" is a subclass of both ""ConferenceMember"" and ""Person"".
10. ""ProgramCommitteeMember"" is disjoint with ""AuthorNotReviewer""."
http://cmt#Rejection,Source,Class,rejection,"In the context of a conference, ""rejection"" typically refers to the decision not to accept a submitted paper, abstract, or proposal for presentation. This can occur during the peer review process, where submissions are evaluated based on criteria such as relevance, originality, quality of research, and adherence to the conference's themes and standards. A rejection means that the submission did not meet the necessary criteria or was not deemed suitable for inclusion in the conference program.","Sure, here are the triples verbalised into phrases:

1. ""Acceptance"" is disjoint with ""Rejection"".
2. ""Rejection"" is a subclass of ""Decision"".
3. ""Rejection"" is disjoint with ""Acceptance""."
http://cmt#Review,Source,Class,review,"In the context of a conference, a ""review"" typically refers to the evaluation or assessment of submitted papers, presentations, or proposals by a panel of experts or peers. This process is crucial for maintaining the quality and relevance of the conference content. Reviewers provide feedback, suggest improvements, and recommend whether a submission should be accepted, revised, or rejected.","Sure, here are the triples verbalised into phrases:

1. ""Meta-Review"" is a subclass of ""Review"".
2. The range of ""endReview"" is ""Review"".
3. The range of ""writeReview"" is ""Review"".
4. The domain of ""writtenBy"" is ""Review"".
5. ""Paper"" is disjoint with ""Review"".
6. ""Review"" is a subclass of ""Document"" and is disjoint with ""Paper""."
http://cmt#Reviewer,Source,Class,reviewer,"In the context of a conference, a reviewer is an individual who evaluates and assesses the quality, relevance, and originality of submitted papers or presentations. Reviewers provide feedback and recommendations regarding whether a submission should be accepted, revised, or rejected. Their role is crucial in maintaining the academic and professional standards of the conference.","Sure, here are the triples verbalised into phrases:

1. A ""Meta-Reviewer"" is a subclass of ""Reviewer"".
2. The domain of ""adjustBid"" is ""Reviewer"".
3. The range of ""adjustedBy"" is ""Reviewer"".
4. The domain of ""assignExternalReviewer"" is ""Reviewer"".
5. The range of ""assignReviewer"" is ""Reviewer"".
6. The domain of ""assignedByAdministrator"" is ""Reviewer"".
7. The range of ""assignedByReviewer"" is ""Reviewer"".
8. The range of ""assignedTo"" is ""Reviewer"".
9. The domain of ""hasBeenAssigned"" is ""Reviewer"".
10. The range of ""readByReviewer"" is ""Reviewer"".
11. The domain of ""readPaper"" is ""Reviewer"".
12. The domain of ""writeReview"" is ""Reviewer"".
13. The range of ""writtenBy"" is ""Reviewer"".
14. ""AuthorNotReviewer"" is disjoint with ""Reviewer"".
15. ""ExternalReviewer"" is disjoint with ""Reviewer"".
16. A ""Reviewer"" is a subclass of ""ConferenceMember"" and ""User"".
17. ""Reviewer"" is disjoint with ""AuthorNotReviewer"" and ""ExternalReviewer"".The subgraph describes a hierarchical structure involving roles and a class related to marking conflicts of interest. Here's a natural language description:

1. There is a class, denoted as `_:N74dbe1cdc3eb4311991ed26b63d3b38e`, which is of type `Class`.
2. The function `markConflictOfInterest` has a domain that includes this class.
3. This class is a union of a list starting with a `Reviewer`, denoted as `_:Ncb3818dac5894edda25db48d5b4cafc6`.
4. The `Reviewer` is followed by a `Chairman`, denoted as `_:Ne01c79db3f1a47eebc6118def1d13272`.
5. The `Chairman` is followed by an `Author`, denoted as `_:N0cb452497db64be0ac935ed20e6727fc`.
6. The list ends with `nil`, indicating the end of the sequence.

In summary, the class related to marking conflicts of interest includes a sequence of roles: Reviewer, Chairman, and Author."
http://cmt#SubjectArea,Source,Class,subject area,"In the context of a conference, ""SubjectArea"" refers to the specific field or domain of knowledge that the conference focuses on. It encompasses the topics, themes, and disciplines that are covered in the presentations, discussions, and sessions of the conference. For example, a conference on artificial intelligence would have a subject area related to AI technologies, machine learning, and related research.","The property ""hasSubjectArea"" has a range of ""SubjectArea""."
http://cmt#User,Source,Class,user,"In the context of a conference, a ""user"" typically refers to an individual who utilizes or interacts with a particular system, service, or product being discussed or showcased at the event. This could include software users, customers, clients, or any stakeholders who engage with the technology or services presented at the conference.","Sure, here are the triples verbalised into phrases:

1. An Administrator is a subclass of a User.
2. An Author is a subclass of a User.
3. A Reviewer is a subclass of a User.
4. A User is a subclass of a Person."
http://cmt#acceptPaper,Source,Property,accept paper,"In the context of a conference, ""acceptPaper"" refers to the decision made by the conference organizers or review committee to approve a submitted research paper for presentation at the conference. This means that the paper has met the required standards and criteria set by the conference and will be included in the conference program, often to be presented by the authors and possibly published in the conference proceedings.","The property ""acceptPaper"" has a domain of ""Administrator"" and a range of ""Paper"". This means that the action or function ""acceptPaper"" is something that an ""Administrator"" can perform, and it is performed on a ""Paper"". In other words, an ""Administrator"" has the capability to ""accept"" a ""Paper""."
http://cmt#acceptedBy,Source,Property,accepted by,"In the context of a conference, ""acceptedBy"" typically refers to the individual or committee that has reviewed and approved a submission, such as a research paper, abstract, or presentation proposal, for inclusion in the conference program. This indicates that the submission has met the necessary criteria and standards set by the conference organizers.","The property ""acceptedBy"" has a domain of ""Paper"" and a range of ""Administrator"". This means that ""acceptedBy"" is a relationship where a ""Paper"" is accepted by an ""Administrator""."
http://cmt#acceptsHardcopySubmissions,Source,Property,accepts hardcopy submissions,"In the context of a conference, ""acceptsHardcopySubmissions"" means that the conference organizers allow participants to submit their papers, abstracts, or other required documents in physical, printed form, rather than solely through electronic or digital means. This indicates that the conference is open to receiving submissions via traditional mail or in-person delivery of printed materials.","The property ""acceptsHardcopySubmissions"" has a domain of ""Conference"" and a range of ""boolean"". This means that the property ""acceptsHardcopySubmissions"" is applicable to instances of ""Conference"" and its value is of type ""boolean""."
http://cmt#addProgramCommitteeMember,Source,Property,add program committee member,"In the context of a conference, ""addProgramCommitteeMember"" refers to the action of including a new member to the program committee. The program committee is typically responsible for reviewing submitted papers, organizing sessions, and ensuring the overall quality and relevance of the conference content. Adding a new member to this committee means that the individual will participate in these activities and contribute to the planning and execution of the conference program.","The property ""addProgramCommitteeMember"" has a domain of ""Administrator"" and a range of ""ProgramCommitteeMember"". 

In other words, the action or function ""addProgramCommitteeMember"" is something that an ""Administrator"" can perform, and it involves adding an entity of type ""ProgramCommitteeMember""."
http://cmt#addedBy,Source,Property,added by,"In the context of a conference, ""addedBy"" typically refers to the person or entity who has added a particular piece of information, such as a session, speaker, or attendee, to the conference schedule or database. This could be an organizer, administrator, or any authorized individual responsible for updating and managing the conference details.","The property ""addedBy"" has a domain of ""ProgramCommitteeMember"" and a range of ""Administrator"". This means that the property ""addedBy"" is used to indicate that a ""ProgramCommitteeMember"" was added by an ""Administrator""."
http://cmt#adjustBid,Source,Property,adjust bid,"In the context of a conference, ""adjustBid"" likely refers to the process of modifying a bid or proposal that has been submitted for consideration. This could involve changing the terms, amount, or conditions of the bid to better align with the requirements or expectations of the conference organizers. For example, if a company is bidding to sponsor a conference or provide services for it, they might adjust their bid to be more competitive or to meet specific criteria set by the conference committee.","The property ""adjustBid"" has a domain of ""Reviewer"" and a range of ""Bid"". This means that ""adjustBid"" is an action or relationship that is performed by a ""Reviewer"" and results in or involves a ""Bid""."
http://cmt#adjustedBy,Source,Property,adjusted by,"In the context of a conference, ""adjustedBy"" typically refers to changes or modifications made to the schedule, agenda, or any other aspect of the conference by a specific person or entity. For example, if the conference schedule was altered to accommodate a new speaker or to extend a session, these changes would be noted as having been ""adjusted by"" the conference organizer or another responsible party.","The property ""adjustedBy"" has a domain of ""Bid"" and a range of ""Reviewer"". This means that ""adjustedBy"" is used to indicate that a ""Bid"" is adjusted by a ""Reviewer""."
http://cmt#assignExternalReviewer,Source,Property,assign external reviewer,"In the context of a conference, ""assignExternalReviewer"" refers to the process of designating an external expert, who is not part of the conference's organizing committee or internal team, to review and evaluate submitted papers or presentations. This external reviewer provides an unbiased assessment of the work, ensuring the quality and integrity of the conference's academic or professional standards.","The property ""assignExternalReviewer"" has a domain of ""Reviewer"" and a range of ""ExternalReviewer""."
http://cmt#assignReviewer,Source,Property,assign reviewer,"In the context of a conference, ""assignReviewer"" refers to the process of designating a specific individual, typically an expert in the relevant field, to evaluate and provide feedback on a submitted paper or presentation proposal. This is a crucial step in the peer review process, ensuring that submissions meet the conference's standards for quality and relevance. The assigned reviewer will assess the work's originality, significance, methodology, and clarity, and recommend whether it should be accepted, revised, or rejected.","The property ""assignReviewer"" has a domain of ""Administrator"" and a range of ""Reviewer"". This means that the action or function ""assignReviewer"" is something that an ""Administrator"" can perform, and it involves assigning or designating a ""Reviewer""."
http://cmt#assignedByAdministrator,Source,Property,assigned by administrator,"In the context of a conference, ""assignedByAdministrator"" typically means that a task, role, or responsibility has been designated to a person or group by the conference administrator. This could involve assigning speaking slots, organizing sessions, managing registration, or other logistical duties necessary for the smooth operation of the conference. The administrator is responsible for overseeing these assignments to ensure that the conference runs efficiently.","The property ""assignedByAdministrator"" has a domain of ""Reviewer"" and a range of ""Administrator"". This means that the property ""assignedByAdministrator"" is used to indicate that a ""Reviewer"" is assigned by an ""Administrator""."
http://cmt#assignedByReviewer,Source,Property,assigned by reviewer,"In the context of a conference, ""assignedByReviewer"" typically refers to the process or action where a reviewer assigns a particular task, paper, or responsibility to someone else. This could involve a reviewer assigning a paper to another reviewer for evaluation, or it could mean that a reviewer is delegating certain duties to another individual within the conference organization. The term indicates that the assignment is being made by someone in a reviewing capacity.","The property ""assignedByReviewer"" has a domain of ""ExternalReviewer"" and a range of ""Reviewer"". This means that ""assignedByReviewer"" is a relationship where an ""ExternalReviewer"" assigns something to a ""Reviewer"".The class ""ExternalReviewer"" is a subclass of a restriction. This restriction specifies that there is exactly one property, ""assignedByReviewer"", associated with instances of ""ExternalReviewer""."
http://cmt#assignedTo,Source,Property,assigned to,"In the context of a conference, ""assignedTo"" typically refers to the person or group who has been given responsibility for a specific task, role, or duty related to the conference. This could include responsibilities such as organizing sessions, managing registrations, handling logistics, or any other tasks necessary for the successful execution of the conference.","The property ""assignedTo"" has a domain of ""Paper"" and a range of ""Reviewer"". This means that ""assignedTo"" is used to indicate that a ""Paper"" is assigned to a ""Reviewer""."
http://cmt#co-writePaper,Source,Property,co writepaper,"In the context of a conference, ""co-writePaper"" refers to the collaborative process where two or more authors jointly write and contribute to a research paper or academic article. This paper is then typically submitted for presentation at the conference. Co-writing allows for the pooling of expertise, ideas, and efforts from multiple researchers, often leading to a more comprehensive and robust study.","The property ""co-writePaper"" has a domain of ""Co-author"" and a range of ""Paper"". This means that the property ""co-writePaper"" is used to link a ""Co-author"" to a ""Paper"". In other words, a ""Co-author"" can ""co-writePaper"" a ""Paper""."
http://cmt#date,Source,Property,date,"In the context of a conference, the term ""date"" refers to the specific day or days on which the conference is scheduled to take place. This includes the start and end dates if the conference spans multiple days.","The property ""date"" has a domain of ""Conference"" and a range of ""date"".The class ""Conference"" has a restriction on the property ""date"" such that there must be at least one date associated with each instance of the ""Conference"" class."
http://cmt#detailsEnteredBy,Source,Property,details entered by,"In the context of a conference, ""detailsEnteredBy"" typically refers to the individual or entity who has inputted or provided specific information or details related to the conference. This could include details about the event, such as the schedule, speaker information, venue details, or participant information. Essentially, it identifies the person responsible for entering the data into a system or database.","The property ""detailsEnteredBy"" has a domain of ""Conference"" and a range of ""Administrator"". This means that the property ""detailsEnteredBy"" is used to indicate that a ""Conference"" has details entered by an ""Administrator""."
http://cmt#email,Source,Property,email,"In the context of a conference, an email refers to an electronic message sent over the internet to communicate information related to the event. This could include details such as the conference agenda, registration confirmation, speaker announcements, logistical information, or follow-up materials. Email serves as a primary means of communication between the conference organizers and participants.","The property ""email"" has a domain of ""Person"" and a range of ""string""."
http://cmt#enableVirtualMeeting,Source,Property,enable virtual meeting,"In the context of a conference, ""enableVirtualMeeting"" refers to the process or action of setting up and allowing participants to join and interact in a meeting or conference through virtual means, typically using online platforms and tools. This can include video conferencing software, online collaboration tools, and other digital technologies that facilitate remote communication and participation.","The property ""enableVirtualMeeting"" has a domain of ""Administrator"" and a range of ""Conference"". This means that the ""enableVirtualMeeting"" property is used to link an ""Administrator"" to a ""Conference"". In other words, an ""Administrator"" can enable a ""Conference"" through the ""enableVirtualMeeting"" property."
http://cmt#endReview,Source,Property,end review,"In the context of a conference, ""endReview"" typically refers to the conclusion of the review process for submitted papers or proposals. This is the point at which reviewers have completed their evaluations, and the conference organizers can make final decisions regarding which submissions will be accepted for presentation or publication.","The property ""endReview"" has a domain of ""ProgramCommitteeChair"" and a range of ""Review"". 

In other words, the action or event ""endReview"" is something that a ""ProgramCommitteeChair"" can perform, and it involves a ""Review""."
http://cmt#enterConferenceDetails,Source,Property,enter conference details,"In the context of a conference, ""enterConferenceDetails"" typically refers to the process of inputting or providing specific information about the conference. This can include details such as the conference name, date, time, location, agenda, list of speakers, and any other relevant information that participants or organizers need to know. This process is often part of setting up or registering for a conference, either through an online platform or a registration form.","The property ""enterConferenceDetails"" has a domain of ""Administrator"" and a range of ""Conference"". This means that the action or function ""enterConferenceDetails"" is something that an ""Administrator"" can perform, and it involves or results in a ""Conference""."
http://cmt#enterReviewCriteria,Source,Property,enter review criteria,"In the context of a conference, ""enterReviewCriteria"" likely refers to the process of defining or inputting the specific standards, guidelines, or benchmarks that will be used to evaluate submissions, such as research papers, presentations, or proposals. These criteria help reviewers assess the quality, relevance, originality, and significance of the submissions to ensure that only high-quality contributions are accepted for the conference.","The property ""enterReviewCriteria"" has a domain of ""Administrator"" and a range of ""Conference"". This means that the ""enterReviewCriteria"" action is something that an ""Administrator"" can perform, and it is related to a ""Conference""."
http://cmt#finalizePaperAssignment,Source,Property,finalize paper assignment,"In the context of a conference, ""finalizePaperAssignment"" typically refers to the process of completing the allocation of submitted research papers to reviewers or session slots. This involves ensuring that each paper is assigned to appropriate reviewers for evaluation or to specific sessions for presentation, based on factors such as the paper's topic, the expertise of the reviewers, and the schedule of the conference. The goal is to ensure a smooth and organized review process and conference program.","The property ""finalizePaperAssignment"" has a domain of ""Administrator"" and a range of ""Conference"". 

In other words, the action or process of finalizing a paper assignment is something that an Administrator does, and it pertains to a Conference."
http://cmt#hardcopyMailingManifestsPrintedBy,Source,Property,hardcopy mailing manifests printed by,"In the context of a conference, ""hardcopyMailingManifestsPrintedBy"" likely refers to the physical documents or lists that detail the items being mailed, such as conference materials, brochures, or attendee information. These manifests are printed by a specific entity or person responsible for organizing and sending out these materials. Essentially, it indicates who is in charge of producing the printed mailing lists or documents for the conference.","The property ""hardcopyMailingManifestsPrintedBy"" is used to describe a relationship where the subject is a ""Conference"" and the object is an ""Administrator"". In other words, ""hardcopyMailingManifestsPrintedBy"" indicates that a ""Conference"" has its hardcopy mailing manifests printed by an ""Administrator""."
http://cmt#hasAuthor,Source,Property,has author,"In the context of a conference, ""hasAuthor"" typically refers to the relationship between a paper, presentation, or any other scholarly work and the individual(s) who created it. It indicates that a particular work has one or more authors who are responsible for its content. For example, if a research paper is being presented at a conference, ""hasAuthor"" would identify the person or people who wrote the paper.","The property ""hasAuthor"" has a domain of ""Paper"" and a range of ""Author"". This means that ""hasAuthor"" is used to link a ""Paper"" to an ""Author""."
http://cmt#hasBeenAssigned,Source,Property,has been assigned,"In the context of a conference, ""hasBeenAssigned"" typically means that a specific task, role, or responsibility has been allocated to a particular individual or group. For example, a speaker might have been assigned a time slot to present, or a volunteer might have been assigned to manage registration. It indicates that the assignment process is complete and the designated person or group is now responsible for the assigned duty.","The property ""hasBeenAssigned"" has a domain of ""Reviewer"" and a range of ""Paper"". This means that ""hasBeenAssigned"" is a relationship where a ""Reviewer"" is assigned to a ""Paper""."
http://cmt#hasBid,Source,Property,has bid,"In the context of a conference, ""hasBid"" typically refers to whether a particular entity, such as a city, organization, or venue, has submitted a proposal or application to host the conference. It indicates that the entity is actively seeking to be selected as the location or organizer for the event.","The property ""hasBid"" has a domain of ""Paper"" and a range of ""Bid""."
http://cmt#hasCo-author,Source,Property,hasco author,"In the context of a conference, ""hasCo-author"" refers to a relationship or attribute indicating that a particular paper, presentation, or research work has been collaboratively written or created by more than one author. This means that the work is not the sole effort of a single individual but rather a joint effort involving multiple contributors.","The property ""hasCo-author"" is used to indicate a relationship where the subject is a ""Paper"" and the object is a ""Co-author""."
http://cmt#hasConferenceMember,Source,Property,has conference member,"In the context of a conference, ""hasConferenceMember"" typically refers to an attribute or relationship indicating that a particular entity (such as a conference) includes one or more members. These members could be participants, attendees, speakers, or any other individuals or entities that are part of the conference. Essentially, it signifies that the conference comprises certain members who are associated with it in some capacity.","The property ""hasConferenceMember"" has a domain of ""Conference"" and a range of ""ConferenceMember""."
http://cmt#hasConflictOfInterest,Source,Property,has conflict of interest,"In the context of a conference, ""hasConflictOfInterest"" refers to a situation where an individual, such as a speaker, organizer, or reviewer, has a personal or financial interest that could potentially influence their decisions or actions in a way that is not impartial. This could include relationships with companies, financial investments, or other affiliations that might affect their objectivity or create a bias in their professional responsibilities related to the conference. Identifying and managing conflicts of interest is important to maintain the integrity and credibility of the conference.","The property ""hasConflictOfInterest"" applies to instances of the class ""Person"" and relates them to instances of the class ""Document""."
http://cmt#hasDecision,Source,Property,has decision,"In the context of a conference, ""hasDecision"" typically refers to the status or outcome of a submission, such as a research paper or proposal. It indicates that a decision has been made regarding the acceptance, rejection, or revision of the submission. This decision is usually communicated to the authors or presenters by the conference organizers or review committee.","The property ""hasDecision"" has a domain of ""Paper"" and a range of ""Decision"". This means that ""hasDecision"" is a property that relates a ""Paper"" to a ""Decision"".The description of the subgraph in natural language is as follows:

A ""Paper"" is a subclass of two restrictions. The first restriction specifies that the property ""hasDecision"" has a maximum cardinality of 1. The second restriction specifies that the property ""hasDecision"" has a minimum cardinality of 0."
http://cmt#hasProgramCommitteeMember,Source,Property,has program committee member,"In the context of a conference, ""hasProgramCommitteeMember"" refers to the relationship or attribute indicating that a particular individual is a member of the program committee for that conference. The program committee is typically responsible for reviewing submitted papers, selecting which ones will be presented, and often shaping the overall structure and content of the conference program. Therefore, ""hasProgramCommitteeMember"" signifies that the conference includes this person as part of its program committee.","The property ""hasProgramCommitteeMember"" has a domain of ""ProgramCommittee"" and a range of ""ProgramCommitteeMember"". This means that ""hasProgramCommitteeMember"" is a relationship where the subject is a ""ProgramCommittee"" and the object is a ""ProgramCommitteeMember""."
http://cmt#hasSubjectArea,Source,Property,has subject area,"In the context of a conference, ""hasSubjectArea"" refers to the specific field or topic that the conference focuses on. It indicates the particular area of study, research, or professional interest that the conference aims to address or cover through its sessions, presentations, and discussions. For example, a conference on artificial intelligence would have a subject area related to AI technologies, applications, and research.","The property ""hasSubjectArea"" has a domain of ""Paper"" and a range of ""SubjectArea""."
http://cmt#logoURL,Source,Property,logo url,"In the context of a conference, ""logoURL"" typically refers to the web address (URL) where the logo of the conference, or a related entity such as a sponsor or organizer, is hosted. This URL can be used to display the logo on websites, promotional materials, or digital platforms associated with the conference.","The property ""logoURL"" has a domain of ""Conference"" and a range of ""anyURI""."
http://cmt#markConflictOfInterest,Source,Property,mark conflict of interest,"In the context of a conference and using the extra information provided, ""markConflictOfInterest"" refers to the process of identifying and recording a conflict of interest between a specific Reviewer and a specific Paper. This conflict can be marked by Authors during paper submission, by Reviewers in Phase 2, or by Chairmen in Phase 3. Once a conflict of interest is marked, the reviewer in question will be restricted from bidding on, being assigned to, or viewing review submissions for that particular paper. This ensures the integrity and impartiality of the review process.","The property ""markConflictOfInterest"" has a range of ""Paper"".The subgraph describes a hierarchical structure involving roles and a class related to marking conflicts of interest. Here's a natural language description:

1. There is a class, denoted as `_:N74dbe1cdc3eb4311991ed26b63d3b38e`.
2. The class is associated with the domain of the action ""markConflictOfInterest"".
3. This class is defined as a union of several roles.
4. One of the roles in this union is a `Reviewer`, denoted as `_:Ncb3818dac5894edda25db48d5b4cafc6`.
5. The `Reviewer` role has a hierarchical structure:
   - The `Reviewer` role is followed by a `Chairman`, denoted as `_:Ne01c79db3f1a47eebc6118def1d13272`.
   - The `Chairman` role is followed by an `Author`, denoted as `_:N0cb452497db64be0ac935ed20e6727fc`.
   - The `Author` role is the final element in this hierarchy, as indicated by its ""rest"" being `nil`.

In summary, the subgraph outlines a class related to marking conflicts of interest, which includes a union of roles such as Reviewer, Chairman, and Author, arranged in a specific hierarchical order."
http://cmt#maxPapers,Source,Property,max papers,"In the context of a conference, ""maxPapers"" typically refers to the maximum number of papers that an individual can submit, present, or be listed as an author on. This limit is often set by the conference organizers to ensure a fair distribution of presentation opportunities and to manage the review process effectively.","The property ""maxPapers"" has a domain of ""ProgramCommitteeMember"" and a range of ""int""."
http://cmt#memberOfConference,Source,Property,member of conference,"In the context of a conference, ""memberOfConference"" typically refers to an individual who is a participant or attendee of the conference. This person is considered part of the group that is officially involved in the conference activities, which may include attending sessions, participating in discussions, and engaging in networking opportunities.","The property ""memberOfConference"" has a domain of ""ConferenceMember"" and a range of ""Conference"". This means that ""memberOfConference"" is a relationship where a ""ConferenceMember"" is associated with a ""Conference""."
http://cmt#memberOfProgramCommittee,Source,Property,member of program committee,"In the context of a conference, ""memberOfProgramCommittee"" refers to an individual who is part of the program committee. This committee is responsible for organizing and overseeing the academic and logistical aspects of the conference. Duties typically include reviewing submitted papers, selecting which papers will be presented, organizing sessions, and sometimes inviting keynote speakers. Members of the program committee are usually experts in the field relevant to the conference and play a crucial role in maintaining the quality and relevance of the conference content.","The property ""memberOfProgramCommittee"" has a domain of ""ProgramCommitteeMember"" and a range of ""ProgramCommittee"". 

In other words, the property ""memberOfProgramCommittee"" is used to indicate that an individual who is a ""ProgramCommitteeMember"" is a member of a ""ProgramCommittee""."
http://cmt#name,Source,Property,name,"In the context of a conference, the ""name"" typically refers to the title or designation given to the event. This name often encapsulates the theme, focus, or subject matter of the conference, helping potential attendees understand what the event is about and who it is intended for. For example, a conference named ""International Conference on Artificial Intelligence"" clearly indicates that the event will focus on topics related to artificial intelligence and is likely aimed at professionals, researchers, and enthusiasts in that field.","The property ""name"" has a range of ""string"".The given subgraph can be described in natural language as follows:

There is a class that is defined as a union of two elements: ""Conference"" and ""Person"". The ""Conference"" class is a subclass of a restriction that specifies the property ""name"". This restriction indicates that the ""name"" property must have exactly one value (cardinality of 1). Additionally, the ""name"" property has a domain that includes the aforementioned class."
http://cmt#paperAssignmentFinalizedBy,Source,Property,paper assignment finalized by,"In the context of a conference, ""paperAssignmentFinalizedBy"" typically refers to the deadline or the specific date and time by which the assignment of papers to reviewers or session chairs must be completed. This ensures that all papers are properly allocated to the appropriate individuals for review or presentation, allowing the conference to proceed smoothly.","The property ""paperAssignmentFinalizedBy"" is used to indicate that a paper assignment is finalized by an Administrator within the context of a Conference."
http://cmt#paperAssignmentToolsRunBy,Source,Property,paper assignment tools run by,"In the context of a conference, ""paperAssignmentToolsRunBy"" refers to the tools or systems used to assign submitted papers to reviewers or committee members. These tools are typically managed or operated by a specific entity or group, such as the conference organizers, program committee, or a designated technical team. The phrase indicates who is responsible for running or overseeing the paper assignment process.","The property ""paperAssignmentToolsRunBy"" is used to describe a relationship where the subject is a ""Conference"" and the object is an ""Administrator""."
http://cmt#paperID,Source,Property,paper id,"In the context of a conference, a ""paperID"" refers to a unique identifier assigned to a research paper submitted for consideration. This identifier is used to track and manage the paper throughout the review process, from submission to acceptance or rejection, and helps in organizing the conference proceedings. It ensures that each paper can be easily referenced and distinguished from others.","The property ""paperID"" has a domain of ""Paper"" and a range of ""unsignedLong""."
http://cmt#printHardcopyMailingManifests,Source,Property,print hardcopy mailing manifests,"In the context of a conference, ""printHardcopyMailingManifests"" likely refers to the process of printing physical documents that list the details of items being mailed, such as conference materials, attendee badges, or informational packets. These manifests would be used to ensure that all necessary items are included and correctly addressed for mailing to conference participants or stakeholders.","The action ""printHardcopyMailingManifests"" is performed by an ""Administrator"" and is related to a ""Conference""."
http://cmt#readByMeta-Reviewer,Source,Property,readbymeta reviewer,"In the context of a conference, ""readByMeta-Reviewer"" typically refers to the status indicating that a submission or paper has been reviewed by a meta-reviewer. A meta-reviewer is usually a senior reviewer or an area chair who oversees the review process, ensuring that the reviews are thorough, fair, and consistent. The meta-reviewer may also provide an additional layer of evaluation and make recommendations based on the reviews submitted by other reviewers.","The property ""readByMeta-Reviewer"" has a domain of ""Paper"" and a range of ""Meta-Reviewer"". This means that the property ""readByMeta-Reviewer"" is used to indicate that a ""Paper"" is read by a ""Meta-Reviewer"".The class ""Paper"" is a subclass of a certain restriction. This restriction specifies that the property ""readByMeta-Reviewer"" can have at most one value."
http://cmt#readByReviewer,Source,Property,read by reviewer,"In the context of a conference, ""readByReviewer"" typically refers to the status indicating that a submitted paper or abstract has been reviewed or read by a designated reviewer. This status is part of the review process where reviewers evaluate submissions to determine their suitability for presentation at the conference.","The property ""readByReviewer"" has a domain of ""Paper"" and a range of ""Reviewer"". This means that ""readByReviewer"" is a relationship where a ""Paper"" is read by a ""Reviewer"".The subgraph describes a restriction on the class ""Paper."" Specifically, it states that a ""Paper"" must have at least one instance of the property ""readByReviewer."" This means that for any instance of the class ""Paper,"" there must be at least one reviewer who has read it."
http://cmt#readPaper,Source,Property,read paper,"In the context of a conference, ""readPaper"" typically refers to the act of presenting a research paper or academic paper to an audience. This involves the author or presenter reading out the contents of their paper, often accompanied by slides or other visual aids, to convey their research findings, methodologies, and conclusions to the attendees. This is a common practice in academic and professional conferences where researchers share their work with peers for feedback, discussion, and dissemination of knowledge.","The property ""readPaper"" has a domain of ""Reviewer"" and a range of ""Paper"". This means that the ""readPaper"" property is used to link a ""Reviewer"" to a ""Paper"". In other words, a ""Reviewer"" reads a ""Paper""."
http://cmt#rejectPaper,Source,Property,reject paper,"In the context of a conference, ""rejectPaper"" refers to the decision made by the conference organizers or review committee to not accept a submitted paper for presentation or publication at the conference. This decision is typically based on the paper not meeting certain criteria such as quality, relevance, originality, or adherence to submission guidelines.","The action ""rejectPaper"" is performed by an ""Administrator"" and it applies to a ""Paper""."
http://cmt#rejectedBy,Source,Property,rejected by,"In the context of a conference, ""rejectedBy"" typically refers to the entity or individual who has declined or not accepted a submission, such as a research paper, presentation proposal, or application. For example, if a research paper is submitted to a conference for consideration and it is not accepted, the notification might state that the paper was ""rejectedBy"" the conference review committee or a specific reviewer.","The property ""rejectedBy"" has a domain of ""Paper"" and a range of ""Administrator"". This means that the property ""rejectedBy"" is used to indicate that a ""Paper"" is rejected by an ""Administrator""."
http://cmt#reviewCriteriaEnteredBy,Source,Property,review criteria entered by,"In the context of a conference, ""reviewCriteriaEnteredBy"" refers to the individual or entity that has input or specified the criteria used for reviewing submissions, such as research papers, abstracts, or proposals. This could be a conference chair, a member of the organizing committee, or a designated reviewer who sets the standards and guidelines that will be used to evaluate the quality and relevance of the submissions.","The property ""reviewCriteriaEnteredBy"" has a domain of ""Conference"" and a range of ""Administrator"". This means that the property ""reviewCriteriaEnteredBy"" is used to indicate that a ""Conference"" is associated with an ""Administrator"" who enters the review criteria."
http://cmt#reviewerBiddingStartedBy,Source,Property,reviewer bidding started by,"In the context of a conference, ""reviewerBiddingStartedBy"" refers to the specific date and time when the process begins for reviewers to express their interest in reviewing particular papers or submissions. This is typically part of the conference's paper review process, where reviewers can bid on papers they feel qualified to review based on their expertise and interests.","The property ""reviewerBiddingStartedBy"" has a domain of ""Conference"" and a range of ""Administrator"". This means that the property ""reviewerBiddingStartedBy"" is used to indicate that a ""Conference"" is associated with an ""Administrator"" who started the reviewer bidding process."
http://cmt#reviewsPerPaper,Source,Property,reviews per paper,"In the context of a conference, ""reviewsPerPaper"" refers to the number of reviews that each submitted paper receives. This metric is important for ensuring that each paper is evaluated thoroughly and fairly by multiple reviewers, which helps in maintaining the quality and integrity of the conference's selection process. For example, if the ""reviewsPerPaper"" is set to 3, it means that each paper submitted to the conference will be reviewed by three different reviewers.","The property ""reviewsPerPaper"" has a domain of ""Conference"" and a range of ""int"".The class ""Conference"" is a subclass of a restriction that specifies the property ""reviewsPerPaper"" must have a cardinality of exactly 1."
http://cmt#runPaperAssignmentTools,Source,Property,run paper assignment tools,"In the context of a conference, ""runPaperAssignmentTools"" typically refers to the process of utilizing software tools or algorithms to assign submitted papers to appropriate reviewers. These tools help match papers with reviewers based on factors such as expertise, conflict of interest, and workload balance, ensuring a fair and efficient review process.","The property ""runPaperAssignmentTools"" is used by an ""Administrator"" and applies to a ""Conference""."
http://cmt#setMaxPapers,Source,Property,set max papers,"In the context of a conference, ""setMaxPapers"" typically refers to setting a maximum limit on the number of papers that can be submitted or presented by an individual or a group. This could be a parameter set by the conference organizers to ensure a fair distribution of presentation opportunities and to manage the conference schedule effectively. For example, a conference might set a maximum of three papers per author to ensure that more participants have the chance to present their work.","The property ""setMaxPapers"" has a domain of ""Administrator"" and a range of ""ProgramCommitteeMember"". This means that the ""setMaxPapers"" function or property is applicable to instances of ""Administrator"" and it involves or affects instances of ""ProgramCommitteeMember""."
http://cmt#siteURL,Source,Property,site url,"In the context of a conference, ""siteURL"" typically refers to the web address (URL) of the official website for the conference. This website usually contains important information about the event, such as the schedule, speakers, registration details, venue information, and other relevant resources for attendees.","The property ""siteURL"" has a domain of ""Conference"" and a range of ""anyURI""."
http://cmt#startReviewerBidding,Source,Property,start reviewer bidding,"In the context of a conference, ""startReviewerBidding"" refers to the process where reviewers begin to express their preferences or interest in reviewing specific papers or submissions. This typically happens after the submission deadline and before the review process begins. Reviewers may bid on papers they feel qualified to review or are interested in, which helps the conference organizers assign papers to the most appropriate reviewers based on their expertise and preferences.","The property ""startReviewerBidding"" has a domain of ""Administrator"" and a range of ""Conference"". This means that the action or function ""startReviewerBidding"" is something that an ""Administrator"" can perform, and it is related to a ""Conference""."
http://cmt#submitPaper,Source,Property,submit paper,"In the context of a conference, ""submitPaper"" refers to the process of submitting a research paper or academic article for consideration to be presented at the conference. This typically involves sending the paper to the conference organizers or through an online submission system by a specified deadline. The submitted paper is then reviewed by a panel of experts or peer reviewers who evaluate its quality, relevance, and originality. If accepted, the paper may be presented at the conference and possibly included in the conference proceedings or published in associated journals.","The action ""submitPaper"" is performed by an entity of type ""Author"" and results in an entity of type ""Paper""."
http://cmt#title,Source,Property,title,"In the context of a conference, the term ""title"" typically refers to the name or designation given to a presentation, speech, workshop, or session. It serves to provide attendees with a clear idea of the topic or focus of that particular segment of the conference. The title is often used in the conference program or agenda to help participants decide which sessions they would like to attend.","The property ""title"" has a domain of ""Paper"" and a range of ""string""."
http://cmt#virtualMeetingEnabledBy,Source,Property,virtual meeting enabled by,"In the context of a conference, ""virtualMeetingEnabledBy"" refers to the entity or technology that facilitates the ability to hold virtual meetings. This could be a specific software platform, service provider, or technological infrastructure that enables participants to join and interact in the conference remotely via the internet. For example, a conference might be ""virtualMeetingEnabledBy"" Zoom, Microsoft Teams, or another virtual meeting platform.","The property ""virtualMeetingEnabledBy"" has a domain of ""Conference"" and a range of ""Administrator"". This means that the property ""virtualMeetingEnabledBy"" is used to describe a relationship where a ""Conference"" is enabled by an ""Administrator""."
http://cmt#writePaper,Source,Property,write paper,"In the context of a conference, ""writePaper"" refers to the process of creating a scholarly article or research paper that is intended to be submitted for presentation at the conference. This typically involves conducting research, compiling data, analyzing results, and writing a detailed report on the findings. The paper is then reviewed by peers or a committee, and if accepted, it is presented at the conference and often published in the conference proceedings.","The property ""writePaper"" has a domain of ""Author"" and a range of ""Paper"". This means that the action or relationship denoted by ""writePaper"" is something that an ""Author"" does, and the result or object of this action is a ""Paper"". In other words, an ""Author"" writes a ""Paper""."
http://cmt#writeReview,Source,Property,write review,"In the context of a conference, ""writeReview"" typically refers to the process where reviewers or participants provide their evaluations, feedback, or critiques on various aspects of the conference. This could include reviewing submitted papers, presentations, workshops, or the overall organization and execution of the event. The goal is to assess the quality, relevance, and impact of the content presented, and to provide constructive feedback for improvement.","The property ""writeReview"" has a domain of ""Reviewer"" and a range of ""Review"". This means that the action of writing a review is performed by a ""Reviewer"" and results in a ""Review""."
http://cmt#writtenBy,Source,Property,written by,"In the context of a conference, ""writtenBy"" typically refers to the author or authors who have written a paper, article, or presentation that is being presented or discussed at the conference. It indicates the individuals responsible for the creation of the content.","The property ""writtenBy"" has a domain of ""Review"" and a range of ""Reviewer"". This means that ""writtenBy"" is used to link a ""Review"" to a ""Reviewer""."
http://sigkdd#ACM_SIGKDD,Target,Class,acm sigkdd,"ACM_SIGKDD stands for the Association for Computing Machinery's Special Interest Group on Knowledge Discovery and Data Mining. It is a leading professional organization that focuses on the research and practice of data mining, knowledge discovery, and related fields. The ACM SIGKDD conference is a premier event where researchers, practitioners, and industry experts gather to present their latest findings, share insights, and discuss advancements in the field.","Sure, here are the triples verbalised into phrases:

1. The domain of ""design"" is ""ACM_SIGKDD"".
2. The range of ""designed_by"" is ""ACM_SIGKDD"".
3. The domain of ""hold"" is ""ACM_SIGKDD"".
4. The range of ""holded_by"" is ""ACM_SIGKDD"".
5. The domain of ""search"" is ""ACM_SIGKDD"".
6. The range of ""searched_by"" is ""ACM_SIGKDD"".The ACM_SIGKDD is a subclass of three different restrictions. 

1. The first restriction specifies that ACM_SIGKDD is related to something that holds a Conference.
2. The second restriction indicates that ACM_SIGKDD is associated with something that designs a Deadline.
3. The third restriction states that ACM_SIGKDD is connected to something that searches for a Sponsor."
http://sigkdd#Abstract,Target,Class,abstract,"In the context of a conference, an ""abstract"" is a brief summary of a research paper, presentation, or study that is submitted for consideration. It typically includes the main objectives, methods, results, and conclusions of the work. The abstract allows conference organizers and attendees to quickly understand the essence of the research and decide its relevance and interest to them.","The class ""Abstract"" is a subclass of the class ""Document"".The class ""Abstract"" is defined as being equivalent to a restriction. This restriction specifies that there is a property called ""submit_until"" which must have some values from the class ""Deadline_Abstract_Submission""."
http://sigkdd#Author,Target,Class,author,"In the context of a conference, an ""author"" typically refers to an individual who has written a paper, article, or study that is being presented or discussed at the event. This person is responsible for the research, findings, and conclusions contained in the work and is often the one who presents the material to the conference attendees.","Sure, here are the triples verbalised into phrases:

1. ""Author_of_paper"" is a subclass of ""Author"".
2. ""Author_of_paper_student"" is a subclass of ""Author"".
3. The property ""notification_until"" has a domain of ""Author"".
4. The property ""obtain"" has a domain of ""Author"".
5. The property ""submit"" has a domain of ""Author"".
6. ""Author"" is a subclass of ""Speaker"".The class ""Author"" is equivalent to a class that has a restriction on the property ""submit"" such that it must be related to a ""Paper"". Additionally, ""Author"" is a subclass of another class that has a restriction on the property ""notification_until"" such that it must be related to a ""Deadline_Author_notification""."
http://sigkdd#Author_of_paper,Target,Class,author of paper,"In the context of a conference, ""Author_of_paper"" refers to the individual or group of individuals who have written and submitted a research paper or academic article to be presented at the conference. These authors are typically researchers, scholars, or experts in a particular field who have conducted original research and are sharing their findings with the conference attendees.","The class ""Author_of_paper"" is a subclass of the class ""Author"".The subgraph describes the following relationships:

1. There is a restriction class (denoted as _:Nb4e361997c4e43c487a8fe9cf70d4094) that specifies some values from the ""Best Applications Paper Award"" on the property ""award"".
2. The class ""Author of paper"" is a subclass of this restriction class.
3. The restriction class (denoted as _:Nb4e361997c4e43c487a8fe9cf70d4094) is of type ""Restriction"".
4. There is another restriction class (denoted as _:N70a29012a7234e0e882b9debeb5dc70a) that specifies some values from the ""Best Research Paper Award"" on the property ""award"".
5. The class ""Author of paper"" is also a subclass of this second restriction class.
6. The restriction class (denoted as _:N70a29012a7234e0e882b9debeb5dc70a) is of type ""Restriction"".

In summary, the ""Author of paper"" class is restricted by having some values from both the ""Best Applications Paper Award"" and the ""Best Research Paper Award"" on the property ""award""."
http://sigkdd#Author_of_paper_student,Target,Class,author of paper student,"In the context of a conference, ""Author_of_paper_student"" refers to a student who has authored or co-authored a research paper that is being presented at the conference. This designation highlights the student's contribution to the academic work and their role in the research presented.","The class ""Author_of_paper_student"" is a subclass of the class ""Author"".The class ""Author_of_paper_student"" is a subclass of a restriction. This restriction specifies that the property ""award"" must have some values from the class ""Best_Student_Paper_Award""."
http://sigkdd#Award,Target,Class,award,"In the context of a conference, an ""award"" refers to a recognition or honor given to an individual or group for their outstanding achievements, contributions, or performance in a particular field or area of expertise. This could include awards for best research paper, outstanding presentation, significant contributions to the field, or other notable accomplishments recognized by the conference organizers.","Sure, here are the triples verbalised into phrases:

1. ""Best_Applications_Paper_Award"" is a subclass of ""Award"".
2. ""Best_Research_Paper_Award"" is a subclass of ""Award"".
3. ""Best_Student_Paper_Award"" is a subclass of ""Award"".
4. The range of ""award"" is ""Award"".
5. The domain of ""awarded_by"" is ""Award"".
6. The range of ""obtain"" is ""Award"".The subgraph describes that an ""Award"" is equivalent to a class that has a restriction. This restriction specifies that the ""Award"" must be associated with an ""Organizator"" through the property ""awarded_by""."
http://sigkdd#Best_Applications_Paper_Award,Target,Class,best applications paper award,"In the context of a conference, the ""Best Applications Paper Award"" is an accolade given to the paper that is deemed to have the most significant and impactful application of research findings. This award typically recognizes the paper that demonstrates outstanding practical implementation, innovation, and contribution to the field through its application. The selection is usually based on criteria such as originality, technical quality, and the potential for real-world impact.","The ""Best Applications Paper Award"" is a subclass of ""Award"".The class ""Author_of_paper"" is a subclass of a restriction. This restriction specifies that there is some property ""award"" which has some values from the class ""Best_Applications_Paper_Award""."
http://sigkdd#Best_Paper_Awards_Committee,Target,Class,best paper awards committee,"In the context of a conference, the ""Best Paper Awards Committee"" refers to a group of experts and professionals who are responsible for evaluating and selecting the best papers presented at the conference. This committee reviews submissions based on criteria such as originality, significance, quality of research, and clarity of presentation. The selected papers are then recognized with awards, highlighting their exceptional contribution to the field.","The class ""Best Paper Awards Committee"" is a subclass of the class ""Committee""."
http://sigkdd#Best_Research_Paper_Award,Target,Class,best research paper award,"In the context of a conference, the ""Best Research Paper Award"" is an accolade given to the author(s) of the most outstanding research paper presented at the event. This award typically recognizes excellence in research quality, originality, significance, and presentation. It is intended to honor and encourage high standards of academic and scientific inquiry.","The ""Best Research Paper Award"" is a subclass of ""Award"".The class ""Author_of_paper"" is a subclass of a restriction. This restriction specifies that the property ""award"" must have some values from the class ""Best_Research_Paper_Award""."
http://sigkdd#Best_Student_Paper_Award,Target,Class,best student paper award,"In the context of a conference, the ""Best Student Paper Award"" is an accolade given to the most outstanding research paper authored by a student or students. This award recognizes exceptional work in terms of originality, significance, and quality of research. It is typically judged by a panel of experts and is intended to encourage and reward high-quality academic contributions from students.","The ""Best Student Paper Award"" is a subclass of ""Award"".The class ""Author_of_paper_student"" is a subclass of a restriction. This restriction specifies that the property ""award"" must have some values from the class ""Best_Student_Paper_Award""."
http://sigkdd#Best_Student_Paper_Supporter,Target,Class,best student paper supporter,"In the context of a conference, ""Best_Student_Paper_Supporter"" typically refers to an individual, organization, or entity that provides financial or other forms of support specifically for the award given to the best student paper presented at the conference. This support can include funding for the award, sponsorship of the award ceremony, or other resources that help recognize and encourage outstanding research contributions from student participants.","The class ""Best Student Paper Supporter"" is a subclass of ""Sponsor""."
http://sigkdd#Bronze_Supporter,Target,Class,bronze supporter,"In the context of a conference, a ""Bronze Supporter"" typically refers to an individual or organization that has provided a certain level of financial sponsorship or support. This level is usually one of the lower tiers of sponsorship, often below Silver and Gold levels. Bronze Supporters usually receive specific benefits in return, such as recognition in conference materials, a mention on the conference website, and possibly some access to conference events or sessions. The exact benefits can vary depending on the conference's sponsorship structure.","The class ""Bronze Supporter"" is a subclass of ""Sponsor""."
http://sigkdd#Committee,Target,Class,committee,"In the context of a conference, a ""committee"" refers to a group of individuals who are appointed or elected to perform specific tasks related to the planning, organization, and execution of the conference. This can include responsibilities such as selecting speakers, organizing sessions, managing logistics, handling registrations, and ensuring the overall smooth running of the event. Committees are often formed to leverage the diverse skills and expertise of its members to achieve the conference's objectives effectively.","Sure, here are the triples verbalised into phrases:

1. ""Best_Paper_Awards_Committee"" is a subclass of ""Committee"".
2. ""Organizing_Committee"" is a subclass of ""Committee"".
3. ""Program_Committee"" is a subclass of ""Committee""."
http://sigkdd#Conference,Target,Class,conference,"A conference is a formal meeting or gathering where individuals or groups come together to discuss specific topics, share information, and exchange ideas. Conferences can be held in various fields such as business, education, science, and technology, and they often include presentations, panel discussions, and networking opportunities. The primary purpose of a conference is to facilitate communication and collaboration among participants who have a common interest or goal.","Sure, here are the triples verbalised into phrases:

1. The property ""City_of_conference"" applies to instances of ""Conference"".
2. The property ""End_of_conference"" applies to instances of ""Conference"".
3. The property ""Name_of_conference"" applies to instances of ""Conference"".
4. The property ""Start_of_conference"" applies to instances of ""Conference"".
5. The property ""hold"" has a range of ""Conference"", meaning it points to instances of ""Conference"".
6. The property ""holded_by"" applies to instances of ""Conference"".The class ""ACM_SIGKDD"" is a subclass of a restriction. This restriction specifies that the property ""hold"" must have some values from the class ""Conference""."
http://sigkdd#Conference_hall,Target,Class,conference hall,"In the context of a conference, a ""conference hall"" refers to a large room or space specifically designed to host conferences, meetings, seminars, and other large gatherings. It is typically equipped with necessary amenities such as seating arrangements, audio-visual equipment, and sometimes facilities for catering, to accommodate the needs of the attendees and ensure the smooth conduct of the event.","The class ""Conference hall"" is a subclass of the class ""Place""."
http://sigkdd#Deadline,Target,Class,deadline,"In the context of a conference, a ""deadline"" refers to the specific date and time by which certain tasks or submissions must be completed. This could include deadlines for submitting abstracts, registering for the conference, submitting full papers, or making payments. Meeting these deadlines is crucial for the smooth organization and operation of the conference.","Sure, here are the triples verbalised into phrases:

1. The domain of ""Date"" is ""Deadline"".
2. ""Deadline_Abstract_Submission"" is a subclass of ""Deadline"".
3. ""Deadline_Author_notification"" is a subclass of ""Deadline"".
4. ""Deadline_Paper_Submission"" is a subclass of ""Deadline"".
5. The range of ""design"" is ""Deadline"".
6. The domain of ""designed_by"" is ""Deadline"".
7. The range of ""submit_until"" is ""Deadline"".The class ""ACM_SIGKDD"" is a subclass of a restriction. This restriction is on the property ""design"" and specifies that some values of this property must be from the class ""Deadline""."
http://sigkdd#Deadline_Abstract_Submission,Target,Class,deadline abstract submission,"In the context of a conference, ""Deadline_Abstract_Submission"" refers to the final date by which participants must submit their abstracts for consideration. An abstract is a brief summary of the research or presentation that the participant intends to present at the conference. This deadline is crucial as it allows the conference organizers to review the submissions, select the most relevant and high-quality contributions, and finalize the conference program. Missing this deadline typically means that the participant's abstract will not be considered for inclusion in the conference.","The class ""Deadline_Abstract_Submission"" is a subclass of the class ""Deadline"".The class ""Abstract"" is equivalent to a restriction that requires the property ""submit_until"" to have some values from the class ""Deadline_Abstract_Submission""."
http://sigkdd#Deadline_Author_notification,Target,Class,deadline author notification,"In the context of a conference, ""Deadline_Author_notification"" refers to the final date by which authors will be informed about the acceptance or rejection of their submitted papers or proposals. This notification typically includes feedback from the review process and any necessary revisions that need to be made before the final submission.","Sure, here are the triples verbalized into phrases:

1. The property ""notification_until"" has a range of ""Deadline_Author_notification"".
2. The class ""Deadline_Author_notification"" is a subclass of ""Deadline"".The subgraph describes a class ""Author"" which is a subclass of a certain restriction. This restriction specifies that there is a property called ""notification_until"" which must have some values from the class ""Deadline_Author_notification""."
http://sigkdd#Deadline_Paper_Submission,Target,Class,deadline paper submission,"In the context of a conference, ""Deadline_Paper_Submission"" refers to the final date by which authors must submit their research papers for consideration. This is a critical date for participants who wish to present their work at the conference, as submissions received after this deadline are typically not accepted for review or inclusion in the conference program.","The class ""Deadline_Paper_Submission"" is a subclass of the class ""Deadline"".The class ""Paper"" is equivalent to a class that has a restriction. This restriction specifies that there is a property ""submit_until"" which must have some values from the class ""Deadline_Paper_Submission""."
http://sigkdd#Document,Target,Class,document,"In the context of a conference, a ""document"" typically refers to any written, printed, or digital material that is used or distributed during the event. This can include agendas, schedules, presentation slides, handouts, research papers, reports, and any other relevant materials that support the discussions and activities taking place at the conference. These documents are often used to provide information, facilitate communication, and serve as a record of the proceedings.","Sure, here are the triples verbalized into phrases:

1. ""Abstract"" is a subclass of ""Document"".
2. ""Paper"" is a subclass of ""Document"".
3. ""Review"" is a subclass of ""Document"".
4. The range of ""presentation"" is ""Document"".
5. The domain of ""presentationed_by"" is ""Document"".
6. The domain of ""submit_until"" is ""Document"".The class ""Speaker"" is equivalent to a restriction that requires the property ""presentation"" to have some values from the class ""Document""."
http://sigkdd#Exhibitor,Target,Class,exhibitor,"In the context of a conference, an ""exhibitor"" refers to an individual or organization that sets up a booth, display, or presentation area to showcase their products, services, or information to attendees. Exhibitors typically aim to engage with potential customers, partners, or other stakeholders, promote their offerings, and generate leads or interest in their business.","The class ""Exhibitor"" is a subclass of the class ""Sponzor""."
http://sigkdd#Fee,Target,Class,fee,"In the context of a conference, a ""fee"" refers to the amount of money that participants are required to pay in order to attend the event. This fee can cover various aspects such as registration, access to sessions, materials, meals, and sometimes accommodation or other amenities provided during the conference.","Sure, here are the triples verbalized into phrases:

1. ""Registration_fee"" is a subclass of ""Fee"".
2. ""Sponzor_fee"" is a subclass of ""Fee""."
http://sigkdd#General_Chair,Target,Class,general chair,"In the context of a conference, the ""General Chair"" is the individual who holds the primary leadership role and is responsible for overseeing the overall organization and execution of the event. This person typically coordinates various aspects of the conference, including planning, logistics, program development, and team management, to ensure that the conference runs smoothly and successfully. The General Chair often works closely with other committee members, sponsors, and stakeholders to achieve the conference's objectives.","The class ""General Chair"" is a subclass of the class ""Organizator""."
http://sigkdd#Gold_Supporter,Target,Class,gold supporter,"In the context of a conference, a ""Gold Supporter"" typically refers to a sponsor or partner who has contributed a significant level of financial or in-kind support to the event. This level of sponsorship usually comes with various benefits, such as prominent branding opportunities, speaking slots, exhibition space, and other forms of recognition and visibility throughout the conference. The ""Gold"" designation indicates a high tier of sponsorship, often above ""Silver"" and ""Bronze"" levels, reflecting the substantial contribution and support provided by the sponsor.","The class ""Gold Supporter"" is a subclass of ""Sponsor""."
http://sigkdd#Hotel,Target,Class,hotel,"In the context of a conference, a ""hotel"" refers to an establishment that provides lodging, meals, and other services for guests. It often serves as the venue for the conference itself, offering meeting rooms, conference halls, and other facilities necessary for hosting events, seminars, and gatherings. Additionally, hotels provide accommodations for attendees, making it convenient for them to stay on-site during the duration of the conference.","The class ""Hotel"" is a subclass of the class ""Place"".The subgraph describes a restriction on the class ""Person."" Specifically, it states that a person can stay in some hotel."
http://sigkdd#Invited_Speaker,Target,Class,invited speaker,"In the context of a conference, an ""Invited Speaker"" refers to an individual who has been specifically asked by the conference organizers to give a presentation or lecture. This person is typically recognized as an expert or a prominent figure in their field, and their participation is intended to add significant value to the event. Invited speakers often deliver keynote addresses, lead workshops, or participate in panel discussions, sharing their insights and expertise with the conference attendees.","The class ""Invited Speaker"" is a subclass of the class ""Speaker""."
http://sigkdd#Listener,Target,Class,listener,"In the context of a conference, a ""listener"" refers to an attendee who is primarily there to hear and absorb the information being presented by the speakers. Unlike speakers or panelists, listeners do not actively participate in delivering content but may engage in activities such as asking questions during Q&A sessions, taking notes, and networking with other attendees. Their main role is to gain knowledge, insights, and updates on the topics being discussed at the conference.","The class ""Listener"" is a subclass of the class ""Person""."
http://sigkdd#Main_office,Target,Class,main office,"In the context of a conference, ""Main_office"" typically refers to the primary administrative office responsible for organizing and managing the event. This office handles tasks such as registration, scheduling, communication with attendees and speakers, and overall coordination of conference activities. It serves as the central point of contact for any inquiries or issues related to the conference.","The class ""Main_office"" is a subclass of the class ""Place""."
http://sigkdd#Organizator,Target,Class,organizator,"In the context of a conference, an ""Organizator"" refers to an individual or group responsible for planning, coordinating, and managing the various aspects of the event. This includes tasks such as arranging the venue, scheduling speakers, handling registrations, managing logistics, and ensuring that the conference runs smoothly. Essentially, the organizator is the key person or team behind the successful execution of the conference.","Sure, here are the triples verbalised into phrases:

1. A General Chair is a type of Organizator.
2. An Organizing Committee member is a type of Organizator.
3. A Program Chair is a type of Organizator.
4. A Program Committee member is a type of Organizator.
5. A Webmaster is a type of Organizator.
6. An Organizator is a type of Person.The subgraph describes that an ""Award"" is equivalent to a class that has a restriction. This restriction specifies that the ""Award"" must be associated with an ""Organizator"" through the property ""awarded_by""."
http://sigkdd#Organizing_Committee,Target,Class,organizing committee,"In the context of a conference, the ""Organizing Committee"" refers to a group of individuals responsible for planning, coordinating, and executing the various aspects of the event. This committee typically handles tasks such as selecting the venue, arranging the schedule, inviting speakers, managing registrations, and overseeing logistics to ensure the conference runs smoothly. The Organizing Committee plays a crucial role in the overall success of the conference.","The class ""Organizing Committee"" is a subclass of the class ""Committee""."
http://sigkdd#Organizing_Committee_member,Target,Class,organizing committee member,"In the context of a conference, an ""Organizing Committee member"" refers to an individual who is part of a group responsible for planning, coordinating, and executing the various aspects of the conference. This includes tasks such as selecting the venue, arranging the schedule, inviting speakers, managing registrations, and overseeing logistics. Organizing Committee members work collaboratively to ensure the conference runs smoothly and meets its objectives.","The class ""Organizing Committee member"" is a subclass of the class ""Organizator""."
http://sigkdd#Paper,Target,Class,paper,"In the context of a conference, a ""paper"" typically refers to a written document that presents research findings, theories, or reviews on a specific topic. These papers are often submitted by researchers, scholars, or professionals and are reviewed by a committee before being accepted for presentation at the conference. The paper may then be presented orally or as a poster during the conference sessions.","Sure, here are the triples verbalized into phrases:

1. The action ""submit"" has a range of ""Paper"".
2. ""Paper"" is a subclass of ""Document"".The subgraph describes the following relationships:

An ""Author"" is equivalent to an entity that has a restriction on the property ""submit"" such that the entity must submit a ""Paper"". A ""Paper"" is equivalent to an entity that has a restriction on the property ""submit_until"" such that the entity must be submitted by the ""Deadline_Paper_Submission""."
http://sigkdd#Person,Target,Class,person,"In the context of a conference, a ""person"" typically refers to an individual who is attending or participating in the event. This could include speakers, attendees, organizers, panelists, or any other individuals involved in the conference activities.","Sure, here are the triples verbalised into phrases:

1. The domain of ""E-mail"" is ""Person"".
2. ""Listener"" is a subclass of ""Person"".
3. The domain of ""Name"" is ""Person"".
4. The domain of ""Nation"" is ""Person"".
5. ""Organizator"" is a subclass of ""Person"".
6. ""Speaker"" is a subclass of ""Person"".
7. The domain of ""can_stay_in"" is ""Person"".
8. The domain of ""pay"" is ""Person"".
9. The range of ""payed_by"" is ""Person"".The given subgraph can be described as follows:

A ""Person"" is defined as an entity that must pay a ""Registration_fee"". Additionally, a ""Person"" is a subclass of entities that have the ability to stay in a ""Hotel""."
http://sigkdd#Place,Target,Class,place,"In the context of a conference, ""place"" typically refers to the physical location or venue where the conference is being held. This could be a convention center, hotel, university campus, or any other facility equipped to host such events. The ""place"" includes the specific address and any relevant details about the site that attendees need to know, such as room numbers, building names, or specific areas within a larger complex.","Sure, here are the triples verbalised into phrases:

1. A ""Conference hall"" is a subclass of ""Place"".
2. A ""Hotel"" is a subclass of ""Place"".
3. A ""Main office"" is a subclass of ""Place"".
4. The property ""can stay in"" has a range of ""Place""."
http://sigkdd#Platinum_Supporter,Target,Class,platinum supporter,"In the context of a conference, a ""Platinum Supporter"" refers to an individual or organization that provides a high level of financial sponsorship or support. This typically includes significant contributions that help fund the event. In return, Platinum Supporters often receive prominent recognition, such as prime logo placement, special mentions during the event, premium booth locations, and other exclusive benefits that highlight their contribution and support.","The class ""Platinum Supporter"" is a subclass of ""Sponsor""."
http://sigkdd#Program_Chair,Target,Class,program chair,"In the context of a conference, the ""Program Chair"" is a key role responsible for overseeing the development and organization of the conference's program. This includes tasks such as selecting and inviting speakers, coordinating sessions, reviewing submitted papers or presentations, and ensuring that the overall schedule aligns with the conference's goals and themes. The Program Chair works closely with other committee members to ensure the conference runs smoothly and provides valuable content to its attendees.","The class ""Program Chair"" is a subclass of the class ""Organizator""."
http://sigkdd#Program_Committee,Target,Class,program committee,"In the context of a conference, a Program Committee is a group of experts and professionals responsible for overseeing the development and organization of the conference's academic or technical program. Their duties typically include:

1. **Reviewing Submissions**: Evaluating papers, abstracts, or presentations submitted by potential speakers to ensure they meet the conference's standards and relevance.
2. **Selecting Content**: Deciding which submissions will be included in the conference program based on quality, originality, and relevance to the conference theme.
3. **Organizing Sessions**: Structuring the conference schedule, including the arrangement of sessions, panels, and workshops.
4. **Ensuring Quality**: Maintaining the academic or technical integrity of the conference by ensuring that the content presented is of high quality.
5. **Providing Feedback**: Offering constructive feedback to authors and presenters to help them improve their work.

The Program Committee plays a crucial role in shaping the intellectual and professional impact of the conference.","The class ""Program Committee"" is a subclass of the class ""Committee""."
http://sigkdd#Program_Committee_member,Target,Class,program committee member,"In the context of a conference, a Program Committee member is an individual who is part of a group responsible for reviewing and selecting the papers, presentations, or other content to be included in the conference program. These members are typically experts in the field relevant to the conference and are tasked with ensuring the quality and relevance of the content presented. Their duties may include evaluating submissions, providing feedback to authors, and helping to shape the overall agenda of the conference.","The class ""Program Committee member"" is a subclass of the class ""Organizator""."
http://sigkdd#Registration_Non-Member,Target,Class,registration non member,"In the context of a conference, ""Registration_Non-Member"" refers to the registration category for individuals who are not members of the organization or association hosting the conference. This typically means that these individuals will pay a different (often higher) registration fee compared to members, who may receive a discounted rate as a benefit of their membership.","The class ""Registration_Non-Member"" is a subclass of the class ""Registration_fee""."
http://sigkdd#Registration_SIGKDD_Member,Target,Class,registration sigkdd member,"In the context of a conference, ""Registration_SIGKDD_Member"" refers to the registration category or process specifically for members of SIGKDD, which stands for the Special Interest Group on Knowledge Discovery and Data Mining. This typically means that individuals who are members of SIGKDD may receive certain benefits such as discounted registration fees or special access to events and materials at the conference.","The class ""Registration_SIGKDD_Member"" is a subclass of the class ""Registration_fee""."
http://sigkdd#Registration_SIGMOD_Member,Target,Class,registration sigmod member,"In the context of a conference, ""Registration_SIGMOD_Member"" refers to the registration category or fee applicable to individuals who are members of SIGMOD (Special Interest Group on Management of Data). SIGMOD is a professional group within the Association for Computing Machinery (ACM) that focuses on database management and data processing. Members of SIGMOD typically receive benefits such as discounted registration fees for conferences and events organized by the group. Therefore, ""Registration_SIGMOD_Member"" would be the registration option for attendees who are current members of SIGMOD, often at a reduced rate compared to non-members.","The class ""Registration_SIGMOD_Member"" is a subclass of the class ""Registration_fee""."
http://sigkdd#Registration_Student,Target,Class,registration student,"In the context of a conference, ""Registration_Student"" typically refers to the process or category for students to register for the event. This often includes a discounted registration fee or special provisions for students who wish to attend the conference. It may require proof of student status, such as a valid student ID or enrollment verification, to qualify for the student rate.","The class ""Registration_Student"" is a subclass of the class ""Registration_fee""."
http://sigkdd#Registration_fee,Target,Class,registration fee,"In the context of a conference, the term ""registration fee"" refers to the amount of money that participants are required to pay in order to attend the event. This fee typically covers various costs associated with organizing the conference, such as venue rental, materials, meals, and administrative expenses. The registration fee may vary depending on factors like the type of attendee (e.g., student, professional, early bird), the duration of the conference, and any additional activities or workshops included.","Sure, here are the triples verbalised into phrases:

1. The domain of ""Currency"" is ""Registration_fee"".
2. The domain of ""Price"" is ""Registration_fee"".
3. ""Registration_Non-Member"" is a subclass of ""Registration_fee"".
4. ""Registration_SIGKDD_Member"" is a subclass of ""Registration_fee"".
5. ""Registration_SIGMOD_Member"" is a subclass of ""Registration_fee"".
6. ""Registration_Student"" is a subclass of ""Registration_fee"".
7. The range of ""pay"" is ""Registration_fee"".
8. The domain of ""payed_by"" is ""Registration_fee"".
9. ""Registration_fee"" is a subclass of ""Fee"".The class ""Person"" is equivalent to a class that has a restriction. This restriction specifies that there is a property ""pay"" which must have some values from the class ""Registration_fee""."
http://sigkdd#Review,Target,Class,review,"In the context of a conference, a ""review"" typically refers to the evaluation or assessment of submitted papers, presentations, or proposals by a panel of experts or peers. This process is crucial for maintaining the quality and relevance of the conference content. Reviewers provide feedback, suggest improvements, and recommend whether a submission should be accepted, revised, or rejected.","The class ""Review"" is a subclass of the class ""Document""."
http://sigkdd#Silver_Supporter,Target,Class,silver supporter,"In the context of a conference, a ""Silver Supporter"" typically refers to a sponsor or supporter who has contributed at a specific level, often defined by the conference organizers. This level of support usually comes with certain benefits, such as recognition in conference materials, a booth or display space, and possibly speaking opportunities, but it is generally a mid-tier level of sponsorship, below ""Gold"" and ""Platinum"" levels.","The class ""Silver Supporter"" is a subclass of ""Sponsor""."
http://sigkdd#Speaker,Target,Class,speaker,"In the context of a conference, a ""Speaker"" refers to an individual who delivers a presentation, lecture, or speech to the attendees. This person is typically an expert or knowledgeable figure in a particular field or subject matter and is invited to share insights, research findings, experiences, or ideas with the audience. The speaker's role is to inform, educate, inspire, or provoke thought among the conference participants.","Sure, here are the triples verbalised into phrases:

1. An ""Author"" is a subclass of a ""Speaker"".
2. An ""Invited_Speaker"" is a subclass of a ""Speaker"".
3. A ""presentation"" is something that is associated with a ""Speaker"".
4. The property ""presentationed_by"" is associated with a ""Speaker"".
5. A ""Speaker"" is a subclass of a ""Person"".The class ""Speaker"" is equivalent to a restriction that specifies the following conditions: it has a property ""presentation"" that must have some values from the class ""Document""."
http://sigkdd#Sponzor,Target,Class,sponzor,"In the context of a conference, a ""sponsor"" (sometimes spelled ""sponzor"" in certain languages or contexts) refers to an individual, organization, or company that provides financial or other support to the event. This support can help cover costs such as venue rental, speaker fees, promotional materials, and other expenses associated with organizing the conference. In return, sponsors often receive various benefits such as brand visibility, advertising opportunities, and the chance to network with attendees.","Sure, here are the triples verbalised into phrases:

1. ""Best_Student_Paper_Supporter"" is a subclass of ""Sponzor"".
2. ""Bronze_Supporter"" is a subclass of ""Sponzor"".
3. ""Exhibitor"" is a subclass of ""Sponzor"".
4. ""Gold_Supporter"" is a subclass of ""Sponzor"".
5. The property ""Name_of_sponsor"" applies to instances of ""Sponzor"".
6. ""Platinum_Supporter"" is a subclass of ""Sponzor"".
7. ""Silver_Supporter"" is a subclass of ""Sponzor"".
8. The property ""search"" has a range of ""Sponzor"".
9. The property ""searched_by"" applies to instances of ""Sponzor"".The subgraph describes the following relationships and restrictions:

1. The class ""Sponzor"" is equivalent to a restriction where the property ""pay"" has some values from ""Sponzor_fee"".
2. There is a restriction on the property ""search"" that has some values from ""Sponzor"".
3. The class ""ACM_SIGKDD"" is a subclass of this restriction on the property ""search"".
4. Both restrictions mentioned are of type ""Restriction"".

In summary, ""Sponzor"" is defined by its relationship to ""Sponzor_fee"" through the property ""pay"". Additionally, ""ACM_SIGKDD"" is a subclass that is restricted by the property ""search"" having some values from ""Sponzor""."
http://sigkdd#Sponzor_fee,Target,Class,sponzor fee,"In the context of a conference, ""sponsor fee"" refers to the amount of money that a company or organization pays to become a sponsor of the event. This fee typically grants the sponsor various benefits, such as brand visibility, promotional opportunities, and sometimes speaking slots or exhibition space, depending on the sponsorship package they choose. The sponsor fee helps cover the costs of organizing the conference and can also contribute to enhancing the overall experience for attendees.","The class ""Sponzor_fee"" is a subclass of the class ""Fee"".The class ""Sponzor"" is equivalent to a class that has a restriction. This restriction specifies that there is a property ""pay"" which must have some values from the class ""Sponzor_fee""."
http://sigkdd#Webmaster,Target,Class,webmaster,"In the context of a conference, a ""Webmaster"" refers to the individual responsible for maintaining and managing the website associated with the event. This includes tasks such as updating content, ensuring the site is functional and user-friendly, handling technical issues, and possibly managing online registration and information dissemination. The Webmaster plays a crucial role in ensuring that attendees and participants have access to up-to-date information and a smooth online experience related to the conference.","The class ""Webmaster"" is a subclass of the class ""Organizator""."
http://sigkdd#City_of_conference,Target,Property,city of conference,"In the context of a conference, ""City_of_conference"" refers to the specific city where the conference is being held. It indicates the geographical location where the event is taking place.","The property ""City_of_conference"" has a domain of ""Conference"" and a range of ""string""."
http://sigkdd#Currency,Target,Property,currency,"In the context of a conference, ""currency"" typically refers to the relevance, timeliness, and up-to-date nature of the information being presented or discussed. It emphasizes the importance of sharing the most current data, research findings, trends, and developments in the field to ensure that participants are receiving the most accurate and useful information.","The property ""Currency"" has a domain of ""Registration_fee"" and a range of ""string""."
http://sigkdd#Date,Target,Property,date,"In the context of a conference, the term ""date"" refers to the specific day or days on which the conference is scheduled to take place. This includes the start and end dates if the conference spans multiple days.","The property ""Date"" has a domain of ""Deadline"" and a range of ""dateTime""."
http://sigkdd#E-mail,Target,Property,e mail,"In the context of a conference, an E-mail (electronic mail) refers to a method of exchanging digital messages between people using electronic devices. It is commonly used for sending invitations, sharing agendas, distributing materials, coordinating logistics, and providing updates or follow-ups related to the conference.","The property ""E-mail"" has a domain of ""Person"" and a range of ""string""."
http://sigkdd#End_of_conference,Target,Property,end of conference,"In the context of a conference, ""End_of_conference"" refers to the conclusion or final session of the event. It signifies that all scheduled activities, presentations, discussions, and networking opportunities have been completed, and the conference is officially over. This is typically marked by closing remarks, a summary of key takeaways, and sometimes a final networking opportunity or social event.","The property ""End_of_conference"" has a domain of ""Conference"" and a range of ""dateTime""."
http://sigkdd#Name,Target,Property,name,"In the context of a conference, the term ""Name"" typically refers to the identification of an individual attending or participating in the event. This could include the names of speakers, attendees, organizers, or any other participants. The name is used for purposes such as registration, creating name badges, scheduling, and facilitating networking among participants.","The property ""Name"" has a domain of ""Person"" and a range of ""string""."
http://sigkdd#Name_of_conference,Target,Property,name of conference,"In the context of a conference, ""Name_of_conference"" refers to the specific title or designation given to the event. This name is used to identify and distinguish the conference from others, often reflecting the theme, focus, or organizing body of the event. For example, ""International Conference on Artificial Intelligence"" or ""Global Health Summit"" are names of conferences that indicate their respective topics and scope.","The property ""Name_of_conference"" has a domain of ""Conference"" and a range of ""string""."
http://sigkdd#Name_of_sponsor,Target,Property,name of sponsor,"In the context of a conference, ""Name_of_sponsor"" refers to the specific individual, organization, or company that is providing financial support or resources for the event. This sponsor typically helps cover costs associated with the conference, such as venue rental, materials, and guest speakers, in exchange for promotional opportunities and recognition during the event.","The property ""Name_of_sponsor"" has a domain of ""Sponzor"" and a range of ""string""."
http://sigkdd#Nation,Target,Property,nation,"In the context of a conference, the term ""nation"" typically refers to a large group of people who share a common identity, often characterized by shared language, culture, history, and sometimes a common government or political structure. During a conference, discussions about a ""nation"" might involve topics such as national policies, international relations, cultural exchanges, economic strategies, or social issues pertinent to that specific group of people.","The property ""Nation"" has a domain of ""Person"" and a range of ""string"". This means that ""Nation"" is a property that applies to instances of ""Person"" and its value is expected to be a string."
http://sigkdd#Price,Target,Property,price,"In the context of a conference, ""price"" typically refers to the cost of attending the event. This can include various types of fees such as registration fees, ticket prices, or costs for specific sessions, workshops, or networking events within the conference. The price may also cover additional items like conference materials, meals, and access to certain amenities or activities.","The property ""Price"" has a domain of ""Registration_fee"" and a range of ""int""."
http://sigkdd#Start_of_conference,Target,Property,start of conference,"In the context of a conference, ""Start_of_conference"" refers to the beginning or commencement of the conference event. This typically includes the initial activities such as opening remarks, keynote speeches, or introductory sessions that mark the official start of the conference proceedings.","The property ""Start_of_conference"" has a domain of ""Conference"" and a range of ""dateTime""."
http://sigkdd#award,Target,Property,award,"In the context of a conference, an ""award"" refers to a recognition or honor given to an individual or group for their outstanding achievements, contributions, or performance in a particular field or area of expertise. This could include awards for best research paper, outstanding presentation, significant contributions to the field, or other notable accomplishments recognized by the conference organizers.","The property ""award"" has a range of ""Award"".The given subgraph can be described in natural language as follows:

There are three types of restrictions related to awards for authors of papers. 

1. Authors of papers can receive the ""Best Applications Paper Award"". This is represented by a restriction on the property ""award"" with the value ""Best_Applications_Paper_Award"".
2. Authors of papers can also receive the ""Best Research Paper Award"". This is represented by another restriction on the property ""award"" with the value ""Best_Research_Paper_Award"".
3. Authors of student papers can receive the ""Best Student Paper Award"". This is represented by a restriction on the property ""award"" with the value ""Best_Student_Paper_Award"".

In summary, authors of papers and student papers are eligible for different types of awards based on the restrictions defined on the ""award"" property."
http://sigkdd#awarded_by,Target,Property,awarded by,"In the context of a conference, ""awarded_by"" refers to the organization, committee, or entity that is responsible for giving out an award or recognition. This could be the conference organizers, a specific panel of judges, or a sponsoring organization associated with the conference. For example, if a paper receives a ""Best Paper Award"" at a conference, the ""awarded_by"" would be the conference committee or the specific group within the conference that decided on the award.","The property ""awarded_by"" has a domain of ""Award"".The subgraph describes that an ""Award"" is equivalent to a class that has a restriction. This restriction specifies that the award must be given by an ""Organizator""."
http://sigkdd#can_stay_in,Target,Property,can stay in,"In the context of a conference, ""can_stay_in"" typically refers to the ability or permission for attendees to stay in a particular location, such as a hotel or other accommodation, that is associated with or recommended by the conference organizers. It may also imply that the accommodation meets certain criteria or standards suitable for conference participants.","The property ""can stay in"" has a domain of ""Person"" and a range of ""Place"". This means that the property ""can stay in"" is used to describe a relationship where a ""Person"" can stay in a ""Place"".The class ""Person"" is a subclass of a restriction that specifies that a person can stay in some hotel."
http://sigkdd#design,Target,Property,design,"In the context of a conference, ""design"" typically refers to the process of planning and organizing the various elements that make up the event. This can include the layout of the venue, the schedule of sessions, the visual and thematic elements, and the overall experience for attendees. Effective design in this context aims to create an engaging, efficient, and memorable experience for all participants.","The term ""design"" has a domain of ""ACM_SIGKDD"" and a range of ""Deadline"".The class ""ACM_SIGKDD"" is a subclass of a restriction that applies to the property ""design"". This restriction specifies that some values of the property ""design"" must come from the class ""Deadline""."
http://sigkdd#designed_by,Target,Property,designed by,"In the context of a conference, ""designed_by"" typically refers to the individual or team responsible for planning and organizing the event. This can include tasks such as selecting the venue, arranging the schedule, coordinating speakers, and managing logistics to ensure the conference runs smoothly. Essentially, it denotes the creative and logistical efforts put into shaping the overall experience of the conference.","The property ""designed_by"" has a domain of ""Deadline"" and a range of ""ACM_SIGKDD"". This means that ""designed_by"" is a relationship where the subject is of type ""Deadline"" and the object is of type ""ACM_SIGKDD""."
http://sigkdd#hold,Target,Property,hold,"In the context of a conference, ""hold"" typically means to organize, conduct, or host the event. For example, if someone says, ""We will hold the conference next month,"" it means they will organize and conduct the conference during that time.","The term ""hold"" has a domain of ""ACM_SIGKDD"" and a range of ""Conference"".The class ""ACM_SIGKDD"" is a subclass of a restriction that specifies that some values of the property ""hold"" must be of the type ""Conference""."
http://sigkdd#holded_by,Target,Property,holded by,"In the context of a conference, ""holded_by"" is likely a typographical error and should be ""held by."" It refers to the organization, group, or individual responsible for organizing and conducting the conference. For example, if a conference is ""held by"" a particular university, it means that the university is the host and organizer of the event.","The property ""holded_by"" has a domain of ""Conference"" and a range of ""ACM_SIGKDD"". This means that the property ""holded_by"" is used to indicate that a ""Conference"" is held by ""ACM_SIGKDD""."
http://sigkdd#notification_until,Target,Property,notification until,"In the context of a conference, ""notification_until"" typically refers to the deadline or the final date by which participants, such as speakers or attendees, will be notified about the acceptance of their proposals, papers, or registrations. This date indicates the latest point in time when individuals can expect to receive a decision or confirmation regarding their involvement in the conference.","The property ""notification_until"" has a domain of ""Author"" and a range of ""Deadline_Author_notification"".The subgraph describes a class ""Author"" which is a subclass of a certain restriction. This restriction specifies that there is a property called ""notification_until"" which must have some values from the class ""Deadline_Author_notification""."
http://sigkdd#obtain,Target,Property,obtain,"In the context of a conference, ""obtain"" typically means to acquire or secure something, such as information, materials, or access. For example, attendees might obtain conference materials, obtain access to certain sessions, or obtain contact information from other participants.","The verb ""obtain"" has a domain of ""Author"" and a range of ""Award"". This means that the action of obtaining is performed by an Author and the object being obtained is an Award."
http://sigkdd#pay,Target,Property,pay,"In the context of a conference, ""pay"" typically refers to the act of providing monetary compensation or a fee in exchange for attending the event. This could include registration fees, ticket purchases, or any other financial transactions required to participate in the conference.","The action ""pay"" is performed by a ""Person"" and is directed towards a ""Registration_fee"".The given subgraph can be described in natural language as follows:

A ""Person"" is defined as someone who pays a ""Registration_fee"". Similarly, a ""Sponsor"" is defined as someone who pays a ""Sponsor_fee"". Both ""Person"" and ""Sponsor"" are equivalent to certain restrictions involving the property ""pay"". Specifically, the restriction for a ""Person"" involves paying a ""Registration_fee"", while the restriction for a ""Sponsor"" involves paying a ""Sponsor_fee""."
http://sigkdd#payed_by,Target,Property,payed by,"In the context of a conference, ""payed_by"" typically refers to the entity or individual responsible for covering the costs associated with the conference. This could include registration fees, travel expenses, accommodation, and other related costs. For example, if a company sends an employee to a conference, the ""payed_by"" would be the company.","The property ""payed_by"" has a domain of ""Registration_fee"" and a range of ""Person"". This means that ""payed_by"" is a relationship where a ""Registration_fee"" is paid by a ""Person""."
http://sigkdd#presentation,Target,Property,presentation,"In the context of a conference, a presentation refers to the act of delivering information, research findings, or insights to an audience. This typically involves the use of visual aids such as slides, charts, or videos, and is often followed by a question-and-answer session. The goal of a presentation at a conference is to share knowledge, spark discussion, and engage with other professionals in the field.","The term ""presentation"" has a domain of ""Speaker"" and a range of ""Document"".The class ""Speaker"" is equivalent to a restriction that specifies the following conditions: it has a property called ""presentation"" that must have some values from the class ""Document""."
http://sigkdd#presentationed_by,Target,Property,presentationed by,"In the context of a conference, ""presentationed_by"" typically refers to the individual or organization responsible for delivering a particular presentation. It indicates who is presenting the information or leading the session. For example, if a conference schedule lists a session on ""Innovative Technologies in Healthcare"" and it is ""presentationed_by Dr. Jane Smith,"" it means that Dr. Jane Smith is the presenter for that session.","The property ""presentationed_by"" has a domain of ""Document"" and a range of ""Speaker"". This means that ""presentationed_by"" is a relationship where a ""Document"" is presented by a ""Speaker""."
http://sigkdd#search,Target,Property,search,"In the context of a conference, ""search"" typically refers to the process of looking for specific information, sessions, speakers, or topics within the conference agenda or materials. This could involve using a search function on the conference website or app to quickly locate relevant content, such as finding the schedule for a particular speaker, identifying sessions on a specific topic, or locating logistical details like room numbers and times.","The term ""search"" has a domain of ""ACM_SIGKDD"" and a range of ""Sponzor"".The class ""ACM_SIGKDD"" is a subclass of a restriction. This restriction specifies that there is some value from the class ""Sponzor"" on the property ""search""."
http://sigkdd#searched_by,Target,Property,searched by,"In the context of a conference, ""searched_by"" typically refers to the criteria or parameters used to find specific information, sessions, speakers, or attendees within the conference database or schedule. For example, attendees might search for sessions ""searched_by"" keywords, topics, speaker names, or time slots.","The property ""searched_by"" has a domain of ""Sponzor"" and a range of ""ACM_SIGKDD"". This means that ""Sponzor"" is the subject that can be associated with the ""searched_by"" property, and ""ACM_SIGKDD"" is the object that can be associated with this property. In other words, ""Sponzor"" can be ""searched_by"" ""ACM_SIGKDD""."
http://sigkdd#submit,Target,Property,submit,"In the context of a conference, ""submit"" typically means to send in a proposal, abstract, paper, or other required materials for consideration by the conference organizers. This could involve submitting a research paper for presentation, an abstract for a poster session, or a proposal for a workshop or panel discussion. The submission is usually reviewed by a committee, and if accepted, the author or presenter is invited to participate in the conference.","The action ""submit"" is performed by an ""Author"" and is applied to a ""Paper"".The class ""Author"" is equivalent to a restriction class where the restriction is defined as having some values from the class ""Paper"" on the property ""submit""."
http://sigkdd#submit_until,Target,Property,submit until,"In the context of a conference, ""submit_until"" typically refers to the deadline by which participants, such as researchers or speakers, must submit their papers, abstracts, or proposals for consideration. It indicates the final date and time up to which submissions will be accepted. After this deadline, no further submissions will be considered for inclusion in the conference program.","The property ""submit_until"" has a domain of ""Document"" and a range of ""Deadline"".The class ""Paper"" is equivalent to a class that has a restriction on the property ""submit_until"" such that it must have some values from the class ""Deadline_Paper_Submission"". Similarly, the class ""Abstract"" is equivalent to a class that has a restriction on the property ""submit_until"" such that it must have some values from the class ""Deadline_Abstract_Submission""."
