entity,source_or_target,entity_type,syntactic_matching,lexical_matching,semantic_matching
http://edas#AcademiaOrganization,Source,Class,academia organization,"In the context of a conference, ""AcademiaOrganization"" typically refers to an institution or group that is involved in academic activities, such as universities, colleges, research institutes, or scholarly societies. These organizations are often responsible for organizing, sponsoring, or participating in academic conferences where researchers, scholars, and students gather to present their work, share knowledge, and discuss advancements in their respective fields.","1. A Government Organization is disjoint with an Academia Organization.
2. An Industry Organization is disjoint with an Academia Organization.
3. An NGO is disjoint with an Academia Organization.
4. An Academia Organization is a subclass of an Organization.
5. An Academia Organization is disjoint with a Government Organization, an Industry Organization, and an NGO."
http://edas#AcademicEvent,Source,Class,academic event,"In the context of a conference, an ""AcademicEvent"" refers to a gathering or meeting where scholars, researchers, and professionals come together to present their research findings, share knowledge, discuss advancements in their field, and network with peers. These events can include various activities such as keynote speeches, paper presentations, panel discussions, workshops, and poster sessions. The primary goal of an AcademicEvent in this context is to foster academic collaboration, disseminate new research, and contribute to the advancement of knowledge within a specific discipline.","1. ""OrganizationalMeeting"" is a subclass of ""AcademicEvent"".
2. ""PaperPresentation"" is a subclass of ""AcademicEvent"".
3. ""TalkEvent"" is a subclass of ""AcademicEvent"".
4. ""Workshop"" is a subclass of ""AcademicEvent"".
5. The property ""forEvent"" has a range of ""AcademicEvent"".
6. The property ""hasCall"" has a domain of ""AcademicEvent"".
7. ""NonAcademicEvent"" is disjoint with ""AcademicEvent"".
8. ""AcademicEvent"" is a subclass of ""ConferenceEvent"" and is disjoint with ""NonAcademicEvent"".The given subgraph describes a set of classes and their relationships in a natural language format as follows:

1. There is a class named ""Class"" which is related to another class named ""AcademicEvent"" through a union relationship.
2. The class ""AcademicEvent"" is defined as a union of two elements: ""AcademicEvent"" and a list starting with ""Conference"" followed by ""Person"" and ending with ""ConferenceSession"".
3. The class ""Conference"" is part of a list that starts with ""Conference"", followed by ""Person"", and ends with ""ConferenceSession"".
4. The class ""Person"" is part of a list that starts with ""Person"" and ends with ""ConferenceSession"".
5. The class ""ConferenceSession"" is part of a list that starts with ""ConferenceSession"" and ends with ""nil"".
6. There is a relationship named ""hasRelatedDocument"" which has a domain of a class that is a union of ""AcademicEvent"" and a list starting with ""Conference"" followed by ""Person"" and ending with ""ConferenceSession"".
7. There is a relationship named ""relatesTo"" which has a range of the class ""Class"".

In summary, the subgraph describes a hierarchical structure of academic events, conferences, persons, and conference sessions, along with their relationships and union definitions."
http://edas#AcceptRating,Source,Class,accept rating,"In the context of a conference, ""AcceptRating"" typically refers to the evaluation or score given to a submitted paper or presentation proposal by reviewers. This rating helps determine whether the submission should be accepted for inclusion in the conference program. The AcceptRating is usually based on criteria such as relevance, originality, quality of research, and clarity of presentation.","Sure, here are the triples verbalised into phrases:

1. ""AccpetIfRoomRating"" is disjoint with ""AcceptRating"".
2. ""RejectRating"" is disjoint with ""AcceptRating"".
3. ""WeekRejectRating"" is disjoint with ""AcceptRating"".
4. ""AcceptRating"" is a subclass of ""ReviewRating"".
5. ""AcceptRating"" is disjoint with ""AccpetIfRoomRating"".
6. ""AcceptRating"" is disjoint with ""RejectRating"".
7. ""AcceptRating"" is disjoint with ""WeekRejectRating"".The subgraph describes a class named ""ReviewRating,"" which is equivalent to a union of several rating types. Specifically, ""ReviewRating"" is a class that includes the following types of ratings:

1. ""AcceptRating""
2. ""AccpetIfRoomRating""
3. ""RejectRating""
4. ""WeekRejectRating""

These types are organized in a list structure where:
- ""AcceptRating"" is the first element.
- ""AccpetIfRoomRating"" is the second element.
- ""RejectRating"" is the third element.
- ""WeekRejectRating"" is the fourth and final element.

The list terminates with a ""nil"" value, indicating the end of the list."
http://edas#AcceptedPaper,Source,Class,accepted paper,"In the context of a conference, ""AcceptedPaper"" refers to a research paper or academic article that has been reviewed and approved by the conference's review committee for presentation at the event. This means that the paper has met the necessary standards of quality, relevance, and originality as determined by the reviewers, and the authors are invited to present their findings to the conference attendees.","Sure, here are the triples verbalised into phrases:

1. The property ""relatedToEvent"" has a domain of ""AcceptedPaper"".
2. The property ""relatedToPaper"" has a range of ""AcceptedPaper"".
3. ""ActivePaper"" is disjoint with ""AcceptedPaper"".
4. ""PendingPaper"" is disjoint with ""AcceptedPaper"".
5. ""PublishedPaper"" is disjoint with ""AcceptedPaper"".
6. ""RejectedPaper"" is disjoint with ""AcceptedPaper"".
7. ""WithdrawnPaper"" is disjoint with ""AcceptedPaper"".
8. ""AcceptedPaper"" is a subclass of ""Paper"".
9. ""AcceptedPaper"" is disjoint with ""ActivePaper"", ""PendingPaper"", ""PublishedPaper"", ""RejectedPaper"", and ""WithdrawnPaper""."
http://edas#AccommodationPlace,Source,Class,accommodation place,"In the context of a conference, ""AccommodationPlace"" refers to the location or facility where attendees can stay during the event. This could include hotels, hostels, guesthouses, or any other type of lodging arranged or recommended by the conference organizers to accommodate participants.","The class ""AccommodationPlace"" is a subclass of the class ""Place""."
http://edas#AccpetIfRoomRating,Source,Class,accpet if room rating,"In the context of a conference, ""AcceptIfRoomRating"" likely refers to a criterion used to determine whether a submission (such as a paper, presentation, or proposal) will be accepted based on the availability of space or the rating of the room. This means that the submission will be accepted if there is enough room or if the room assigned to the session meets certain standards or ratings. It is a conditional acceptance based on logistical considerations related to the venue.","Sure, here are the triples verbalised into phrases:

1. ""AcceptRating"" is disjoint with ""AccpetIfRoomRating"".
2. ""RejectRating"" is disjoint with ""AccpetIfRoomRating"".
3. ""WeekRejectRating"" is disjoint with ""AccpetIfRoomRating"".
4. ""AccpetIfRoomRating"" is a subclass of ""ReviewRating"".
5. ""AccpetIfRoomRating"" is disjoint with ""AcceptRating"".
6. ""AccpetIfRoomRating"" is disjoint with ""RejectRating"".
7. ""AccpetIfRoomRating"" is disjoint with ""WeekRejectRating"".The subgraph describes a class named ""ReviewRating,"" which is equivalent to another class represented by the node ""_:N7ff5f037f31b46bcb7f5093eeb4fb651."" This class is of type ""Class"" and is defined as a union of several rating categories. These categories are:

1. ""AcceptRating,"" which is the first element in a list represented by the node ""_:Nee82a5a0cbc84f179e0353c0b366ee61.""
2. ""AccpetIfRoomRating,"" which is the first element in a list represented by the node ""_:N66e67a4422a44641873831b1146a0a76.""
3. ""RejectRating,"" which is the first element in a list represented by the node ""_:N73e4b47389d14f858443f837b1641fe1.""
4. ""WeekRejectRating,"" which is the first element in a list represented by the node ""_:N3f3878d307c94676808a1d2991462aa1.""

The lists are connected through the ""rest"" property, forming a chain that ultimately ends in ""nil,"" indicating the end of the list."
http://edas#ActivePaper,Source,Class,active paper,"In the context of a conference, ""ActivePaper"" refers to a digital document format that allows for interactive and dynamic content. Unlike traditional static papers, ActivePapers can include executable code, interactive visualizations, and other multimedia elements that enhance the presentation and understanding of the research. This format enables authors to present their work in a more engaging and informative manner, allowing readers to interact with the data and models directly within the paper.","Sure, here are the triples verbalised into phrases:

1. ""RatedPapers"" is a subclass of ""ActivePaper"".
2. The property ""hasRating"" has a domain of ""ActivePaper"".
3. ""AcceptedPaper"" is disjoint with ""ActivePaper"".
4. ""PendingPaper"" is disjoint with ""ActivePaper"".
5. ""PublishedPaper"" is disjoint with ""ActivePaper"".
6. ""RejectedPaper"" is disjoint with ""ActivePaper"".
7. ""WithdrawnPaper"" is disjoint with ""ActivePaper"".
8. ""ActivePaper"" is a subclass of ""Paper"".
9. ""ActivePaper"" is disjoint with ""AcceptedPaper"", ""PendingPaper"", ""PublishedPaper"", ""RejectedPaper"", and ""WithdrawnPaper""."
http://edas#AntennasTopic,Source,Class,antennas topic,"In the context of a conference, ""AntennasTopic"" likely refers to a specific subject or session focused on antennas. This could include discussions, presentations, and research related to the design, development, and application of antennas in various fields such as telecommunications, broadcasting, and wireless communication systems. The topic might cover advancements in antenna technology, theoretical studies, practical implementations, and emerging trends in the industry.","Sure, here are the triples verbalized into phrases:

1. CADTopic is disjoint with AntennasTopic.
2. CommunicationTheoryTopic is disjoint with AntennasTopic.
3. CommunicationsTopic is disjoint with AntennasTopic.
4. ComputerArchitectureTopic is disjoint with AntennasTopic.
5. ComputerNetworksTopic is disjoint with AntennasTopic.
6. CryptographyTopic is disjoint with AntennasTopic.
7. MedicineTopic is disjoint with AntennasTopic.
8. MicroelectronicsTopic is disjoint with AntennasTopic.
9. MobileComputingTopic is disjoint with AntennasTopic.
10. MultimediaTopic is disjoint with AntennasTopic.
11. OperatingTopicsystems is disjoint with AntennasTopic.
12. ParallelAndDistributedComputingTopic is disjoint with AntennasTopic.
13. PerformanceTopic is disjoint with AntennasTopic.
14. PowerlineTransmissionTopic is disjoint with AntennasTopic.
15. RadioCommunicationsTopic is disjoint with AntennasTopic.
16. SatelliteAndSpaceCommunicationsTopic is disjoint with AntennasTopic.
17. SecurityTopic is disjoint with AntennasTopic.
18. SignalProcessingTopic is disjoint with AntennasTopic.
19. TestOnlyTopic is disjoint with AntennasTopic.
20. WirelessCommunicationsTopic is disjoint with AntennasTopic.
21. AntennasTopic is a subclass of Topic.
22. AntennasTopic is disjoint with CADTopic, CommunicationTheoryTopic, CommunicationsTopic, ComputerArchitectureTopic, ComputerNetworksTopic, CryptographyTopic, MedicineTopic, MicroelectronicsTopic, MobileComputingTopic, MultimediaTopic, OperatingTopicsystems, ParallelAndDistributedComputingTopic, PerformanceTopic, PowerlineTransmissionTopic, RadioCommunicationsTopic, SatelliteAndSpaceCommunicationsTopic, SecurityTopic, SignalProcessingTopic, TestOnlyTopic, and WirelessCommunicationsTopic."
http://edas#Attendee,Source,Class,attendee,"In the context of a conference, an ""attendee"" refers to a person who is present at the event, participating in its activities, sessions, or discussions. Attendees can include professionals, experts, students, or any individuals who have registered or been invited to take part in the conference.","The class ""Attendee"" is a subclass of the class ""Person""."
http://edas#Author,Source,Class,author,"In the context of a conference, an ""author"" typically refers to an individual who has written a paper, article, or study that is being presented or discussed at the event. This person is responsible for the research, findings, and conclusions contained in the work and is often the one who presents the material to the conference attendees.","Sure, here are the triples verbalised into phrases:

1. A Presenter is a subclass of an Author.
2. The property ""hasRelatedPaper"" has a domain of Author.
3. The property ""isWrittenBy"" has a range of Author.
4. A ConferenceChair is disjoint with an Author.
5. A SessionChair is disjoint with an Author.
6. A TPCMember is disjoint with an Author.
7. An Author is disjoint with a ConferenceChair, a SessionChair, and a TPCMember.The given subgraph can be described as follows:

The class ""Author"" is defined as an equivalent class to a certain intersection. This intersection consists of two components:

1. A restriction where the property ""hasRelatedDocument"" must have some values from the class ""Paper"".
2. The class ""Person"".

In other words, an ""Author"" is a person who has some related documents that are papers."
http://edas#BreakEvent,Source,Class,break event,"In the context of a conference, a ""BreakEvent"" typically refers to a scheduled pause in the conference proceedings. This break allows attendees to rest, network, grab refreshments, or attend to personal needs before the next session or activity begins. Breaks are essential for maintaining attendee engagement and energy levels throughout the event.","1. ""CoffeeBreak"" is a subclass of ""BreakEvent"".
2. ""FreeTimeBreak"" is a subclass of ""BreakEvent"".
3. ""MealBreak"" is a subclass of ""BreakEvent"".
4. ""MealEvent"" is disjoint with ""BreakEvent"".
5. ""BreakEvent"" is a subclass of ""NonAcademicEvent"".
6. ""BreakEvent"" is disjoint with ""MealEvent"".The given subgraph can be described in natural language as follows:

There is a class, denoted as `_:Nd7f6f9280e01403aaf63ddddce033853`, which is equivalent to the class `BreakEvent`. This class is defined as the union of several types of breaks. Specifically, it includes:

1. A `CoffeeBreak`.
2. A `FreeTimeBreak`.
3. A `MealBreak`.

The `CoffeeBreak` is the first element in the list of breaks. The `FreeTimeBreak` is followed by the `MealBreak`, which is the last element in the list. The list ends with `nil`, indicating the end of the sequence."
http://edas#CADTopic,Source,Class,cad topic,"In the context of a conference, ""CADTopic"" likely refers to a specific subject or area of discussion related to Computer-Aided Design (CAD). This could involve presentations, workshops, or discussions focused on various aspects of CAD technology, such as software tools, design techniques, industry applications, innovations, and best practices.","Here are the triples verbalized into phrases:

1. ""AntennasTopic"" is disjoint with ""CADTopic"".
2. ""CommunicationTheoryTopic"" is disjoint with ""CADTopic"".
3. ""CommunicationsTopic"" is disjoint with ""CADTopic"".
4. ""ComputerArchitectureTopic"" is disjoint with ""CADTopic"".
5. ""ComputerNetworksTopic"" is disjoint with ""CADTopic"".
6. ""CryptographyTopic"" is disjoint with ""CADTopic"".
7. ""MedicineTopic"" is disjoint with ""CADTopic"".
8. ""MicroelectronicsTopic"" is disjoint with ""CADTopic"".
9. ""MobileComputingTopic"" is disjoint with ""CADTopic"".
10. ""MultimediaTopic"" is disjoint with ""CADTopic"".
11. ""OperatingTopicsystems"" is disjoint with ""CADTopic"".
12. ""ParallelAndDistributedComputingTopic"" is disjoint with ""CADTopic"".
13. ""PerformanceTopic"" is disjoint with ""CADTopic"".
14. ""PowerlineTransmissionTopic"" is disjoint with ""CADTopic"".
15. ""RadioCommunicationsTopic"" is disjoint with ""CADTopic"".
16. ""SatelliteAndSpaceCommunicationsTopic"" is disjoint with ""CADTopic"".
17. ""SecurityTopic"" is disjoint with ""CADTopic"".
18. ""SignalProcessingTopic"" is disjoint with ""CADTopic"".
19. ""TestOnlyTopic"" is disjoint with ""CADTopic"".
20. ""WirelessCommunicationsTopic"" is disjoint with ""CADTopic"".

Additionally:

21. ""CADTopic"" is a subclass of ""Topic"".
22. ""CADTopic"" is disjoint with ""AntennasTopic"", ""CommunicationTheoryTopic"", ""CommunicationsTopic"", ""ComputerArchitectureTopic"", ""ComputerNetworksTopic"", ""CryptographyTopic"", ""MedicineTopic"", ""MicroelectronicsTopic"", ""MobileComputingTopic"", ""MultimediaTopic"", ""OperatingTopicsystems"", ""ParallelAndDistributedComputingTopic"", ""PerformanceTopic"", ""PowerlineTransmissionTopic"", ""RadioCommunicationsTopic"", ""SatelliteAndSpaceCommunicationsTopic"", ""SecurityTopic"", ""SignalProcessingTopic"", ""TestOnlyTopic"", and ""WirelessCommunicationsTopic""."
http://edas#Call,Source,Class,call,"In the context of a conference, a ""call"" typically refers to a scheduled telephone or video meeting where participants discuss specific topics, share information, or make decisions. This can include conference calls, where multiple participants join via phone, or video calls, where participants use video conferencing software to communicate.","Sure, here are the triples verbalised into phrases:

1. ""CallForManuscripts"" is a subclass of ""Call"".
2. ""CallForPapers"" is a subclass of ""Call"".
3. ""CallForReviews"" is a subclass of ""Call"".
4. The property ""forEvent"" has a domain of ""Call"".
5. The property ""hasCall"" has a range of ""Call"".
6. The property ""hasSubmissionDeadline"" has a domain of ""Call"".
7. The property ""hasSubmissionInstructions"" has a domain of ""Call"".
8. The property ""initiates"" has a range of ""Call"".
9. The property ""isInitiatedBy"" has a domain of ""Call"".
10. ""Conference"" is disjoint with ""Call"".
11. ""ConferenceEvent"" is disjoint with ""Call"".
12. ""ConferenceSession"" is disjoint with ""Call"".
13. ""ContactInformation"" is disjoint with ""Call"".
14. ""Country"" is disjoint with ""Call"".
15. ""Document"" is disjoint with ""Call"".
16. ""Organization"" is disjoint with ""Call"".
17. ""Person"" is disjoint with ""Call"".
18. ""PersonalHistory"" is disjoint with ""Call"".
19. ""Place"" is disjoint with ""Call"".
20. ""ReviewForm"" is disjoint with ""Call"".
21. ""ReviewQuestion"" is disjoint with ""Call"".
22. ""ReviewRating"" is disjoint with ""Call"".
23. ""Sponsorship"" is disjoint with ""Call"".
24. ""Topic"" is disjoint with ""Call"".
25. ""Call"" is disjoint with ""Conference"", ""ConferenceEvent"", ""ConferenceSession"", ""ContactInformation"", ""Country"", ""Document"", ""Organization"", ""Person"", ""PersonalHistory"", ""Place"", ""ReviewForm"", ""ReviewQuestion"", ""ReviewRating"", ""Sponsorship"", and ""Topic""."
http://edas#CallForManuscripts,Source,Class,call for manuscripts,"In the context of a conference, ""Call For Manuscripts"" refers to an invitation issued by the conference organizers for researchers, scholars, and professionals to submit their written works, such as research papers, articles, or studies, for consideration. These manuscripts are typically reviewed by a committee, and selected works may be presented at the conference, published in conference proceedings, or included in related academic journals. The ""Call For Manuscripts"" outlines the submission guidelines, deadlines, and topics of interest relevant to the conference.","The class ""CallForManuscripts"" is a subclass of the class ""Call""."
http://edas#CallForPapers,Source,Class,call for papers,"In the context of a conference, ""Call For Papers"" (often abbreviated as CFP) is an invitation issued by the conference organizers to researchers, scholars, and professionals to submit their research papers, abstracts, or proposals for presentation at the conference. The CFP typically includes details about the conference themes, submission guidelines, important dates, and the review process. It serves as a formal request for contributions to the conference's academic or professional program.","The class ""CallForPapers"" is a subclass of the class ""Call""."
http://edas#CallForReviews,Source,Class,call for reviews,"In the context of a conference, ""Call For Reviews"" refers to an invitation or request for experts, researchers, or professionals to review and evaluate submitted papers, presentations, or proposals. This process is crucial for maintaining the quality and integrity of the conference by ensuring that only high-quality and relevant work is accepted for presentation. The term ""Call For Reviews"" is often abbreviated as ""CFR.""","The class ""CallForReviews"" is a subclass of the class ""Call""."
http://edas#ClosingTalk,Source,Class,closing talk,"In the context of a conference, ""Closing Talk"" refers to the final presentation or speech that concludes the event. This talk typically summarizes the key points discussed during the conference, provides final insights, and often includes acknowledgments and thank-yous to participants, speakers, and organizers. It serves to wrap up the event on a cohesive note and may also outline future directions or next steps related to the conference's theme.","Sure, here are the triples verbalized into phrases:

1. ""ClosingTalk"" is a subclass of ""TalkEvent"".
2. ""ClosingTalk"" is disjoint with ""WelcomeTalk"".
3. ""WelcomeTalk"" is disjoint with ""ClosingTalk""."
http://edas#CoffeeBreak,Source,Class,coffee break,"In the context of a conference, a ""CoffeeBreak"" refers to a scheduled pause in the conference proceedings where attendees can take a break to enjoy coffee, tea, snacks, and engage in informal networking. It provides an opportunity for participants to relax, recharge, and have casual conversations with other attendees, which can be valuable for building professional relationships and discussing conference topics in a more informal setting.","The class ""CoffeeBreak"" is a subclass of the class ""BreakEvent"".The given subgraph can be described as follows:

There is a class, denoted as `_:Nd7f6f9280e01403aaf63ddddce033853`, which is equivalent to the class `BreakEvent`. This class is defined as the union of several types of breaks. Specifically, it includes:

1. A `CoffeeBreak`.
2. A `FreeTimeBreak`.
3. A `MealBreak`.

The `CoffeeBreak` is the first element in a list, followed by a `FreeTimeBreak`, which in turn is followed by a `MealBreak`. The list ends with `nil`, indicating the end of the list."
http://edas#CommunicationTheoryTopic,Source,Class,communication theory topic,"In the context of a conference, ""CommunicationTheoryTopic"" refers to a subject or theme related to the study and analysis of communication theories. This could involve discussions, presentations, and papers that explore various models, principles, and frameworks that explain how communication works in different contexts, such as interpersonal, organizational, mass media, and digital communication. The goal is to advance understanding and knowledge in the field of communication theory.","Here are the triples verbalized into phrases:

1. ""AntennasTopic"" is disjoint with ""CommunicationTheoryTopic"".
2. ""CADTopic"" is disjoint with ""CommunicationTheoryTopic"".
3. ""CommunicationsTopic"" is disjoint with ""CommunicationTheoryTopic"".
4. ""ComputerArchitectureTopic"" is disjoint with ""CommunicationTheoryTopic"".
5. ""ComputerNetworksTopic"" is disjoint with ""CommunicationTheoryTopic"".
6. ""CryptographyTopic"" is disjoint with ""CommunicationTheoryTopic"".
7. ""MedicineTopic"" is disjoint with ""CommunicationTheoryTopic"".
8. ""MicroelectronicsTopic"" is disjoint with ""CommunicationTheoryTopic"".
9. ""MobileComputingTopic"" is disjoint with ""CommunicationTheoryTopic"".
10. ""MultimediaTopic"" is disjoint with ""CommunicationTheoryTopic"".
11. ""OperatingTopicsystems"" is disjoint with ""CommunicationTheoryTopic"".
12. ""ParallelAndDistributedComputingTopic"" is disjoint with ""CommunicationTheoryTopic"".
13. ""PerformanceTopic"" is disjoint with ""CommunicationTheoryTopic"".
14. ""PowerlineTransmissionTopic"" is disjoint with ""CommunicationTheoryTopic"".
15. ""RadioCommunicationsTopic"" is disjoint with ""CommunicationTheoryTopic"".
16. ""SatelliteAndSpaceCommunicationsTopic"" is disjoint with ""CommunicationTheoryTopic"".
17. ""SecurityTopic"" is disjoint with ""CommunicationTheoryTopic"".
18. ""SignalProcessingTopic"" is disjoint with ""CommunicationTheoryTopic"".
19. ""TestOnlyTopic"" is disjoint with ""CommunicationTheoryTopic"".
20. ""WirelessCommunicationsTopic"" is disjoint with ""CommunicationTheoryTopic"".

Additionally:

21. ""CommunicationTheoryTopic"" is a subclass of ""Topic"".
22. ""CommunicationTheoryTopic"" is disjoint with ""AntennasTopic"", ""CADTopic"", ""CommunicationsTopic"", ""ComputerArchitectureTopic"", ""ComputerNetworksTopic"", ""CryptographyTopic"", ""MedicineTopic"", ""MicroelectronicsTopic"", ""MobileComputingTopic"", ""MultimediaTopic"", ""OperatingTopicsystems"", ""ParallelAndDistributedComputingTopic"", ""PerformanceTopic"", ""PowerlineTransmissionTopic"", ""RadioCommunicationsTopic"", ""SatelliteAndSpaceCommunicationsTopic"", ""SecurityTopic"", ""SignalProcessingTopic"", ""TestOnlyTopic"", and ""WirelessCommunicationsTopic""."
http://edas#CommunicationsTopic,Source,Class,communications topic,"In the context of a conference, ""CommunicationsTopic"" refers to a specific subject or theme related to the field of communications that will be discussed or presented during the event. This could encompass a wide range of areas within communications, such as digital communication, media studies, telecommunications, public relations, corporate communication, and more. The topic would typically be part of the conference agenda, featuring presentations, panels, or workshops led by experts in the field.","Sure, here are the triples verbalized into phrases:

1. ""AntennasTopic"" is disjoint with ""CommunicationsTopic"".
2. ""CADTopic"" is disjoint with ""CommunicationsTopic"".
3. ""CommunicationTheoryTopic"" is disjoint with ""CommunicationsTopic"".
4. ""ComputerArchitectureTopic"" is disjoint with ""CommunicationsTopic"".
5. ""ComputerNetworksTopic"" is disjoint with ""CommunicationsTopic"".
6. ""CryptographyTopic"" is disjoint with ""CommunicationsTopic"".
7. ""MedicineTopic"" is disjoint with ""CommunicationsTopic"".
8. ""MicroelectronicsTopic"" is disjoint with ""CommunicationsTopic"".
9. ""MobileComputingTopic"" is disjoint with ""CommunicationsTopic"".
10. ""MultimediaTopic"" is disjoint with ""CommunicationsTopic"".
11. ""OperatingTopicsystems"" is disjoint with ""CommunicationsTopic"".
12. ""ParallelAndDistributedComputingTopic"" is disjoint with ""CommunicationsTopic"".
13. ""PerformanceTopic"" is disjoint with ""CommunicationsTopic"".
14. ""PowerlineTransmissionTopic"" is disjoint with ""CommunicationsTopic"".
15. ""RadioCommunicationsTopic"" is disjoint with ""CommunicationsTopic"".
16. ""SatelliteAndSpaceCommunicationsTopic"" is disjoint with ""CommunicationsTopic"".
17. ""SecurityTopic"" is disjoint with ""CommunicationsTopic"".
18. ""SignalProcessingTopic"" is disjoint with ""CommunicationsTopic"".
19. ""TestOnlyTopic"" is disjoint with ""CommunicationsTopic"".
20. ""WirelessCommunicationsTopic"" is disjoint with ""CommunicationsTopic"".

Additionally:

21. ""CommunicationsTopic"" is a subclass of ""Topic"".
22. ""CommunicationsTopic"" is disjoint with ""AntennasTopic"", ""CADTopic"", ""CommunicationTheoryTopic"", ""ComputerArchitectureTopic"", ""ComputerNetworksTopic"", ""CryptographyTopic"", ""MedicineTopic"", ""MicroelectronicsTopic"", ""MobileComputingTopic"", ""MultimediaTopic"", ""OperatingTopicsystems"", ""ParallelAndDistributedComputingTopic"", ""PerformanceTopic"", ""PowerlineTransmissionTopic"", ""RadioCommunicationsTopic"", ""SatelliteAndSpaceCommunicationsTopic"", ""SecurityTopic"", ""SignalProcessingTopic"", ""TestOnlyTopic"", and ""WirelessCommunicationsTopic""."
http://edas#ComputerArchitectureTopic,Source,Class,computer architecture topic,"In the context of a conference, ""ComputerArchitectureTopic"" refers to a subject or theme related to the design, structure, and organization of computer systems and components. This can include discussions on processors, memory hierarchy, input/output mechanisms, parallel processing, and other foundational elements that determine how computers execute tasks and manage resources. Presentations, papers, and discussions under this topic would likely explore advancements, research findings, and innovative approaches in the field of computer architecture.","Here are the triples verbalised into phrases:

1. ""AntennasTopic"" is disjoint with ""ComputerArchitectureTopic"".
2. ""CADTopic"" is disjoint with ""ComputerArchitectureTopic"".
3. ""CommunicationTheoryTopic"" is disjoint with ""ComputerArchitectureTopic"".
4. ""CommunicationsTopic"" is disjoint with ""ComputerArchitectureTopic"".
5. ""ComputerNetworksTopic"" is disjoint with ""ComputerArchitectureTopic"".
6. ""CryptographyTopic"" is disjoint with ""ComputerArchitectureTopic"".
7. ""MedicineTopic"" is disjoint with ""ComputerArchitectureTopic"".
8. ""MicroelectronicsTopic"" is disjoint with ""ComputerArchitectureTopic"".
9. ""MobileComputingTopic"" is disjoint with ""ComputerArchitectureTopic"".
10. ""MultimediaTopic"" is disjoint with ""ComputerArchitectureTopic"".
11. ""OperatingTopicsystems"" is disjoint with ""ComputerArchitectureTopic"".
12. ""ParallelAndDistributedComputingTopic"" is disjoint with ""ComputerArchitectureTopic"".
13. ""PerformanceTopic"" is disjoint with ""ComputerArchitectureTopic"".
14. ""PowerlineTransmissionTopic"" is disjoint with ""ComputerArchitectureTopic"".
15. ""RadioCommunicationsTopic"" is disjoint with ""ComputerArchitectureTopic"".
16. ""SatelliteAndSpaceCommunicationsTopic"" is disjoint with ""ComputerArchitectureTopic"".
17. ""SecurityTopic"" is disjoint with ""ComputerArchitectureTopic"".
18. ""SignalProcessingTopic"" is disjoint with ""ComputerArchitectureTopic"".
19. ""TestOnlyTopic"" is disjoint with ""ComputerArchitectureTopic"".
20. ""WirelessCommunicationsTopic"" is disjoint with ""ComputerArchitectureTopic"".

Additionally:

21. ""ComputerArchitectureTopic"" is a subclass of ""Topic"".
22. ""ComputerArchitectureTopic"" is disjoint with ""AntennasTopic"", ""CADTopic"", ""CommunicationTheoryTopic"", ""CommunicationsTopic"", ""ComputerNetworksTopic"", ""CryptographyTopic"", ""MedicineTopic"", ""MicroelectronicsTopic"", ""MobileComputingTopic"", ""MultimediaTopic"", ""OperatingTopicsystems"", ""ParallelAndDistributedComputingTopic"", ""PerformanceTopic"", ""PowerlineTransmissionTopic"", ""RadioCommunicationsTopic"", ""SatelliteAndSpaceCommunicationsTopic"", ""SecurityTopic"", ""SignalProcessingTopic"", ""TestOnlyTopic"", and ""WirelessCommunicationsTopic""."
http://edas#ComputerNetworksAapplicationsTopic,Source,Class,computer networks aapplications topic,"In the context of a conference, ""Computer Networks Applications Topic"" likely refers to a specific subject area or session focused on the various applications and uses of computer networks. This could include discussions, presentations, and papers on how computer networks are utilized in different fields, the latest advancements in network technology, practical implementations, and case studies demonstrating the impact and benefits of computer networks in real-world scenarios.","Sure, here are the triples verbalised into phrases:

1. ""ComputerNetworksEnterpriseTopic"" is disjoint with ""ComputerNetworksAapplicationsTopic"".
2. ""ComputerNetworksManagementTopic"" is disjoint with ""ComputerNetworksAapplicationsTopic"".
3. ""ComputerNetworksMeasurementsTopic"" is disjoint with ""ComputerNetworksAapplicationsTopic"".
4. ""ComputerNetworksOpticalTopic"" is disjoint with ""ComputerNetworksAapplicationsTopic"".
5. ""ComputerNetworksSecurityTopic"" is disjoint with ""ComputerNetworksAapplicationsTopic"".
6. ""ComputerNetworksSensorTopic"" is disjoint with ""ComputerNetworksAapplicationsTopic"".
7. ""ComputerNetworksSwitchingTopic"" is disjoint with ""ComputerNetworksAapplicationsTopic"".
8. ""ComputerNetworksAapplicationsTopic"" is a subclass of ""ComputerNetworksTopic"".
9. ""ComputerNetworksAapplicationsTopic"" is disjoint with ""ComputerNetworksEnterpriseTopic"".
10. ""ComputerNetworksAapplicationsTopic"" is disjoint with ""ComputerNetworksManagementTopic"".
11. ""ComputerNetworksAapplicationsTopic"" is disjoint with ""ComputerNetworksMeasurementsTopic"".
12. ""ComputerNetworksAapplicationsTopic"" is disjoint with ""ComputerNetworksOpticalTopic"".
13. ""ComputerNetworksAapplicationsTopic"" is disjoint with ""ComputerNetworksSecurityTopic"".
14. ""ComputerNetworksAapplicationsTopic"" is disjoint with ""ComputerNetworksSensorTopic"".
15. ""ComputerNetworksAapplicationsTopic"" is disjoint with ""ComputerNetworksSwitchingTopic""."
http://edas#ComputerNetworksEnterpriseTopic,Source,Class,computer networks enterprise topic,"In the context of a conference, ""Computer Networks Enterprise Topic"" likely refers to a specific subject or session focused on the role, design, implementation, and management of computer networks within enterprise environments. This could include discussions on network infrastructure, security, scalability, performance optimization, and the integration of new technologies to support business operations. The topic would be relevant to IT professionals, network engineers, and business leaders interested in leveraging network technologies to enhance organizational efficiency and security.","Sure, here are the triples verbalised into phrases:

1. ""ComputerNetworksAapplicationsTopic"" is disjoint with ""ComputerNetworksEnterpriseTopic"".
2. ""ComputerNetworksManagementTopic"" is disjoint with ""ComputerNetworksEnterpriseTopic"".
3. ""ComputerNetworksMeasurementsTopic"" is disjoint with ""ComputerNetworksEnterpriseTopic"".
4. ""ComputerNetworksOpticalTopic"" is disjoint with ""ComputerNetworksEnterpriseTopic"".
5. ""ComputerNetworksSecurityTopic"" is disjoint with ""ComputerNetworksEnterpriseTopic"".
6. ""ComputerNetworksSensorTopic"" is disjoint with ""ComputerNetworksEnterpriseTopic"".
7. ""ComputerNetworksSwitchingTopic"" is disjoint with ""ComputerNetworksEnterpriseTopic"".
8. ""ComputerNetworksEnterpriseTopic"" is a subclass of ""ComputerNetworksTopic"".
9. ""ComputerNetworksEnterpriseTopic"" is disjoint with ""ComputerNetworksAapplicationsTopic"", ""ComputerNetworksManagementTopic"", ""ComputerNetworksMeasurementsTopic"", ""ComputerNetworksOpticalTopic"", ""ComputerNetworksSecurityTopic"", ""ComputerNetworksSensorTopic"", and ""ComputerNetworksSwitchingTopic""."
http://edas#ComputerNetworksManagementTopic,Source,Class,computer networks management topic,"In the context of a conference, ""Computer Networks Management Topic"" refers to a subject or area of discussion focused on the administration, operation, and maintenance of computer networks. This can include topics such as network design, network security, performance monitoring, troubleshooting, and the implementation of network policies and protocols. It is likely to be a session or series of presentations where experts share insights, research findings, and best practices related to managing computer networks effectively.","1. ""ComputerNetworksAapplicationsTopic"" is disjoint with ""ComputerNetworksManagementTopic"".
2. ""ComputerNetworksEnterpriseTopic"" is disjoint with ""ComputerNetworksManagementTopic"".
3. ""ComputerNetworksMeasurementsTopic"" is disjoint with ""ComputerNetworksManagementTopic"".
4. ""ComputerNetworksOpticalTopic"" is disjoint with ""ComputerNetworksManagementTopic"".
5. ""ComputerNetworksSecurityTopic"" is disjoint with ""ComputerNetworksManagementTopic"".
6. ""ComputerNetworksSensorTopic"" is disjoint with ""ComputerNetworksManagementTopic"".
7. ""ComputerNetworksSwitchingTopic"" is disjoint with ""ComputerNetworksManagementTopic"".
8. ""ComputerNetworksManagementTopic"" is a subclass of ""ComputerNetworksTopic"".
9. ""ComputerNetworksManagementTopic"" is disjoint with ""ComputerNetworksAapplicationsTopic"", ""ComputerNetworksEnterpriseTopic"", ""ComputerNetworksMeasurementsTopic"", ""ComputerNetworksOpticalTopic"", ""ComputerNetworksSecurityTopic"", ""ComputerNetworksSensorTopic"", and ""ComputerNetworksSwitchingTopic""."
http://edas#ComputerNetworksMeasurementsTopic,Source,Class,computer networks measurements topic,"In the context of a conference, ""Computer Networks Measurements Topic"" refers to a subject area focused on the techniques, tools, and methodologies used to measure and analyze the performance, reliability, and behavior of computer networks. This can include aspects such as network traffic analysis, latency measurement, bandwidth utilization, packet loss, and other metrics that help in understanding and optimizing network performance. Presentations and discussions under this topic would likely cover recent research findings, innovative measurement tools, case studies, and best practices in the field of computer network measurements.","Sure, here are the triples verbalized into phrases:

1. ""ComputerNetworksAapplicationsTopic"" is disjoint with ""ComputerNetworksMeasurementsTopic"".
2. ""ComputerNetworksEnterpriseTopic"" is disjoint with ""ComputerNetworksMeasurementsTopic"".
3. ""ComputerNetworksManagementTopic"" is disjoint with ""ComputerNetworksMeasurementsTopic"".
4. ""ComputerNetworksOpticalTopic"" is disjoint with ""ComputerNetworksMeasurementsTopic"".
5. ""ComputerNetworksSecurityTopic"" is disjoint with ""ComputerNetworksMeasurementsTopic"".
6. ""ComputerNetworksSensorTopic"" is disjoint with ""ComputerNetworksMeasurementsTopic"".
7. ""ComputerNetworksSwitchingTopic"" is disjoint with ""ComputerNetworksMeasurementsTopic"".
8. ""ComputerNetworksMeasurementsTopic"" is a subclass of ""ComputerNetworksTopic"".
9. ""ComputerNetworksMeasurementsTopic"" is disjoint with ""ComputerNetworksAapplicationsTopic"".
10. ""ComputerNetworksMeasurementsTopic"" is disjoint with ""ComputerNetworksEnterpriseTopic"".
11. ""ComputerNetworksMeasurementsTopic"" is disjoint with ""ComputerNetworksManagementTopic"".
12. ""ComputerNetworksMeasurementsTopic"" is disjoint with ""ComputerNetworksOpticalTopic"".
13. ""ComputerNetworksMeasurementsTopic"" is disjoint with ""ComputerNetworksSecurityTopic"".
14. ""ComputerNetworksMeasurementsTopic"" is disjoint with ""ComputerNetworksSensorTopic"".
15. ""ComputerNetworksMeasurementsTopic"" is disjoint with ""ComputerNetworksSwitchingTopic""."
http://edas#ComputerNetworksOpticalTopic,Source,Class,computer networks optical topic,"In the context of a conference, ""ComputerNetworksOpticalTopic"" likely refers to a session or discussion focused on the intersection of computer networks and optical technologies. This could include topics such as the use of optical fibers for high-speed data transmission, advancements in optical networking technologies, and their applications in improving the performance and efficiency of computer networks. The session might cover recent research, technological developments, and practical implementations in the field of optical networking within computer networks.","Here are the triples verbalized into phrases:

1. ""ComputerNetworksAapplicationsTopic"" is disjoint with ""ComputerNetworksOpticalTopic"".
2. ""ComputerNetworksEnterpriseTopic"" is disjoint with ""ComputerNetworksOpticalTopic"".
3. ""ComputerNetworksManagementTopic"" is disjoint with ""ComputerNetworksOpticalTopic"".
4. ""ComputerNetworksMeasurementsTopic"" is disjoint with ""ComputerNetworksOpticalTopic"".
5. ""ComputerNetworksSecurityTopic"" is disjoint with ""ComputerNetworksOpticalTopic"".
6. ""ComputerNetworksSensorTopic"" is disjoint with ""ComputerNetworksOpticalTopic"".
7. ""ComputerNetworksSwitchingTopic"" is disjoint with ""ComputerNetworksOpticalTopic"".
8. ""ComputerNetworksOpticalTopic"" is a subclass of ""ComputerNetworksTopic"".
9. ""ComputerNetworksOpticalTopic"" is disjoint with ""ComputerNetworksAapplicationsTopic"".
10. ""ComputerNetworksOpticalTopic"" is disjoint with ""ComputerNetworksEnterpriseTopic"".
11. ""ComputerNetworksOpticalTopic"" is disjoint with ""ComputerNetworksManagementTopic"".
12. ""ComputerNetworksOpticalTopic"" is disjoint with ""ComputerNetworksMeasurementsTopic"".
13. ""ComputerNetworksOpticalTopic"" is disjoint with ""ComputerNetworksSecurityTopic"".
14. ""ComputerNetworksOpticalTopic"" is disjoint with ""ComputerNetworksSensorTopic"".
15. ""ComputerNetworksOpticalTopic"" is disjoint with ""ComputerNetworksSwitchingTopic""."
http://edas#ComputerNetworksSecurityTopic,Source,Class,computer networks security topic,"In the context of a conference, ""Computer Networks Security Topic"" refers to a subject or area of discussion focused on the protection of computer networks from various threats and vulnerabilities. This can include topics such as cybersecurity measures, encryption techniques, network protocols, intrusion detection systems, firewalls, and best practices for safeguarding data and network infrastructure. The goal is to share knowledge, research findings, and advancements in the field of network security to enhance the overall security posture of computer networks.","1. ""ComputerNetworksAapplicationsTopic"" is disjoint with ""ComputerNetworksSecurityTopic"".
2. ""ComputerNetworksEnterpriseTopic"" is disjoint with ""ComputerNetworksSecurityTopic"".
3. ""ComputerNetworksManagementTopic"" is disjoint with ""ComputerNetworksSecurityTopic"".
4. ""ComputerNetworksMeasurementsTopic"" is disjoint with ""ComputerNetworksSecurityTopic"".
5. ""ComputerNetworksOpticalTopic"" is disjoint with ""ComputerNetworksSecurityTopic"".
6. ""ComputerNetworksSensorTopic"" is disjoint with ""ComputerNetworksSecurityTopic"".
7. ""ComputerNetworksSwitchingTopic"" is disjoint with ""ComputerNetworksSecurityTopic"".
8. ""ComputerNetworksSecurityTopic"" is a subclass of ""ComputerNetworksTopic"".
9. ""ComputerNetworksSecurityTopic"" is disjoint with ""ComputerNetworksAapplicationsTopic"", ""ComputerNetworksEnterpriseTopic"", ""ComputerNetworksManagementTopic"", ""ComputerNetworksMeasurementsTopic"", ""ComputerNetworksOpticalTopic"", ""ComputerNetworksSensorTopic"", and ""ComputerNetworksSwitchingTopic""."
http://edas#ComputerNetworksSensorTopic,Source,Class,computer networks sensor topic,"In the context of a conference, ""ComputerNetworksSensorTopic"" likely refers to a specific subject or session focused on the intersection of computer networks and sensor technology. This could involve discussions on how sensors are integrated into computer networks, the communication protocols used, data transmission, network security for sensor data, and applications of sensor networks in various fields such as IoT (Internet of Things), smart cities, environmental monitoring, and more.","1. The topic ""ComputerNetworksAapplicationsTopic"" is disjoint with the topic ""ComputerNetworksSensorTopic"".
2. The topic ""ComputerNetworksEnterpriseTopic"" is disjoint with the topic ""ComputerNetworksSensorTopic"".
3. The topic ""ComputerNetworksManagementTopic"" is disjoint with the topic ""ComputerNetworksSensorTopic"".
4. The topic ""ComputerNetworksMeasurementsTopic"" is disjoint with the topic ""ComputerNetworksSensorTopic"".
5. The topic ""ComputerNetworksOpticalTopic"" is disjoint with the topic ""ComputerNetworksSensorTopic"".
6. The topic ""ComputerNetworksSecurityTopic"" is disjoint with the topic ""ComputerNetworksSensorTopic"".
7. The topic ""ComputerNetworksSwitchingTopic"" is disjoint with the topic ""ComputerNetworksSensorTopic"".
8. The topic ""ComputerNetworksSensorTopic"" is a subclass of the topic ""ComputerNetworksTopic"".
9. The topic ""ComputerNetworksSensorTopic"" is disjoint with the topics ""ComputerNetworksAapplicationsTopic"", ""ComputerNetworksEnterpriseTopic"", ""ComputerNetworksManagementTopic"", ""ComputerNetworksMeasurementsTopic"", ""ComputerNetworksOpticalTopic"", ""ComputerNetworksSecurityTopic"", and ""ComputerNetworksSwitchingTopic""."
http://edas#ComputerNetworksSwitchingTopic,Source,Class,computer networks switching topic,"In the context of a conference, ""ComputerNetworksSwitchingTopic"" likely refers to a specific subject or session focused on the various methods and technologies used in switching within computer networks. This could include discussions on different types of network switches, such as packet switching, circuit switching, and message switching, as well as their applications, performance, and advancements. The topic might cover both theoretical aspects and practical implementations, addressing how data is routed and managed across different network infrastructures.","Sure, here are the triples verbalized into phrases:

1. ""ComputerNetworksAapplicationsTopic"" is disjoint with ""ComputerNetworksSwitchingTopic"".
2. ""ComputerNetworksEnterpriseTopic"" is disjoint with ""ComputerNetworksSwitchingTopic"".
3. ""ComputerNetworksManagementTopic"" is disjoint with ""ComputerNetworksSwitchingTopic"".
4. ""ComputerNetworksMeasurementsTopic"" is disjoint with ""ComputerNetworksSwitchingTopic"".
5. ""ComputerNetworksOpticalTopic"" is disjoint with ""ComputerNetworksSwitchingTopic"".
6. ""ComputerNetworksSecurityTopic"" is disjoint with ""ComputerNetworksSwitchingTopic"".
7. ""ComputerNetworksSensorTopic"" is disjoint with ""ComputerNetworksSwitchingTopic"".
8. ""ComputerNetworksSwitchingTopic"" is a subclass of ""ComputerNetworksTopic"".
9. ""ComputerNetworksSwitchingTopic"" is disjoint with ""ComputerNetworksAapplicationsTopic"".
10. ""ComputerNetworksSwitchingTopic"" is disjoint with ""ComputerNetworksEnterpriseTopic"".
11. ""ComputerNetworksSwitchingTopic"" is disjoint with ""ComputerNetworksManagementTopic"".
12. ""ComputerNetworksSwitchingTopic"" is disjoint with ""ComputerNetworksMeasurementsTopic"".
13. ""ComputerNetworksSwitchingTopic"" is disjoint with ""ComputerNetworksOpticalTopic"".
14. ""ComputerNetworksSwitchingTopic"" is disjoint with ""ComputerNetworksSecurityTopic"".
15. ""ComputerNetworksSwitchingTopic"" is disjoint with ""ComputerNetworksSensorTopic""."
http://edas#ComputerNetworksTopic,Source,Class,computer networks topic,"In the context of a conference, ""ComputerNetworksTopic"" refers to a subject or area of discussion that focuses on computer networks. This could include various aspects such as network architecture, protocols, security, performance, and emerging technologies in the field of computer networking. It is likely a session or a series of presentations dedicated to exploring and discussing advancements, challenges, and innovations related to computer networks.","Sure, here are the triples verbalized into phrases:

1. ""ComputerNetworksAapplicationsTopic"" is a subclass of ""ComputerNetworksTopic"".
2. ""ComputerNetworksEnterpriseTopic"" is a subclass of ""ComputerNetworksTopic"".
3. ""ComputerNetworksManagementTopic"" is a subclass of ""ComputerNetworksTopic"".
4. ""ComputerNetworksMeasurementsTopic"" is a subclass of ""ComputerNetworksTopic"".
5. ""ComputerNetworksOpticalTopic"" is a subclass of ""ComputerNetworksTopic"".
6. ""ComputerNetworksSecurityTopic"" is a subclass of ""ComputerNetworksTopic"".
7. ""ComputerNetworksSensorTopic"" is a subclass of ""ComputerNetworksTopic"".
8. ""ComputerNetworksSwitchingTopic"" is a subclass of ""ComputerNetworksTopic"".

9. ""AntennasTopic"" is disjoint with ""ComputerNetworksTopic"".
10. ""CADTopic"" is disjoint with ""ComputerNetworksTopic"".
11. ""CommunicationTheoryTopic"" is disjoint with ""ComputerNetworksTopic"".
12. ""CommunicationsTopic"" is disjoint with ""ComputerNetworksTopic"".
13. ""ComputerArchitectureTopic"" is disjoint with ""ComputerNetworksTopic"".
14. ""CryptographyTopic"" is disjoint with ""ComputerNetworksTopic"".
15. ""MedicineTopic"" is disjoint with ""ComputerNetworksTopic"".
16. ""MicroelectronicsTopic"" is disjoint with ""ComputerNetworksTopic"".
17. ""MobileComputingTopic"" is disjoint with ""ComputerNetworksTopic"".
18. ""MultimediaTopic"" is disjoint with ""ComputerNetworksTopic"".
19. ""OperatingTopicsystems"" is disjoint with ""ComputerNetworksTopic"".
20. ""ParallelAndDistributedComputingTopic"" is disjoint with ""ComputerNetworksTopic"".
21. ""PerformanceTopic"" is disjoint with ""ComputerNetworksTopic"".
22. ""PowerlineTransmissionTopic"" is disjoint with ""ComputerNetworksTopic"".
23. ""RadioCommunicationsTopic"" is disjoint with ""ComputerNetworksTopic"".
24. ""SatelliteAndSpaceCommunicationsTopic"" is disjoint with ""ComputerNetworksTopic"".
25. ""SecurityTopic"" is disjoint with ""ComputerNetworksTopic"".
26. ""SignalProcessingTopic"" is disjoint with ""ComputerNetworksTopic"".
27. ""TestOnlyTopic"" is disjoint with ""ComputerNetworksTopic"".
28. ""WirelessCommunicationsTopic"" is disjoint with ""ComputerNetworksTopic"".

29. ""ComputerNetworksTopic"" is a subclass of ""Topic"".
30. ""ComputerNetworksTopic"" is disjoint with ""AntennasTopic"", ""CADTopic"", ""CommunicationTheoryTopic"", ""CommunicationsTopic"", ""ComputerArchitectureTopic"", ""CryptographyTopic"", ""MedicineTopic"", ""MicroelectronicsTopic"", ""MobileComputingTopic"", ""MultimediaTopic"", ""OperatingTopicsystems"", ""ParallelAndDistributedComputingTopic"", ""PerformanceTopic"", ""PowerlineTransmissionTopic"", ""RadioCommunicationsTopic"", ""SatelliteAndSpaceCommunicationsTopic"", ""SecurityTopic"", ""SignalProcessingTopic"", ""TestOnlyTopic"", and ""WirelessCommunicationsTopic""."
http://edas#Conference,Source,Class,conference,"A conference is a formal meeting or gathering where individuals or groups come together to discuss specific topics, share information, and collaborate on issues of mutual interest. It often involves presentations, discussions, and networking opportunities.","Sure, here are the triples verbalized into phrases:

1. The property ""endDate"" has a domain of ""Conference"".
2. The property ""hasCountry"" has a domain of ""Conference"".
3. The property ""hasMember"" has a domain of ""Conference"".
4. The property ""hasName"" has a domain of ""Conference"".
5. The property ""isMemberOf"" has a range of ""Conference"".
6. The property ""manuscriptDueOn"" has a domain of ""Conference"".
7. The property ""paperDueOn"" has a domain of ""Conference"".
8. The property ""registrationDueOn"" has a domain of ""Conference"".
9. The property ""startDate"" has a domain of ""Conference"".
10. The class ""Call"" is disjoint with the class ""Conference"".
11. The class ""ConferenceEvent"" is disjoint with the class ""Conference"".
12. The class ""ConferenceSession"" is disjoint with the class ""Conference"".
13. The class ""ContactInformation"" is disjoint with the class ""Conference"".
14. The class ""Country"" is disjoint with the class ""Conference"".
15. The class ""Document"" is disjoint with the class ""Conference"".
16. The class ""Organization"" is disjoint with the class ""Conference"".
17. The class ""Paper"" is disjoint with the class ""Conference"".
18. The class ""Person"" is disjoint with the class ""Conference"".
19. The class ""PersonalHistory"" is disjoint with the class ""Conference"".
20. The class ""Place"" is disjoint with the class ""Conference"".
21. The class ""ReviewForm"" is disjoint with the class ""Conference"".
22. The class ""ReviewQuestion"" is disjoint with the class ""Conference"".
23. The class ""ReviewRating"" is disjoint with the class ""Conference"".
24. The class ""Sponsorship"" is disjoint with the class ""Conference"".
25. The class ""Topic"" is disjoint with the class ""Conference"".
26. The class ""Conference"" is disjoint with the classes ""Call"", ""ConferenceEvent"", ""ConferenceSession"", ""ContactInformation"", ""Country"", ""Document"", ""Organization"", ""Paper"", ""Person"", ""PersonalHistory"", ""Place"", ""ReviewForm"", ""ReviewQuestion"", ""ReviewRating"", ""Sponsorship"", and ""Topic"".The provided subgraph describes a complex ontology related to conferences, their structure, and associated restrictions. Here is a natural language description of the subgraph:

1. **Conference Class and Subclasses**:
   - A `Conference` is a subclass of several restrictions and classes, including:
     - A restriction on the `manuscriptDueOn` property with a maximum cardinality of 1.
     - A restriction on the `paperDueOn` property with a maximum cardinality of 1.
     - A restriction on the `registrationDueOn` property with a maximum cardinality of 1.
     - A restriction on the `startDate` property with a maximum cardinality of 1.
     - A restriction on the `endDate` property with a maximum cardinality of 1.
     - A restriction on the `hasName` property with a cardinality of 1.
     - A restriction on the `hasCountry` property with a cardinality of 1.
     - A restriction on the `hasTopic` property with a cardinality of 1.
     - A restriction on the `hasMember` property, where all values must be of type `Person` and some values must be of type `TPCMember`.
   - A `Conference` is also a subclass of an intersection of classes, including:
     - A class that is a union of `AcademicEvent` and other classes.
     - A class that is a union of `Paper` and other classes.
     - A class that is a union of `ConferenceSession` and other classes.

2. **TwoLevelConference and SingleLevelConference**:
   - `TwoLevelConference` is equivalent to a class that is an intersection of:
     - A class that is a union of `Conference` and other classes.
   - `SingleLevelConference` is equivalent to a class that is an intersection of:
     - A class that is a union of `Conference` and other classes.

3. **Restrictions and Properties**:
   - There are several restrictions on properties related to conferences:
     - The `hasMember` property has a restriction where all values must be of type `Person`.
     - The `hasTopic` property has a restriction with a cardinality of 1.
     - The `startDate` property has a restriction with a maximum cardinality of 1.
     - The `endDate` property has a restriction with a maximum cardinality of 1.
     - The `hasName` property has a restriction with a cardinality of 1.
     - The `hasCountry` property has a restriction with a cardinality of 1.
     - The `manuscriptDueOn` property has a restriction with a maximum cardinality of 1.
     - The `paperDueOn` property has a restriction with a maximum cardinality of 1.
     - The `registrationDueOn` property has a restriction with a maximum cardinality of 1.

4. **Related Classes and Properties**:
   - The `hasTopic` property has a domain of a class that is a union of `Conference` and other classes.
   - The `hasRelatedDocument` property has a domain of a class that is a union of `AcademicEvent` and other classes.
   - The `relatesTo` property has a range of a class that is a union of `AcademicEvent` and other classes.
   - The `isTopicOf` property has a range of a class that is a union of `Paper` and other classes.

5. **Class Definitions**:
   - `Person`, `Paper`, `ConferenceSession`, `AcademicEvent`, and `TPCMember` are defined as classes.
   - `TwoLevelConference` and `SingleLevelConference` are defined as equivalent classes to specific intersections of other classes.

This ontology defines a detailed structure for conferences, including their properties, restrictions, and relationships with other entities such as papers, sessions, and members."
http://edas#ConferenceChair,Source,Class,conference chair,"In the context of a conference, a ""Conference Chair"" refers to the individual who is responsible for overseeing and organizing the entire event. This person typically handles tasks such as coordinating with speakers, managing the schedule, ensuring that all logistical details are in place, and addressing any issues that arise during the conference. The Conference Chair plays a crucial role in ensuring the smooth execution and overall success of the conference.","Sure, here are the triples verbalised into phrases:

1. ""Author"" is disjoint with ""ConferenceChair"".
2. ""ConferenceChair"" is a subclass of ""Person"".
3. ""ConferenceChair"" is disjoint with ""Author"".The provided subgraph describes a set of classes and their relationships within a conference context. Here is a natural language description of the subgraph:

1. There are several classes defined: 
   - A class represented by the identifier `_:Nc2dc55f9b1fb4448879294263419c1d8`.
   - A class represented by the identifier `_:Neb4168037e834ec789e29ce4d2ce547e`.
   - A class represented by the identifier `_:N5c19d616efad4122b931c7aca26c3ae4`.
   - A class represented by the identifier `_:N775eba04f7164d71b543ccecdceef527`.

2. The class `_:Nc2dc55f9b1fb4448879294263419c1d8` is a union of the class `_:Nc94762987a254a24ab6589908c8ad2a8`, which includes:
   - `SessionChair`
   - `Reviewer`
   - `TPCMember`

3. The class `_:Neb4168037e834ec789e29ce4d2ce547e` is a union of the class `_:Na21c118634f24041ae7ffb4ff2514a99`, which includes:
   - `ConferenceChair`
   - `SessionChair`
   - `TPCMember`

4. The class `_:N5c19d616efad4122b931c7aca26c3ae4` is a union of the class `_:N3c3fa8e5b0e6431581c5392c4cd72dd0`, which includes:
   - `SessionChair`
   - `TPCMember`
   - `ConferenceChair`

5. The class `_:N775eba04f7164d71b543ccecdceef527` is a union of the class `_:Naf9eac4981064eb787c127bf0dc22cb1`, which includes:
   - `Reviewer`
   - `TPCMember`
   - `ConferenceChair`

6. The property `isReviewing` has a domain of the class `_:N775eba04f7164d71b543ccecdceef527`.

7. The property `initiates` has a domain of the class `_:Neb4168037e834ec789e29ce4d2ce547e`.

8. The property `isInitiatedBy` has a range of the class `_:N5c19d616efad4122b931c7aca26c3ae4`.

9. The property `isReviewedBy` has a range of the class `_:Nc2dc55f9b1fb4448879294263419c1d8`.

In summary, the subgraph defines a structure of classes and their relationships, focusing on roles within a conference such as `ConferenceChair`, `SessionChair`, `Reviewer`, and `TPCMember`, and how these roles interact with properties like `isReviewing`, `initiates`, `isInitiatedBy`, and `isReviewedBy`."
http://edas#ConferenceDinner,Source,Class,conference dinner,"In the context of a conference, a ""Conference Dinner"" refers to a formal or semi-formal meal organized as part of the conference schedule. It typically takes place in the evening and provides an opportunity for attendees to network, socialize, and discuss topics related to the conference in a more relaxed setting. The dinner may include speeches, presentations, or entertainment, and is often considered a highlight of the conference experience.","The class ""ConferenceDinner"" is a subclass of the class ""MealEvent""."
http://edas#ConferenceEvent,Source,Class,conference event,"In the context of a conference, a ""ConferenceEvent"" refers to a specific scheduled activity or session that takes place as part of the overall conference program. This can include keynote speeches, panel discussions, workshops, breakout sessions, networking events, and other organized activities designed to facilitate learning, discussion, and interaction among attendees. Each ConferenceEvent typically has a designated time, location, and set of participants or speakers.","Sure, here are the triples verbalized into phrases:

1. ""AcademicEvent"" is a subclass of ""ConferenceEvent"".
2. ""NonAcademicEvent"" is a subclass of ""ConferenceEvent"".
3. The property ""attendeeAt"" has a range of ""ConferenceEvent"".
4. The property ""belongsToEvent"" has a range of ""ConferenceEvent"".
5. The property ""hasAttendee"" has a domain of ""ConferenceEvent"".
6. The property ""hasEndDateTime"" has a domain of ""ConferenceEvent"".
7. The property ""hasLocation"" has a domain of ""ConferenceEvent"".
8. The property ""hasProgramme"" has a domain of ""ConferenceEvent"".
9. The property ""hasStartDateTime"" has a domain of ""ConferenceEvent"".
10. The property ""isLocationOf"" has a range of ""ConferenceEvent"".
11. ""Call"" is disjoint with ""ConferenceEvent"".
12. ""Conference"" is disjoint with ""ConferenceEvent"".
13. ""ConferenceSession"" is disjoint with ""ConferenceEvent"".
14. ""ContactInformation"" is disjoint with ""ConferenceEvent"".
15. ""Country"" is disjoint with ""ConferenceEvent"".
16. ""Document"" is disjoint with ""ConferenceEvent"".
17. ""Organization"" is disjoint with ""ConferenceEvent"".
18. ""Person"" is disjoint with ""ConferenceEvent"".
19. ""PersonalHistory"" is disjoint with ""ConferenceEvent"".
20. ""Place"" is disjoint with ""ConferenceEvent"".
21. ""ReviewForm"" is disjoint with ""ConferenceEvent"".
22. ""ReviewQuestion"" is disjoint with ""ConferenceEvent"".
23. ""ReviewRating"" is disjoint with ""ConferenceEvent"".
24. ""Sponsorship"" is disjoint with ""ConferenceEvent"".
25. ""Topic"" is disjoint with ""ConferenceEvent"".
26. ""ConferenceEvent"" is disjoint with ""Call"", ""Conference"", ""ConferenceSession"", ""ContactInformation"", ""Country"", ""Document"", ""Organization"", ""Person"", ""PersonalHistory"", ""Place"", ""ReviewForm"", ""ReviewQuestion"", ""ReviewRating"", ""Sponsorship"", and ""Topic""."
http://edas#ConferenceSession,Source,Class,conference session,"In the context of a conference, a ""ConferenceSession"" refers to a specific period during the event that is dedicated to a particular topic, presentation, or activity. These sessions can include keynote speeches, panel discussions, workshops, or breakout sessions, and are typically scheduled at various times throughout the conference. Each session is designed to provide attendees with valuable information, insights, and opportunities for networking related to the conference's overall theme or subject matter.","1. ""Call"" is disjoint with ""ConferenceSession"".
2. ""Conference"" is disjoint with ""ConferenceSession"".
3. ""ConferenceEvent"" is disjoint with ""ConferenceSession"".
4. ""ContactInformation"" is disjoint with ""ConferenceSession"".
5. ""Country"" is disjoint with ""ConferenceSession"".
6. ""Document"" is disjoint with ""ConferenceSession"".
7. ""Organization"" is disjoint with ""ConferenceSession"".
8. ""Person"" is disjoint with ""ConferenceSession"".
9. ""PersonalHistory"" is disjoint with ""ConferenceSession"".
10. ""Place"" is disjoint with ""ConferenceSession"".
11. ""ReviewForm"" is disjoint with ""ConferenceSession"".
12. ""ReviewQuestion"" is disjoint with ""ConferenceSession"".
13. ""ReviewRating"" is disjoint with ""ConferenceSession"".
14. ""Sponsorship"" is disjoint with ""ConferenceSession"".
15. ""Topic"" is disjoint with ""ConferenceSession"".
16. ""ConferenceSession"" is disjoint with ""Call"", ""Conference"", ""ConferenceEvent"", ""ContactInformation"", ""Country"", ""Document"", ""Organization"", ""Person"", ""PersonalHistory"", ""Place"", ""ReviewForm"", ""ReviewQuestion"", ""ReviewRating"", ""Sponsorship"", and ""Topic"".The given subgraph describes a set of relationships and classifications involving academic events, conferences, conference sessions, and persons. Here is a natural language description of the subgraph:

1. There is a class named ""Class"" which is related to another class named ""AcademicEvent"" through a union relationship.
2. The class ""AcademicEvent"" is defined as a union of two sets:
   - The first set includes ""AcademicEvent"" and ""Conference"".
   - The second set includes ""Conference"", ""ConferenceSession"", and ""Person"".
3. The class ""Class"" is also related to another class named ""Conference"" through a union relationship.
4. The class ""Conference"" is part of a list where:
   - The first element is ""Conference"".
   - The rest of the list includes ""Person"", ""ConferenceSession"", and ""nil"" (indicating the end of the list).
5. The class ""ConferenceSession"" is part of a list where:
   - The first element is ""ConferenceSession"".
   - The rest of the list is ""nil"" (indicating the end of the list).
6. The class ""Person"" is part of a list where:
   - The first element is ""Person"".
   - The rest of the list includes ""ConferenceSession"" and ""nil"".
7. There is a relationship named ""hasRelatedDocument"" which has a domain of a class (not explicitly named in the subgraph).
8. There is a relationship named ""relatesTo"" which has a range of the class ""Class"".

In summary, the subgraph describes a hierarchical and relational structure involving academic events, conferences, conference sessions, and persons, with specific relationships and unions defining their interactions and classifications."
http://edas#ConferenceVenuePlace,Source,Class,conference venue place,"In the context of a conference, ""ConferenceVenuePlace"" refers to the specific location or facility where the conference is being held. This could be a convention center, hotel, university campus, or any other place equipped to host such events. The venue typically includes spaces like meeting rooms, auditoriums, and exhibition halls necessary for the various activities and sessions that make up the conference.","The class ""ConferenceVenuePlace"" is a subclass of the class ""Place""."
http://edas#ContactInformation,Source,Class,contact information,"In the context of a conference, ""Contact Information"" refers to the details provided to enable communication with individuals or organizations involved in the event. This typically includes names, phone numbers, email addresses, and sometimes physical addresses or social media handles. This information is essential for attendees, speakers, sponsors, and organizers to coordinate, network, and follow up on conference-related matters.","Sure, here are the triples verbalized into phrases:

1. The property ""hasCity"" has a domain of ""ContactInformation"".
2. The property ""hasPhone"" has a domain of ""ContactInformation"".
3. The property ""hasPostalCode"" has a domain of ""ContactInformation"".
4. The property ""hasStreet"" has a domain of ""ContactInformation"".

5. The class ""Call"" is disjoint with the class ""ContactInformation"".
6. The class ""Conference"" is disjoint with the class ""ContactInformation"".
7. The class ""ConferenceEvent"" is disjoint with the class ""ContactInformation"".
8. The class ""ConferenceSession"" is disjoint with the class ""ContactInformation"".
9. The class ""Country"" is disjoint with the class ""ContactInformation"".
10. The class ""Document"" is disjoint with the class ""ContactInformation"".
11. The class ""Organization"" is disjoint with the class ""ContactInformation"".
12. The class ""PersonalHistory"" is disjoint with the class ""ContactInformation"".
13. The class ""Place"" is disjoint with the class ""ContactInformation"".
14. The class ""ReviewForm"" is disjoint with the class ""ContactInformation"".
15. The class ""ReviewQuestion"" is disjoint with the class ""ContactInformation"".
16. The class ""ReviewRating"" is disjoint with the class ""ContactInformation"".
17. The class ""Sponsorship"" is disjoint with the class ""ContactInformation"".
18. The class ""Topic"" is disjoint with the class ""ContactInformation"".

19. The class ""ContactInformation"" is disjoint with the classes ""Call"", ""Conference"", ""ConferenceEvent"", ""ConferenceSession"", ""Country"", ""Document"", ""Organization"", ""PersonalHistory"", ""Place"", ""ReviewForm"", ""ReviewQuestion"", ""ReviewRating"", ""Sponsorship"", and ""Topic"".The subgraph describes a class that is defined as a union of two other classes. The first class in the union is ""ContactInformation,"" and the second class is ""Person."" Additionally, the class has an email attribute, which is specified by the ""hasEmail"" property."
http://edas#Country,Source,Class,country,"In the context of a conference, ""country"" typically refers to a nation or state that is represented by its delegates or participants. It signifies the geographical and political entity from which individuals or groups are attending the conference. This can be important for understanding the diverse perspectives, policies, and interests that are brought to the discussions and proceedings of the conference.","Sure, here are the triples verbalized into phrases:

1. The property ""hasCountry"" has a range of ""Country"".
2. The class ""Call"" is disjoint with the class ""Country"".
3. The class ""Conference"" is disjoint with the class ""Country"".
4. The class ""ConferenceEvent"" is disjoint with the class ""Country"".
5. The class ""ConferenceSession"" is disjoint with the class ""Country"".
6. The class ""ContactInformation"" is disjoint with the class ""Country"".
7. The class ""Document"" is disjoint with the class ""Country"".
8. The class ""Organization"" is disjoint with the class ""Country"".
9. The class ""Person"" is disjoint with the class ""Country"".
10. The class ""PersonalHistory"" is disjoint with the class ""Country"".
11. The class ""Place"" is disjoint with the class ""Country"".
12. The class ""ReviewForm"" is disjoint with the class ""Country"".
13. The class ""ReviewQuestion"" is disjoint with the class ""Country"".
14. The class ""ReviewRating"" is disjoint with the class ""Country"".
15. The class ""Sponsorship"" is disjoint with the class ""Country"".
16. The class ""Topic"" is disjoint with the class ""Country"".
17. The class ""Country"" is disjoint with the classes ""Call"", ""Conference"", ""ConferenceEvent"", ""ConferenceSession"", ""ContactInformation"", ""Document"", ""Organization"", ""Person"", ""PersonalHistory"", ""Place"", ""ReviewForm"", ""ReviewQuestion"", ""ReviewRating"", ""Sponsorship"", and ""Topic""."
http://edas#CryptographyTopic,Source,Class,cryptography topic,"In the context of a conference, ""CryptographyTopic"" likely refers to a specific subject or area of discussion related to cryptography that will be covered during the event. This could include various aspects of cryptographic techniques, algorithms, protocols, applications, and their implications for security and privacy. It serves as a focal point for presentations, workshops, or discussions aimed at exploring advancements, challenges, and innovations in the field of cryptography.","Here are the triples verbalized into phrases:

1. The topic ""AntennasTopic"" is disjoint with the topic ""CryptographyTopic"".
2. The topic ""CADTopic"" is disjoint with the topic ""CryptographyTopic"".
3. The topic ""CommunicationTheoryTopic"" is disjoint with the topic ""CryptographyTopic"".
4. The topic ""CommunicationsTopic"" is disjoint with the topic ""CryptographyTopic"".
5. The topic ""ComputerArchitectureTopic"" is disjoint with the topic ""CryptographyTopic"".
6. The topic ""ComputerNetworksTopic"" is disjoint with the topic ""CryptographyTopic"".
7. The topic ""MedicineTopic"" is disjoint with the topic ""CryptographyTopic"".
8. The topic ""MicroelectronicsTopic"" is disjoint with the topic ""CryptographyTopic"".
9. The topic ""MobileComputingTopic"" is disjoint with the topic ""CryptographyTopic"".
10. The topic ""MultimediaTopic"" is disjoint with the topic ""CryptographyTopic"".
11. The topic ""OperatingTopicsystems"" is disjoint with the topic ""CryptographyTopic"".
12. The topic ""ParallelAndDistributedComputingTopic"" is disjoint with the topic ""CryptographyTopic"".
13. The topic ""PerformanceTopic"" is disjoint with the topic ""CryptographyTopic"".
14. The topic ""PowerlineTransmissionTopic"" is disjoint with the topic ""CryptographyTopic"".
15. The topic ""RadioCommunicationsTopic"" is disjoint with the topic ""CryptographyTopic"".
16. The topic ""SatelliteAndSpaceCommunicationsTopic"" is disjoint with the topic ""CryptographyTopic"".
17. The topic ""SecurityTopic"" is disjoint with the topic ""CryptographyTopic"".
18. The topic ""SignalProcessingTopic"" is disjoint with the topic ""CryptographyTopic"".
19. The topic ""TestOnlyTopic"" is disjoint with the topic ""CryptographyTopic"".
20. The topic ""WirelessCommunicationsTopic"" is disjoint with the topic ""CryptographyTopic"".

Additionally:

21. The topic ""CryptographyTopic"" is a subclass of the topic ""Topic"".
22. The topic ""CryptographyTopic"" is disjoint with the topics ""AntennasTopic"", ""CADTopic"", ""CommunicationTheoryTopic"", ""CommunicationsTopic"", ""ComputerArchitectureTopic"", ""ComputerNetworksTopic"", ""MedicineTopic"", ""MicroelectronicsTopic"", ""MobileComputingTopic"", ""MultimediaTopic"", ""OperatingTopicsystems"", ""ParallelAndDistributedComputingTopic"", ""PerformanceTopic"", ""PowerlineTransmissionTopic"", ""RadioCommunicationsTopic"", ""SatelliteAndSpaceCommunicationsTopic"", ""SecurityTopic"", ""SignalProcessingTopic"", ""TestOnlyTopic"", and ""WirelessCommunicationsTopic""."
http://edas#DiningPlace,Source,Class,dining place,"In the context of a conference, a ""DiningPlace"" refers to a designated area or venue where attendees can have their meals. This could be a specific room within the conference center, a nearby restaurant, or a catered dining area set up for the event. It is a place where participants can take a break, enjoy food and beverages, and often network with other attendees.","The class ""DiningPlace"" is a subclass of the class ""Place""."
http://edas#Document,Source,Class,document,"In the context of a conference, a ""document"" typically refers to any written, printed, or digital material that is used or distributed during the event. This can include agendas, schedules, presentation slides, handouts, research papers, reports, and any other relevant materials that support the discussions and activities taking place at the conference. These documents are often used to provide information, facilitate communication, and serve as a record of the proceedings.","Sure, here are the triples verbalised into phrases:

1. ""MealMenu"" is a subclass of ""Document"".
2. ""Paper"" is a subclass of ""Document"".
3. ""Programme"" is a subclass of ""Document"".
4. ""Review"" is a subclass of ""Document"".
5. ""SlideSet"" is a subclass of ""Document"".
6. The range of ""hasRelatedDocument"" is ""Document"".
7. The domain of ""relatesTo"" is ""Document"".
8. ""Call"" is disjoint with ""Document"".
9. ""Conference"" is disjoint with ""Document"".
10. ""ConferenceEvent"" is disjoint with ""Document"".
11. ""ConferenceSession"" is disjoint with ""Document"".
12. ""ContactInformation"" is disjoint with ""Document"".
13. ""Country"" is disjoint with ""Document"".
14. ""Organization"" is disjoint with ""Document"".
15. ""Person"" is disjoint with ""Document"".
16. ""PersonalHistory"" is disjoint with ""Document"".
17. ""Place"" is disjoint with ""Document"".
18. ""ReviewForm"" is disjoint with ""Document"".
19. ""ReviewQuestion"" is disjoint with ""Document"".
20. ""ReviewRating"" is disjoint with ""Document"".
21. ""Sponsorship"" is disjoint with ""Document"".
22. ""Topic"" is disjoint with ""Document"".
23. ""Document"" is disjoint with ""Call"", ""Conference"", ""ConferenceEvent"", ""ConferenceSession"", ""ContactInformation"", ""Country"", ""Organization"", ""Person"", ""PersonalHistory"", ""Place"", ""ReviewForm"", ""ReviewQuestion"", ""ReviewRating"", ""Sponsorship"", and ""Topic""."
http://edas#Excursion,Source,Class,excursion,"In the context of a conference, an ""excursion"" typically refers to an organized trip or outing that is planned as part of the conference activities. These excursions are often designed to provide attendees with an opportunity to explore the local area, engage in networking in a more informal setting, and take a break from the formal sessions of the conference. Excursions can include visits to local landmarks, cultural sites, or other points of interest relevant to the conference theme.","The class ""Excursion"" is a subclass of the class ""SocialEvent""."
http://edas#FreeTimeBreak,Source,Class,free time break,"In the context of a conference, ""FreeTimeBreak"" refers to a scheduled period during the event when attendees have no formal sessions, presentations, or activities planned. This time is allocated for participants to relax, network informally, check emails, or attend to personal needs. It provides a break from the structured agenda, allowing attendees to recharge and make the most of their conference experience.","The class ""FreeTimeBreak"" is a subclass of the class ""BreakEvent"".The given subgraph can be described as follows:

There is a class, denoted as `_:Nd7f6f9280e01403aaf63ddddce033853`, which is equivalent to the class `BreakEvent`. This class is defined as the union of three types of breaks: `CoffeeBreak`, `FreeTimeBreak`, and `MealBreak`.

- The first element in the union is `CoffeeBreak`.
- The second element in the union is `FreeTimeBreak`, which is followed by `MealBreak`.
- The third and final element in the union is `MealBreak`.

In summary, the class `BreakEvent` is equivalent to a class that includes any of the following types of breaks: `CoffeeBreak`, `FreeTimeBreak`, or `MealBreak`."
http://edas#GovernmentOrganization,Source,Class,government organization,"In the context of a conference, a ""GovernmentOrganization"" refers to a public sector entity or agency that is part of the government structure. These organizations are typically involved in the administration, regulation, and implementation of government policies and services. At a conference, representatives from a GovernmentOrganization might participate to share insights, discuss policies, collaborate on public initiatives, or provide information on regulatory frameworks and government programs.","Sure, here are the triples verbalised into phrases:

1. ""AcademiaOrganization"" is disjoint with ""GovernmentOrganization"".
2. ""IndustryOrganization"" is disjoint with ""GovernmentOrganization"".
3. ""NGO"" is disjoint with ""GovernmentOrganization"".
4. ""GovernmentOrganization"" is a subclass of ""Organization"".
5. ""GovernmentOrganization"" is disjoint with ""AcademiaOrganization"".
6. ""GovernmentOrganization"" is disjoint with ""IndustryOrganization"".
7. ""GovernmentOrganization"" is disjoint with ""NGO""."
http://edas#IndustryOrganization,Source,Class,industry organization,"In the context of a conference, ""Industry Organization"" typically refers to a group or association that represents the interests of a specific industry. These organizations often play a key role in organizing conferences, providing a platform for industry professionals to network, share knowledge, discuss trends, and address common challenges. They may also be involved in setting industry standards, advocating for policy changes, and offering professional development opportunities.","Sure, here are the triples verbalized into phrases:

1. An ""AcademiaOrganization"" is disjoint with an ""IndustryOrganization"".
2. A ""GovernmentOrganization"" is disjoint with an ""IndustryOrganization"".
3. An ""NGO"" is disjoint with an ""IndustryOrganization"".
4. An ""IndustryOrganization"" is a subclass of an ""Organization"".
5. An ""IndustryOrganization"" is disjoint with an ""AcademiaOrganization"".
6. An ""IndustryOrganization"" is disjoint with a ""GovernmentOrganization"".
7. An ""IndustryOrganization"" is disjoint with an ""NGO""."
http://edas#MealBreak,Source,Class,meal break,"In the context of a conference, a ""Meal Break"" refers to a scheduled period during the event when attendees are given time to have a meal. This break allows participants to eat, relax, and network with other attendees. Meal breaks are typically planned into the conference agenda to ensure that attendees have time to refresh and refuel between sessions or activities.","The class ""MealBreak"" is a subclass of the class ""BreakEvent"".The given subgraph can be described as follows:

There is a class, denoted as `_:Nd7f6f9280e01403aaf63ddddce033853`, which is equivalent to the class `BreakEvent`. This class is defined as the union of three types of breaks: `CoffeeBreak`, `FreeTimeBreak`, and `MealBreak`.

To break it down further:
1. The class `BreakEvent` is equivalent to a class represented by `_:Nd7f6f9280e01403aaf63ddddce033853`.
2. This class is a union of three elements:
   - `CoffeeBreak`
   - `FreeTimeBreak`
   - `MealBreak`

The union structure is represented as follows:
- The first element of the union is `CoffeeBreak`.
- The rest of the union consists of another list where the first element is `FreeTimeBreak`.
- The rest of this list consists of another list where the first element is `MealBreak`.
- The rest of this final list is `nil`, indicating the end of the list.

In summary, the class `BreakEvent` encompasses any event that is a `CoffeeBreak`, `FreeTimeBreak`, or `MealBreak`."
http://edas#MealEvent,Source,Class,meal event,"In the context of a conference, a ""MealEvent"" refers to a scheduled occasion during the conference where attendees gather to eat. This could include breakfast, lunch, dinner, or even coffee breaks. These events are often designed not only to provide nourishment but also to facilitate networking and informal discussions among participants.","Sure, here are the triples verbalised into phrases:

1. ""ConferenceDinner"" is a subclass of ""MealEvent"".
2. The property ""hasMenu"" has a domain of ""MealEvent"".
3. The property ""isMenuOf"" has a range of ""MealEvent"".
4. ""BreakEvent"" is disjoint with ""MealEvent"".
5. ""MealEvent"" is a subclass of ""NonAcademicEvent"".
6. ""MealEvent"" is disjoint with ""BreakEvent""."
http://edas#MealMenu,Source,Class,meal menu,"In the context of a conference, ""MealMenu"" refers to the list of food and beverage options that will be available to attendees during the event. This can include breakfast, lunch, dinner, and snack options, as well as any special dietary accommodations. The MealMenu is typically provided to inform participants about what they can expect to eat and to help them make choices that suit their preferences and dietary needs.","Sure, here are the triples verbalised into phrases:

1. The property ""hasMenu"" has a range of ""MealMenu"".
2. The property ""isMenuOf"" has a domain of ""MealMenu"".
3. ""Paper"" is disjoint with ""MealMenu"".
4. ""Programme"" is disjoint with ""MealMenu"".
5. ""Review"" is disjoint with ""MealMenu"".
6. ""SlideSet"" is disjoint with ""MealMenu"".
7. ""MealMenu"" is a subclass of ""Document"".
8. ""MealMenu"" is disjoint with ""Paper"".
9. ""MealMenu"" is disjoint with ""Programme"".
10. ""MealMenu"" is disjoint with ""Review"".
11. ""MealMenu"" is disjoint with ""SlideSet""."
http://edas#MedicineTopic,Source,Class,medicine topic,"In the context of a conference, ""MedicineTopic"" likely refers to a specific subject or area of discussion related to the field of medicine. This could include various themes such as medical research, clinical practices, healthcare innovations, public health issues, medical technologies, or any other relevant topics that are pertinent to the medical community and are being addressed or presented at the conference.","Here are the triples verbalized into phrases:

1. ""AntennasTopic"" is disjoint with ""MedicineTopic"".
2. ""CADTopic"" is disjoint with ""MedicineTopic"".
3. ""CommunicationTheoryTopic"" is disjoint with ""MedicineTopic"".
4. ""CommunicationsTopic"" is disjoint with ""MedicineTopic"".
5. ""ComputerArchitectureTopic"" is disjoint with ""MedicineTopic"".
6. ""ComputerNetworksTopic"" is disjoint with ""MedicineTopic"".
7. ""CryptographyTopic"" is disjoint with ""MedicineTopic"".
8. ""MicroelectronicsTopic"" is disjoint with ""MedicineTopic"".
9. ""MobileComputingTopic"" is disjoint with ""MedicineTopic"".
10. ""MultimediaTopic"" is disjoint with ""MedicineTopic"".
11. ""OperatingTopicsystems"" is disjoint with ""MedicineTopic"".
12. ""ParallelAndDistributedComputingTopic"" is disjoint with ""MedicineTopic"".
13. ""PerformanceTopic"" is disjoint with ""MedicineTopic"".
14. ""PowerlineTransmissionTopic"" is disjoint with ""MedicineTopic"".
15. ""RadioCommunicationsTopic"" is disjoint with ""MedicineTopic"".
16. ""SatelliteAndSpaceCommunicationsTopic"" is disjoint with ""MedicineTopic"".
17. ""SecurityTopic"" is disjoint with ""MedicineTopic"".
18. ""SignalProcessingTopic"" is disjoint with ""MedicineTopic"".
19. ""TestOnlyTopic"" is disjoint with ""MedicineTopic"".
20. ""WirelessCommunicationsTopic"" is disjoint with ""MedicineTopic"".

Additionally:

21. ""MedicineTopic"" is a subclass of ""Topic"".
22. ""MedicineTopic"" is disjoint with ""AntennasTopic"", ""CADTopic"", ""CommunicationTheoryTopic"", ""CommunicationsTopic"", ""ComputerArchitectureTopic"", ""ComputerNetworksTopic"", ""CryptographyTopic"", ""MicroelectronicsTopic"", ""MobileComputingTopic"", ""MultimediaTopic"", ""OperatingTopicsystems"", ""ParallelAndDistributedComputingTopic"", ""PerformanceTopic"", ""PowerlineTransmissionTopic"", ""RadioCommunicationsTopic"", ""SatelliteAndSpaceCommunicationsTopic"", ""SecurityTopic"", ""SignalProcessingTopic"", ""TestOnlyTopic"", and ""WirelessCommunicationsTopic""."
http://edas#MeetingRoomPlace,Source,Class,meeting room place,"In the context of a conference, ""MeetingRoomPlace"" refers to a designated location or space within the conference venue where meetings, discussions, or smaller breakout sessions are held. This could be a specific room or area set aside for attendees to gather for scheduled meetings or impromptu discussions.","The class ""MeetingRoomPlace"" is a subclass of the class ""Place""."
http://edas#MicroelectronicsTopic,Source,Class,microelectronics topic,"In the context of a conference, ""Microelectronics"" refers to a specialized field within electronics that deals with the design, manufacture, and application of extremely small electronic components and circuits. These components are typically measured in micrometers or nanometers and are used in a wide range of devices, from smartphones and computers to medical equipment and advanced scientific instruments. A conference on Microelectronics would likely cover topics such as semiconductor technology, integrated circuits, microfabrication techniques, and the latest advancements in miniaturization and performance of electronic devices.","Here are the triples verbalised into phrases:

1. ""AntennasTopic"" is disjoint with ""MicroelectronicsTopic"".
2. ""CADTopic"" is disjoint with ""MicroelectronicsTopic"".
3. ""CommunicationTheoryTopic"" is disjoint with ""MicroelectronicsTopic"".
4. ""CommunicationsTopic"" is disjoint with ""MicroelectronicsTopic"".
5. ""ComputerArchitectureTopic"" is disjoint with ""MicroelectronicsTopic"".
6. ""ComputerNetworksTopic"" is disjoint with ""MicroelectronicsTopic"".
7. ""CryptographyTopic"" is disjoint with ""MicroelectronicsTopic"".
8. ""MedicineTopic"" is disjoint with ""MicroelectronicsTopic"".
9. ""MobileComputingTopic"" is disjoint with ""MicroelectronicsTopic"".
10. ""MultimediaTopic"" is disjoint with ""MicroelectronicsTopic"".
11. ""OperatingTopicsystems"" is disjoint with ""MicroelectronicsTopic"".
12. ""ParallelAndDistributedComputingTopic"" is disjoint with ""MicroelectronicsTopic"".
13. ""PerformanceTopic"" is disjoint with ""MicroelectronicsTopic"".
14. ""PowerlineTransmissionTopic"" is disjoint with ""MicroelectronicsTopic"".
15. ""RadioCommunicationsTopic"" is disjoint with ""MicroelectronicsTopic"".
16. ""SatelliteAndSpaceCommunicationsTopic"" is disjoint with ""MicroelectronicsTopic"".
17. ""SecurityTopic"" is disjoint with ""MicroelectronicsTopic"".
18. ""SignalProcessingTopic"" is disjoint with ""MicroelectronicsTopic"".
19. ""TestOnlyTopic"" is disjoint with ""MicroelectronicsTopic"".
20. ""WirelessCommunicationsTopic"" is disjoint with ""MicroelectronicsTopic"".

Additionally:

21. ""MicroelectronicsTopic"" is a subclass of ""Topic"".
22. ""MicroelectronicsTopic"" is disjoint with ""AntennasTopic"", ""CADTopic"", ""CommunicationTheoryTopic"", ""CommunicationsTopic"", ""ComputerArchitectureTopic"", ""ComputerNetworksTopic"", ""CryptographyTopic"", ""MedicineTopic"", ""MobileComputingTopic"", ""MultimediaTopic"", ""OperatingTopicsystems"", ""ParallelAndDistributedComputingTopic"", ""PerformanceTopic"", ""PowerlineTransmissionTopic"", ""RadioCommunicationsTopic"", ""SatelliteAndSpaceCommunicationsTopic"", ""SecurityTopic"", ""SignalProcessingTopic"", ""TestOnlyTopic"", and ""WirelessCommunicationsTopic""."
http://edas#MobileComputingTopic,Source,Class,mobile computing topic,"In the context of a conference, ""MobileComputingTopic"" refers to a subject or area of discussion that focuses on mobile computing. This can include a wide range of topics such as the development of mobile applications, advancements in mobile hardware, mobile operating systems, wireless communication technologies, mobile security, and the impact of mobile computing on various industries. It encompasses any technological, theoretical, or practical aspect related to the use and development of mobile devices and their applications.","Here are the triples verbalized into phrases:

1. ""AntennasTopic"" is disjoint with ""MobileComputingTopic"".
2. ""CADTopic"" is disjoint with ""MobileComputingTopic"".
3. ""CommunicationTheoryTopic"" is disjoint with ""MobileComputingTopic"".
4. ""CommunicationsTopic"" is disjoint with ""MobileComputingTopic"".
5. ""ComputerArchitectureTopic"" is disjoint with ""MobileComputingTopic"".
6. ""ComputerNetworksTopic"" is disjoint with ""MobileComputingTopic"".
7. ""CryptographyTopic"" is disjoint with ""MobileComputingTopic"".
8. ""MedicineTopic"" is disjoint with ""MobileComputingTopic"".
9. ""MicroelectronicsTopic"" is disjoint with ""MobileComputingTopic"".
10. ""MultimediaTopic"" is disjoint with ""MobileComputingTopic"".
11. ""OperatingTopicsystems"" is disjoint with ""MobileComputingTopic"".
12. ""ParallelAndDistributedComputingTopic"" is disjoint with ""MobileComputingTopic"".
13. ""PerformanceTopic"" is disjoint with ""MobileComputingTopic"".
14. ""PowerlineTransmissionTopic"" is disjoint with ""MobileComputingTopic"".
15. ""RadioCommunicationsTopic"" is disjoint with ""MobileComputingTopic"".
16. ""SatelliteAndSpaceCommunicationsTopic"" is disjoint with ""MobileComputingTopic"".
17. ""SecurityTopic"" is disjoint with ""MobileComputingTopic"".
18. ""SignalProcessingTopic"" is disjoint with ""MobileComputingTopic"".
19. ""TestOnlyTopic"" is disjoint with ""MobileComputingTopic"".
20. ""WirelessCommunicationsTopic"" is disjoint with ""MobileComputingTopic"".

Additionally:

21. ""MobileComputingTopic"" is a subclass of ""Topic"".
22. ""MobileComputingTopic"" is disjoint with ""AntennasTopic"", ""CADTopic"", ""CommunicationTheoryTopic"", ""CommunicationsTopic"", ""ComputerArchitectureTopic"", ""ComputerNetworksTopic"", ""CryptographyTopic"", ""MedicineTopic"", ""MicroelectronicsTopic"", ""MultimediaTopic"", ""OperatingTopicsystems"", ""ParallelAndDistributedComputingTopic"", ""PerformanceTopic"", ""PowerlineTransmissionTopic"", ""RadioCommunicationsTopic"", ""SatelliteAndSpaceCommunicationsTopic"", ""SecurityTopic"", ""SignalProcessingTopic"", ""TestOnlyTopic"", and ""WirelessCommunicationsTopic""."
http://edas#MultimediaTopic,Source,Class,multimedia topic,"In the context of a conference, ""MultimediaTopic"" refers to a subject or theme that involves the use of multiple forms of media to present information. This can include a combination of text, audio, video, graphics, and interactive elements. The goal is to enhance the communication and engagement of the audience by leveraging various media formats. For example, a presentation on ""The Future of Digital Marketing"" might be considered a MultimediaTopic if it includes slides, video clips, infographics, and interactive polls.","1. AntennasTopic is disjoint with MultimediaTopic.
2. CADTopic is disjoint with MultimediaTopic.
3. CommunicationTheoryTopic is disjoint with MultimediaTopic.
4. CommunicationsTopic is disjoint with MultimediaTopic.
5. ComputerArchitectureTopic is disjoint with MultimediaTopic.
6. ComputerNetworksTopic is disjoint with MultimediaTopic.
7. CryptographyTopic is disjoint with MultimediaTopic.
8. MedicineTopic is disjoint with MultimediaTopic.
9. MicroelectronicsTopic is disjoint with MultimediaTopic.
10. MobileComputingTopic is disjoint with MultimediaTopic.
11. OperatingTopicsystems is disjoint with MultimediaTopic.
12. ParallelAndDistributedComputingTopic is disjoint with MultimediaTopic.
13. PerformanceTopic is disjoint with MultimediaTopic.
14. PowerlineTransmissionTopic is disjoint with MultimediaTopic.
15. RadioCommunicationsTopic is disjoint with MultimediaTopic.
16. SatelliteAndSpaceCommunicationsTopic is disjoint with MultimediaTopic.
17. SecurityTopic is disjoint with MultimediaTopic.
18. SignalProcessingTopic is disjoint with MultimediaTopic.
19. TestOnlyTopic is disjoint with MultimediaTopic.
20. WirelessCommunicationsTopic is disjoint with MultimediaTopic.
21. MultimediaTopic is a subclass of Topic.
22. MultimediaTopic is disjoint with AntennasTopic, CADTopic, CommunicationTheoryTopic, CommunicationsTopic, ComputerArchitectureTopic, ComputerNetworksTopic, CryptographyTopic, MedicineTopic, MicroelectronicsTopic, MobileComputingTopic, OperatingTopicsystems, ParallelAndDistributedComputingTopic, PerformanceTopic, PowerlineTransmissionTopic, RadioCommunicationsTopic, SatelliteAndSpaceCommunicationsTopic, SecurityTopic, SignalProcessingTopic, TestOnlyTopic, and WirelessCommunicationsTopic."
http://edas#NGO,Source,Class,ngo,"In the context of a conference, NGO stands for Non-Governmental Organization. These are typically nonprofit groups that operate independently of any government, usually to address social, political, or environmental issues. NGOs often participate in conferences to share knowledge, collaborate on projects, and advocate for their causes.","1. An AcademiaOrganization is disjoint with an NGO.
2. A GovernmentOrganization is disjoint with an NGO.
3. An IndustryOrganization is disjoint with an NGO.
4. An NGO is a subclass of an Organization.
5. An NGO is disjoint with an AcademiaOrganization, a GovernmentOrganization, and an IndustryOrganization."
http://edas#NonAcademicEvent,Source,Class,non academic event,"In the context of a conference, a ""NonAcademicEvent"" refers to activities or sessions that are not directly related to the academic or scholarly content of the conference. These events are typically designed to provide networking opportunities, entertainment, relaxation, or social interaction among attendees. Examples of non-academic events at a conference might include social mixers, dinners, cultural tours, recreational activities, or entertainment performances. These events help to create a well-rounded conference experience by allowing participants to engage in informal settings and build connections outside of the formal academic sessions.","1. ""BreakEvent"" is a subclass of ""NonAcademicEvent"".
2. ""MealEvent"" is a subclass of ""NonAcademicEvent"".
3. ""SocialEvent"" is a subclass of ""NonAcademicEvent"".
4. ""AcademicEvent"" is disjoint with ""NonAcademicEvent"".
5. ""NonAcademicEvent"" is a subclass of ""ConferenceEvent"" and is disjoint with ""AcademicEvent""."
http://edas#NumericalReviewQuestion,Source,Class,numerical review question,"In the context of a conference, a ""NumericalReviewQuestion"" typically refers to a type of question used in surveys or feedback forms where respondents are asked to provide a numerical rating or answer. This could involve rating sessions, speakers, or overall conference experience on a numerical scale (e.g., 1 to 5, 1 to 10). The numerical data collected from these questions can then be analyzed to assess the success of the conference and identify areas for improvement.","The class ""NumericalReviewQuestion"" is a subclass of the class ""ReviewQuestion""."
http://edas#OperatingTopicsystems,Source,Class,operating topicsystems,"In the context of a conference, ""OperatingTopicsystems"" likely refers to a specialized session or track focused on the discussion of operating systems. This could include topics such as the latest developments, research, innovations, and best practices in the field of operating systems. It might cover various aspects like system architecture, performance optimization, security, and emerging trends.","Here are the triples verbalized into phrases:

1. ""AntennasTopic"" is disjoint with ""OperatingTopicsystems"".
2. ""CADTopic"" is disjoint with ""OperatingTopicsystems"".
3. ""CommunicationTheoryTopic"" is disjoint with ""OperatingTopicsystems"".
4. ""CommunicationsTopic"" is disjoint with ""OperatingTopicsystems"".
5. ""ComputerArchitectureTopic"" is disjoint with ""OperatingTopicsystems"".
6. ""ComputerNetworksTopic"" is disjoint with ""OperatingTopicsystems"".
7. ""CryptographyTopic"" is disjoint with ""OperatingTopicsystems"".
8. ""MedicineTopic"" is disjoint with ""OperatingTopicsystems"".
9. ""MicroelectronicsTopic"" is disjoint with ""OperatingTopicsystems"".
10. ""MobileComputingTopic"" is disjoint with ""OperatingTopicsystems"".
11. ""MultimediaTopic"" is disjoint with ""OperatingTopicsystems"".
12. ""ParallelAndDistributedComputingTopic"" is disjoint with ""OperatingTopicsystems"".
13. ""PerformanceTopic"" is disjoint with ""OperatingTopicsystems"".
14. ""PowerlineTransmissionTopic"" is disjoint with ""OperatingTopicsystems"".
15. ""RadioCommunicationsTopic"" is disjoint with ""OperatingTopicsystems"".
16. ""SatelliteAndSpaceCommunicationsTopic"" is disjoint with ""OperatingTopicsystems"".
17. ""SecurityTopic"" is disjoint with ""OperatingTopicsystems"".
18. ""SignalProcessingTopic"" is disjoint with ""OperatingTopicsystems"".
19. ""TestOnlyTopic"" is disjoint with ""OperatingTopicsystems"".
20. ""WirelessCommunicationsTopic"" is disjoint with ""OperatingTopicsystems"".

Additionally:

21. ""OperatingTopicsystems"" is a subclass of ""Topic"".
22. ""OperatingTopicsystems"" is disjoint with ""AntennasTopic"", ""CADTopic"", ""CommunicationTheoryTopic"", ""CommunicationsTopic"", ""ComputerArchitectureTopic"", ""ComputerNetworksTopic"", ""CryptographyTopic"", ""MedicineTopic"", ""MicroelectronicsTopic"", ""MobileComputingTopic"", ""MultimediaTopic"", ""ParallelAndDistributedComputingTopic"", ""PerformanceTopic"", ""PowerlineTransmissionTopic"", ""RadioCommunicationsTopic"", ""SatelliteAndSpaceCommunicationsTopic"", ""SecurityTopic"", ""SignalProcessingTopic"", ""TestOnlyTopic"", and ""WirelessCommunicationsTopic""."
http://edas#Organization,Source,Class,organization,"In the context of a conference, ""organization"" refers to the structured planning and coordination of the event. This includes arranging the schedule, managing logistics, coordinating speakers and attendees, setting up the venue, and ensuring that all necessary resources and materials are available. Effective organization is crucial for the smooth execution and success of the conference.","Sure, here are the triples verbalized into phrases:

1. An ""AcademiaOrganization"" is a subclass of ""Organization"".
2. A ""GovernmentOrganization"" is a subclass of ""Organization"".
3. An ""IndustryOrganization"" is a subclass of ""Organization"".
4. An ""NGO"" is a subclass of ""Organization"".
5. The property ""isProviderOf"" has a domain of ""Organization"".
6. The property ""providedBy"" has a range of ""Organization"".
7. A ""Call"" is disjoint with ""Organization"".
8. A ""Conference"" is disjoint with ""Organization"".
9. A ""ConferenceEvent"" is disjoint with ""Organization"".
10. A ""ConferenceSession"" is disjoint with ""Organization"".
11. ""ContactInformation"" is disjoint with ""Organization"".
12. A ""Country"" is disjoint with ""Organization"".
13. A ""Document"" is disjoint with ""Organization"".
14. A ""Person"" is disjoint with ""Organization"".
15. ""PersonalHistory"" is disjoint with ""Organization"".
16. A ""Place"" is disjoint with ""Organization"".
17. A ""ReviewForm"" is disjoint with ""Organization"".
18. A ""ReviewQuestion"" is disjoint with ""Organization"".
19. A ""ReviewRating"" is disjoint with ""Organization"".
20. A ""Sponsorship"" is disjoint with ""Organization"".
21. A ""Topic"" is disjoint with ""Organization"".
22. An ""Organization"" is disjoint with ""Call"", ""Conference"", ""ConferenceEvent"", ""ConferenceSession"", ""ContactInformation"", ""Country"", ""Document"", ""Person"", ""PersonalHistory"", ""Place"", ""ReviewForm"", ""ReviewQuestion"", ""ReviewRating"", ""Sponsorship"", and ""Topic""."
http://edas#OrganizationalMeeting,Source,Class,organizational meeting,"In the context of a conference, an ""Organizational Meeting"" refers to a gathering where key stakeholders, such as organizers, committee members, and sometimes sponsors, come together to plan, coordinate, and make decisions about the conference. This meeting typically involves discussions on the agenda, logistics, roles and responsibilities, budget, marketing strategies, and other essential details to ensure the successful execution of the conference.","1. ""PaperPresentation"" is disjoint with ""OrganizationalMeeting"".
2. ""TalkEvent"" is disjoint with ""OrganizationalMeeting"".
3. ""Workshop"" is disjoint with ""OrganizationalMeeting"".
4. ""OrganizationalMeeting"" is a subclass of ""AcademicEvent"".
5. ""OrganizationalMeeting"" is disjoint with ""PaperPresentation"".
6. ""OrganizationalMeeting"" is disjoint with ""TalkEvent"".
7. ""OrganizationalMeeting"" is disjoint with ""Workshop""."
http://edas#Paper,Source,Class,paper,"In the context of a conference, a ""paper"" typically refers to a written document that presents research findings, theories, or reviews on a specific topic. These papers are often submitted by researchers, scholars, or professionals and are subject to peer review before being accepted for presentation at the conference. The paper may be presented orally, as a poster, or in a panel discussion, and it contributes to the body of knowledge shared at the conference.","1. An ""AcceptedPaper"" is a subclass of ""Paper"".
2. An ""ActivePaper"" is a subclass of ""Paper"".
3. A ""PendingPaper"" is a subclass of ""Paper"".
4. A ""PublishedPaper"" is a subclass of ""Paper"".
5. A ""RejectedPaper"" is a subclass of ""Paper"".
6. A ""WithdrawnPaper"" is a subclass of ""Paper"".
7. The property ""hasRelatedPaper"" has a range of ""Paper"".
8. The property ""isReviewedBy"" has a domain of ""Paper"".
9. The property ""isReviewing"" has a range of ""Paper"".
10. The property ""isWrittenBy"" has a domain of ""Paper"".
11. A ""Conference"" is disjoint with ""Paper"".
12. A ""MealMenu"" is disjoint with ""Paper"".
13. A ""Programme"" is disjoint with ""Paper"".
14. A ""Review"" is disjoint with ""Paper"".
15. A ""SlideSet"" is disjoint with ""Paper"".
16. A ""Paper"" is a subclass of ""Document"".
17. A ""Paper"" is disjoint with ""Conference"", ""MealMenu"", ""Programme"", ""Review"", and ""SlideSet"".The given subgraph can be described in natural language as follows:

1. **Classes and Equivalences:**
   - The class ""Author"" is equivalent to a class that is an intersection of two restrictions:
     - One restriction specifies that the property ""isReviewing"" must have some values from the class ""Paper"".
     - The other restriction specifies that the property ""hasRelatedDocument"" must have some values from the class ""Paper"".
   - The class ""Reviewer"" is equivalent to a class that is an intersection of a restriction and another class:
     - The restriction specifies that the property ""isReviewing"" must have some values from the class ""Paper"".
     - The other class is a union of the classes ""Person"" and ""Paper"".

2. **Properties and Domains/Ranges:**
   - The property ""hasTopic"" has a domain that is a union of the classes ""Conference"" and ""Paper"".
   - The property ""isTopicOf"" has a range that is a union of the classes ""Paper"" and ""Conference"".

3. **Class Definitions:**
   - The class ""Person"" is defined as a class.
   - The class ""Paper"" is defined as a class.
   - The class ""Conference"" is defined as a class.

4. **Restrictions:**
   - There is a restriction on the property ""isReviewing"" such that it must have some values from the class ""Paper"".
   - There is a restriction on the property ""hasRelatedDocument"" such that it must have some values from the class ""Paper"".

In summary, the subgraph describes the relationships and equivalences between the classes ""Author"", ""Reviewer"", ""Person"", ""Paper"", and ""Conference"", as well as the properties ""hasTopic"", ""isTopicOf"", ""isReviewing"", and ""hasRelatedDocument""."
http://edas#PaperPresentation,Source,Class,paper presentation,"In the context of a conference, a ""Paper Presentation"" refers to the act of presenting a research paper or academic work to an audience of peers, experts, and other attendees. This typically involves summarizing the key points, methodology, findings, and implications of the research, often accompanied by visual aids such as slides. The purpose is to share knowledge, receive feedback, and engage in discussions that can further the understanding and development of the topic.","Sure, here are the triples verbalised into phrases:

1. The property ""relatedToEvent"" has a range of ""PaperPresentation"".
2. The property ""relatedToPaper"" has a domain of ""PaperPresentation"".
3. ""OrganizationalMeeting"" is disjoint with ""PaperPresentation"".
4. ""TalkEvent"" is disjoint with ""PaperPresentation"".
5. ""Workshop"" is disjoint with ""PaperPresentation"".
6. ""PaperPresentation"" is a subclass of ""AcademicEvent"".
7. ""PaperPresentation"" is disjoint with ""OrganizationalMeeting"", ""TalkEvent"", and ""Workshop""."
http://edas#ParallelAndDistributedComputingTopic,Source,Class,parallel and distributed computing topic,"In the context of a conference, ""Parallel and Distributed Computing"" refers to a specialized topic area that focuses on the study, design, and implementation of computing systems that can perform multiple tasks simultaneously (parallel computing) or distribute tasks across multiple interconnected computers (distributed computing). This topic typically includes discussions on algorithms, architectures, software, and applications that enable efficient and effective parallel and distributed processing. It is a key area of interest for researchers, practitioners, and academics who are working to advance the performance, scalability, and reliability of computing systems.","Here are the triples verbalized into phrases:

1. ""AntennasTopic"" is disjoint with ""ParallelAndDistributedComputingTopic"".
2. ""CADTopic"" is disjoint with ""ParallelAndDistributedComputingTopic"".
3. ""CommunicationTheoryTopic"" is disjoint with ""ParallelAndDistributedComputingTopic"".
4. ""CommunicationsTopic"" is disjoint with ""ParallelAndDistributedComputingTopic"".
5. ""ComputerArchitectureTopic"" is disjoint with ""ParallelAndDistributedComputingTopic"".
6. ""ComputerNetworksTopic"" is disjoint with ""ParallelAndDistributedComputingTopic"".
7. ""CryptographyTopic"" is disjoint with ""ParallelAndDistributedComputingTopic"".
8. ""MedicineTopic"" is disjoint with ""ParallelAndDistributedComputingTopic"".
9. ""MicroelectronicsTopic"" is disjoint with ""ParallelAndDistributedComputingTopic"".
10. ""MobileComputingTopic"" is disjoint with ""ParallelAndDistributedComputingTopic"".
11. ""MultimediaTopic"" is disjoint with ""ParallelAndDistributedComputingTopic"".
12. ""OperatingTopicsystems"" is disjoint with ""ParallelAndDistributedComputingTopic"".
13. ""PerformanceTopic"" is disjoint with ""ParallelAndDistributedComputingTopic"".
14. ""PowerlineTransmissionTopic"" is disjoint with ""ParallelAndDistributedComputingTopic"".
15. ""RadioCommunicationsTopic"" is disjoint with ""ParallelAndDistributedComputingTopic"".
16. ""SatelliteAndSpaceCommunicationsTopic"" is disjoint with ""ParallelAndDistributedComputingTopic"".
17. ""SecurityTopic"" is disjoint with ""ParallelAndDistributedComputingTopic"".
18. ""SignalProcessingTopic"" is disjoint with ""ParallelAndDistributedComputingTopic"".
19. ""TestOnlyTopic"" is disjoint with ""ParallelAndDistributedComputingTopic"".
20. ""WirelessCommunicationsTopic"" is disjoint with ""ParallelAndDistributedComputingTopic"".

Additionally:

21. ""ParallelAndDistributedComputingTopic"" is a subclass of ""Topic"".
22. ""ParallelAndDistributedComputingTopic"" is disjoint with ""AntennasTopic"", ""CADTopic"", ""CommunicationTheoryTopic"", ""CommunicationsTopic"", ""ComputerArchitectureTopic"", ""ComputerNetworksTopic"", ""CryptographyTopic"", ""MedicineTopic"", ""MicroelectronicsTopic"", ""MobileComputingTopic"", ""MultimediaTopic"", ""OperatingTopicsystems"", ""PerformanceTopic"", ""PowerlineTransmissionTopic"", ""RadioCommunicationsTopic"", ""SatelliteAndSpaceCommunicationsTopic"", ""SecurityTopic"", ""SignalProcessingTopic"", ""TestOnlyTopic"", and ""WirelessCommunicationsTopic""."
http://edas#PendingPaper,Source,Class,pending paper,"In the context of a conference, ""PendingPaper"" typically refers to a research paper or academic submission that is currently under review and has not yet received a final decision regarding its acceptance or rejection. This status indicates that the paper is still being evaluated by reviewers or the conference committee.","1. ""AcceptedPaper"" is disjoint with ""PendingPaper"".
2. ""ActivePaper"" is disjoint with ""PendingPaper"".
3. ""PublishedPaper"" is disjoint with ""PendingPaper"".
4. ""RejectedPaper"" is disjoint with ""PendingPaper"".
5. ""WithdrawnPaper"" is disjoint with ""PendingPaper"".
6. ""PendingPaper"" is a subclass of ""Paper"".
7. ""PendingPaper"" is disjoint with ""AcceptedPaper"".
8. ""PendingPaper"" is disjoint with ""ActivePaper"".
9. ""PendingPaper"" is disjoint with ""PublishedPaper"".
10. ""PendingPaper"" is disjoint with ""RejectedPaper"".
11. ""PendingPaper"" is disjoint with ""WithdrawnPaper""."
http://edas#PerformanceTopic,Source,Class,performance topic,"In the context of a conference, ""PerformanceTopic"" likely refers to a specific subject or theme related to performance that is being discussed or presented. This could encompass a variety of areas such as performance metrics, performance improvement strategies, performance management, or even the performance of specific technologies or systems. The exact meaning would depend on the focus of the conference and the specific sessions or presentations included under this topic.","Sure, here are the triples verbalized into phrases:

1. ""AntennasTopic"" is disjoint with ""PerformanceTopic"".
2. ""CADTopic"" is disjoint with ""PerformanceTopic"".
3. ""CommunicationTheoryTopic"" is disjoint with ""PerformanceTopic"".
4. ""CommunicationsTopic"" is disjoint with ""PerformanceTopic"".
5. ""ComputerArchitectureTopic"" is disjoint with ""PerformanceTopic"".
6. ""ComputerNetworksTopic"" is disjoint with ""PerformanceTopic"".
7. ""CryptographyTopic"" is disjoint with ""PerformanceTopic"".
8. ""MedicineTopic"" is disjoint with ""PerformanceTopic"".
9. ""MicroelectronicsTopic"" is disjoint with ""PerformanceTopic"".
10. ""MobileComputingTopic"" is disjoint with ""PerformanceTopic"".
11. ""MultimediaTopic"" is disjoint with ""PerformanceTopic"".
12. ""OperatingTopicsystems"" is disjoint with ""PerformanceTopic"".
13. ""ParallelAndDistributedComputingTopic"" is disjoint with ""PerformanceTopic"".
14. ""PowerlineTransmissionTopic"" is disjoint with ""PerformanceTopic"".
15. ""RadioCommunicationsTopic"" is disjoint with ""PerformanceTopic"".
16. ""SatelliteAndSpaceCommunicationsTopic"" is disjoint with ""PerformanceTopic"".
17. ""SecurityTopic"" is disjoint with ""PerformanceTopic"".
18. ""SignalProcessingTopic"" is disjoint with ""PerformanceTopic"".
19. ""TestOnlyTopic"" is disjoint with ""PerformanceTopic"".
20. ""WirelessCommunicationsTopic"" is disjoint with ""PerformanceTopic"".

Additionally:

21. ""PerformanceTopic"" is a subclass of ""Topic"".
22. ""PerformanceTopic"" is disjoint with ""AntennasTopic"", ""CADTopic"", ""CommunicationTheoryTopic"", ""CommunicationsTopic"", ""ComputerArchitectureTopic"", ""ComputerNetworksTopic"", ""CryptographyTopic"", ""MedicineTopic"", ""MicroelectronicsTopic"", ""MobileComputingTopic"", ""MultimediaTopic"", ""OperatingTopicsystems"", ""ParallelAndDistributedComputingTopic"", ""PowerlineTransmissionTopic"", ""RadioCommunicationsTopic"", ""SatelliteAndSpaceCommunicationsTopic"", ""SecurityTopic"", ""SignalProcessingTopic"", ""TestOnlyTopic"", and ""WirelessCommunicationsTopic""."
http://edas#Person,Source,Class,person,"In the context of a conference, a ""person"" typically refers to an individual who is attending or participating in the event. This could include speakers, attendees, organizers, panelists, or any other individuals involved in the conference activities.","Sure, here are the triples verbalised into phrases:

1. An Attendee is a subclass of Person.
2. A Conference Chair is a subclass of Person.
3. A Session Chair is a subclass of Person.
4. A TPC Member is a subclass of Person.
5. The domain of attendeeAt is Person.
6. The range of hasAttendee is Person.
7. The domain of hasBiography is Person.
8. The domain of hasFirstName is Person.
9. The domain of hasLastName is Person.
10. The range of hasMember is Person.
11. The domain of isMemberOf is Person.
12. A Call is disjoint with Person.
13. A Conference is disjoint with Person.
14. A Conference Event is disjoint with Person.
15. A Conference Session is disjoint with Person.
16. A Country is disjoint with Person.
17. A Document is disjoint with Person.
18. An Organization is disjoint with Person.
19. A Personal History is disjoint with Person.
20. A Place is disjoint with Person.
21. A Review Form is disjoint with Person.
22. A Review Question is disjoint with Person.
23. A Review Rating is disjoint with Person.
24. A Sponsorship is disjoint with Person.
25. A Topic is disjoint with Person.
26. A Person is disjoint with Call, Conference, Conference Event, Conference Session, Country, Document, Organization, Personal History, Place, Review Form, Review Question, Review Rating, Sponsorship, and Topic.The provided subgraph describes a complex ontology involving various classes, properties, and restrictions. Here is a natural language description of the key elements and their relationships:

1. **Classes and Equivalences:**
   - The class **Author** is equivalent to a class that is an intersection of certain restrictions.
   - The class **Reviewer** is equivalent to a class that is an intersection of certain restrictions.
   - The class **TwoLevelConference** is equivalent to a class that is an intersection of certain restrictions.
   - The class **SingleLevelConference** is equivalent to a class that is an intersection of certain restrictions.

2. **Restrictions and Properties:**
   - There is a restriction on the property **hasRelatedDocument** such that it must relate to a **Paper**.
   - There is a restriction on the property **hasMember** such that all values must be of type **Person**.
   - There is a restriction on the property **hasMember** such that some values must be of type **TPCMember**.
   - There is a restriction on the property **isReviewing** such that some values must be of type **Paper**.

3. **Class Intersections:**
   - The class **Author** is defined as an intersection of:
     - A restriction on the property **hasRelatedDocument** with some values from **Paper**.
   - The class **Reviewer** is defined as an intersection of:
     - A restriction on the property **isReviewing** with some values from **Paper**.
   - The class **TwoLevelConference** is defined as an intersection of:
     - The class **Conference**.
     - A complement of the class **TwoLevelConference**.
   - The class **SingleLevelConference** is defined as an intersection of:
     - The class **Conference**.
     - A restriction on the property **hasMember** with all values from **Person**.

4. **Unions and Lists:**
   - The class **AcademicEvent** is part of a union that includes **Conference** and **ConferenceSession**.
   - The class **Person** is part of a list that includes **ContactInformation** and **Person**.

5. **Domains and Ranges:**
   - The property **hasEmail** has a domain that includes a class defined by a union of **ContactInformation** and **Person**.
   - The property **hasRelatedDocument** has a domain that includes a class defined by a union of **AcademicEvent** and **Conference**.
   - The property **relatesTo** has a range that includes a class defined by a union of **AcademicEvent** and **Conference**.

6. **Types:**
   - Various entities are defined as types of **Class** or **Restriction**.

This ontology describes a structured framework for academic events, authors, reviewers, and related documents, with specific restrictions and relationships between these entities."
http://edas#PersonalHistory,Source,Class,personal history,"In the context of a conference, ""PersonalHistory"" typically refers to the background, experiences, and achievements of an individual, often a speaker or presenter. This can include their educational background, professional career, notable accomplishments, and any other relevant experiences that contribute to their expertise and perspective on the topics being discussed at the conference. This information helps the audience understand the speaker's qualifications and the context of their insights.","Sure, here are the triples verbalized into phrases:

1. ""PersonalPublicationHistory"" is a subclass of ""PersonalHistory"".
2. ""PersonalReviewHistory"" is a subclass of ""PersonalHistory"".
3. ""Call"" is disjoint with ""PersonalHistory"".
4. ""Conference"" is disjoint with ""PersonalHistory"".
5. ""ConferenceEvent"" is disjoint with ""PersonalHistory"".
6. ""ConferenceSession"" is disjoint with ""PersonalHistory"".
7. ""ContactInformation"" is disjoint with ""PersonalHistory"".
8. ""Country"" is disjoint with ""PersonalHistory"".
9. ""Document"" is disjoint with ""PersonalHistory"".
10. ""Organization"" is disjoint with ""PersonalHistory"".
11. ""Person"" is disjoint with ""PersonalHistory"".
12. ""Place"" is disjoint with ""PersonalHistory"".
13. ""ReviewForm"" is disjoint with ""PersonalHistory"".
14. ""ReviewQuestion"" is disjoint with ""PersonalHistory"".
15. ""ReviewRating"" is disjoint with ""PersonalHistory"".
16. ""Sponsorship"" is disjoint with ""PersonalHistory"".
17. ""Topic"" is disjoint with ""PersonalHistory"".
18. ""PersonalHistory"" is disjoint with ""Call"", ""Conference"", ""ConferenceEvent"", ""ConferenceSession"", ""ContactInformation"", ""Country"", ""Document"", ""Organization"", ""Person"", ""Place"", ""ReviewForm"", ""ReviewQuestion"", ""ReviewRating"", ""Sponsorship"", and ""Topic""."
http://edas#PersonalPublicationHistory,Source,Class,personal publication history,"In the context of a conference, ""PersonalPublicationHistory"" refers to the record or list of academic papers, articles, or other scholarly works that an individual has authored or co-authored and published. This history typically includes details such as the titles of the publications, the names of the journals or conferences where they were published, the dates of publication, and possibly other relevant information like co-authors and the impact or citations of the work. This history is often used to showcase the individual's contributions to their field of study and is a key component of their academic and professional profile.","The class ""PersonalPublicationHistory"" is a subclass of the class ""PersonalHistory""."
http://edas#PersonalReviewHistory,Source,Class,personal review history,"In the context of a conference, ""PersonalReviewHistory"" refers to the record of an individual's past activities and contributions related to reviewing submissions for the conference. This could include details such as the number of papers reviewed, the quality and timeliness of the reviews provided, and any feedback received from authors or conference organizers. This history helps in assessing the individual's experience and reliability as a reviewer for future conferences.","Sure, here are the triples verbalised into phrases:

1. The property ""hasReviewHistory"" has a range of ""PersonalReviewHistory"".
2. The property ""isReviewHistoryOf"" has a domain of ""PersonalReviewHistory"".
3. The class ""PersonalReviewHistory"" is a subclass of ""PersonalHistory""."
http://edas#Place,Source,Class,place,"In the context of a conference, ""place"" typically refers to the physical location or venue where the conference is being held. This could be a convention center, hotel, university campus, or any other facility equipped to host such an event. The ""place"" encompasses all the logistical aspects related to the venue, including the address, accessibility, available amenities, and the overall environment where the conference activities will take place.","Sure, here are the triples verbalized into phrases:

1. ""AccommodationPlace"" is a subclass of ""Place"".
2. ""ConferenceVenuePlace"" is a subclass of ""Place"".
3. ""DiningPlace"" is a subclass of ""Place"".
4. ""MeetingRoomPlace"" is a subclass of ""Place"".
5. The range of ""hasLocation"" is ""Place"".
6. The domain of ""isLocationOf"" is ""Place"".
7. ""Call"" is disjoint with ""Place"".
8. ""Conference"" is disjoint with ""Place"".
9. ""ConferenceEvent"" is disjoint with ""Place"".
10. ""ConferenceSession"" is disjoint with ""Place"".
11. ""ContactInformation"" is disjoint with ""Place"".
12. ""Country"" is disjoint with ""Place"".
13. ""Document"" is disjoint with ""Place"".
14. ""Organization"" is disjoint with ""Place"".
15. ""Person"" is disjoint with ""Place"".
16. ""PersonalHistory"" is disjoint with ""Place"".
17. ""ReviewForm"" is disjoint with ""Place"".
18. ""ReviewQuestion"" is disjoint with ""Place"".
19. ""ReviewRating"" is disjoint with ""Place"".
20. ""Sponsorship"" is disjoint with ""Place"".
21. ""Topic"" is disjoint with ""Place"".
22. ""Place"" is disjoint with ""Call"", ""Conference"", ""ConferenceEvent"", ""ConferenceSession"", ""ContactInformation"", ""Country"", ""Document"", ""Organization"", ""Person"", ""PersonalHistory"", ""ReviewForm"", ""ReviewQuestion"", ""ReviewRating"", ""Sponsorship"", and ""Topic""."
http://edas#PowerlineTransmissionTopic,Source,Class,powerline transmission topic,"In the context of a conference, ""PowerlineTransmissionTopic"" likely refers to a specific subject or session focused on the transmission of electrical power through power lines. This could encompass discussions on the technology, infrastructure, challenges, innovations, and future developments related to powerline transmission. It may also cover topics such as efficiency, reliability, grid management, and the integration of renewable energy sources into the power grid.","Sure, here are the triples verbalized into phrases:

1. ""AntennasTopic"" is disjoint with ""PowerlineTransmissionTopic"".
2. ""CADTopic"" is disjoint with ""PowerlineTransmissionTopic"".
3. ""CommunicationTheoryTopic"" is disjoint with ""PowerlineTransmissionTopic"".
4. ""CommunicationsTopic"" is disjoint with ""PowerlineTransmissionTopic"".
5. ""ComputerArchitectureTopic"" is disjoint with ""PowerlineTransmissionTopic"".
6. ""ComputerNetworksTopic"" is disjoint with ""PowerlineTransmissionTopic"".
7. ""CryptographyTopic"" is disjoint with ""PowerlineTransmissionTopic"".
8. ""MedicineTopic"" is disjoint with ""PowerlineTransmissionTopic"".
9. ""MicroelectronicsTopic"" is disjoint with ""PowerlineTransmissionTopic"".
10. ""MobileComputingTopic"" is disjoint with ""PowerlineTransmissionTopic"".
11. ""MultimediaTopic"" is disjoint with ""PowerlineTransmissionTopic"".
12. ""OperatingTopicsystems"" is disjoint with ""PowerlineTransmissionTopic"".
13. ""ParallelAndDistributedComputingTopic"" is disjoint with ""PowerlineTransmissionTopic"".
14. ""PerformanceTopic"" is disjoint with ""PowerlineTransmissionTopic"".
15. ""RadioCommunicationsTopic"" is disjoint with ""PowerlineTransmissionTopic"".
16. ""SatelliteAndSpaceCommunicationsTopic"" is disjoint with ""PowerlineTransmissionTopic"".
17. ""SecurityTopic"" is disjoint with ""PowerlineTransmissionTopic"".
18. ""SignalProcessingTopic"" is disjoint with ""PowerlineTransmissionTopic"".
19. ""TestOnlyTopic"" is disjoint with ""PowerlineTransmissionTopic"".
20. ""WirelessCommunicationsTopic"" is disjoint with ""PowerlineTransmissionTopic"".

Additionally:

21. ""PowerlineTransmissionTopic"" is a subclass of ""Topic"".
22. ""PowerlineTransmissionTopic"" is disjoint with ""AntennasTopic"", ""CADTopic"", ""CommunicationTheoryTopic"", ""CommunicationsTopic"", ""ComputerArchitectureTopic"", ""ComputerNetworksTopic"", ""CryptographyTopic"", ""MedicineTopic"", ""MicroelectronicsTopic"", ""MobileComputingTopic"", ""MultimediaTopic"", ""OperatingTopicsystems"", ""ParallelAndDistributedComputingTopic"", ""PerformanceTopic"", ""RadioCommunicationsTopic"", ""SatelliteAndSpaceCommunicationsTopic"", ""SecurityTopic"", ""SignalProcessingTopic"", ""TestOnlyTopic"", and ""WirelessCommunicationsTopic""."
http://edas#Presenter,Source,Class,presenter,"In the context of a conference, a ""Presenter"" is an individual who delivers a speech, lecture, or presentation to an audience. This person is responsible for sharing information, insights, research findings, or other relevant content related to the conference's theme or subject matter. The presenter typically uses visual aids, such as slides or videos, to enhance their presentation and engage the audience.","The class ""Presenter"" is a subclass of the class ""Author""."
http://edas#Programme,Source,Class,program,"In the context of a conference, a ""programme"" refers to the detailed schedule or agenda of events, sessions, presentations, and activities that are planned to take place during the conference. It typically includes information such as the timing of each session, the topics to be covered, the names of speakers or presenters, and the locations of different events within the conference venue. The programme serves as a guide for attendees to navigate the conference and participate in the sessions and activities of interest to them.","Sure, here are the triples verbalised into phrases:

1. The property ""belongsToEvent"" has a domain of ""Programme"".
2. The property ""hasProgramme"" has a range of ""Programme"".
3. ""MealMenu"" is disjoint with ""Programme"".
4. ""Paper"" is disjoint with ""Programme"".
5. ""Review"" is disjoint with ""Programme"".
6. ""SlideSet"" is disjoint with ""Programme"".
7. ""Programme"" is a subclass of ""Document"".
8. ""Programme"" is disjoint with ""MealMenu"", ""Paper"", ""Review"", and ""SlideSet""."
http://edas#PublishedPaper,Source,Class,published paper,"In the context of a conference, a ""PublishedPaper"" refers to a research paper or academic article that has been accepted for presentation at the conference and subsequently included in the conference proceedings. These proceedings are often compiled and distributed either in print or digitally, making the research accessible to a wider audience. The paper typically undergoes a peer-review process before being accepted, ensuring that it meets the standards and quality expected by the conference organizers.","1. An ""AcceptedPaper"" is disjoint with a ""PublishedPaper"".
2. An ""ActivePaper"" is disjoint with a ""PublishedPaper"".
3. A ""PendingPaper"" is disjoint with a ""PublishedPaper"".
4. A ""RejectedPaper"" is disjoint with a ""PublishedPaper"".
5. A ""WithdrawnPaper"" is disjoint with a ""PublishedPaper"".
6. A ""PublishedPaper"" is a subclass of ""Paper"".
7. A ""PublishedPaper"" is disjoint with an ""AcceptedPaper"".
8. A ""PublishedPaper"" is disjoint with an ""ActivePaper"".
9. A ""PublishedPaper"" is disjoint with a ""PendingPaper"".
10. A ""PublishedPaper"" is disjoint with a ""RejectedPaper"".
11. A ""PublishedPaper"" is disjoint with a ""WithdrawnPaper""."
http://edas#RadioCommunicationsTopic,Source,Class,radio communications topic,"In the context of a conference, ""RadioCommunicationsTopic"" refers to a subject or theme related to the field of radio communications that is being discussed or presented. This could include various aspects such as the latest technologies, regulatory issues, advancements in radio frequency communication, applications in different industries, and research findings. The topic would be part of the agenda or sessions where experts, researchers, and professionals gather to share knowledge, insights, and developments in the field of radio communications.","Sure, here are the triples verbalized into phrases:

1. ""AntennasTopic"" is disjoint with ""RadioCommunicationsTopic"".
2. ""CADTopic"" is disjoint with ""RadioCommunicationsTopic"".
3. ""CommunicationTheoryTopic"" is disjoint with ""RadioCommunicationsTopic"".
4. ""CommunicationsTopic"" is disjoint with ""RadioCommunicationsTopic"".
5. ""ComputerArchitectureTopic"" is disjoint with ""RadioCommunicationsTopic"".
6. ""ComputerNetworksTopic"" is disjoint with ""RadioCommunicationsTopic"".
7. ""CryptographyTopic"" is disjoint with ""RadioCommunicationsTopic"".
8. ""MedicineTopic"" is disjoint with ""RadioCommunicationsTopic"".
9. ""MicroelectronicsTopic"" is disjoint with ""RadioCommunicationsTopic"".
10. ""MobileComputingTopic"" is disjoint with ""RadioCommunicationsTopic"".
11. ""MultimediaTopic"" is disjoint with ""RadioCommunicationsTopic"".
12. ""OperatingTopicsystems"" is disjoint with ""RadioCommunicationsTopic"".
13. ""ParallelAndDistributedComputingTopic"" is disjoint with ""RadioCommunicationsTopic"".
14. ""PerformanceTopic"" is disjoint with ""RadioCommunicationsTopic"".
15. ""PowerlineTransmissionTopic"" is disjoint with ""RadioCommunicationsTopic"".
16. ""SatelliteAndSpaceCommunicationsTopic"" is disjoint with ""RadioCommunicationsTopic"".
17. ""SecurityTopic"" is disjoint with ""RadioCommunicationsTopic"".
18. ""SignalProcessingTopic"" is disjoint with ""RadioCommunicationsTopic"".
19. ""TestOnlyTopic"" is disjoint with ""RadioCommunicationsTopic"".
20. ""WirelessCommunicationsTopic"" is disjoint with ""RadioCommunicationsTopic"".
21. ""RadioCommunicationsTopic"" is a subclass of ""Topic"".
22. ""RadioCommunicationsTopic"" is disjoint with ""AntennasTopic"", ""CADTopic"", ""CommunicationTheoryTopic"", ""CommunicationsTopic"", ""ComputerArchitectureTopic"", ""ComputerNetworksTopic"", ""CryptographyTopic"", ""MedicineTopic"", ""MicroelectronicsTopic"", ""MobileComputingTopic"", ""MultimediaTopic"", ""OperatingTopicsystems"", ""ParallelAndDistributedComputingTopic"", ""PerformanceTopic"", ""PowerlineTransmissionTopic"", ""SatelliteAndSpaceCommunicationsTopic"", ""SecurityTopic"", ""SignalProcessingTopic"", ""TestOnlyTopic"", and ""WirelessCommunicationsTopic""."
http://edas#RatedPapers,Source,Class,rated papers,"In the context of a conference, ""RatedPapers"" likely refers to research papers or academic papers that have been evaluated and assigned a rating or score by reviewers or a committee. This rating process is typically part of the peer review system used to assess the quality, relevance, and originality of submissions before they are accepted for presentation at the conference. The ratings help determine which papers are selected for inclusion in the conference program.","The class ""RatedPapers"" is a subclass of the class ""ActivePaper"".The class ""RatedPapers"" is defined as being equivalent to a restriction. This restriction specifies that the property ""hasRating"" must have some values from the class ""ReviewRating""."
http://edas#Reception,Source,Class,reception,"In the context of a conference, a ""reception"" typically refers to a social gathering or event that is organized to welcome attendees. It often takes place at the beginning of the conference and provides an opportunity for participants to network, meet other attendees, speakers, and organizers in a more informal setting. Receptions usually include refreshments, such as drinks and appetizers, and can serve as a platform for initial introductions and conversations that can enhance the overall conference experience.","The class ""Reception"" is a subclass of the class ""SocialEvent""."
http://edas#RejectRating,Source,Class,reject rating,"In the context of a conference, ""RejectRating"" typically refers to the evaluation or score given to a paper or submission that leads to its rejection. This rating is part of the review process where submissions are assessed based on various criteria such as originality, significance, quality, and relevance to the conference themes. A low or negative rating would result in the paper being rejected from the conference program.","Sure, here are the triples verbalised into phrases:

1. ""AcceptRating"" is disjoint with ""RejectRating"".
2. ""AccpetIfRoomRating"" is disjoint with ""RejectRating"".
3. ""WeekRejectRating"" is disjoint with ""RejectRating"".
4. ""RejectRating"" is a subclass of ""ReviewRating"".
5. ""RejectRating"" is disjoint with ""AcceptRating"", ""AccpetIfRoomRating"", and ""WeekRejectRating"".The subgraph describes a class named ""ReviewRating,"" which is equivalent to a union of several rating types. Specifically, ""ReviewRating"" is a class that includes the following types of ratings:

1. ""AcceptRating""
2. ""AccpetIfRoomRating""
3. ""RejectRating""
4. ""WeekRejectRating""

These types are organized in a list structure where:
- ""AcceptRating"" is the first element.
- ""AccpetIfRoomRating"" is the second element.
- ""RejectRating"" is the third element.
- ""WeekRejectRating"" is the fourth and final element.

The list terminates with a ""nil"" value, indicating the end of the list."
http://edas#RejectedPaper,Source,Class,rejected paper,"In the context of a conference, a ""RejectedPaper"" refers to a research paper or academic submission that has not been accepted for presentation or publication. This decision is typically made by a review committee or panel of experts who evaluate the submissions based on criteria such as originality, significance, methodology, and relevance to the conference's themes. A rejected paper does not meet the required standards or criteria set by the conference organizers.","Here are the triples verbalised into phrases:

1. ""AcceptedPaper"" is disjoint with ""RejectedPaper"".
2. ""ActivePaper"" is disjoint with ""RejectedPaper"".
3. ""PendingPaper"" is disjoint with ""RejectedPaper"".
4. ""PublishedPaper"" is disjoint with ""RejectedPaper"".
5. ""WithdrawnPaper"" is disjoint with ""RejectedPaper"".
6. ""RejectedPaper"" is a subclass of ""Paper"".
7. ""RejectedPaper"" is disjoint with ""AcceptedPaper"".
8. ""RejectedPaper"" is disjoint with ""ActivePaper"".
9. ""RejectedPaper"" is disjoint with ""PendingPaper"".
10. ""RejectedPaper"" is disjoint with ""PublishedPaper"".
11. ""RejectedPaper"" is disjoint with ""WithdrawnPaper""."
http://edas#Review,Source,Class,review,"In the context of a conference, a ""review"" typically refers to the evaluation or assessment of submitted papers, presentations, or proposals by a panel of experts or peers. This process is crucial for maintaining the quality and relevance of the conference content. Reviewers provide feedback, suggest improvements, and recommend whether a submission should be accepted, revised, or rejected.","1. A ""MealMenu"" is disjoint with a ""Review"".
2. A ""Paper"" is disjoint with a ""Review"".
3. A ""Programme"" is disjoint with a ""Review"".
4. A ""SlideSet"" is disjoint with a ""Review"".
5. A ""Review"" is a subclass of ""Document"".
6. A ""Review"" is disjoint with a ""MealMenu"".
7. A ""Review"" is disjoint with a ""Paper"".
8. A ""Review"" is disjoint with a ""Programme"".
9. A ""Review"" is disjoint with a ""SlideSet""."
http://edas#ReviewForm,Source,Class,review form,"In the context of a conference, a ""ReviewForm"" typically refers to a structured document or digital form used by reviewers to evaluate and provide feedback on submissions, such as research papers, abstracts, or proposals. The form usually includes criteria such as originality, significance, methodology, clarity, and relevance to the conference themes. Reviewers use the form to score and comment on each submission, which helps the conference organizers make decisions about which submissions to accept for presentation.","1. ""Call"" is disjoint with ""ReviewForm"".
2. ""Conference"" is disjoint with ""ReviewForm"".
3. ""ConferenceEvent"" is disjoint with ""ReviewForm"".
4. ""ConferenceSession"" is disjoint with ""ReviewForm"".
5. ""ContactInformation"" is disjoint with ""ReviewForm"".
6. ""Country"" is disjoint with ""ReviewForm"".
7. ""Document"" is disjoint with ""ReviewForm"".
8. ""Organization"" is disjoint with ""ReviewForm"".
9. ""Person"" is disjoint with ""ReviewForm"".
10. ""PersonalHistory"" is disjoint with ""ReviewForm"".
11. ""Place"" is disjoint with ""ReviewForm"".
12. ""ReviewQuestion"" is disjoint with ""ReviewForm"".
13. ""ReviewRating"" is disjoint with ""ReviewForm"".
14. ""Sponsorship"" is disjoint with ""ReviewForm"".
15. ""Topic"" is disjoint with ""ReviewForm"".
16. ""ReviewForm"" is disjoint with ""Call"", ""Conference"", ""ConferenceEvent"", ""ConferenceSession"", ""ContactInformation"", ""Country"", ""Document"", ""Organization"", ""Person"", ""PersonalHistory"", ""Place"", ""ReviewQuestion"", ""ReviewRating"", ""Sponsorship"", and ""Topic""."
http://edas#ReviewQuestion,Source,Class,review question,"In the context of a conference, a ""Review Question"" typically refers to a question posed to assess understanding, gather feedback, or evaluate the content presented during the conference. It can be used to gauge the audience's comprehension of the material, solicit opinions on the effectiveness of the sessions, or gather insights for future improvements. These questions are often part of surveys or feedback forms distributed to attendees after presentations or at the end of the conference.","Sure, here are the triples verbalized into phrases:

1. A ""NumericalReviewQuestion"" is a subclass of ""ReviewQuestion"".
2. A ""TextualReviewQuestion"" is a subclass of ""ReviewQuestion"".
3. A ""Call"" is disjoint with ""ReviewQuestion"".
4. A ""Conference"" is disjoint with ""ReviewQuestion"".
5. A ""ConferenceEvent"" is disjoint with ""ReviewQuestion"".
6. A ""ConferenceSession"" is disjoint with ""ReviewQuestion"".
7. ""ContactInformation"" is disjoint with ""ReviewQuestion"".
8. A ""Country"" is disjoint with ""ReviewQuestion"".
9. A ""Document"" is disjoint with ""ReviewQuestion"".
10. An ""Organization"" is disjoint with ""ReviewQuestion"".
11. A ""Person"" is disjoint with ""ReviewQuestion"".
12. ""PersonalHistory"" is disjoint with ""ReviewQuestion"".
13. A ""Place"" is disjoint with ""ReviewQuestion"".
14. A ""ReviewForm"" is disjoint with ""ReviewQuestion"".
15. A ""ReviewRating"" is disjoint with ""ReviewQuestion"".
16. ""Sponsorship"" is disjoint with ""ReviewQuestion"".
17. A ""Topic"" is disjoint with ""ReviewQuestion"".
18. A ""ReviewQuestion"" is disjoint with ""Call"", ""Conference"", ""ConferenceEvent"", ""ConferenceSession"", ""ContactInformation"", ""Country"", ""Document"", ""Organization"", ""Person"", ""PersonalHistory"", ""Place"", ""ReviewForm"", ""ReviewRating"", ""Sponsorship"", and ""Topic""."
http://edas#ReviewRating,Source,Class,review rating,"In the context of a conference, ""ReviewRating"" typically refers to the evaluation score or feedback given by reviewers to submissions such as research papers, presentations, or proposals. These ratings help determine the quality and relevance of the submissions and play a crucial role in deciding which ones will be accepted for presentation or publication at the conference. Review ratings are often based on criteria such as originality, significance, clarity, and methodology.","Sure, here are the triples verbalized into phrases:

1. ""AcceptRating"" is a subclass of ""ReviewRating"".
2. ""AcceptIfRoomRating"" is a subclass of ""ReviewRating"".
3. ""RejectRating"" is a subclass of ""ReviewRating"".
4. ""WeekRejectRating"" is a subclass of ""ReviewRating"".
5. The range of ""hasRating"" is ""ReviewRating"".
6. ""Call"" is disjoint with ""ReviewRating"".
7. ""Conference"" is disjoint with ""ReviewRating"".
8. ""ConferenceEvent"" is disjoint with ""ReviewRating"".
9. ""ConferenceSession"" is disjoint with ""ReviewRating"".
10. ""ContactInformation"" is disjoint with ""ReviewRating"".
11. ""Country"" is disjoint with ""ReviewRating"".
12. ""Document"" is disjoint with ""ReviewRating"".
13. ""Organization"" is disjoint with ""ReviewRating"".
14. ""Person"" is disjoint with ""ReviewRating"".
15. ""PersonalHistory"" is disjoint with ""ReviewRating"".
16. ""Place"" is disjoint with ""ReviewRating"".
17. ""ReviewForm"" is disjoint with ""ReviewRating"".
18. ""ReviewQuestion"" is disjoint with ""ReviewRating"".
19. ""Sponsorship"" is disjoint with ""ReviewRating"".
20. ""Topic"" is disjoint with ""ReviewRating"".
21. ""ReviewRating"" is disjoint with ""Call"", ""Conference"", ""ConferenceEvent"", ""ConferenceSession"", ""ContactInformation"", ""Country"", ""Document"", ""Organization"", ""Person"", ""PersonalHistory"", ""Place"", ""ReviewForm"", ""ReviewQuestion"", ""Sponsorship"", and ""Topic"".The subgraph describes a class called ""RatedPapers"" which is equivalent to a restriction. This restriction specifies that the property ""hasRating"" must have some values from the class ""ReviewRating"". The class ""ReviewRating"" is equivalent to another class that is a union of several ratings. These ratings include ""AcceptRating"", ""AccpetIfRoomRating"", ""RejectRating"", and ""WeekRejectRating"". The union is represented as a list where ""AcceptRating"" is the first element, followed by ""AccpetIfRoomRating"", ""RejectRating"", and ""WeekRejectRating"", with the list terminating in ""nil""."
http://edas#Reviewer,Source,Class,reviewer,"In the context of a conference, a reviewer is an individual who evaluates and assesses the quality, relevance, and originality of submitted papers or presentations. Reviewers provide feedback and recommendations regarding whether a submission should be accepted, revised, or rejected. Their role is crucial in maintaining the academic and professional standards of the conference.","Sure, here are the triples verbalised into phrases:

1. The property ""hasReviewHistory"" has a domain of ""Reviewer"".
2. The property ""isReviewHistoryOf"" has a range of ""Reviewer"".The provided subgraph can be described in natural language as follows:

There are several classes and restrictions defined in this ontology. 

1. **Reviewer** is defined as an equivalent class to an intersection of certain restrictions.
2. **Reviewer** is part of a union class that includes **Reviewer** itself, **SessionChair**, and another union class.
3. The other union class includes **Reviewer**, **TPCMember**, and **ConferenceChair**.
4. **Reviewer** is also part of an intersection class that includes a restriction.
5. The restriction specifies that a **Reviewer** is someone who is reviewing some **Paper**.
6. **Reviewer** is a class that is involved in the domain of the property **isReviewing**.
7. The range of the property **isReviewedBy** is a union class that includes **Reviewer**, **SessionChair**, and another union class.
8. **SessionChair** and **ConferenceChair** are also part of the union class.
9. **TPCMember** is included in the union class and is part of the intersection class that defines **Reviewer**.
10. **Person** is part of the intersection class that defines **Reviewer**.

In summary, the ontology defines a complex relationship between different roles such as **Reviewer**, **SessionChair**, **ConferenceChair**, and **TPCMember**, and their involvement in reviewing papers. The properties **isReviewing** and **isReviewedBy** are used to describe these relationships."
http://edas#SatelliteAndSpaceCommunicationsTopic,Source,Class,satellite and space communications topic,"In the context of a conference, ""SatelliteAndSpaceCommunicationsTopic"" refers to a specific subject area or session dedicated to discussing advancements, research, technologies, and applications related to satellite and space communications. This could include topics such as satellite design, communication protocols, signal processing, space missions, and the role of satellites in global communications networks. It is a focused area within the broader field of telecommunications and space exploration, where experts, researchers, and industry professionals gather to share knowledge, present findings, and discuss future trends and challenges.","Sure, here are the triples verbalized into phrases:

1. ""AntennasTopic"" is disjoint with ""SatelliteAndSpaceCommunicationsTopic"".
2. ""CADTopic"" is disjoint with ""SatelliteAndSpaceCommunicationsTopic"".
3. ""CommunicationTheoryTopic"" is disjoint with ""SatelliteAndSpaceCommunicationsTopic"".
4. ""CommunicationsTopic"" is disjoint with ""SatelliteAndSpaceCommunicationsTopic"".
5. ""ComputerArchitectureTopic"" is disjoint with ""SatelliteAndSpaceCommunicationsTopic"".
6. ""ComputerNetworksTopic"" is disjoint with ""SatelliteAndSpaceCommunicationsTopic"".
7. ""CryptographyTopic"" is disjoint with ""SatelliteAndSpaceCommunicationsTopic"".
8. ""MedicineTopic"" is disjoint with ""SatelliteAndSpaceCommunicationsTopic"".
9. ""MicroelectronicsTopic"" is disjoint with ""SatelliteAndSpaceCommunicationsTopic"".
10. ""MobileComputingTopic"" is disjoint with ""SatelliteAndSpaceCommunicationsTopic"".
11. ""MultimediaTopic"" is disjoint with ""SatelliteAndSpaceCommunicationsTopic"".
12. ""OperatingTopicsystems"" is disjoint with ""SatelliteAndSpaceCommunicationsTopic"".
13. ""ParallelAndDistributedComputingTopic"" is disjoint with ""SatelliteAndSpaceCommunicationsTopic"".
14. ""PerformanceTopic"" is disjoint with ""SatelliteAndSpaceCommunicationsTopic"".
15. ""PowerlineTransmissionTopic"" is disjoint with ""SatelliteAndSpaceCommunicationsTopic"".
16. ""RadioCommunicationsTopic"" is disjoint with ""SatelliteAndSpaceCommunicationsTopic"".
17. ""SecurityTopic"" is disjoint with ""SatelliteAndSpaceCommunicationsTopic"".
18. ""SignalProcessingTopic"" is disjoint with ""SatelliteAndSpaceCommunicationsTopic"".
19. ""TestOnlyTopic"" is disjoint with ""SatelliteAndSpaceCommunicationsTopic"".
20. ""WirelessCommunicationsTopic"" is disjoint with ""SatelliteAndSpaceCommunicationsTopic"".

Additionally:

21. ""SatelliteAndSpaceCommunicationsTopic"" is a subclass of ""Topic"".
22. ""SatelliteAndSpaceCommunicationsTopic"" is disjoint with ""AntennasTopic"", ""CADTopic"", ""CommunicationTheoryTopic"", ""CommunicationsTopic"", ""ComputerArchitectureTopic"", ""ComputerNetworksTopic"", ""CryptographyTopic"", ""MedicineTopic"", ""MicroelectronicsTopic"", ""MobileComputingTopic"", ""MultimediaTopic"", ""OperatingTopicsystems"", ""ParallelAndDistributedComputingTopic"", ""PerformanceTopic"", ""PowerlineTransmissionTopic"", ""RadioCommunicationsTopic"", ""SecurityTopic"", ""SignalProcessingTopic"", ""TestOnlyTopic"", and ""WirelessCommunicationsTopic""."
http://edas#SecurityTopic,Source,Class,security topic,"In the context of a conference, ""SecurityTopic"" refers to a specific subject or area of discussion related to security. This could encompass a wide range of issues such as cybersecurity, data protection, physical security, risk management, and other related fields. It is likely a designated session or series of sessions focused on exploring and addressing various security challenges, trends, and solutions.","Sure, here are the triples verbalized into phrases:

1. ""AntennasTopic"" is disjoint with ""SecurityTopic"".
2. ""CADTopic"" is disjoint with ""SecurityTopic"".
3. ""CommunicationTheoryTopic"" is disjoint with ""SecurityTopic"".
4. ""CommunicationsTopic"" is disjoint with ""SecurityTopic"".
5. ""ComputerArchitectureTopic"" is disjoint with ""SecurityTopic"".
6. ""ComputerNetworksTopic"" is disjoint with ""SecurityTopic"".
7. ""CryptographyTopic"" is disjoint with ""SecurityTopic"".
8. ""MedicineTopic"" is disjoint with ""SecurityTopic"".
9. ""MicroelectronicsTopic"" is disjoint with ""SecurityTopic"".
10. ""MobileComputingTopic"" is disjoint with ""SecurityTopic"".
11. ""MultimediaTopic"" is disjoint with ""SecurityTopic"".
12. ""OperatingTopicsystems"" is disjoint with ""SecurityTopic"".
13. ""ParallelAndDistributedComputingTopic"" is disjoint with ""SecurityTopic"".
14. ""PerformanceTopic"" is disjoint with ""SecurityTopic"".
15. ""PowerlineTransmissionTopic"" is disjoint with ""SecurityTopic"".
16. ""RadioCommunicationsTopic"" is disjoint with ""SecurityTopic"".
17. ""SatelliteAndSpaceCommunicationsTopic"" is disjoint with ""SecurityTopic"".
18. ""SignalProcessingTopic"" is disjoint with ""SecurityTopic"".
19. ""TestOnlyTopic"" is disjoint with ""SecurityTopic"".
20. ""WirelessCommunicationsTopic"" is disjoint with ""SecurityTopic"".

Additionally:

21. ""SecurityTopic"" is a subclass of ""Topic"".
22. ""SecurityTopic"" is disjoint with ""AntennasTopic"", ""CADTopic"", ""CommunicationTheoryTopic"", ""CommunicationsTopic"", ""ComputerArchitectureTopic"", ""ComputerNetworksTopic"", ""CryptographyTopic"", ""MedicineTopic"", ""MicroelectronicsTopic"", ""MobileComputingTopic"", ""MultimediaTopic"", ""OperatingTopicsystems"", ""ParallelAndDistributedComputingTopic"", ""PerformanceTopic"", ""PowerlineTransmissionTopic"", ""RadioCommunicationsTopic"", ""SatelliteAndSpaceCommunicationsTopic"", ""SignalProcessingTopic"", ""TestOnlyTopic"", and ""WirelessCommunicationsTopic""."
http://edas#SessionChair,Source,Class,session chair,"In the context of a conference, a ""Session Chair"" is an individual responsible for overseeing and managing a specific session or segment of the conference. Their duties typically include introducing speakers, ensuring that the session runs on schedule, facilitating discussions, and managing audience questions. The Session Chair plays a crucial role in maintaining the flow and organization of the session, ensuring that it proceeds smoothly and efficiently.","Sure, here are the triples verbalised into phrases:

1. ""Author"" is disjoint with ""SessionChair"".
2. ""SessionChair"" is a subclass of ""Person"".
3. ""SessionChair"" is disjoint with ""Author"".The provided subgraph describes a set of classes and their relationships within a conference context. Here is a natural language description of the subgraph:

1. There are several classes defined: 
   - A class represented by the identifier `_:Nc2dc55f9b1fb4448879294263419c1d8`.
   - A class represented by the identifier `_:Neb4168037e834ec789e29ce4d2ce547e`.
   - A class represented by the identifier `_:N5c19d616efad4122b931c7aca26c3ae4`.
   - A class represented by the identifier `_:N775eba04f7164d71b543ccecdceef527`.

2. The class `_:Nc2dc55f9b1fb4448879294263419c1d8` is a union of the following:
   - A class represented by the identifier `_:Nc94762987a254a24ab6589908c8ad2a8`, which includes:
     - `SessionChair`
     - Another class represented by the identifier `_:Nacfbb7130c014d8e97c2760c34fafb83`, which includes:
       - `Reviewer`
       - Another class represented by the identifier `_:N20bcad8afa104f44ac692e596207ee1d`, which includes:
         - `TPCMember`
         - Another class represented by the identifier `_:N71d9d2b9a816421a8a2e8161ebdddfda`, which includes:
           - `ConferenceChair`

3. The class `_:Neb4168037e834ec789e29ce4d2ce547e` is a union of the following:
   - A class represented by the identifier `_:Na21c118634f24041ae7ffb4ff2514a99`, which includes:
     - `ConferenceChair`
     - Another class represented by the identifier `_:Na8716a04560946218474f4d541928b10`, which includes:
       - `SessionChair`
       - Another class represented by the identifier `_:N12c29fef546b434d9caa63224f6bbb39`, which includes:
         - `TPCMember`

4. The class `_:N5c19d616efad4122b931c7aca26c3ae4` is a union of the following:
   - A class represented by the identifier `_:N3c3fa8e5b0e6431581c5392c4cd72dd0`, which includes:
     - `SessionChair`
     - Another class represented by the identifier `_:N41fa167b9df8469cbc4bd4e961deb0f1`, which includes:
       - `TPCMember`
       - Another class represented by the identifier `_:N924ad8cef5eb4cf7bc43044327d78dc6`, which includes:
         - `ConferenceChair`

5. The class `_:N775eba04f7164d71b543ccecdceef527` is a union of the following:
   - A class represented by the identifier `_:Naf9eac4981064eb787c127bf0dc22cb1`, which includes:
     - `Reviewer`
     - Another class represented by the identifier `_:N33f402cf58c047278913af71f1e1da32`, which includes:
       - `SessionChair`
       - Another class represented by the identifier `_:Nfcdd3ccbb33f49a5a513705e682577e2`, which includes:
         - `TPCMember`

6. The property `isReviewing` has a domain of the class `_:N775eba04f7164d71b543ccecdceef527`.

7. The property `initiates` has a domain of the class `_:Neb4168037e834ec789e29ce4d2ce547e`.

8. The property `isInitiatedBy` has a range of the class `_:N5c19d616efad4122b931c7aca26c3ae4`.

9. The property `isReviewedBy` has a range of the class `_:Nc2dc55f9b1fb4448879294263419c1d8`.

In summary, the subgraph defines a hierarchical structure of roles within a conference, including `ConferenceChair`, `SessionChair`, `Reviewer`, and `TPCMember`, and their relationships through properties like `isReviewing`, `initiates`, `isInitiatedBy`, and `isReviewedBy`."
http://edas#SignalProcessingTopic,Source,Class,signal processing topic,"In the context of a conference, ""SignalProcessingTopic"" refers to a specific subject or area of discussion related to signal processing. Signal processing involves the analysis, interpretation, and manipulation of signals, which can be in various forms such as audio, video, sensor data, or other types of information. A SignalProcessingTopic at a conference would likely cover recent research findings, technological advancements, methodologies, applications, and challenges in the field of signal processing.","Sure, here are the triples verbalized into phrases:

1. ""AntennasTopic"" is disjoint with ""SignalProcessingTopic"".
2. ""CADTopic"" is disjoint with ""SignalProcessingTopic"".
3. ""CommunicationTheoryTopic"" is disjoint with ""SignalProcessingTopic"".
4. ""CommunicationsTopic"" is disjoint with ""SignalProcessingTopic"".
5. ""ComputerArchitectureTopic"" is disjoint with ""SignalProcessingTopic"".
6. ""ComputerNetworksTopic"" is disjoint with ""SignalProcessingTopic"".
7. ""CryptographyTopic"" is disjoint with ""SignalProcessingTopic"".
8. ""MedicineTopic"" is disjoint with ""SignalProcessingTopic"".
9. ""MicroelectronicsTopic"" is disjoint with ""SignalProcessingTopic"".
10. ""MobileComputingTopic"" is disjoint with ""SignalProcessingTopic"".
11. ""MultimediaTopic"" is disjoint with ""SignalProcessingTopic"".
12. ""OperatingTopicsystems"" is disjoint with ""SignalProcessingTopic"".
13. ""ParallelAndDistributedComputingTopic"" is disjoint with ""SignalProcessingTopic"".
14. ""PerformanceTopic"" is disjoint with ""SignalProcessingTopic"".
15. ""PowerlineTransmissionTopic"" is disjoint with ""SignalProcessingTopic"".
16. ""RadioCommunicationsTopic"" is disjoint with ""SignalProcessingTopic"".
17. ""SatelliteAndSpaceCommunicationsTopic"" is disjoint with ""SignalProcessingTopic"".
18. ""SecurityTopic"" is disjoint with ""SignalProcessingTopic"".
19. ""TestOnlyTopic"" is disjoint with ""SignalProcessingTopic"".
20. ""WirelessCommunicationsTopic"" is disjoint with ""SignalProcessingTopic"".

Additionally:

21. ""SignalProcessingTopic"" is a subclass of ""Topic"".
22. ""SignalProcessingTopic"" is disjoint with ""AntennasTopic"", ""CADTopic"", ""CommunicationTheoryTopic"", ""CommunicationsTopic"", ""ComputerArchitectureTopic"", ""ComputerNetworksTopic"", ""CryptographyTopic"", ""MedicineTopic"", ""MicroelectronicsTopic"", ""MobileComputingTopic"", ""MultimediaTopic"", ""OperatingTopicsystems"", ""ParallelAndDistributedComputingTopic"", ""PerformanceTopic"", ""PowerlineTransmissionTopic"", ""RadioCommunicationsTopic"", ""SatelliteAndSpaceCommunicationsTopic"", ""SecurityTopic"", ""TestOnlyTopic"", and ""WirelessCommunicationsTopic""."
http://edas#SingleLevelConference,Source,Class,single level conference,"In the context of a conference, a ""SingleLevelConference"" refers to an event that is organized on a single hierarchical level, meaning that all participants are generally on the same level of engagement and interaction. There are no sub-conferences, breakout sessions, or multiple tracks that separate attendees into different groups based on topics, expertise, or other criteria. Instead, all attendees participate in the same sessions and activities, fostering a unified experience and ensuring that everyone receives the same information and opportunities for interaction.","The subgraph describes the concept of a ""SingleLevelConference"" as an equivalent class defined by an intersection of two conditions. 

1. The first condition is that it must be a ""Conference"".
2. The second condition is a restriction on the property ""hasMember"", where all members must be of the type ""Person"".

Additionally, there is a class that is a complement of ""TwoLevelConference"". This class is part of the intersection that defines ""SingleLevelConference""."
http://edas#SlideSet,Source,Class,slide set,"In the context of a conference, a ""SlideSet"" typically refers to a collection of presentation slides that are used by a speaker to convey information to the audience. These slides are usually created using presentation software like Microsoft PowerPoint, Google Slides, or similar tools, and they often include text, images, graphs, and other visual aids to support the speaker's message and enhance the audience's understanding of the topic being discussed.","Sure, here are the triples verbalised into phrases:

1. ""MealMenu"" is disjoint with ""SlideSet"".
2. ""Paper"" is disjoint with ""SlideSet"".
3. ""Programme"" is disjoint with ""SlideSet"".
4. ""Review"" is disjoint with ""SlideSet"".
5. ""SlideSet"" is a subclass of ""Document"".
6. ""SlideSet"" is disjoint with ""MealMenu"", ""Paper"", ""Programme"", and ""Review""."
http://edas#SocialEvent,Source,Class,social event,"In the context of a conference, a ""Social Event"" refers to organized activities or gatherings designed to facilitate networking, relaxation, and informal interaction among attendees. These events can include dinners, cocktail parties, receptions, or other social gatherings that provide opportunities for participants to connect, share ideas, and build relationships outside the formal sessions of the conference.","Sure, here are the triples verbalized into phrases:

1. ""Excursion"" is a subclass of ""SocialEvent"".
2. ""Reception"" is a subclass of ""SocialEvent"".
3. ""SocialEvent"" is a subclass of ""NonAcademicEvent""."
http://edas#Sponsorship,Source,Class,sponsorship,"In the context of a conference, sponsorship refers to the financial or in-kind support provided by an organization or individual to help fund the event. In return, sponsors typically receive various benefits such as brand visibility, promotional opportunities, and the ability to engage with attendees. This can include having their logo displayed on conference materials, speaking opportunities, exhibition space, and other forms of recognition that help them achieve their marketing and business objectives.","Sure, here are the triples verbalized into phrases:

1. ""TravelGrant"" is a subclass of ""Sponsorship"".
2. The property ""hasCostAmount"" has a domain of ""Sponsorship"".
3. The property ""hasCostCurrency"" has a domain of ""Sponsorship"".
4. The property ""isProviderOf"" has a range of ""Sponsorship"".
5. The property ""providedBy"" has a domain of ""Sponsorship"".
6. ""Call"" is disjoint with ""Sponsorship"".
7. ""Conference"" is disjoint with ""Sponsorship"".
8. ""ConferenceEvent"" is disjoint with ""Sponsorship"".
9. ""ConferenceSession"" is disjoint with ""Sponsorship"".
10. ""ContactInformation"" is disjoint with ""Sponsorship"".
11. ""Country"" is disjoint with ""Sponsorship"".
12. ""Document"" is disjoint with ""Sponsorship"".
13. ""Organization"" is disjoint with ""Sponsorship"".
14. ""Person"" is disjoint with ""Sponsorship"".
15. ""PersonalHistory"" is disjoint with ""Sponsorship"".
16. ""Place"" is disjoint with ""Sponsorship"".
17. ""ReviewForm"" is disjoint with ""Sponsorship"".
18. ""ReviewQuestion"" is disjoint with ""Sponsorship"".
19. ""ReviewRating"" is disjoint with ""Sponsorship"".
20. ""Topic"" is disjoint with ""Sponsorship"".
21. ""Sponsorship"" is disjoint with ""Call"", ""Conference"", ""ConferenceEvent"", ""ConferenceSession"", ""ContactInformation"", ""Country"", ""Document"", ""Organization"", ""Person"", ""PersonalHistory"", ""Place"", ""ReviewForm"", ""ReviewQuestion"", ""ReviewRating"", and ""Topic""."
http://edas#TPCMember,Source,Class,tpc member,"In the context of a conference, ""TPCMember"" stands for ""Technical Program Committee Member."" These individuals are responsible for reviewing submitted papers, providing feedback, and helping to select which papers will be presented at the conference. They play a crucial role in maintaining the quality and relevance of the conference's technical content.","Sure, here are the triples verbalised into phrases:

1. The class ""Author"" is disjoint with the class ""TPCMember"".
2. The class ""TPCMember"" is a subclass of the class ""Person"".
3. The class ""TPCMember"" is disjoint with the class ""Author"".The provided subgraph describes a complex ontology related to a ""TwoLevelConference"" and its associated roles and properties. Here is a natural language description of the subgraph:

1. **TwoLevelConference**:
   - The class ""TwoLevelConference"" is equivalent to a class that is an intersection of several properties and restrictions.

2. **Roles and Properties**:
   - The class ""TwoLevelConference"" includes members who are either ""ConferenceChair"", ""SessionChair"", or ""TPCMember"".
   - The class ""TwoLevelConference"" has a property ""hasMember"" which is restricted to individuals who are of type ""Person"".
   - The class ""TwoLevelConference"" also includes members who are ""Reviewer"".

3. **Union and Intersection of Classes**:
   - The class ""TwoLevelConference"" is defined as an intersection of:
     - A list starting with ""Conference"" and followed by a restriction on the property ""hasMember"" to include ""TPCMember"".
     - A list starting with ""TPCMember"" and followed by another list starting with ""SessionChair"" and ending with ""nil"".
   - The class ""TwoLevelConference"" includes a union of:
     - A list starting with ""Reviewer"" and followed by another list starting with ""SessionChair"" and ending with ""nil"".
     - A list starting with ""ConferenceChair"" and followed by another list starting with ""TPCMember"" and ending with ""nil"".

4. **Restrictions**:
   - There is a restriction on the property ""hasMember"" such that it must include some values from ""TPCMember"".
   - Another restriction on the property ""hasMember"" specifies that all values must be of type ""Person"".

5. **Domain and Range**:
   - The property ""isReviewing"" has a domain that includes a union of ""Reviewer"" and ""SessionChair"".
   - The property ""initiates"" has a domain that includes a union of ""ConferenceChair"" and ""SessionChair"".
   - The property ""isInitiatedBy"" has a range that includes a union of ""ConferenceChair"" and ""SessionChair"".
   - The property ""isReviewedBy"" has a range that includes a union of ""SessionChair"" and ""Reviewer"".

6. **Class Types**:
   - The classes ""TwoLevelConference"", ""Reviewer"", ""SessionChair"", ""ConferenceChair"", and ""TPCMember"" are all of type ""Class"".
   - The restrictions on the properties ""hasMember"" are of type ""Restriction"".

In summary, the ontology describes a ""TwoLevelConference"" that includes various roles such as ""ConferenceChair"", ""SessionChair"", ""TPCMember"", and ""Reviewer"". It specifies the relationships and restrictions on these roles, particularly focusing on the property ""hasMember"" and its constraints."
http://edas#TalkEvent,Source,Class,talk event,"In the context of a conference, a ""TalkEvent"" refers to a scheduled session where a speaker or a group of speakers present on a specific topic to the attendees. This can include lectures, presentations, panel discussions, or workshops. The purpose of a TalkEvent is to share knowledge, insights, and information with the audience, often followed by a Q&A session to engage with the participants.","1. ""ClosingTalk"" is a subclass of ""TalkEvent"".
2. ""WelcomeTalk"" is a subclass of ""TalkEvent"".
3. ""OrganizationalMeeting"" is disjoint with ""TalkEvent"".
4. ""PaperPresentation"" is disjoint with ""TalkEvent"".
5. ""Workshop"" is disjoint with ""TalkEvent"".
6. ""TalkEvent"" is a subclass of ""AcademicEvent"".
7. ""TalkEvent"" is disjoint with ""OrganizationalMeeting"".
8. ""TalkEvent"" is disjoint with ""PaperPresentation"".
9. ""TalkEvent"" is disjoint with ""Workshop""."
http://edas#TestOnlyTopic,Source,Class,test only topic,"In the context of a conference, ""TestOnlyTopic"" likely refers to a placeholder or a temporary topic used for testing purposes. This could be utilized by the conference organizers or technical team to test the functionality of the conference platform, such as scheduling, notifications, or other features, before the actual event takes place. It is not intended to be a real or substantive topic for discussion during the conference.","Sure, here are the triples verbalized into phrases:

1. ""AntennasTopic"" is disjoint with ""TestOnlyTopic"".
2. ""CADTopic"" is disjoint with ""TestOnlyTopic"".
3. ""CommunicationTheoryTopic"" is disjoint with ""TestOnlyTopic"".
4. ""CommunicationsTopic"" is disjoint with ""TestOnlyTopic"".
5. ""ComputerArchitectureTopic"" is disjoint with ""TestOnlyTopic"".
6. ""ComputerNetworksTopic"" is disjoint with ""TestOnlyTopic"".
7. ""CryptographyTopic"" is disjoint with ""TestOnlyTopic"".
8. ""MedicineTopic"" is disjoint with ""TestOnlyTopic"".
9. ""MicroelectronicsTopic"" is disjoint with ""TestOnlyTopic"".
10. ""MobileComputingTopic"" is disjoint with ""TestOnlyTopic"".
11. ""MultimediaTopic"" is disjoint with ""TestOnlyTopic"".
12. ""OperatingTopicsystems"" is disjoint with ""TestOnlyTopic"".
13. ""ParallelAndDistributedComputingTopic"" is disjoint with ""TestOnlyTopic"".
14. ""PerformanceTopic"" is disjoint with ""TestOnlyTopic"".
15. ""PowerlineTransmissionTopic"" is disjoint with ""TestOnlyTopic"".
16. ""RadioCommunicationsTopic"" is disjoint with ""TestOnlyTopic"".
17. ""SatelliteAndSpaceCommunicationsTopic"" is disjoint with ""TestOnlyTopic"".
18. ""SecurityTopic"" is disjoint with ""TestOnlyTopic"".
19. ""SignalProcessingTopic"" is disjoint with ""TestOnlyTopic"".
20. ""WirelessCommunicationsTopic"" is disjoint with ""TestOnlyTopic"".

Additionally:

21. ""TestOnlyTopic"" is a subclass of ""Topic"".
22. ""TestOnlyTopic"" is disjoint with ""AntennasTopic"".
23. ""TestOnlyTopic"" is disjoint with ""CADTopic"".
24. ""TestOnlyTopic"" is disjoint with ""CommunicationTheoryTopic"".
25. ""TestOnlyTopic"" is disjoint with ""CommunicationsTopic"".
26. ""TestOnlyTopic"" is disjoint with ""ComputerArchitectureTopic"".
27. ""TestOnlyTopic"" is disjoint with ""ComputerNetworksTopic"".
28. ""TestOnlyTopic"" is disjoint with ""CryptographyTopic"".
29. ""TestOnlyTopic"" is disjoint with ""MedicineTopic"".
30. ""TestOnlyTopic"" is disjoint with ""MicroelectronicsTopic"".
31. ""TestOnlyTopic"" is disjoint with ""MobileComputingTopic"".
32. ""TestOnlyTopic"" is disjoint with ""MultimediaTopic"".
33. ""TestOnlyTopic"" is disjoint with ""OperatingTopicsystems"".
34. ""TestOnlyTopic"" is disjoint with ""ParallelAndDistributedComputingTopic"".
35. ""TestOnlyTopic"" is disjoint with ""PerformanceTopic"".
36. ""TestOnlyTopic"" is disjoint with ""PowerlineTransmissionTopic"".
37. ""TestOnlyTopic"" is disjoint with ""RadioCommunicationsTopic"".
38. ""TestOnlyTopic"" is disjoint with ""SatelliteAndSpaceCommunicationsTopic"".
39. ""TestOnlyTopic"" is disjoint with ""SecurityTopic"".
40. ""TestOnlyTopic"" is disjoint with ""SignalProcessingTopic"".
41. ""TestOnlyTopic"" is disjoint with ""WirelessCommunicationsTopic""."
http://edas#TextualReviewQuestion,Source,Class,textual review question,"In the context of a conference, a ""TextualReviewQuestion"" typically refers to a question that is designed to elicit a detailed, text-based review or analysis of a particular topic, paper, or presentation. This type of question aims to gather in-depth feedback, critical evaluation, or comprehensive understanding from the respondent, often requiring them to reference specific content, arguments, or data presented during the conference.","The class ""TextualReviewQuestion"" is a subclass of the class ""ReviewQuestion""."
http://edas#Topic,Source,Class,topic,"In the context of a conference, a ""topic"" refers to a specific subject or theme that is scheduled to be discussed, presented, or explored during the event. It serves as the focal point for presentations, panels, workshops, and discussions, guiding the content and structure of the conference sessions. Topics are typically chosen to align with the overall theme of the conference and to address the interests and needs of the attendees.","Sure, here are the triples verbalized into phrases:

1. ""AntennasTopic"" is a subclass of ""Topic"".
2. ""CADTopic"" is a subclass of ""Topic"".
3. ""CommunicationTheoryTopic"" is a subclass of ""Topic"".
4. ""CommunicationsTopic"" is a subclass of ""Topic"".
5. ""ComputerArchitectureTopic"" is a subclass of ""Topic"".
6. ""ComputerNetworksTopic"" is a subclass of ""Topic"".
7. ""CryptographyTopic"" is a subclass of ""Topic"".
8. ""MedicineTopic"" is a subclass of ""Topic"".
9. ""MicroelectronicsTopic"" is a subclass of ""Topic"".
10. ""MobileComputingTopic"" is a subclass of ""Topic"".
11. ""MultimediaTopic"" is a subclass of ""Topic"".
12. ""OperatingTopicsystems"" is a subclass of ""Topic"".
13. ""ParallelAndDistributedComputingTopic"" is a subclass of ""Topic"".
14. ""PerformanceTopic"" is a subclass of ""Topic"".
15. ""PowerlineTransmissionTopic"" is a subclass of ""Topic"".
16. ""RadioCommunicationsTopic"" is a subclass of ""Topic"".
17. ""SatelliteAndSpaceCommunicationsTopic"" is a subclass of ""Topic"".
18. ""SecurityTopic"" is a subclass of ""Topic"".
19. ""SignalProcessingTopic"" is a subclass of ""Topic"".
20. ""TestOnlyTopic"" is a subclass of ""Topic"".
21. ""WirelessCommunicationsTopic"" is a subclass of ""Topic"".
22. ""hasTopic"" has a range of ""Topic"".
23. ""isTopicOf"" has a domain of ""Topic"".
24. ""Call"" is disjoint with ""Topic"".
25. ""Conference"" is disjoint with ""Topic"".
26. ""ConferenceEvent"" is disjoint with ""Topic"".
27. ""ConferenceSession"" is disjoint with ""Topic"".
28. ""ContactInformation"" is disjoint with ""Topic"".
29. ""Country"" is disjoint with ""Topic"".
30. ""Document"" is disjoint with ""Topic"".
31. ""Organization"" is disjoint with ""Topic"".
32. ""Person"" is disjoint with ""Topic"".
33. ""PersonalHistory"" is disjoint with ""Topic"".
34. ""Place"" is disjoint with ""Topic"".
35. ""ReviewForm"" is disjoint with ""Topic"".
36. ""ReviewQuestion"" is disjoint with ""Topic"".
37. ""ReviewRating"" is disjoint with ""Topic"".
38. ""Sponsorship"" is disjoint with ""Topic"".
39. ""Topic"" is disjoint with ""Call"", ""Conference"", ""ConferenceEvent"", ""ConferenceSession"", ""ContactInformation"", ""Country"", ""Document"", ""Organization"", ""Person"", ""PersonalHistory"", ""Place"", ""ReviewForm"", ""ReviewQuestion"", ""ReviewRating"", and ""Sponsorship""."
http://edas#TravelGrant,Source,Class,travel grant,"In the context of a conference, a TravelGrant refers to financial support provided to individuals to cover expenses related to attending the conference. This can include costs such as transportation, accommodation, registration fees, and sometimes meals. TravelGrants are often awarded to students, early-career researchers, or professionals who may not have sufficient funding from their institutions or organizations to attend the event. The goal is to enable broader participation and ensure that talented individuals can benefit from the networking, learning, and presentation opportunities that the conference offers.","The class ""TravelGrant"" is a subclass of the class ""Sponsorship""."
http://edas#TwoLevelConference,Source,Class,two level conference,"In the context of a conference, a ""TwoLevelConference"" typically refers to a conference structure that operates on two distinct levels. This could mean:

1. **Two Levels of Participation**: There might be different tiers of participation, such as general attendees and VIP attendees, where each level has access to different sessions, networking opportunities, or amenities.

2. **Two Levels of Content**: The conference might be organized to offer sessions that cater to both beginners and advanced participants, ensuring that the content is relevant and valuable to attendees with varying levels of expertise.

3. **Two Levels of Organization**: The conference could be structured with a main conference and a series of smaller, more focused sub-conferences or workshops that run concurrently or sequentially.

Overall, a TwoLevelConference aims to provide a more tailored and effective experience by addressing the diverse needs and interests of its participants.","The provided subgraph describes the relationships and properties of two types of conferences: ""TwoLevelConference"" and ""SingleLevelConference,"" as well as their members.

1. **TwoLevelConference**:
   - It is equivalent to a class that is an intersection of two restrictions:
     - The first restriction specifies that the property `hasMember` must have all values from the class `Person`.
     - The second restriction specifies that the property `hasMember` must have some values from the class `TPCMember`.

2. **SingleLevelConference**:
   - It is equivalent to a class that is an intersection of two elements:
     - The first element is the class `Conference`.
     - The second element is a restriction that specifies that the property `hasMember` must have all values from the class `Person`.

3. **Additional Information**:
   - The class `Conference` is part of the intersection that defines `SingleLevelConference`.
   - The class `TwoLevelConference` is the complement of another class.
   - The restrictions and intersections are structured using lists where `first` and `rest` properties are used to define the elements of the lists.

In summary, the subgraph defines two types of conferences based on their member properties, with `TwoLevelConference` requiring a mix of `Person` and `TPCMember` members, and `SingleLevelConference` requiring only `Person` members."
http://edas#WeekRejectRating,Source,Class,week reject rating,"In the context of a conference, ""WeekRejectRating"" likely refers to a metric or rating system used to evaluate and possibly reject submissions or proposals that are considered weak or not up to the required standards. This rating helps in the decision-making process to ensure that only high-quality content is accepted for presentation or inclusion in the conference.","Sure, here are the triples verbalized into phrases:

1. ""AcceptRating"" is disjoint with ""WeekRejectRating"".
2. ""AccpetIfRoomRating"" is disjoint with ""WeekRejectRating"".
3. ""RejectRating"" is disjoint with ""WeekRejectRating"".
4. ""WeekRejectRating"" is a subclass of ""ReviewRating"".
5. ""WeekRejectRating"" is disjoint with ""AcceptRating"".
6. ""WeekRejectRating"" is disjoint with ""AccpetIfRoomRating"".
7. ""WeekRejectRating"" is disjoint with ""RejectRating"".The subgraph describes a class named ""ReviewRating,"" which is equivalent to a union of several rating types. Specifically, ""ReviewRating"" is a class that includes the following types of ratings:

1. ""AcceptRating""
2. ""AccpetIfRoomRating"" (note: there seems to be a typo in ""Accpet"")
3. ""RejectRating""
4. ""WeekRejectRating""

These types are organized in a list structure where:
- ""AcceptRating"" is the first element.
- ""AccpetIfRoomRating"" is the second element.
- ""RejectRating"" is the third element.
- ""WeekRejectRating"" is the fourth and final element.

The list terminates with ""nil,"" indicating the end of the list."
http://edas#WelcomeTalk,Source,Class,welcome talk,"In the context of a conference, a ""Welcome Talk"" refers to an introductory speech or presentation given at the beginning of the event. This talk is typically delivered by the host, organizer, or a prominent figure associated with the conference. The purpose of the Welcome Talk is to greet attendees, provide an overview of the conference agenda, highlight key themes and objectives, and set the tone for the event. It may also include important logistical information and acknowledgments of sponsors or key contributors.","Sure, here are the triples verbalised into phrases:

1. ""ClosingTalk"" is disjoint with ""WelcomeTalk"".
2. ""WelcomeTalk"" is a subclass of ""TalkEvent"".
3. ""WelcomeTalk"" is disjoint with ""ClosingTalk""."
http://edas#WirelessCommunicationsTopic,Source,Class,wireless communications topic,"In the context of a conference, ""WirelessCommunicationsTopic"" refers to a subject or theme related to wireless communications that is discussed or presented during the event. This could include a wide range of topics such as advancements in wireless technology, new research findings, innovations in wireless networking, applications of wireless communications in various fields, and future trends in the industry. The topic would be relevant to professionals, researchers, and enthusiasts interested in the latest developments and challenges in the field of wireless communications.","Sure, here are the triples verbalized into phrases:

1. ""AntennasTopic"" is disjoint with ""WirelessCommunicationsTopic"".
2. ""CADTopic"" is disjoint with ""WirelessCommunicationsTopic"".
3. ""CommunicationTheoryTopic"" is disjoint with ""WirelessCommunicationsTopic"".
4. ""CommunicationsTopic"" is disjoint with ""WirelessCommunicationsTopic"".
5. ""ComputerArchitectureTopic"" is disjoint with ""WirelessCommunicationsTopic"".
6. ""ComputerNetworksTopic"" is disjoint with ""WirelessCommunicationsTopic"".
7. ""CryptographyTopic"" is disjoint with ""WirelessCommunicationsTopic"".
8. ""MedicineTopic"" is disjoint with ""WirelessCommunicationsTopic"".
9. ""MicroelectronicsTopic"" is disjoint with ""WirelessCommunicationsTopic"".
10. ""MobileComputingTopic"" is disjoint with ""WirelessCommunicationsTopic"".
11. ""MultimediaTopic"" is disjoint with ""WirelessCommunicationsTopic"".
12. ""OperatingTopicsystems"" is disjoint with ""WirelessCommunicationsTopic"".
13. ""ParallelAndDistributedComputingTopic"" is disjoint with ""WirelessCommunicationsTopic"".
14. ""PerformanceTopic"" is disjoint with ""WirelessCommunicationsTopic"".
15. ""PowerlineTransmissionTopic"" is disjoint with ""WirelessCommunicationsTopic"".
16. ""RadioCommunicationsTopic"" is disjoint with ""WirelessCommunicationsTopic"".
17. ""SatelliteAndSpaceCommunicationsTopic"" is disjoint with ""WirelessCommunicationsTopic"".
18. ""SecurityTopic"" is disjoint with ""WirelessCommunicationsTopic"".
19. ""SignalProcessingTopic"" is disjoint with ""WirelessCommunicationsTopic"".
20. ""TestOnlyTopic"" is disjoint with ""WirelessCommunicationsTopic"".

Additionally:

21. ""WirelessCommunicationsTopic"" is a subclass of ""Topic"".
22. ""WirelessCommunicationsTopic"" is disjoint with ""AntennasTopic"", ""CADTopic"", ""CommunicationTheoryTopic"", ""CommunicationsTopic"", ""ComputerArchitectureTopic"", ""ComputerNetworksTopic"", ""CryptographyTopic"", ""MedicineTopic"", ""MicroelectronicsTopic"", ""MobileComputingTopic"", ""MultimediaTopic"", ""OperatingTopicsystems"", ""ParallelAndDistributedComputingTopic"", ""PerformanceTopic"", ""PowerlineTransmissionTopic"", ""RadioCommunicationsTopic"", ""SatelliteAndSpaceCommunicationsTopic"", ""SecurityTopic"", ""SignalProcessingTopic"", and ""TestOnlyTopic""."
http://edas#WithdrawnPaper,Source,Class,withdrawn paper,"In the context of a conference, a ""WithdrawnPaper"" refers to a research paper that was initially submitted for consideration but has been retracted by the authors before the conference takes place. This could happen for various reasons, such as the authors deciding the paper is not ready for presentation, discovering errors in their research, or choosing to submit it to a different venue. As a result, the paper will not be included in the conference proceedings or presented at the event.","Sure, here are the triples verbalised into phrases:

1. An ""AcceptedPaper"" is disjoint with a ""WithdrawnPaper"".
2. An ""ActivePaper"" is disjoint with a ""WithdrawnPaper"".
3. A ""PendingPaper"" is disjoint with a ""WithdrawnPaper"".
4. A ""PublishedPaper"" is disjoint with a ""WithdrawnPaper"".
5. A ""RejectedPaper"" is disjoint with a ""WithdrawnPaper"".
6. A ""WithdrawnPaper"" is a subclass of ""Paper"".
7. A ""WithdrawnPaper"" is disjoint with an ""AcceptedPaper"".
8. A ""WithdrawnPaper"" is disjoint with an ""ActivePaper"".
9. A ""WithdrawnPaper"" is disjoint with a ""PendingPaper"".
10. A ""WithdrawnPaper"" is disjoint with a ""PublishedPaper"".
11. A ""WithdrawnPaper"" is disjoint with a ""RejectedPaper""."
http://edas#Workshop,Source,Class,workshop,"In the context of a conference, a workshop refers to a session where participants engage in interactive activities, discussions, and hands-on exercises to learn about a specific topic or develop particular skills. Unlike traditional lectures, workshops are typically more participatory and collaborative, allowing attendees to actively engage with the material and with each other.","Sure, here are the triples verbalized into phrases:

1. ""OrganizationalMeeting"" is disjoint with ""Workshop"".
2. ""PaperPresentation"" is disjoint with ""Workshop"".
3. ""TalkEvent"" is disjoint with ""Workshop"".
4. ""Workshop"" is a subclass of ""AcademicEvent"".
5. ""Workshop"" is disjoint with ""OrganizationalMeeting"".
6. ""Workshop"" is disjoint with ""PaperPresentation"".
7. ""Workshop"" is disjoint with ""TalkEvent""."
http://edas#attendeeAt,Source,Property,attendee at,"In the context of a conference, ""attendeeAt"" typically refers to a person who is present at or participating in the conference. It indicates that the individual is attending the event.","The property ""attendeeAt"" has a domain of ""Person"" and a range of ""ConferenceEvent"". This means that ""attendeeAt"" is a relationship where a ""Person"" is an attendee at a ""ConferenceEvent""."
http://edas#belongsToEvent,Source,Property,belongs to event,"In the context of a conference, ""belongsToEvent"" typically refers to the association or relationship of a particular item, session, or activity with a specific event within the conference. For example, a workshop, keynote speech, or networking session might ""belong to"" the main conference event, indicating that it is a part of the overall conference schedule and activities.","The property ""belongsToEvent"" has a domain of ""Programme"" and a range of ""ConferenceEvent"". This means that ""belongsToEvent"" is a property that links a ""Programme"" to a ""ConferenceEvent"". In other words, a ""Programme"" can be associated with a ""ConferenceEvent"" through the ""belongsToEvent"" property."
http://edas#endDate,Source,Property,end date,"In the context of a conference, ""endDate"" refers to the specific date and time when the conference officially concludes. This marks the end of all scheduled activities, sessions, and events associated with the conference.","The property ""endDate"" has a domain of ""Conference"" and a range of ""dateTime"".The class ""Conference"" has a restriction on the property ""endDate"" such that the maximum cardinality is 1."
http://edas#forEvent,Source,Property,for event,"In the context of a conference, ""forEvent"" typically refers to something that is specifically designed, organized, or intended for a particular event. This could include various elements such as schedules, promotional materials, activities, or services that are tailored to enhance the experience of the conference attendees. For example, a mobile app created ""forEvent"" might provide attendees with information about the conference agenda, speaker bios, venue maps, and networking opportunities.","The property ""forEvent"" has a domain of ""Call"" and a range of ""AcademicEvent"". This means that ""forEvent"" is used to link instances of ""Call"" to instances of ""AcademicEvent""."
http://edas#hasAttendee,Source,Property,has attendee,"In the context of a conference, ""hasAttendee"" typically refers to the presence or participation of individuals who are attending the event. It indicates that there are attendees registered or present at the conference. This term is often used in event management systems, schedules, or databases to denote that certain sessions, workshops, or the conference itself have participants.","The property ""hasAttendee"" is used to describe a relationship where the subject is a ""ConferenceEvent"" and the object is a ""Person""."
http://edas#hasBiography,Source,Property,has biography,"In the context of a conference, ""hasBiography"" typically refers to whether a speaker, presenter, or attendee has a biographical profile available. This biography usually includes information about their professional background, expertise, achievements, and other relevant details that provide insight into their qualifications and experience. It helps attendees understand more about the individuals participating in the conference.","The property ""hasBiography"" applies to instances of the class ""Person"" and its value is expected to be a string."
http://edas#hasCall,Source,Property,has call,"In the context of a conference, ""hasCall"" typically refers to the status or indication that a participant is currently engaged in a call or has an active call session. This could mean that the participant is either speaking, listening, or otherwise involved in a teleconference or video conference call.","The property ""hasCall"" has a domain of ""AcademicEvent"" and a range of ""Call""."
http://edas#hasCity,Source,Property,has city,"In the context of a conference, ""hasCity"" typically refers to the attribute or property that specifies the city where the conference is being held. It indicates the location of the event in terms of the city. For example, if a conference has the attribute ""hasCity"" with the value ""New York,"" it means that the conference is taking place in New York City.","The property ""hasCity"" has a domain of ""ContactInformation"" and a range of ""string""."
http://edas#hasCostAmount,Source,Property,has cost amount,"In the context of a conference, ""hasCostAmount"" refers to the specific monetary value or fee associated with attending the conference. This could include registration fees, ticket prices, or any other costs that participants need to pay in order to attend the event.","The property ""hasCostAmount"" has a domain of ""Sponsorship"" and a range of ""int""."
http://edas#hasCostCurrency,Source,Property,has cost currency,"In the context of a conference, ""hasCostCurrency"" refers to the type of currency in which the cost or fees associated with the conference are denominated. For example, if the registration fee for a conference is listed in US dollars, the ""hasCostCurrency"" would be USD. This term helps clarify the monetary unit to be used for any financial transactions related to the conference.","The property ""hasCostCurrency"" has a domain of ""Sponsorship"" and a range of ""string""."
http://edas#hasCountry,Source,Property,has country,"In the context of a conference, ""hasCountry"" typically refers to the attribute or property that specifies the country associated with the conference. This could indicate the country where the conference is being held, the country of the organizing body, or the country of the participants or speakers. It helps in identifying the geographical context or origin related to the conference.","The property ""hasCountry"" is used to indicate the country associated with a conference. Specifically, the domain of ""hasCountry"" is ""Conference,"" meaning it is a property that applies to conferences. The range of ""hasCountry"" is ""Country,"" meaning the value of this property will be a country.The class ""Conference"" is a subclass of a restriction that specifies the following conditions: it has exactly one property called ""hasCountry""."
http://edas#hasEmail,Source,Property,has email,"In the context of a conference, ""hasEmail"" likely refers to whether a participant, speaker, or attendee has provided an email address. This information is often used for communication purposes, such as sending event updates, schedules, or follow-up materials.","The property ""hasEmail"" has a range of ""string"".The given subgraph describes a class that is a union of two other classes: ""ContactInformation"" and ""Person"". This union class is associated with the property ""hasEmail"". The ""ContactInformation"" class is listed first in the union, followed by the ""Person"" class. The ""Person"" class is the last element in this union, as indicated by the ""rest"" being ""nil""."
http://edas#hasEndDateTime,Source,Property,has end date time,"In the context of a conference, ""hasEndDateTime"" refers to the specific date and time at which the conference or a particular session within the conference is scheduled to conclude. This information is crucial for attendees to know when the event or session will end, allowing them to plan their schedules accordingly.","The property ""hasEndDateTime"" applies to instances of ""ConferenceEvent"" and its values are of type ""dateTime""."
http://edas#hasFirstName,Source,Property,has first name,"In the context of a conference, ""hasFirstName"" likely refers to an attribute or property associated with a participant or attendee that specifies their first name. This could be part of a data model or database schema used to store and manage information about individuals attending the conference. For example, in a registration system, each participant's record might include a ""hasFirstName"" field to capture and display their first name.","The property ""hasFirstName"" applies to instances of the class ""Person"" and its values are of type ""string""."
http://edas#hasLastName,Source,Property,has last name,"In the context of a conference, ""hasLastName"" likely refers to an attribute or property of a participant or attendee that specifies their last name or surname. This could be used in registration forms, attendee lists, name badges, or any system that manages participant information to ensure proper identification and organization.","The property ""hasLastName"" applies to instances of ""Person"" and its value is of type ""string""."
http://edas#hasLocation,Source,Property,has location,"In the context of a conference, ""hasLocation"" refers to the specific place or venue where the conference is being held. This could include details such as the name of the building, the address, the city, and any other relevant geographical information that identifies where the conference takes place.","The property ""hasLocation"" is associated with the domain ""ConferenceEvent"" and the range ""Place"". This means that ""hasLocation"" is used to link a ""ConferenceEvent"" to a ""Place""."
http://edas#hasMember,Source,Property,has member,"In the context of a conference, ""hasMember"" typically refers to the relationship or association between a group or organization and its individual members. For example, a conference might have various committees, panels, or working groups, and ""hasMember"" would indicate which individuals are part of these specific entities. It essentially denotes membership or inclusion within a particular subset of the conference structure.","The property ""hasMember"" has a domain of ""Conference"" and a range of ""Person"". This means that ""hasMember"" is used to indicate that a ""Conference"" includes or involves a ""Person"".The provided subgraph describes the relationships and properties of two types of conferences: ""TwoLevelConference"" and ""SingleLevelConference.""

1. **TwoLevelConference**:
   - It is equivalent to a class that is an intersection of two restrictions:
     - The first restriction specifies that the property `hasMember` must have all values from the class `Person`.
     - The second restriction specifies that the property `hasMember` must have some values from the class `TPCMember`.

2. **SingleLevelConference**:
   - It is equivalent to a class that is an intersection of two restrictions:
     - The first restriction specifies that the property `hasMember` must have all values from the class `Person`.
     - The second restriction specifies that the class is a complement of `TwoLevelConference`.

3. **General Properties**:
   - The class `Conference` is part of the intersection definitions for both `TwoLevelConference` and `SingleLevelConference`.
   - The restrictions and intersections are structured in a list format, with `first` and `rest` properties indicating the elements and continuation of the list.

In summary, a ""TwoLevelConference"" is defined by having members who are all persons and at least some of whom are TPC members. A ""SingleLevelConference"" is defined similarly but is explicitly stated to be the complement of a ""TwoLevelConference."""
http://edas#hasMenu,Source,Property,has menu,"In the context of a conference, ""hasMenu"" typically refers to whether the event provides a menu for meals or refreshments. This could include details about the food and drink options available to attendees, such as breakfast, lunch, dinner, or snack breaks. It indicates that the conference organizers have arranged for catering services and that participants can expect to have access to specified meal options during the event.","The property ""hasMenu"" has a domain of ""MealEvent"" and a range of ""MealMenu""."
http://edas#hasName,Source,Property,has name,"In the context of a conference, ""hasName"" refers to the full name of the conference. It is an attribute or property that specifies the complete, official title of the conference event.","The property ""hasName"" applies to instances of the class ""Conference"" and its values are of type ""string"".The class ""Conference"" is a subclass of a restriction. This restriction specifies that there must be exactly one instance of the property ""hasName"" associated with it."
http://edas#hasPhone,Source,Property,has phone,"In the context of a conference, ""hasPhone"" likely refers to whether a participant or attendee has access to a phone. This could be relevant for various reasons, such as the ability to receive important updates, participate in conference calls, or use mobile apps related to the conference.","The property ""hasPhone"" has a domain of ""ContactInformation"" and a range of ""string""."
http://edas#hasPostalCode,Source,Property,has postal code,"In the context of a conference, ""hasPostalCode"" refers to the postal code associated with the location where the conference is being held. This could be the postal code of the conference venue, such as a convention center, hotel, or any other facility hosting the event. The postal code is a part of the address that helps in identifying the specific area or region for mailing and navigation purposes.","The property ""hasPostalCode"" has a domain of ""ContactInformation"" and a range of ""string""."
http://edas#hasProgramme,Source,Property,has program,"In the context of a conference, ""hasProgramme"" typically refers to the attribute or property indicating that the conference includes a structured schedule or agenda of events, sessions, presentations, and activities. It signifies that the conference has an organized plan detailing what will happen, when, and where, providing attendees with a clear outline of the conference's offerings.","The property ""hasProgramme"" has a domain of ""ConferenceEvent"" and a range of ""Programme""."
http://edas#hasRating,Source,Property,has rating,"In the context of a conference, ""hasRating"" typically refers to an attribute or metric that indicates the evaluation or assessment score given to a particular aspect of the conference. This could pertain to the overall event, individual sessions, speakers, presentations, or other components. Ratings are usually provided by attendees or participants and can be used to gauge the quality, effectiveness, and satisfaction levels associated with the conference.","The property ""hasRating"" has a domain of ""ActivePaper"" and a range of ""ReviewRating"".The class ""RatedPapers"" is defined as equivalent to a restriction that specifies the following conditions: it must have a property ""hasRating"" and the values of this property must be of the type ""ReviewRating""."
http://edas#hasRelatedDocument,Source,Property,has related document,"In the context of a conference, ""hasRelatedDocument"" typically refers to a relationship or link between the conference and a specific document. This could mean that the document is relevant to the conference in some way, such as being a paper presented at the conference, a report summarizing the conference proceedings, or any other document that is associated with the conference's activities, topics, or outcomes. Essentially, it indicates that the document is connected to the conference and holds significance in that context.","The property ""hasRelatedDocument"" has a range of ""Document"".The provided subgraph can be described in natural language as follows:

The class ""Author"" is defined as an equivalent class to a certain unnamed class, which is an intersection of several conditions. One of these conditions is a restriction on the property ""hasRelatedDocument"" such that the related document must be of type ""Paper"".

The property ""hasRelatedDocument"" has a domain that is a class defined as a union of several types. These types include ""AcademicEvent"", ""Conference"", and ""Person"".

Additionally, the class ""Author"" is also defined by a list of conditions involving ""Person"" and ""ConferenceSession"". Specifically, a ""Person"" can be followed by a ""ConferenceSession"" in the list, and this list ends with ""nil"".

In summary, an ""Author"" is someone who is related to a ""Paper"" through the property ""hasRelatedDocument"", and this property applies to entities that can be an ""AcademicEvent"", ""Conference"", or ""Person"". The definition of an ""Author"" also involves a sequence that includes ""Person"" and ""ConferenceSession""."
http://edas#hasRelatedPaper,Source,Property,has related paper,"In the context of a conference, ""hasRelatedPaper"" typically refers to a relationship or attribute indicating that a particular entity, such as a presentation, talk, or poster, is associated with a specific academic paper. This means that the content being presented at the conference is based on or directly related to the findings, discussions, or research detailed in the referenced paper.","The property ""hasRelatedPaper"" is used to indicate a relationship where the subject is an ""Author"" and the object is a ""Paper""."
http://edas#hasReviewHistory,Source,Property,has review history,"In the context of a conference, ""hasReviewHistory"" refers to the record or documentation of past reviews associated with a particular submission, such as a research paper or presentation proposal. This history typically includes details about previous evaluations, feedback from reviewers, decisions made (e.g., acceptance, rejection, or requests for revision), and any other relevant information regarding the review process. This information can be useful for understanding the submission's evaluation journey and for making informed decisions in future review cycles.","The property ""hasReviewHistory"" has a domain of ""Reviewer"" and a range of ""PersonalReviewHistory"". This means that ""hasReviewHistory"" is a property that links a ""Reviewer"" to their ""PersonalReviewHistory""."
http://edas#hasStartDateTime,Source,Property,has start date time,"In the context of a conference, ""hasStartDateTime"" refers to the specific date and time when the conference is scheduled to begin. It indicates the exact moment the event will commence, allowing participants to know when to join or attend the conference.","The property ""hasStartDateTime"" has a domain of ""ConferenceEvent"" and a range of ""dateTime""."
http://edas#hasStreet,Source,Property,has street,"In the context of a conference, ""hasStreet"" likely refers to an attribute or property indicating whether the location or venue of the conference has a street address. This could be used in logistical planning, mapping, or providing directions to attendees.","The property ""hasStreet"" has a domain of ""ContactInformation"" and a range of ""string""."
http://edas#hasSubmissionDeadline,Source,Property,has submission deadline,"In the context of a conference, ""hasSubmissionDeadline"" refers to the specific date and time by which all submissions (such as research papers, abstracts, proposals, or other required documents) must be received by the conference organizers. This deadline is crucial for participants who wish to present their work at the conference, as submissions received after this date are typically not considered for inclusion.","The property ""hasSubmissionDeadline"" applies to instances of ""Call"" and its values are of type ""dateTime""."
http://edas#hasSubmissionInstructions,Source,Property,has submission instructions,"In the context of a conference, ""hasSubmissionInstructions"" refers to the presence of specific guidelines or directions provided to potential contributors on how to submit their work, such as research papers, abstracts, or presentations. These instructions typically include details on formatting, deadlines, submission methods, and any other requirements that need to be followed to ensure the submission is considered for review and possible inclusion in the conference program.","The property ""hasSubmissionInstructions"" has a domain of ""Call"" and a range of ""string""."
http://edas#hasTopic,Source,Property,has topic,"In the context of a conference, ""hasTopic"" refers to the specific subject or theme that a particular session, presentation, or discussion is focused on. It indicates the main area of interest or the key issue being addressed during that part of the conference. For example, a session at a technology conference might have the topic ""Artificial Intelligence in Healthcare.""","The property ""hasTopic"" has a range of ""Topic"".The given subgraph can be described as follows:

There is a class named ""Conference"" which is a subclass of a restriction. This restriction specifies that the property ""hasTopic"" must have exactly one value. The domain of the ""hasTopic"" property is a class that is defined as a union of two classes: ""Conference"" and ""Paper""."
http://edas#initiates,Source,Property,initiates,"In the context of a conference, ""initiates"" typically refers to individuals who are new to the event or organization, often attending for the first time. These participants may be in the early stages of their involvement and are beginning to learn about the topics, network with other attendees, and engage with the community or subject matter of the conference.","The property ""initiates"" has a range of ""Call"".The subgraph describes a class that is the union of three roles: Conference Chair, Session Chair, and TPC Member. Specifically, it states that:

1. There is a class (denoted as _:Neb4168037e834ec789e29ce4d2ce547e) which is of type ""Class"".
2. This class is defined as the union of three roles:
   - The first role in the union is ""ConferenceChair"".
   - The second role in the union is ""SessionChair"".
   - The third role in the union is ""TPCMember"".
3. The list of roles ends with ""nil"", indicating the end of the list.

In summary, the class encompasses individuals who can be either a Conference Chair, a Session Chair, or a TPC Member."
http://edas#isInitiatedBy,Source,Property,is initiated by,"In the context of a conference, ""isInitiatedBy"" typically refers to the entity or individual who started or organized the conference. This could mean the person, group, or organization responsible for planning, setting up, and launching the conference event. For example, if a university department organizes an academic conference, the conference is initiated by that department.","The property ""isInitiatedBy"" has a domain of ""Call"".The subgraph describes a class that is initiated by a union of three roles: Session Chair, TPC Member, and Conference Chair. The union is structured as follows:

1. The first element of the union is a Session Chair.
2. The rest of the union consists of another list, where:
   - The first element is a TPC Member.
   - The rest of this list consists of another list, where:
     - The first element is a Conference Chair.
     - The rest of this list is empty (nil).

In summary, the class is initiated by either a Session Chair, a TPC Member, or a Conference Chair."
http://edas#isLocationOf,Source,Property,is location of,"In the context of a conference, ""isLocationOf"" typically refers to the relationship between a specific place or venue and the event itself. For example, if a particular hotel or convention center is hosting the conference, that venue ""isLocationOf"" the conference. It indicates where the conference is being held.","The property ""isLocationOf"" has a domain of ""Place"" and a range of ""ConferenceEvent"". This means that ""isLocationOf"" is used to indicate that a ""Place"" is the location of a ""ConferenceEvent""."
http://edas#isMemberOf,Source,Property,is member of,"In the context of a conference, ""isMemberOf"" typically refers to an individual or entity that belongs to a specific group, organization, or committee associated with the conference. This could mean being a member of the organizing committee, a professional association that is hosting the conference, or any other relevant group that has a formal role or affiliation with the event.","The property ""isMemberOf"" has a domain of ""Person"" and a range of ""Conference"". This means that ""isMemberOf"" is a relationship where a ""Person"" is a member of a ""Conference""."
http://edas#isMenuOf,Source,Property,is menu of,"In the context of a conference, ""isMenuOf"" likely refers to a relationship or attribute indicating that a particular menu is associated with or belongs to a specific event, session, or part of the conference. For example, a lunch menu might be described as ""isMenuOf"" a particular day's schedule or a specific networking event within the conference. It essentially denotes that the menu is a component or feature of a larger conference-related activity.","The property ""isMenuOf"" has a domain of ""MealMenu"" and a range of ""MealEvent"". This means that ""isMenuOf"" is a relationship where a ""MealMenu"" is associated with a ""MealEvent""."
http://edas#isProviderOf,Source,Property,is provider of,"In the context of a conference, ""isProviderOf"" typically refers to an entity or individual that supplies or offers a particular service, resource, or support to the conference. This could include providing technology, catering, venue space, sponsorship, or any other essential component that contributes to the successful execution of the conference. For example, a company that supplies the audio-visual equipment for the conference sessions would be considered a provider of those services.","The property ""isProviderOf"" has a domain of ""Organization"" and a range of ""Sponsorship"". This means that ""isProviderOf"" is a relationship where an ""Organization"" is the provider of a ""Sponsorship""."
http://edas#isReviewHistoryOf,Source,Property,is review history of,"In the context of a conference, ""isReviewHistoryOf"" refers to the relationship between a review history and a specific paper or submission. It indicates that the review history document contains the records of reviews, comments, and evaluations that have been made about that particular paper or submission over time. This can include initial reviews, subsequent revisions, and any follow-up assessments that have been conducted as part of the conference's review process.","The property ""isReviewHistoryOf"" has a domain of ""PersonalReviewHistory"" and a range of ""Reviewer""."
http://edas#isReviewedBy,Source,Property,is reviewed by,"In the context of a conference, ""isReviewedBy"" typically refers to the process where a submitted paper, abstract, or proposal is evaluated by one or more reviewers. These reviewers are usually experts in the relevant field who assess the quality, validity, and significance of the work. The outcome of this review process determines whether the submission is accepted, requires revisions, or is rejected for presentation at the conference.","The property ""isReviewedBy"" has a domain of ""Paper"". This means that ""isReviewedBy"" is a property that applies to instances of the class ""Paper"".The subgraph describes the following information:

- The property ""isReviewedBy"" has a range that is a class represented by the identifier ""_:Nc2dc55f9b1fb4448879294263419c1d8"".
- The class ""_:Nc2dc55f9b1fb4448879294263419c1d8"" is defined as a union of several roles.
- The union consists of the following roles:
  - Reviewer
  - TPCMember (Technical Program Committee Member)
  - SessionChair
  - ConferenceChair

The structure of the union is as follows:
- The first element of the union is ""Reviewer"".
- The rest of the union consists of another list, where the first element is ""TPCMember"".
- The rest of this list consists of another list, where the first element is ""SessionChair"".
- The rest of this list consists of another list, where the first element is ""ConferenceChair"".
- The rest of this final list is ""nil"", indicating the end of the list.

In summary, the ""isReviewedBy"" property can be associated with any individual who is a Reviewer, TPCMember, SessionChair, or ConferenceChair."
http://edas#isReviewing,Source,Property,is reviewing,"In the context of a conference, ""isReviewing"" typically refers to the process where a reviewer or a committee is evaluating submitted papers, abstracts, or proposals. This involves assessing the quality, relevance, and originality of the submissions to determine whether they should be accepted for presentation at the conference. The reviewing process is crucial for maintaining the standards and integrity of the conference's academic or professional content.","The property ""isReviewing"" has a range of ""Paper"".The provided subgraph can be described in natural language as follows:

There is a class called ""Reviewer"" which is equivalent to a class that is an intersection of certain restrictions. One of these restrictions specifies that a ""Reviewer"" is someone who is involved in the activity of ""isReviewing"" some ""Paper"". Additionally, the domain of the property ""isReviewing"" is a class that is a union of several roles: ""Reviewer"", ""SessionChair"", ""TPCMember"", and ""ConferenceChair"".

Furthermore, there is a class called ""Person"" which is part of the intersection that defines the ""Reviewer"" class. The ""Reviewer"" class is thus defined by the intersection of being a ""Person"" and having the restriction of ""isReviewing"" some ""Paper"".

In summary, a ""Reviewer"" is a type of ""Person"" who is involved in reviewing papers, and this role is part of a broader category that includes ""SessionChair"", ""TPCMember"", and ""ConferenceChair""."
http://edas#isTopicOf,Source,Property,is topic of,"In the context of a conference, ""isTopicOf"" refers to the relationship between a subject or theme and the conference itself. It indicates that a particular subject or theme is being discussed, presented, or is the focus of the conference. For example, if a conference is about artificial intelligence, then artificial intelligence ""isTopicOf"" that conference.","The property ""isTopicOf"" has a domain of ""Topic"".The subgraph describes a class that is the range of the property ""isTopicOf."" This class is defined as a union of two elements: ""Paper"" and ""Conference."" The union is represented as a list where ""Paper"" is the first element, followed by ""Conference,"" and the list terminates with ""nil."""
http://edas#isWrittenBy,Source,Property,is written by,"In the context of a conference, ""isWrittenBy"" typically refers to the authorship of a paper, presentation, or any other scholarly work that is being presented or discussed at the conference. It indicates the individual or group of individuals who have authored or created the work in question. For example, if a research paper is being presented at a conference, ""isWrittenBy"" would specify the names of the researchers or authors who wrote the paper.","The property ""isWrittenBy"" has a domain of ""Paper"" and a range of ""Author"". This means that ""isWrittenBy"" is a relationship where a ""Paper"" is written by an ""Author""."
http://edas#manuscriptDueOn,Source,Property,manuscript due on,"In the context of a conference, ""manuscriptDueOn"" refers to the specific date and time by which the final version of a manuscript must be submitted. This is the deadline set by the conference organizers for authors to submit their completed papers for review or inclusion in the conference proceedings.","The property ""manuscriptDueOn"" has a domain of ""Conference"" and a range of ""dateTime"".The class ""Conference"" has a restriction on the property ""manuscriptDueOn"" such that the maximum cardinality of this property is 1."
http://edas#paperDueOn,Source,Property,paper due on,"In the context of a conference, ""paperDueOn"" refers to the specific date and time by which a conference paper must be submitted. This is the deadline set by the conference organizers for authors to submit their research papers for consideration.","The property ""paperDueOn"" is associated with the domain ""Conference"" and the range ""dateTime"". This means that ""paperDueOn"" is a property that applies to instances of ""Conference"" and its value is expected to be of type ""dateTime"".The class ""Conference"" is a subclass of a restriction that specifies the property ""paperDueOn"" can have a maximum cardinality of 1."
http://edas#providedBy,Source,Property,provided by,"In the context of a conference, ""providedBy"" typically refers to the organization, company, or individual that is supplying or sponsoring a particular service, resource, or item. For example, if a conference offers free Wi-Fi, the program might state ""Wi-Fi provided by [Company Name],"" indicating which entity is responsible for supplying the Wi-Fi service. Similarly, it could refer to sponsors of specific sessions, materials, or amenities available at the conference.","The property ""providedBy"" has a domain of ""Sponsorship"" and a range of ""Organization"". This means that ""providedBy"" is used to indicate that a ""Sponsorship"" is provided by an ""Organization""."
http://edas#registrationDueOn,Source,Property,registration due on,"In the context of a conference, ""registrationDueOn"" refers to the specific date and time by which participants must complete their registration. This is the deadline for signing up to attend the conference.","The property ""registrationDueOn"" applies to instances of ""Conference"" and has a value that is of type ""dateTime"".The class ""Conference"" has a restriction on the property ""registrationDueOn"" such that the maximum cardinality is 1."
http://edas#relatedToEvent,Source,Property,related to event,"In the context of a conference, ""relatedToEvent"" typically refers to any activities, materials, or information that are associated with or pertain to the conference. This can include sessions, workshops, presentations, networking events, promotional materials, schedules, and any other elements that are part of or connected to the conference.","The property ""relatedToEvent"" has a domain of ""AcceptedPaper"" and a range of ""PaperPresentation"". This means that the ""relatedToEvent"" property is used to link an ""AcceptedPaper"" to a ""PaperPresentation""."
http://edas#relatedToPaper,Source,Property,related to paper,"In the context of a conference, ""relatedToPaper"" typically refers to any information, activity, or discussion that is connected to a specific academic paper being presented or discussed at the conference. This could include topics such as the paper's subject matter, its authors, the research methods used, the findings, and any subsequent discussions or questions that arise from the presentation of the paper.","The property ""relatedToPaper"" has a domain of ""PaperPresentation"" and a range of ""AcceptedPaper"". This means that ""relatedToPaper"" is used to link instances of ""PaperPresentation"" to instances of ""AcceptedPaper""."
http://edas#relatesTo,Source,Property,relates to,"In the context of a conference, ""relatesTo"" typically refers to the connection or relevance of a particular topic, session, or discussion to the overall theme or subject matter of the conference. It indicates how a specific element is pertinent or significant to the broader objectives or focus areas of the event. For example, a presentation on renewable energy technologies ""relates to"" a conference focused on sustainable development.","The property ""relatesTo"" has a domain of ""Document"".The given subgraph describes a class hierarchy and relationships involving academic events and related entities. Here's a natural language description:

There is a class named ""Class"" which is defined as a union of several entities. These entities include ""AcademicEvent"", ""Conference"", ""Person"", and ""ConferenceSession"". 

- ""AcademicEvent"" is the first entity in the union list.
- ""Conference"" is the next entity in the list after ""AcademicEvent"".
- ""Person"" follows ""Conference"" in the list.
- ""ConferenceSession"" is the last entity in the list.

Additionally, there is a relationship named ""relatesTo"" which has a range that includes the class ""Class""."
http://edas#startDate,Source,Property,start date,"In the context of a conference, the term ""startDate"" refers to the specific date and time when the conference is scheduled to begin. This includes both the calendar date and the exact time at which the first event or session of the conference will commence.","The property ""startDate"" has a domain of ""Conference"" and a range of ""dateTime"".The class ""Conference"" is a subclass of a restriction that specifies the following conditions: the property ""startDate"" must have a maximum cardinality of 1."
http://iasted#Accepting_manuscript,Target,Class,accepting manuscript,"In the context of a conference, ""Accepting_manuscript"" refers to the stage where the conference organizers or review committee have reviewed a submitted manuscript (a written document detailing the research or findings) and have decided to accept it for presentation at the conference. This means the manuscript has met the necessary criteria and quality standards set by the conference and will be included in the conference proceedings or program.","The class ""Accepting_manuscript"" is a subclass of the class ""Activity_before_conference"".The class ""Final_manuscript"" is a subclass of a restriction. This restriction specifies that the property ""go_through"" must have some values from the class ""Accepting_manuscript""."
http://iasted#Activity,Target,Class,activity,"In the context of a conference, ""activity"" refers to any organized event or session that is part of the conference agenda. This can include presentations, workshops, panel discussions, networking sessions, breakout groups, and social events. These activities are designed to engage participants, facilitate learning, foster networking, and achieve the overall objectives of the conference.","Sure, here are the triples verbalised into phrases:

1. ""Activity_after_conference"" is a subclass of ""Activity"".
2. ""Activity_before_conference"" is a subclass of ""Activity"".
3. ""Conference_activity"" is a subclass of ""Activity"".
4. The property ""go_through"" has a range of ""Activity"".
5. The property ""is_dated_on"" has a domain of ""Activity"".
6. The property ""is_held_after"" has a domain of ""Activity"".
7. The property ""is_held_before"" has a domain of ""Activity"".
8. The property ""is_held_in"" has a domain of ""Activity"".The given subgraph describes a complex network of classes and their relationships. Here is a natural language description of the subgraph:

1. **Classes and Their Unions:**
   - There are several classes, including `Person`, `Activity`, `Money`, `Item`, and `Time`.
   - The class represented by `_:N64e5b2cfc02e488a890af3aa40f7a6a1` is a union of `Activity`.
   - The class represented by `_:N4730211ed26b4456a8439b88a1d85379` is a union of `Activity`.
   - The class represented by `_:N293f52088f034099ac4971bc47586f43` is a union of `Activity`.
   - The class represented by `_:N44b5529cc1504582bc958f06b3fead55` is a union of `Activity` and `Money`.
   - The class represented by `_:N7218abc55a104b7a8a50e81f36aa3d99` is a union of `Item`.
   - The class represented by `_:N95972652b81747138840f5416a95f4eb` is a union of `Person`.
   - The class represented by `_:Ndcb3780fad8e45c582b58a2a92f0f465` is a union of `Item`.
   - The class represented by `_:N7ff1f95ee6684745b35ca5cb13f28fbc` is a union of `Activity`.
   - The class represented by `_:Nb8174a8120df459c8535b9f5f49ed1f5` is a union of `Item`.

2. **Relationships:**
   - The property `is_connected_with` has a domain of the class represented by `_:N64e5b2cfc02e488a890af3aa40f7a6a1`.
   - The property `is_designed_for` has a domain of the class represented by `_:N44b5529cc1504582bc958f06b3fead55` and a range of the class represented by `_:N95972652b81747138840f5416a95f4eb`.
   - The property `is_given_by` has a domain of the class represented by `_:N7218abc55a104b7a8a50e81f36aa3d99`.
   - The property `is_paid_for` has a range of the class represented by `_:N7ff1f95ee6684745b35ca5cb13f28fbc`.
   - The property `is_used_for` has a range of the class represented by `_:N4730211ed26b4456a8439b88a1d85379`.
   - The property `give` has a range of the class represented by `_:Ndcb3780fad8e45c582b58a2a92f0f465`.

3. **Lists and Their Elements:**
   - The list represented by `_:Ne5f980b493fd47159fa9b5dfd881ee63` contains `Activity` and ends with `nil`.
   - The list represented by `_:N7f88e4a379b546279d9d83411cf45c8d` contains `Person` and ends with `nil`.
   - The list represented by `_:Na4f5d66794484088a47994ed828660b7` contains `Person` and ends with `_:Nd10ed8cddd034bf6b02a82ff51cbceaf`.
   - The list represented by `_:Nb39a145b58d2412a834899650f55fdd7` contains `Activity` and ends with `_:Nb9b9f57e64224195a4a063b9243b2624`.
   - The list represented by `_:Nb9b9f57e64224195a4a063b9243b2624` contains `Money` and ends with `nil`.
   - The list represented by `_:N399466f4708e4e5da760bfe8ef730d1f` contains `Item` and ends with `_:Nf1d24881dc6044b485c6bb9d18fcae25`.
   - The list represented by `_:Nf1d24881dc6044b485c6bb9d18fcae25` contains `Activity` and ends with `nil`.
   - The list represented by `_:N69bb07c4916d4094b5072f19eb782870` contains `Activity` and ends with `_:N93e948590fa84d3d9eb9fe557b01752a`.
   - The list represented by `_:N93e948590fa84d3d9eb9fe557b01752a` contains `Money` and ends with `_:Na14cf644ae8a40089f9aff1d92d4932c`.
   - The list represented by `_:Na14cf644ae8a40089f9aff1d92d4932c` contains `Time` and ends with `nil`.
   - The list represented by `_:N54652b096f3d4e1bb0e14b40b2a76079` contains `Activity` and ends with `_:N02e59167ba7741b1a005918ed21c9f42`.
   - The list represented by `_:N02e59167ba7741b1a005918ed21c9f42` contains `Item` and ends with `nil`.
   - The list represented by `_:Nac00d98834874b9db37f35d78f84cc2c` contains `Item` and ends with `_:Na6c8b35f815946cab32f0539ae95db76`.
   - The list represented by `_:Na6c8b35f815946cab32f0539ae95db76` contains `Activity` and ends with `nil`.
   - The list represented by `_:Nd10ed8cddd034bf6b02a82ff51cbceaf` contains `Activity` and ends with `nil`.
   - The list represented by `_:N10acc26cb1484b328c498faf6cd9673a` contains `Item` and ends with `_:Ne5f980b493fd47159fa9b5dfd881ee63`.
   - The list represented by `_:Nae43a70be1a649bf8e347407e3786794` contains `Activity` and ends with `_:Nc5994fed8e154630a643c2dd5f3045c0`.
   - The list represented by `_:Nc5994fed8e154630a643c2dd5f3045c0` contains `Money` and ends with `nil`.

This description captures the essence of the relationships and class unions present in the subgraph."
http://iasted#Activity_after_conference,Target,Class,activity after conference,"In the context of a conference, ""Activity_after_conference"" refers to any planned events, gatherings, or actions that take place following the conclusion of the main conference sessions. These activities can include networking events, social gatherings, workshops, follow-up meetings, or informal discussions that allow participants to continue engaging with each other, share insights, and build professional relationships after the official conference program has ended.","Sure, here are the triples verbalized into phrases:

1. ""Departure"" is a subclass of ""Activity after conference"".
2. ""Full day tour"" is a subclass of ""Activity after conference"".
3. ""Activity after conference"" is a subclass of ""Activity"".The class ""Activity_after_conference"" is a subclass of a restriction. This restriction specifies that the property ""is_held_after"" must have some values from the class ""Conference_days""."
http://iasted#Activity_before_conference,Target,Class,activity before conference,"In the context of a conference, ""Activity_before_conference"" refers to any planned events, tasks, or preparations that take place prior to the official start of the conference. These activities can include setting up the venue, registration of participants, pre-conference workshops, networking events, or any other preparatory actions that help ensure the smooth running of the conference.","Sure, here are the triples verbalised into phrases:

1. ""Accepting manuscript"" is a subclass of ""Activity before conference"".
2. ""Receiving manuscript"" is a subclass of ""Activity before conference"".
3. ""Refusing manuscript"" is a subclass of ""Activity before conference"".
4. ""Renting"" is a subclass of ""Activity before conference"".
5. ""Research"" is a subclass of ""Activity before conference"".
6. ""Activity before conference"" is a subclass of ""Activity"".The class ""Activity_before_conference"" is defined as a subclass of a restriction. This restriction specifies that the property ""is_held_before"" must have some values from the class ""Conference_days""."
http://iasted#Audiovisual_equipment,Target,Class,audiovisual equipment,"In the context of a conference, ""audiovisual equipment"" refers to the various electronic devices and tools used to enhance the communication and presentation experience. This includes items such as projectors, microphones, speakers, video cameras, screens, and any other technology that aids in the visual and auditory delivery of information to the audience. These tools are essential for effectively conveying messages, displaying presentations, and ensuring that all attendees can see and hear the content being shared.","1. A computer is a subclass of audiovisual equipment.
2. An LCD projector is a subclass of audiovisual equipment.
3. An overhead projector is a subclass of audiovisual equipment.
4. A video cassette player is a subclass of audiovisual equipment.
5. Audiovisual equipment is a subclass of an item.The given subgraph can be described in natural language as follows:

Audiovisual equipment is a subclass of a restriction that is designed for listeners. Additionally, audiovisual equipment is a subclass of a restriction that is equipped by session rooms. Furthermore, audiovisual equipment is a subclass of a restriction that is used by speakers.

Session rooms are a subclass of a restriction that is equipped by audiovisual equipment."
http://iasted#Author,Target,Class,author,"In the context of a conference, an ""author"" typically refers to an individual who has written a paper, article, or study that is being presented or discussed at the event. This person is responsible for the research and content of the work and is often the one who presents the findings to the conference attendees.","Sure, here are the triples verbalised into phrases:

1. ""Author_book_proceedings_included"" is a subclass of ""Author"".
2. ""Author_cd_proceedings_included"" is a subclass of ""Author"".
3. ""Lecturer"" is a subclass of ""Author"".
4. ""Plenary_lecture_speaker"" is a subclass of ""Author"".
5. ""Tutorial_speaker"" is a subclass of ""Author"".
6. ""Author"" is a subclass of ""Speaker"".The given subgraph can be described in natural language as follows:

The class ""Author"" is a subclass of a restriction that involves the property ""give"" and has some values from ""Brief_introduction_for_Session_chair"". Additionally, ""Author"" is also a subclass of another restriction that involves the property ""is_given_by"" and has some values from ""Author"".

The class ""Session"" is a subclass of a restriction that involves the property ""is_given_by"" and has some values from a class that is a union of ""Author"" and ""Session_chair"".

The class ""Brief_introduction_for_Session_chair"" is a subclass of a restriction that involves the property ""is_given_by"" and has some values from ""Author"".

The class ""Author"" is part of a union with ""Session_chair"", where ""Author"" is the first element and ""Session_chair"" is the rest of the union.

The class ""Transparency"" is involved in a restriction with the property ""prepare"".

The class ""Session_chair"" is the first element in a list where ""Author"" is the rest.

In summary, the relationships and restrictions among the classes ""Author"", ""Session"", ""Session_chair"", ""Brief_introduction_for_Session_chair"", and ""Transparency"" are defined through various properties such as ""give"", ""is_given_by"", and ""prepare""."
http://iasted#Author_attendee_book_registration_fee,Target,Class,author attendee book registration fee,"In the context of a conference, ""Author_attendee_book_registration_fee"" refers to the fee that an author, who is also attending the conference, must pay to register for the event. This fee typically covers the cost of participation, access to conference sessions, materials, and possibly other amenities provided to attendees.","The class ""Author_attendee_book_registration_fee"" is a subclass of the class ""Registration_fee"".The class ""Author_attendee_book_registration_fee"" is a subclass of a restriction that specifies that there is some value from the class ""Book_proceeding"" for the property ""is_paid_for""."
http://iasted#Author_attendee_cd_registration_fee,Target,Class,author attendee cd registration fee,"In the context of a conference, ""Author_attendee_cd_registration_fee"" likely refers to the registration fee that an author, who is also an attendee, needs to pay to participate in the conference. This fee might be specific to authors who are presenting their work or papers at the conference, and it could be different from the general attendee registration fee.","The class ""Author_attendee_cd_registration_fee"" is a subclass of the class ""Registration_fee"".The class ""Author_attendee_cd_registration_fee"" is a subclass of a restriction. This restriction specifies that there is a property ""is_paid_for"" which must have some values from the class ""Cd_proceening""."
http://iasted#Author_book_proceedings_included,Target,Class,author book proceedings included,"In the context of a conference, ""Author_book_proceedings_included"" typically means that the works or papers submitted by the author have been accepted and included in the official conference proceedings. These proceedings are often compiled into a book or a digital collection that is distributed to attendees and may also be made available for future reference. This inclusion signifies that the author's contributions have met the conference's standards for quality and relevance.","The class ""Author_book_proceedings_included"" is a subclass of the class ""Author"".The class ""Author_book_proceedings_included"" is a subclass of a restriction. This restriction specifies that there is some property ""obtain"" which has values that are instances of ""Book_proceeding""."
http://iasted#Author_cd_proceedings_included,Target,Class,author cd proceedings included,"In the context of a conference, ""Author_cd_proceedings_included"" typically means that the author’s work has been included in the conference proceedings. Conference proceedings are a collection of academic papers presented at a conference. When an author's work is included in these proceedings, it indicates that their paper or presentation has been accepted and published as part of the official record of the conference.","The class ""Author_cd_proceedings_included"" is a subclass of the class ""Author"".The class ""Author_cd_proceedings_included"" is a subclass of a restriction. This restriction specifies that there is a property ""obtain"" which must have some values from the class ""Cd_proceening""."
http://iasted#Author_information_form,Target,Class,author information form,"In the context of a conference, an ""Author Information Form"" is a document or online form that authors of papers or presentations are required to fill out. This form typically collects essential details about the authors, such as their names, affiliations, contact information, and sometimes a brief biography. The information provided is used for conference materials, such as the program, proceedings, and promotional content, ensuring that proper credit is given and that attendees have relevant information about the presenters.","The class ""Author_information_form"" is a subclass of the class ""Form"".The class ""Author_information_form"" is a subclass of a restriction. This restriction specifies that the property ""is_sent_after"" must have some values from the class ""Deadline_for_notification_of_acceptance""."
http://iasted#Bank_transfer,Target,Class,bank transfer,"In the context of a conference, a ""bank transfer"" refers to a method of payment where funds are electronically transferred from one bank account to another. This is often used for paying conference registration fees, booking accommodations, or settling other related expenses. Attendees or organizers may use bank transfers to handle financial transactions securely and efficiently.","The class ""Bank_transfer"" is a subclass of the class ""Payment_document""."
http://iasted#Book_proceeding,Target,Class,book proceeding,"In the context of a conference, ""book_proceeding"" refers to a collection of academic papers or presentations that were presented at the conference. These proceedings are typically compiled into a book or digital format and published as a record of the event. They serve as a formal documentation of the research and discussions that took place during the conference, allowing attendees and other interested parties to reference the work presented.","The class ""Book_proceeding"" is a subclass of the class ""Publication"".The given subgraph can be described in natural language as follows:

There are two restrictions related to books and proceedings. The first restriction specifies that something (denoted as _:Nf053ca58c02142eea027df42d91930a6) must obtain some values from ""Book_proceeding"". The class ""Author_book_proceedings_included"" is a subclass of this restriction.

The second restriction specifies that something (denoted as _:N5b76dd6657ae4b708fc3e2e3149ade35) must be paid for, and it also involves some values from ""Book_proceeding"". The class ""Author_attendee_book_registration_fee"" is a subclass of this restriction."
http://iasted#Brief_introduction_for_Session_chair,Target,Class,brief introduction for session chair,"In the context of a conference, a ""Brief introduction for Session Chair"" refers to a concise summary or overview provided to introduce the person who will be moderating or leading a particular session. This introduction typically includes key information about the Session Chair's professional background, expertise, and relevant accomplishments. The purpose is to establish the Session Chair's credibility and to inform the audience about their qualifications and role in the session.","The class ""Brief introduction for Session chair"" is a subclass of the class ""Document"".The class ""Brief introduction for Session chair"" is a subclass of a restriction that specifies it is given by an ""Author."" Additionally, ""Brief introduction for Session chair"" is also a subclass of another restriction that specifies it is given to a ""Session chair.""

The class ""Author"" is a subclass of a restriction that specifies it gives some ""Brief introduction for Session chair.""

The class ""Session chair"" is a subclass of a restriction that specifies it obtains some ""Brief introduction for Session chair.""

In summary, an ""Author"" gives a ""Brief introduction for Session chair"" to a ""Session chair,"" and the ""Session chair"" obtains this ""Brief introduction for Session chair."""
http://iasted#Building,Target,Class,building,"In the context of a conference, ""building"" typically refers to the process of creating or fostering something, such as relationships, networks, knowledge, or collaboration among participants. It can also refer to the physical venue where the conference is held, but more often it emphasizes the development and strengthening of connections and ideas among attendees.","1. A Conference airport is a type of Building.
2. A Conference building is a type of Building.
3. A Conference hotel is a type of Building.
4. A Conference restaurant is a type of Building.
5. A Presenter house is a type of Building.
6. A Presenter university is a type of Building.
7. A Sponsor company house is a type of Building.
8. The property ""is paid in"" applies to instances of the class Building.
9. A Building is a type of Place.The given subgraph describes a set of classes and their relationships, primarily focusing on entities such as Buildings, States, Cities, and Places. Here is a natural language description of the subgraph:

1. **Classes and Their Unions**:
   - There are several classes defined, including `_:Nf87c88f1e04c4d00a151869ea26c482d`, `_:N11e959340b7c4246abb3b2f6f4cddba6`, `_:N0bf053f79aaa417ab691800dc17fe915`, `_:N027d0c29ba0f4e7eb47785a817f191d4`, `_:Nce7bfb8dd8844b70858565ea2ee5b5e7`, and `_:N561245fdfb0743b8bab77bdeeb88070a`.
   - The class `_:N11e959340b7c4246abb3b2f6f4cddba6` is a union of `_:N4edc5d82d31d447b897abbd452464b0d`, which includes States and Cities.
   - The class `_:N0bf053f79aaa417ab691800dc17fe915` is a union of `_:Nf6dc6277b6a744a8ab0527ccc863f98c`, which includes Places and Cities.
   - The class `_:Nf87c88f1e04c4d00a151869ea26c482d` is a union of `_:N2401214ec0a54ec5b636921559e1e394`, which includes Buildings.
   - The class `_:N561245fdfb0743b8bab77bdeeb88070a` is a union of `_:Nbd9ccc1d7b57467a81fae590245e43d3`, which includes States.

2. **Entities and Their Relationships**:
   - Buildings are mentioned multiple times, indicating their importance in the subgraph. They are part of the unions and lists in various classes.
   - States and Cities are also frequently mentioned, indicating their role in the hierarchical structure of the classes.
   - Places are included in the unions and lists, showing their relationship with other entities like Cities and Buildings.

3. **Properties and Their Domains/Ranges**:
   - The property `is_visited_by` has a domain of `_:N561245fdfb0743b8bab77bdeeb88070a`.
   - The property `is_situated_in` has a domain of `_:N0bf053f79aaa417ab691800dc17fe915` and a range of `_:N11e959340b7c4246abb3b2f6f4cddba6`.
   - The property `occupy` has a range of `_:N027d0c29ba0f4e7eb47785a817f191d4`.
   - The property `is_occupied_by` has a domain of `_:Nf87c88f1e04c4d00a151869ea26c482d`.

4. **Lists and Their Elements**:
   - Several lists are defined, each containing elements like Buildings, States, Cities, and Places.
   - For example, the list starting with `_:N2401214ec0a54ec5b636921559e1e394` includes Buildings, and the list starting with `_:N104d32cb9ccf4ae1a595bc16a6f6a780` includes States and Cities.

In summary, the subgraph describes a structured hierarchy of classes and their unions, focusing on entities such as Buildings, States, Cities, and Places, along with their relationships and properties."
http://iasted#Camera_ready_manuscript_deadline,Target,Class,camera ready manuscript deadline,"In the context of a conference, the ""camera-ready manuscript deadline"" refers to the final date by which authors must submit the final version of their papers or manuscripts. This version should be fully formatted and ready for publication, incorporating any revisions or corrections suggested during the review process. The term ""camera-ready"" implies that the manuscript is in its final form and can be directly used for printing or digital distribution in the conference proceedings.","The class ""Camera_ready_manuscript_deadline"" is a subclass of the class ""Deadline""."
http://iasted#Car,Target,Class,car,"In the context of a conference, ""Car"" could refer to a few different things depending on the specific context within the conference. It might refer to:

1. **Transportation**: How attendees are getting to and from the conference venue, including parking arrangements, carpooling options, or shuttle services.
2. **Exhibits or Demonstrations**: If the conference is related to the automotive industry, ""Car"" could refer to vehicles being showcased or demonstrated.
3. **Logistics**: The use of cars for transporting equipment, materials, or speakers to the conference location.

Without additional context, it's challenging to pinpoint the exact meaning, but these are some plausible interpretations within a conference setting.","The class ""Car"" is a subclass of ""Transport_vehicle"".The class ""Renting"" is a subclass of a restriction that specifies a relationship. This restriction indicates that there is a property called ""is_connected_with"" which is associated with some values from the class ""Car""."
http://iasted#Card,Target,Class,card,"In the context of a conference, a ""card"" typically refers to a business card. Business cards are small cards bearing business information about a company or individual. They are shared during formal introductions as a convenience and a memory aid. Business cards usually include the giver's name, company or business affiliation (usually with a logo), and contact information such as street addresses, telephone numbers, fax numbers, e-mail addresses, and website.","Sure, here are the triples verbalised into phrases:

1. ""Credit_card"" is a subclass of ""Card"".
2. ""Card"" is a subclass of ""Item""."
http://iasted#Cd_proceening,Target,Class,cd proceening,"In the context of a conference, ""Cd_proceening"" likely refers to ""CD proceedings."" This term typically means the collection of papers, presentations, or other materials from the conference that are compiled and distributed on a CD (compact disc). These proceedings serve as a record of the conference and provide attendees with access to the content presented during the event.","The class ""Cd_proceening"" is a subclass of the class ""Publication"".The given subgraph can be described in natural language as follows:

1. ""Author_cd_proceedings_included"" is a subclass of a restriction that involves the property ""obtain"" and has some values from ""Cd_proceening"".
2. ""Author_attendee_cd_registration_fee"" is a subclass of a restriction that involves the property ""is_paid_for"" and has some values from ""Cd_proceening"".

In summary, both ""Author_cd_proceedings_included"" and ""Author_attendee_cd_registration_fee"" are subclasses of certain restrictions related to ""Cd_proceening"". The former is associated with the property ""obtain"", while the latter is associated with the property ""is_paid_for""."
http://iasted#Cheque,Target,Class,cheque,"In the context of a conference, a cheque refers to a written, dated, and signed instrument that directs a bank to pay a specific sum of money to the bearer or to the person named on the cheque. It is often used for registration fees, sponsorship payments, or other financial transactions related to the conference.","The class ""Cheque"" is a subclass of the class ""Payment_document""."
http://iasted#City,Target,Class,city,"In the context of a conference, ""City"" typically refers to the urban location where the event is being held. It indicates the specific metropolitan area that hosts the conference, providing attendees with information about the venue's geographical setting. This can be important for logistical planning, such as travel arrangements, accommodation, and understanding the local culture and amenities available to conference participants.","Sure, here are the triples verbalized into phrases:

1. ""Conference_city"" is a subclass of ""City"".
2. ""Presenter_city"" is a subclass of ""City"".
3. ""Sponsor_city"" is a subclass of ""City"".
4. ""Trip_city"" is a subclass of ""City"".The given subgraph can be described as follows:

1. **Classes and Instances:**
   - There are several classes defined: `Building`, `State`, `City`, `Place`, and `Class`.
   - Instances of these classes are represented by blank nodes (e.g., `_:Nd854d2901d884b39bfc5ba6cdefcebe0`).

2. **Properties and Restrictions:**
   - The property `is_situated_in` has a domain of `_:N0bf053f79aaa417ab691800dc17fe915` and a range of `_:N11e959340b7c4246abb3b2f6f4cddba6`.
   - The property `is_visited_by` has a domain of `_:N561245fdfb0743b8bab77bdeeb88070a`.
   - The property `is_occupied_by` has a domain of `_:Nf87c88f1e04c4d00a151869ea26c482d`.
   - The property `occupy` has a range of `_:N027d0c29ba0f4e7eb47785a817f191d4`.

3. **Class Hierarchies and Unions:**
   - `City` is a subclass of `_:Nc67f30e4b8e04df481c0d384c4e50a39`.
   - `_:Nc67f30e4b8e04df481c0d384c4e50a39` is a restriction on the property `is_situated_in` with some values from `State`.
   - Several classes are defined as unions of other classes:
     - `_:N027d0c29ba0f4e7eb47785a817f191d4` is a union of `_:N28b7fb427c524ad8b3353bab657aa249`.
     - `_:N11e959340b7c4246abb3b2f6f4cddba6` is a union of `_:N4edc5d82d31d447b897abbd452464b0d`.
     - `_:N0bf053f79aaa417ab691800dc17fe915` is a union of `_:Nf6dc6277b6a744a8ab0527ccc863f98c`.
     - `_:N561245fdfb0743b8bab77bdeeb88070a` is a union of `_:Nbd9ccc1d7b57467a81fae590245e43d3`.
     - `_:Nf87c88f1e04c4d00a151869ea26c482d` is a union of `_:N2401214ec0a54ec5b636921559e1e394`.
     - `_:Nce7bfb8dd8844b70858565ea2ee5b5e7` is a union of `_:N48d2ce21a3c54ffd9e103171996cf4b9`.

4. **Lists and Sequences:**
   - Several lists are defined with `first` and `rest` properties:
     - `_:Nd854d2901d884b39bfc5ba6cdefcebe0` has `first` as `Building` and `rest` as `_:Ne798f39418cb4735987fc792fbf91879`.
     - `_:N2190b44f6425459ebf9556f8fb0eaba2` has `first` as `State` and `rest` as `_:Nc9f720a8f13a4e5f8ab3dec0a3e01f69`.
     - `_:N28b7fb427c524ad8b3353bab657aa249` has `first` as `Building` and `rest` as `_:N2190b44f6425459ebf9556f8fb0eaba2`.
     - `_:N2401214ec0a54ec5b636921559e1e394` has `first` as `Building` and `rest` as `_:N104d32cb9ccf4ae1a595bc16a6f6a780`.
     - `_:N9cf58754a6e444f0aedb75e1739f7182` has `first` as `Place` and `rest` as `_:N1f944aacdb864ef38834282e84c70977`.
     - `_:N4ad4b4714f87405fb0a851942af1c4c8` has `first` as `Building` and `rest` as `nil`.
     - `_:Nf3845cda8ca44fd7adeb2e93ff89151e` has `first` as `Building` and `rest` as `nil`.
     - `_:Nc9f720a8f13a4e5f8ab3dec0a3e01f69` has `first` as `City` and `rest` as `nil`.
     - `_:Nf6dc6277b6a744a8ab0527ccc863f98c` has `first` as `Place` and `rest` as `_:N1e836b01d0e64f8dbfd279d16b4245fb`.
     - `_:N1e836b01d0e64f8dbfd279d16b4245fb` has `first` as `City` and `rest` as `_:N4ad4b4714f87405fb0a851942af1c4c8`.
     - `_:N94bda19e4b3a4545be2a0d31f172b2c5` has `first` as `City` and `rest` as `_:Nf3845cda8ca44fd7adeb2e93ff89151e`.
     - `_:N104d32cb9ccf4ae1a595bc16a6f6a780` has `first` as `State` and `rest` as `_:Nc8bdd3935c384b258120cd4db25c9b8a`.
     - `_:N48d2ce21a3c54ffd9e103171996cf4b9` has `first` as `State` and `rest` as `_:Nd854d2901d884b39bfc5ba6cdefcebe0`.
     - `_:Nd5cd980c7d764cfa94ab22e9a8c8ea1c` has `first` as `Place` and `rest` as `nil`.
     - `_:N9cf58754a6e444f0aedb75e1739f7182` has `first` as `Place` and `rest` as `_:N1f944aacdb864ef38834282e84c70977`.
     - `_:N1f944aacdb864ef38834282e84c70977` has `first` as `Building` and `rest` as `_:N825c80f072284629a9aaafdcda7f6aa9`.
     - `_:Nbd9ccc1d7b57467a81fae590245e43d3` has `first` as `State` and `rest` as `_:N94bda19e4b3a4545be2a0d31f172b2c5`.
     - `_:N825c80f072284629a9aaafdcda7f6aa9` has `first` as `City` and `rest` as `nil`.
     - `_:Ne798f39418cb4735987fc792fbf91879` has `first` as `City` and `rest` as `_:Nd5cd980c7d764cfa94ab22e9a8c8ea1c`.
     - `_:Nc8bdd3935c384b258120cd4db25c9b8a` has `first` as `City` and `rest` as `nil`.
     - `_:N4edc5d82d31d447b897abbd452464b0d` has `first` as `State` and `rest` as `_:N9cf58754a6e444f0aedb75e1739f7182`.

In summary, the subgraph describes a complex ontology involving classes, properties, restrictions, and unions, with specific instances and relationships between them."
http://iasted#Coctail_reception,Target,Class,coctail reception,"In the context of a conference, a ""cocktail reception"" refers to a social event where attendees gather to enjoy drinks, light refreshments, and informal conversation. It typically takes place in the evening and provides an opportunity for networking, mingling, and unwinding after the day's formal sessions. The atmosphere is usually relaxed, allowing participants to build connections and discuss topics of mutual interest in a more casual setting.","The class ""Coctail_reception"" is a subclass of the class ""Conference_activity"".A ""Cocktail reception"" is a subclass of a restriction that is defined by the property ""is designed for"" and has some values from the class ""Delegate""."
http://iasted#Coffee_break,Target,Class,coffee break,"In the context of a conference, a ""coffee break"" refers to a scheduled pause in the event where attendees can take a short break to relax, network, and enjoy refreshments such as coffee, tea, and light snacks. This break provides an opportunity for participants to recharge, socialize with other attendees, and discuss the topics being covered in the conference in a more informal setting.","The class ""Coffee break"" is a subclass of the class ""Conference activity"".The class ""Coffee_break"" is a subclass of a restriction. This restriction is on the property ""is_designed_for"" and specifies that some values of this property must be from the class ""Delegate""."
http://iasted#Computer,Target,Class,computer,"In the context of a conference, a ""computer"" typically refers to an electronic device that processes data according to a set of instructions or programs. It is used for various tasks such as creating presentations, managing schedules, taking notes, conducting virtual meetings, and accessing information relevant to the conference. Computers facilitate communication, data analysis, and the overall organization of the event.","The class ""Computer"" is a subclass of the class ""Audiovisual equipment""."
http://iasted#Conference_Hiker,Target,Class,conference hiker,"In the context of a conference, ""Conference_Hiker"" likely refers to an attendee who actively moves between different sessions, workshops, or events within the conference. This person might be exploring various topics, networking with different groups, or seeking out diverse experiences throughout the event. The term ""hiker"" metaphorically suggests someone who is on a journey or exploration within the conference setting.","The class ""Conference_Hiker"" is a subclass of the class ""Delegate"".The given subgraph can be described in natural language as follows:

1. There are three restrictions involved in this subgraph.
2. The first restriction is on the property `is_paid_by` and has some values from `Conference_Hiker`.
3. The second restriction is on the property `go_through` and has some values from `Full_day_tour`.
4. The third restriction is on the property `is_visited_by` and has some values from `Conference_Hiker`.
5. The class `Fee_for_extra_trip` is a subclass of the restriction on the property `is_paid_by` with some values from `Conference_Hiker`.
6. The class `Conference_Hiker` is equivalent to the restriction on the property `go_through` with some values from `Full_day_tour`.
7. The class `Trip_city` is a subclass of the restriction on the property `is_visited_by` with some values from `Conference_Hiker`."
http://iasted#Conference_activity,Target,Class,conference activity,"In the context of a conference, ""conference activity"" refers to the various events, sessions, and interactions that take place during the conference. This can include keynote speeches, panel discussions, workshops, networking sessions, poster presentations, and social events. These activities are designed to facilitate the exchange of knowledge, ideas, and professional networking among the attendees.","Sure, here are the triples verbalised into phrases:

1. ""Coctail reception"" is a subclass of ""Conference activity"".
2. ""Coffee break"" is a subclass of ""Conference activity"".
3. ""Introduction"" is a subclass of ""Conference activity"".
4. ""Lecture"" is a subclass of ""Conference activity"".
5. ""Presentation"" is a subclass of ""Conference activity"".
6. ""Registration"" is a subclass of ""Conference activity"".
7. ""Social program"" is a subclass of ""Conference activity"".
8. ""Technical activity"" is a subclass of ""Conference activity"".
9. ""Welcome address"" is a subclass of ""Conference activity"".
10. ""Conference activity"" is a subclass of ""Activity"".The given subgraph can be described in natural language as follows:

There are several restrictions and subclass relationships defined for a conference context:

1. There is a restriction that specifies that some values of the property ""is held in"" must be ""Conference days"".
2. The ""Registration fee"" is a subclass of a restriction that specifies that some values of the property ""is paid for"" must be ""Conference activity"".
3. There is a restriction that specifies that some values of the property ""is held in"" must be ""Conference state"".
4. The ""Conference activity"" is a subclass of the restriction that specifies that some values of the property ""is held in"" must be ""Conference state"".
5. The ""Conference activity"" is also a subclass of the restriction that specifies that some values of the property ""is held in"" must be ""Conference days"".

In summary, the relationships define that conference activities and registration fees are associated with specific properties and states within the context of a conference."
http://iasted#Conference_airport,Target,Class,conference airport,"In the context of a conference, a ""conference airport"" typically refers to an airport that is conveniently located near a conference venue or is frequently used by attendees traveling to and from conferences. These airports often have facilities and services that cater to business travelers, such as meeting rooms, business centers, and easy access to transportation options that connect to major conference centers or hotels.","The class ""Conference_airport"" is a subclass of the class ""Building"".The provided subgraph can be described as follows:

A ""Conference_airport"" is a subclass of two restrictions. The first restriction specifies that the ""Conference_airport"" must be situated in some ""Conference_state"". The second restriction specifies that the ""Conference_airport"" must be situated in some ""Conference_city"". Both restrictions are defined on the property ""is_situated_in""."
http://iasted#Conference_building,Target,Class,conference building,"In the context of a conference, a ""conference building"" refers to a facility or structure specifically designed or designated to host conferences, meetings, seminars, and other similar gatherings. These buildings typically include various amenities such as meeting rooms, auditoriums, breakout rooms, and sometimes dining facilities, all equipped with the necessary technology and infrastructure to support large groups of attendees and facilitate effective communication and presentations.","The class ""Conference_building"" is a subclass of the class ""Building"".The provided subgraph describes a hierarchical and relational structure involving various entities and their properties within the context of a conference. Here is a natural language description of the subgraph:

1. **Session Room**:
   - A session room is a subclass of a certain restriction that involves being situated in a conference building.

2. **Conference Hall**:
   - A conference hall is a subclass of a restriction that involves being situated in a conference building.

3. **Conference Building**:
   - A conference building is a subclass of a restriction that involves being situated in a conference city.
   - A conference building is also a subclass of a restriction that involves being situated in a conference state.
   - A conference building is occupied by delegates.

4. **Delegate**:
   - A delegate is equivalent to a class that is an intersection of several restrictions:
     - One restriction involves going through a registration process.
     - Another restriction involves being present during conference days.
     - Another restriction involves being present in a conference building.

5. **Restrictions**:
   - There are several restrictions defined in the subgraph:
     - One restriction involves the property ""is situated in"" and has some values from ""Conference_city"".
     - Another restriction involves the property ""is situated in"" and has some values from ""Conference_state"".
     - Another restriction involves the property ""is situated in"" and has some values from ""Conference_building"".
     - Another restriction involves the property ""is occupied by"" and has some values from ""Delegate"".
     - Another restriction involves the property ""is present in"" and has some values from ""Conference_days"".
     - Another restriction involves the property ""go through"" and has some values from ""Registration"".

6. **Class Relationships**:
   - The class ""Delegate"" is defined as an equivalent class to an intersection of restrictions involving registration, presence during conference days, and presence in a conference building.

This description captures the hierarchical relationships and restrictions among session rooms, conference halls, conference buildings, and delegates within the context of a conference."
http://iasted#Conference_city,Target,Class,conference city,"In the context of a conference, ""Conference_city"" refers to the city where the conference is being held. It is the location where participants will gather for the event, which could include various activities such as presentations, workshops, networking sessions, and other related events.","The class ""Conference_city"" is a subclass of the class ""City"".The provided subgraph describes a set of relationships and restrictions involving various entities related to a conference setting. Here is a natural language description of the subgraph:

1. **Conference City**:
   - A **Conference City** is a subclass of an entity that is visited by a **Delegate**.

2. **Conference Hotel**:
   - A **Conference Hotel** is situated in a **Conference City**.

3. **Conference Restaurant**:
   - A **Conference Restaurant** is situated in a **Conference City**.

4. **Conference Airport**:
   - A **Conference Airport** is situated in a **Conference City**.

5. **Conference Building**:
   - A **Conference Building** is situated in a **Conference City**.

6. **Place**:
   - A **Place** is situated in a **Conference City**.

The relationships are defined through restrictions:
- The property **is_situated_in** is used to indicate that **Conference Hotel**, **Conference Restaurant**, **Conference Airport**, **Conference Building**, and **Place** are all situated in a **Conference City**.
- The property **is_visited_by** is used to indicate that a **Conference City** is visited by a **Delegate**.

In summary, the subgraph outlines a hierarchical structure where various entities (hotel, restaurant, airport, building, and place) are all situated within a **Conference City**, which in turn is a place visited by delegates."
http://iasted#Conference_days,Target,Class,conference days,"In the context of a conference, ""Conference_days"" refers to the specific days on which the conference takes place. These are the scheduled dates during which various sessions, presentations, workshops, and other conference-related activities occur.","Sure, here are the triples verbalised into phrases:

1. ""One conference day is a subclass of conference days.""
2. ""Conference days are a subclass of time.""The provided subgraph describes a set of relationships and restrictions involving conferences, activities, and delegates. Here is a natural language description of the subgraph:

1. **Conference Activities and Days**:
   - A `Conference_activity` is a subclass of a restriction that involves some values from `Conference_days`.
   - An `Activity_after_conference` is a subclass of a restriction that is held after `Conference_days`.
   - An `Activity_before_conference` is a subclass of a restriction that is held before `Conference_days`.

2. **Conference Days**:
   - `Conference_days` is a subclass of a restriction that involves some values from `Delegate`.

3. **Conference Building**:
   - There is a restriction that involves some values from `Conference_building` and is present in the property `is_present_in`.

4. **Delegate**:
   - A `Delegate` is an equivalent class to an intersection of several restrictions:
     - One restriction involves some values from `Conference_days` and is present in the property `is_present_in`.
     - Another restriction involves some values from `Registration` and goes through the property `go_through`.
     - Another restriction involves some values from `Delegate` and is designed for the property `is_designed_for`.

5. **Miscellaneous**:
   - There are various restrictions involving properties such as `is_held_in`, `is_held_before`, and `is_held_after` with respect to `Conference_days`.

In summary, the subgraph outlines the relationships between conference activities, days, buildings, and delegates, specifying various restrictions and properties that connect these entities."
http://iasted#Conference_hall,Target,Class,conference hall,"In the context of a conference, a ""conference hall"" refers to a large room or space specifically designed to host conferences, meetings, seminars, and other large gatherings. It is typically equipped with necessary amenities such as seating arrangements, audio-visual equipment, and sometimes facilities for catering, to accommodate the needs of the attendees and ensure the smooth conduct of the event.","The class ""Conference hall"" is a subclass of the class ""Place"".The given subgraph can be described in natural language as follows:

1. **Plenary Lecture Speaker**:
   - A Plenary Lecture Speaker is someone who speaks in a Conference Hall.

2. **Tutorial Speaker**:
   - A Tutorial Speaker is someone who speaks in a Conference Hall.

3. **Listener**:
   - A Listener is present in either a Session Room or a Conference Hall.

4. **Conference Hall**:
   - A Conference Hall is situated in a Conference Building.

5. **Restrictions**:
   - There are restrictions on the properties ""speak_in"" and ""is_present_in"" for the respective classes.

6. **Union of Classes**:
   - The class that a Listener is present in is a union of Session Room and Conference Hall.

In summary, the subgraph describes the relationships and restrictions involving Plenary Lecture Speakers, Tutorial Speakers, and Listeners in the context of conference venues such as Conference Halls and Session Rooms, which are situated within Conference Buildings."
http://iasted#Conference_hotel,Target,Class,conference hotel,"In the context of a conference, a ""conference hotel"" refers to a hotel that is specifically equipped to host conferences, meetings, and other large gatherings. These hotels typically offer extensive facilities such as large meeting rooms, conference halls, audio-visual equipment, and sometimes even dedicated event planning services. They are designed to accommodate both the lodging and the professional needs of conference attendees, providing a convenient and integrated solution for hosting events.","The class ""Conference_hotel"" is a subclass of the class ""Building"".The given subgraph can be described in natural language as follows:

There is a class, denoted as `_:Nb0949f931fb84beeb62db9f350c167fe`, which is defined as the intersection of two restrictions. The first restriction, `_:N2fa0c723b8934662b7460bf8e28f554d`, specifies that the property `pay` must have some values from the class `Hotel_fee`. The second restriction, `_:Nb75b613bd47d42d2813a9f217af5ade6`, specifies that the property `occupy` must have some values from the class `Conference_hotel`.

The class `Hotel_presenter` is a subclass of `_:Nb0949f931fb84beeb62db9f350c167fe`.

The class `Hotel_room` is a subclass of a restriction, `_:N6e12d37114c2414cb9fae655ebb64081`, which specifies that the property `is_situated_in` must have some values from the class `Conference_hotel`.

The class `Conference_hotel` is a subclass of three restrictions:
1. `_:N58278d04b6c94ad6b9b99f8505b66f04`, which specifies that the property `is_situated_in` must have some values from the class `Conference_city`.
2. `_:N8d6a0c445eeb4f549ebb1c207a6424c1`, which specifies that the property `is_situated_in` must have some values from the class `Conference_state`.
3. `_:N81d8fe9ee55f4f55a1fd4d8f9acb236b`, which specifies that the property `is_designed_for` must have some values from the class `Hotel_presenter`.

In summary, the subgraph describes a complex hierarchy and set of restrictions involving hotels, conference hotels, hotel rooms, and hotel presenters, with specific properties and relationships such as payment, occupation, and location within conference cities and states."
http://iasted#Conference_restaurant,Target,Class,conference restaurant,"In the context of a conference, a ""conference restaurant"" typically refers to a dining facility or area within or associated with the conference venue where attendees can have meals. This restaurant may offer a range of dining options, including breakfast, lunch, dinner, and snacks, and is often designed to accommodate the schedules and needs of conference participants. It provides a convenient place for attendees to eat without having to leave the conference premises, facilitating networking and informal discussions in a relaxed setting.","The class ""Conference_restaurant"" is a subclass of the class ""Building"".The subgraph describes the following relationships and restrictions:

1. A ""Tip"" is a subclass of a restriction that involves the property ""is_paid_in"" and has some values from ""Conference_restaurant"".
2. A ""Conference_restaurant"" is a subclass of a restriction that involves the property ""is_situated_in"" and has some values from ""Conference_city"".
3. A ""Conference_restaurant"" is also a subclass of another restriction that involves the property ""is_situated_in"" and has some values from ""Conference_state"".
4. Additionally, a ""Conference_restaurant"" is a subclass of a restriction that involves the property ""is_occupied_by"" and has some values from ""Delegate"".

In summary, a ""Conference_restaurant"" is situated in both a ""Conference_city"" and a ""Conference_state"", is occupied by a ""Delegate"", and a ""Tip"" related to it is paid in the ""Conference_restaurant""."
http://iasted#Conference_state,Target,Class,conference state,"In the context of a conference, ""Conference_state"" typically refers to the current status or phase of the conference. This could include various stages such as planning, registration, ongoing sessions, breaks, or even post-conference activities. It essentially provides information about what is happening at a given moment in the lifecycle of the conference.","The class ""Conference_state"" is a subclass of the class ""State"".The given subgraph describes a set of relationships and restrictions involving various entities related to a conference. Here is a natural language description of the subgraph:

1. **Conference Activities**:
   - A conference activity is held in a conference state.

2. **Conference State**:
   - A conference state is visited by delegates.

3. **Places**:
   - A place is situated in a conference state.

4. **Conference Hotels**:
   - A conference hotel is situated in a conference state.

5. **Conference Restaurants**:
   - A conference restaurant is situated in a conference state.

6. **Conference Airports**:
   - A conference airport is situated in a conference state.

7. **Conference Buildings**:
   - A conference building is situated in a conference state.

In summary, the subgraph defines various entities such as conference activities, states, places, hotels, restaurants, airports, and buildings, and specifies that all these entities are situated in or related to a conference state. Additionally, it specifies that a conference state is visited by delegates."
http://iasted#Credit_card,Target,Class,credit card,"In the context of a conference, a ""credit card"" typically refers to a payment method used by attendees to register for the event, pay for accommodations, or cover other related expenses. It is a plastic card issued by a financial institution that allows the cardholder to borrow funds to pay for goods and services, with the agreement to pay back the borrowed amount plus any applicable interest.","The class ""Credit_card"" is a subclass of the class ""Card"".The given subgraph can be described in natural language as follows:

There are several classes and restrictions defined in the graph. 

1. **Classes and Subclasses:**
   - ""Credit_card"" is a subclass of a restriction denoted by `_:Ncdf54649fe9d4f97b1f53e73c963c7e7`.
   - ""Fee"" is a subclass of a restriction denoted by `_:Nae74926940c945f481d792cbc05e16c9`.

2. **Restrictions:**
   - The restriction `_:Ncdf54649fe9d4f97b1f53e73c963c7e7` is on the property ""is_designed_for"" and has some values from a class denoted by `_:Nb968ffa39baf4d918564ef4193b2285e`.
   - The restriction `_:Nae74926940c945f481d792cbc05e16c9` is on the property ""is_paid_with"" and has some values from a class denoted by `_:N0113262471a94b5b8805fe50e7b6be39`.

3. **Class Definitions:**
   - The class `_:N0113262471a94b5b8805fe50e7b6be39` is defined as a union of two elements:
     - The first element is ""Credit_card"".
     - The rest of the elements are in a list denoted by `_:N3fb6fdcbb61f4e62ae7ce0ba45aa0c56`, which includes ""Payment_document"".
   - The class `_:Nb968ffa39baf4d918564ef4193b2285e` is defined as a union of two elements:
     - The first element is ""Fee"".
     - The rest of the elements are in a list denoted by `_:Na63eacece4004a7b8da4c6d3bbceebad`, which includes ""Tax"" and ""Sponzorship"".

4. **List Structures:**
   - The list denoted by `_:Na7655764fd2f40eea9002c55b0c19aee` contains ""Tax"" as the first element and ends with ""nil"".
   - The list denoted by `_:Nb23ff883a2b94ca0b57dc665b56ed7c7` contains ""Sponzorship"" as the first element and continues with the list `_:Na7655764fd2f40eea9002c55b0c19aee`.
   - The list denoted by `_:Na63eacece4004a7b8da4c6d3bbceebad` contains ""Fee"" as the first element and continues with the list `_:Nb23ff883a2b94ca0b57dc665b56ed7c7`.
   - The list denoted by `_:N3fb6fdcbb61f4e62ae7ce0ba45aa0c56` contains ""Credit_card"" as the first element and continues with the list `_:N4812f0ac834c4f4b8634fc2345067d77`.
   - The list denoted by `_:N4812f0ac834c4f4b8634fc2345067d77` contains ""Payment_document"" as the first element and ends with ""nil"".

In summary, the graph defines a hierarchy of classes and restrictions involving properties like ""is_paid_with"" and ""is_designed_for"", and it uses union and list structures to group related classes and restrictions."
http://iasted#Currency,Target,Class,currency,"In the context of a conference, ""currency"" typically refers to the relevance, timeliness, and up-to-date nature of the information being presented or discussed. It emphasizes the importance of sharing the most current data, trends, and insights to ensure that attendees receive the most valuable and applicable knowledge.",Information is not available.
http://iasted#Deadline,Target,Class,deadline,"In the context of a conference, a ""deadline"" refers to the specific date and time by which certain tasks or submissions must be completed. This could include deadlines for submitting abstracts, registering for the conference, submitting full papers, or making payments. Meeting these deadlines is crucial for the smooth organization and operation of the conference.","Sure, here are the triples verbalized into phrases:

1. ""Camera_ready_manuscript_deadline"" is a subclass of ""Deadline"".
2. ""Deadline_for_notification_of_acceptance"" is a subclass of ""Deadline"".
3. ""Deadline_hotel_reservation"" is a subclass of ""Deadline"".
4. ""Registation_deadline"" is a subclass of ""Deadline"".
5. ""Submissions_deadline"" is a subclass of ""Deadline"".
6. ""done_till"" has a domain of ""Deadline"".
7. ""Deadline"" is a subclass of ""Time"".The class ""Deadline"" is a subclass of a restriction that specifies that it is designed for some values from the class ""Delegate""."
http://iasted#Deadline_for_notification_of_acceptance,Target,Class,deadline for notification of acceptance,"In the context of a conference, ""Deadline for notification of acceptance"" refers to the latest date by which the conference organizers will inform authors whether their submitted papers, abstracts, or proposals have been accepted for presentation at the conference. This deadline is crucial for participants to know if they need to prepare their presentations, make travel arrangements, or plan their schedules accordingly.","The class ""Deadline_for_notification_of_acceptance"" is a subclass of the class ""Deadline"".The class ""Author_information_form"" is a subclass of a restriction. This restriction specifies that the property ""is_sent_after"" must have some values from the class ""Deadline_for_notification_of_acceptance""."
http://iasted#Deadline_hotel_reservation,Target,Class,deadline hotel reservation,"In the context of a conference, ""Deadline_hotel_reservation"" refers to the last date by which attendees must book their hotel accommodations to secure a room, often at a special conference rate. After this deadline, the availability of rooms and the special rates may no longer be guaranteed.","The class ""Deadline_hotel_reservation"" is a subclass of the class ""Deadline"".The class ""Hotel_registration_form"" is a subclass of a restriction. This restriction specifies that the property ""is_sent_before"" must have some values from the class ""Deadline_hotel_reservation""."
http://iasted#Delegate,Target,Class,delegate,"In the context of a conference, a ""delegate"" refers to an individual who is authorized to represent a group, organization, or constituency. Delegates attend the conference to participate in discussions, make decisions, and vote on behalf of the people or organization they represent. They may also engage in networking, attend sessions, and contribute to the overall objectives of the conference.","Sure, here are the triples verbalized into phrases:

1. ""Conference Hiker"" is a subclass of ""Delegate"".
2. ""Hotel Presenter"" is a subclass of ""Delegate"".
3. ""IASTED Member"" is a subclass of ""Delegate"".
4. ""IASTED Non-Member"" is a subclass of ""Delegate"".
5. ""Listener"" is a subclass of ""Delegate"".
6. ""Non-Speaker"" is a subclass of ""Delegate"".
7. ""One-Day Presenter"" is a subclass of ""Delegate"".
8. ""Session Chair"" is a subclass of ""Delegate"".
9. ""Speaker"" is a subclass of ""Delegate"".
10. ""Technical Committee"" is a subclass of ""Delegate"".
11. ""Delegate"" is a subclass of ""Person"".The given subgraph describes a complex structure of relationships and classifications involving various entities related to a conference setting. Here is a natural language description of the subgraph:

1. **Social Program**:
   - A social program is designed for delegates.

2. **Delegate**:
   - A delegate is a subclass of several restrictions and entities, including:
     - Presenter city
     - Presenter state
     - Registration fee
     - Mailing list
     - Conference building
     - Conference city
     - Conference state
     - Registration form
     - Presenter house
     - Viza
   - Delegates occupy conference buildings and are designed for various entities such as coffee breaks, cocktail receptions, full-day tours, and transport vehicles.
   - Delegates pay registration fees and are involved in the registration process.
   - Delegates are sent forms and are present in conference days.
   - Delegates are visited by conference cities and states.
   - Delegates are needed for certain properties and occupy presenter houses.

3. **Presenter**:
   - Presenters are associated with cities and states.
   - Presenter houses are occupied by delegates.

4. **Conference**:
   - Conference buildings are occupied by delegates.
   - Conference cities and states are visited by delegates.
   - Conference restaurants are occupied by delegates.
   - Conference days are present in the conference.

5. **Registration**:
   - Registration involves forms sent to delegates.
   - Registration fees are paid by delegates.
   - Registration forms are sent by mailing lists.

6. **Other Entities**:
   - Coffee breaks, cocktail receptions, and full-day tours are designed for delegates.
   - Transport vehicles are used by delegates.
   - Invitation letters are obtained by delegates.
   - Viza is needed for delegates.

7. **Restrictions**:
   - Various restrictions apply to the properties and relationships involving delegates, presenters, and other entities.

This description captures the essence of the relationships and classifications within the subgraph, focusing on the roles and interactions of delegates, presenters, and conference-related entities."
http://iasted#Departure,Target,Class,departure,"In the context of a conference, ""departure"" typically refers to the act of leaving the event or venue. This could mean the time when attendees, speakers, or organizers exit the conference after its conclusion or at any point during the event. It may also refer to the logistics involved in planning and managing the exit process, such as transportation arrangements, check-out procedures, or the end of scheduled activities.","The class ""Departure"" is a subclass of ""Activity after conference"".The concept ""Departure_tax"" is a subclass of a certain restriction. This restriction specifies that there must be some value from the class ""Departure"" and it is associated with the property ""is_designed_for""."
http://iasted#Departure_tax,Target,Class,departure tax,"In the context of a conference, ""departure tax"" refers to a fee that travelers must pay when leaving a country or region. This tax is typically collected at the airport or other points of departure and is often used to fund airport maintenance, tourism infrastructure, or other governmental services. If conference attendees are traveling internationally, they should be aware of any applicable departure taxes that may affect their travel plans and budget.","The class ""Departure_tax"" is a subclass of the class ""Tax"".The concept of ""Departure_tax"" is a subclass of a restriction. This restriction specifies that there is some value from the class ""Departure"" and it is associated with the property ""is_designed_for""."
http://iasted#Dinner_banquet,Target,Class,dinner banquet,"In the context of a conference, a ""dinner banquet"" refers to a formal evening meal that is typically organized as part of the event's schedule. It usually involves multiple courses and is often held in a large dining area or banquet hall. This event provides an opportunity for attendees to network, socialize, and enjoy a more relaxed atmosphere after the day's sessions and presentations. The dinner banquet may also include speeches, awards, or entertainment as part of the evening's program.","The class ""Dinner_banquet"" is a subclass of the class ""Social_program"".The subgraph describes a hierarchical relationship involving a ""Dinner banquet"" and certain restrictions on its properties. Here's a natural language description:

A ""Dinner banquet"" is a subclass of a restriction. This restriction is defined on the property ""is designed for"" and specifies that it must be related to some values from a class. This class is a complement of ""One day presenter,"" meaning it includes all entities that are not ""One day presenters."""
http://iasted#Document,Target,Class,document,"In the context of a conference, a ""document"" typically refers to any written or printed material that is used or distributed during the event. This can include agendas, schedules, presentation slides, handouts, research papers, reports, and any other relevant materials that support the discussions and activities taking place at the conference. These documents are often used to provide information, facilitate communication, and serve as a reference for attendees.","Sure, here are the triples verbalised into phrases:

1. ""Brief introduction for Session chair"" is a subclass of ""Document"".
2. ""Form"" is a subclass of ""Document"".
3. ""Invitation letter"" is a subclass of ""Document"".
4. ""Mailing list"" is a subclass of ""Document"".
5. ""Payment document"" is a subclass of ""Document"".
6. ""Record of attendance"" is a subclass of ""Document"".
7. ""Review"" is a subclass of ""Document"".
8. ""Submission"" is a subclass of ""Document"".
9. ""Transparency"" is a subclass of ""Document"".
10. ""Viza"" is a subclass of ""Document"".
11. ""Document"" is a subclass of ""Item""."
http://iasted#Double_hotel_room,Target,Class,double hotel room,"In the context of a conference, a ""double hotel room"" typically refers to a hotel room that is designed to accommodate two people. This room usually contains either one double bed or two single beds (twin beds). It is often chosen by conference attendees who are traveling together and wish to share accommodation to reduce costs.","The class ""Double_hotel_room"" is a subclass of the class ""Hotel_room""."
http://iasted#Fee,Target,Class,fee,"In the context of a conference, a ""fee"" refers to the amount of money that participants are required to pay in order to attend the event. This fee can cover various aspects such as registration, access to sessions, materials, meals, and sometimes accommodation or other amenities provided during the conference.","1. ""Fee_for_extra_trip"" is a subclass of ""Fee"".
2. ""Hotel_fee"" is a subclass of ""Fee"".
3. ""Registration_fee"" is a subclass of ""Fee"".
4. ""Fee"" is a subclass of ""Money"".The given subgraph can be described in natural language as follows:

1. **Classes and Subclasses:**
   - `Credit_card` is a subclass of a restriction (`_:Ncdf54649fe9d4f97b1f53e73c963c7e7`).
   - `Payment_document` is a subclass of a restriction (`_:Ne1c27bc654ef4ccc90c4b6ebb48b0648`).
   - `Fee` is a subclass of a restriction (`_:Nae74926940c945f481d792cbc05e16c9`).

2. **Restrictions:**
   - The restriction (`_:Ncdf54649fe9d4f97b1f53e73c963c7e7`) is on the property `is_designed_for` and has some values from the class (`_:Nb968ffa39baf4d918564ef4193b2285e`).
   - The restriction (`_:Ne1c27bc654ef4ccc90c4b6ebb48b0648`) is on the property `is_designed_for` and has some values from the class (`_:Nb312c12e03104969ba3a56a2f68d4374`).
   - The restriction (`_:Nae74926940c945f481d792cbc05e16c9`) is on the property `is_paid_with` and has some values from the class (`_:N0113262471a94b5b8805fe50e7b6be39`).

3. **Unions:**
   - The class (`_:N0113262471a94b5b8805fe50e7b6be39`) is a union of:
     - `Credit_card`
     - `Payment_document`
   - The class (`_:Nb312c12e03104969ba3a56a2f68d4374`) is a union of:
     - `Fee`
     - `Tax`
   - The class (`_:Nb968ffa39baf4d918564ef4193b2285e`) is a union of:
     - `Fee`
     - `Sponzorship`
     - `Tax`

4. **Lists:**
   - The list (`_:Na7655764fd2f40eea9002c55b0c19aee`) contains:
     - `Tax`
   - The list (`_:Nb23ff883a2b94ca0b57dc665b56ed7c7`) contains:
     - `Sponzorship`
   - The list (`_:Nb8f811b3c3254a89a18ee4adbc335389`) contains:
     - `Tax`
   - The list (`_:N3fb6fdcbb61f4e62ae7ce0ba45aa0c56`) contains:
     - `Credit_card`
   - The list (`_:N4ba754bf770545b68a76852711e1e938`) contains:
     - `Fee`
   - The list (`_:N4812f0ac834c4f4b8634fc2345067d77`) contains:
     - `Payment_document`
   - The list (`_:Na63eacece4004a7b8da4c6d3bbceebad`) contains:
     - `Fee`

5. **Types:**
   - The entity (`_:N0113262471a94b5b8805fe50e7b6be39`) is of type `Class`.
   - The entity (`_:Nb312c12e03104969ba3a56a2f68d4374`) is of type `Class`.
   - The entity (`_:Nb968ffa39baf4d918564ef4193b2285e`) is of type `Class`.
   - The entity (`_:Nae74926940c945f481d792cbc05e16c9`) is of type `Restriction`.
   - The entity (`_:Ncdf54649fe9d4f97b1f53e73c963c7e7`) is of type `Restriction`.
   - The entity (`_:Ne1c27bc654ef4ccc90c4b6ebb48b0648`) is of type `Restriction`.

In summary, the subgraph describes a set of classes and restrictions involving properties like `is_designed_for` and `is_paid_with`, and it includes unions and lists of various financial-related entities such as `Credit_card`, `Payment_document`, `Fee`, `Tax`, and `Sponzorship`."
http://iasted#Fee_for_extra_trip,Target,Class,fee for extra trip,"In the context of a conference, ""Fee_for_extra_trip"" likely refers to an additional charge that participants may incur if they require transportation services beyond what is included in the standard conference package. This could include extra shuttle rides, additional trips to and from the airport, or other transportation needs that are not covered by the initial conference registration fee.","The class ""Fee_for_extra_trip"" is a subclass of the class ""Fee"".The class ""Fee_for_extra_trip"" is a subclass of two restrictions. The first restriction specifies that the ""Fee_for_extra_trip"" is paid by some ""Conference_Hiker"". The second restriction specifies that the ""Fee_for_extra_trip"" is paid for some ""Full_day_tour""."
http://iasted#Final_manuscript,Target,Class,final manuscript,"In the context of a conference, a ""final manuscript"" refers to the completed and polished version of a research paper or article that an author submits for inclusion in the conference proceedings. This version has typically undergone revisions and edits based on feedback from peer reviews or conference organizers and is considered the definitive version for publication and presentation at the conference.","The class ""Final_manuscript"" is a subclass of the class ""Submission"".The given subgraph can be described as follows:

1. There are three restrictions identified by unique identifiers.
2. The first restriction (identified by '_:N1254fc4eca144e54a549eb559f5d4017') is associated with the property 'is_made_from' and has some values from 'Final_manuscript'.
3. The second restriction (identified by '_:N835ac60b881e4b3583bae30dcbbdc01e') is associated with the property 'write' and has some values from 'Final_manuscript'.
4. The third restriction (identified by '_:Nc5f885bd006a48bfac20aad7f0422d4b') is associated with the property 'go_through' and has some values from 'Accepting_manuscript'.
5. The class 'Publication' is a subclass of the first restriction.
6. The class 'Speaker' is a subclass of the second restriction.
7. The class 'Final_manuscript' is a subclass of the third restriction.

In summary, a 'Publication' is made from a 'Final_manuscript', a 'Speaker' writes a 'Final_manuscript', and a 'Final_manuscript' goes through an 'Accepting_manuscript' process."
http://iasted#Form,Target,Class,form,"In the context of a conference, ""Form"" typically refers to a document or digital interface used for collecting information from participants. This could include registration forms, feedback forms, or survey forms, which gather details such as attendee names, contact information, session preferences, and other relevant data. These forms help organizers manage the event efficiently and tailor the experience to the needs and preferences of the attendees.","Sure, here are the triples verbalised into phrases:

1. ""Author_information_form"" is a subclass of ""Form"".
2. ""Hotel_registration_form"" is a subclass of ""Form"".
3. ""Registration_form"" is a subclass of ""Form"".
4. ""Form"" is a subclass of ""Document"".The subgraph describes that the class ""Form"" is a subclass of a certain restriction. This restriction specifies that the property ""is_given_to"" must have some values from the class ""Delegate""."
http://iasted#Full_day_tour,Target,Class,full day tour,"In the context of a conference, a ""Full_day_tour"" typically refers to an organized excursion or outing that lasts an entire day. This tour is usually planned as part of the conference agenda and is designed to provide attendees with an opportunity to explore local attractions, landmarks, or points of interest in the area where the conference is being held. It often includes transportation, guided tours, meals, and sometimes special activities or events related to the theme of the conference.","The class ""Full day tour"" is a subclass of the class ""Activity after conference"".The subgraph describes a set of relationships and restrictions involving various classes and properties related to tours and trips. Here is a natural language description of the subgraph:

1. **Conference Hiker** is equivalent to a class that has a restriction on the property **go_through**, which must have some values from **Full day tour**.
2. **Full day tour** is a subclass of a class that has a restriction on the property **is_held_in**, which must have some values from **Trip day**.
3. **Full day tour** is also a subclass of a class that has a restriction on the property **is_held_in**, which must have some values from **Trip city**.
4. **Full day tour** is a subclass of a class that has a restriction on the property **is_designed_for**, which must have some values from **Delegate**.
5. **Full day tour** is a subclass of a class that has a restriction on the property **is_paid_for**, which must have some values from **Full day tour**.
6. **Fee for extra trip** is a subclass of a class that has a restriction on the property **is_paid_for**, which must have some values from **Full day tour**.

In summary, the subgraph defines a complex set of relationships and restrictions involving different types of tours, trips, and their associated properties, focusing on how they are designed, held, and paid for, as well as the specific roles of delegates and conference hikers."
http://iasted#Hotel_fee,Target,Class,hotel fee,"In the context of a conference, ""hotel fee"" refers to the cost associated with staying at a hotel during the event. This fee typically covers the accommodation expenses for attendees, speakers, or organizers who need lodging for the duration of the conference. The hotel fee may include the room rate, taxes, and sometimes additional services such as breakfast, Wi-Fi, or access to hotel amenities.","The class ""Hotel_fee"" is a subclass of the class ""Fee"".The given subgraph can be described as follows:

A class, which we'll call ""UnnamedClass1,"" is defined as the intersection of two restrictions. The first restriction specifies that the class must occupy some values from the ""Conference_hotel"" class. The second restriction specifies that the class must pay some values from the ""Hotel_fee"" class.

The ""Hotel_fee"" class is further restricted by the property ""is_paid_by,"" which must have some values from the ""Hotel_presenter"" class.

Additionally, the ""Hotel_presenter"" class is a subclass of ""UnnamedClass1.""

In summary, ""UnnamedClass1"" is a class that is defined by the intersection of two conditions: it must occupy a ""Conference_hotel"" and it must pay a ""Hotel_fee."" The ""Hotel_fee"" must be paid by a ""Hotel_presenter,"" and the ""Hotel_presenter"" is a subclass of ""UnnamedClass1."""
http://iasted#Hotel_presenter,Target,Class,hotel presenter,"In the context of a conference, a ""Hotel_presenter"" typically refers to an individual or representative from a hotel who presents information about the hotel's services, facilities, and accommodations to the conference attendees. This presentation might include details about room options, dining services, event spaces, and any special offers or packages available for conference participants. The goal is often to inform and attract attendees to stay at the hotel or utilize its services during the conference.","The class ""Hotel_presenter"" is a subclass of the class ""Delegate"".The given subgraph describes a set of relationships and restrictions involving hotel-related entities. Here is a natural language description of the subgraph:

1. **Hotel Room**:
   - A hotel room is designed for a hotel presenter.

2. **Hotel Presenter**:
   - A hotel presenter is a subclass of a certain class (denoted as _:Nb0949f931fb84beeb62db9f350c167fe).

3. **Hotel Fee**:
   - A hotel fee is paid by a hotel presenter.

4. **Conference Hotel**:
   - A conference hotel is occupied by a hotel presenter.
   - A conference hotel is designed for a hotel presenter.

5. **Restrictions**:
   - There is a restriction on the property ""pay"" such that it has some values from ""Hotel_fee"".
   - There is a restriction on the property ""is_paid_by"" such that it has some values from ""Hotel_presenter"".
   - There is a restriction on the property ""is_designed_for"" such that it has some values from ""Hotel_presenter"".
   - There is a restriction on the property ""occupy"" such that it has some values from ""Conference_hotel"".

6. **Class Intersection**:
   - The class _:Nb0949f931fb84beeb62db9f350c167fe is an intersection of certain restrictions, including the restriction on the property ""pay"".

In summary, the subgraph outlines the relationships between hotel rooms, hotel presenters, hotel fees, and conference hotels, along with specific restrictions on properties like payment, design, and occupancy."
http://iasted#Hotel_registration_form,Target,Class,hotel registration form,"In the context of a conference, a ""hotel registration form"" refers to a document that attendees fill out to book their accommodations at a hotel associated with the event. This form typically collects information such as the attendee's name, contact details, dates of stay, room preferences, and payment information. It ensures that the hotel can reserve a room for the attendee and provide any special arrangements needed for the duration of the conference.","The class ""Hotel_registration_form"" is a subclass of the class ""Form"".The class ""Hotel_registration_form"" is a subclass of a restriction. This restriction specifies that the property ""is_sent_before"" must have some values from the class ""Deadline_hotel_reservation""."
http://iasted#Hotel_room,Target,Class,hotel room,"In the context of a conference, a ""hotel room"" refers to a private room within a hotel where attendees can stay during the duration of the conference. It provides accommodation for participants, speakers, and organizers, offering a place to rest, sleep, and prepare for conference activities.","1. A ""Double hotel room"" is a subclass of a ""Hotel room"".
2. A ""Single hotel room"" is a subclass of a ""Hotel room"".
3. A ""Hotel room"" is a subclass of a ""Place"".A hotel room is a type of accommodation that is designed for hotel presenters and is situated in a conference hotel."
http://iasted#IASTED_member,Target,Class,iasted member,"In the context of a conference, ""IASTED_member"" refers to an individual who is a member of the International Association of Science and Technology for Development (IASTED). IASTED is an organization that focuses on promoting the development and dissemination of technical knowledge in various fields of science and technology. Members of IASTED often receive benefits such as discounted conference registration fees, access to publications, and opportunities to network with other professionals in their field.","The class ""IASTED_member"" is a subclass of the class ""Delegate"".The subgraph describes a set of relationships and restrictions involving IASTED members and their registration fees. Here's a natural language description:

There is a restriction that applies to entities designed for IASTED members. This restriction specifies that IASTED members are equivalent to entities that are required to pay a member registration fee. The member registration fee is a subclass of the restriction designed for IASTED members."
http://iasted#IASTED_non_member,Target,Class,iasted non member,"In the context of a conference, ""IASTED_non_member"" refers to an individual who is attending or participating in the conference but is not a member of IASTED (International Association of Science and Technology for Development). Typically, conference fees and registration processes may differ for members and non-members, with non-members often paying a higher fee to attend the event.","The class ""IASTED_non_member"" is a subclass of the class ""Delegate"".The subgraph describes a set of relationships and restrictions involving IASTED non-members and their registration fees. Specifically:

1. There is a restriction (denoted as `_:N2701b09f5ad3483a993d97e76208fe9e`) that applies to some values from the class `IASTED_non_member`. This restriction is associated with the property `is_designed_for`.
2. Another restriction (denoted as `_:Nbfe385688dc5435f83ea9eaeaee79a8d`) applies to some values from the class `Nonmember_registration_fee`. This restriction is associated with the property `pay`.
3. The class `Nonmember_registration_fee` is a subclass of the restriction `_:N2701b09f5ad3483a993d97e76208fe9e`.
4. The class `IASTED_non_member` is equivalent to the restriction `_:Nbfe385688dc5435f83ea9eaeaee79a8d`.
5. Both `_:N2701b09f5ad3483a993d97e76208fe9e` and `_:Nbfe385688dc5435f83ea9eaeaee79a8d` are of type `Restriction`.

In summary, the subgraph indicates that IASTED non-members are subject to certain restrictions related to the registration fee they need to pay, and these fees are specifically designed for them."
http://iasted#Initial_manuscipt,Target,Class,initial manuscipt,"In the context of a conference, ""initial manuscript"" refers to the first complete version of a research paper or article that an author submits for review. This document typically includes the full text, figures, tables, and references, and it is subject to evaluation by peer reviewers or conference organizers. The initial manuscript is assessed for its quality, originality, and relevance to the conference's themes before it can be accepted, revised, or rejected for presentation or publication in the conference proceedings.","The class ""Initial_manuscript"" is a subclass of the class ""Submission"".The class ""Initial_manuscript"" is a subclass of a restriction. This restriction specifies that the property ""go_through"" must have some values from the class ""Refusing_manuscript""."
http://iasted#Introduction,Target,Class,introduction,"In the context of a conference, an ""Introduction"" typically refers to the initial segment where the host or a designated speaker welcomes the attendees, outlines the agenda, and provides an overview of the conference's purpose and objectives. This segment sets the tone for the event, introduces key speakers or participants, and may also include housekeeping details such as session timings, locations, and any other relevant logistical information.","Sure, here are the triples verbalised into phrases:

1. ""Introduction of speaker"" is a subclass of ""Introduction"".
2. ""Introduction"" is a subclass of ""Conference activity""."
http://iasted#Introduction_of_speaker,Target,Class,introduction of speaker,"In the context of a conference, the ""Introduction of speaker"" refers to the segment where a host or another designated individual provides background information about the speaker who is about to present. This introduction typically includes details such as the speaker's name, professional title, relevant achievements, expertise, and the topic they will be discussing. The purpose is to establish the speaker's credibility and to give the audience a sense of what to expect from the presentation.","The class ""Introduction of speaker"" is a subclass of the class ""Introduction"".The class ""Session chair"" is defined as being equivalent to a restriction. This restriction specifies that the ""Session chair"" must have the property ""go through"" with at least some values coming from the class ""Introduction of speaker""."
http://iasted#Invitation_letter,Target,Class,invitation letter,"In the context of a conference, an ""invitation letter"" is a formal document sent by the organizers to potential attendees, speakers, or participants. This letter typically includes details about the conference such as the date, location, agenda, and purpose. It may also provide information on how to register, any fees involved, and logistical details like accommodation and travel arrangements. The invitation letter serves to formally invite the recipient to attend or participate in the conference and may also be used to support visa applications for international attendees.","The class ""Invitation_letter"" is a subclass of the class ""Document"".The given subgraph can be described in natural language as follows:

A ""Delegate"" is a type of entity that must obtain some form of ""Invitation letter"". Additionally, an ""Invitation letter"" is designed for some type of ""Delegate""."
http://iasted#Item,Target,Class,item,"In the context of a conference, an ""item"" typically refers to a specific point or topic on the agenda that will be discussed or addressed during the event. This could include presentations, discussions, workshops, or any other scheduled activities. Each item is usually listed in a sequence to ensure the conference runs smoothly and covers all intended subjects.","Sure, here are the triples verbalized into phrases:

1. ""Audiovisual equipment"" is a subclass of ""Item"".
2. ""Card"" is a subclass of ""Item"".
3. ""Document"" is a subclass of ""Item"".
4. ""Publication"" is a subclass of ""Item"".
5. ""Transport vehicle"" is a subclass of ""Item"".
6. The domain of ""go through"" is ""Item"".
7. The range of ""is equipped by"" is ""Item"".
8. The domain of ""is given to"" is ""Item"".
9. The domain of ""is made from"" is ""Item"" and the range of ""is made from"" is ""Item"".
10. The domain of ""is needed for"" is ""Item"".
11. The range of ""is paid with"" is ""Item"".
12. The domain of ""is prepared by"" is ""Item"".
13. The domain of ""is sent after"" is ""Item"".
14. The domain of ""is sent before"" is ""Item"".
15. The domain of ""is sent by"" is ""Item"".
16. The domain of ""is signed by"" is ""Item"".
17. The domain of ""is used by"" is ""Item"".
18. The domain of ""is used for"" is ""Item"".
19. The domain of ""is written by"" is ""Item"".
20. The range of ""need"" is ""Item"".
21. The range of ""obtain"" is ""Item"".
22. The range of ""prepare"" is ""Item"".
23. The range of ""send"" is ""Item"".
24. The range of ""sign"" is ""Item"".
25. The range of ""write"" is ""Item"".The given subgraph describes a set of classes and their relationships, including unions and properties. Here is a natural language description of the subgraph:

1. **Classes and Unions:**
   - There is a class that is a union of `Item` and `Place`.
   - Another class is a union of `Item` and `Activity`.
   - A third class is a union of `Activity` and `Place`.
   - There is a class that is a union of `Person` and `Item`.
   - Another class is a union of `Item` and `Activity`.
   - A class is a union of `Activity` and `Item`.
   - Another class is a union of `Item` and `Activity`.

2. **Properties:**
   - The property `give` has a range that is a class which is a union of `Item` and `Activity`.
   - The property `is_given_by` has a domain that is a class which is a union of `Item` and `Activity`.
   - The property `is_connected_with` has a range that is a class which is a union of `Item` and `Activity`.
   - The property `is_paid_for` has a range that is a class which is a union of `Activity` and `Place`.

3. **Specific Instances:**
   - There is a list that starts with `Activity` and has no further elements.
   - Another list starts with `Place` and has no further elements.
   - A list starts with `Item` and continues with another list that starts with `Place` and has no further elements.
   - Another list starts with `Item` and has no further elements.
   - A list starts with `Activity` and has no further elements.
   - Another list starts with `Item` and continues with another list that starts with `Activity` and has no further elements.
   - A list starts with `Person` and continues with another list that starts with `Item` and has no further elements.
   - Another list starts with `Item` and has no further elements.
   - A list starts with `Activity` and has no further elements.

In summary, the subgraph defines several classes and their unions, along with properties that connect these classes. The lists represent sequences of elements within these classes."
http://iasted#LCD_projector,Target,Class,lcd projector,"In the context of a conference, an LCD projector refers to a device that uses Liquid Crystal Display technology to project images, videos, or presentations onto a screen or flat surface. This allows speakers to visually share information with the audience, enhancing the overall communication and engagement during the conference.","The class ""LCD projector"" is a subclass of the class ""Audiovisual equipment""."
http://iasted#Lecture,Target,Class,lecture,"In the context of a conference, a lecture refers to a formal presentation or talk given by an expert or speaker on a specific topic. The purpose of the lecture is to educate, inform, or share insights with the audience, often followed by a question-and-answer session to engage attendees and clarify any points discussed.","Sure, here are the triples verbalised into phrases:

1. A ""Plenary lecture"" is a subclass of ""Lecture"".
2. A ""Session"" is a subclass of ""Lecture"".
3. A ""Tutorial"" is a subclass of ""Lecture"".
4. A ""Lecture"" is a subclass of ""Conference activity"".The given subgraph can be described in natural language as follows:

A ""Speaker"" is a subclass of entities that are associated with the property of giving something, specifically a ""Lecture"". This relationship is defined as a restriction where the ""Speaker"" must give a ""Lecture"".

Additionally, a ""Lecture"" is a subclass of entities that are designed for a ""Listener"". This relationship is also defined as a restriction where the ""Lecture"" must be intended for a ""Listener""."
http://iasted#Lecturer,Target,Class,lecturer,"In the context of a conference, a ""Lecturer"" refers to an individual who delivers a speech or presentation on a specific topic to an audience. This person is typically an expert or knowledgeable in the subject matter they are discussing and aims to educate, inform, or inspire the attendees through their lecture.","Sure, here are the triples verbalised into phrases:

1. ""Student_lecturer"" is a subclass of ""Lecturer"".
2. ""Worker_lecturer"" is a subclass of ""Lecturer"".
3. ""Lecturer"" is a subclass of ""Author"".The given subgraph can be described in natural language as follows:

A ""Lecturer"" is defined as a type of entity that is equivalent to a restriction where the entity must ""give"" some ""Session"". Additionally, a ""Lecturer"" is a subclass of another restriction where the entity must ""speak in"" some ""Session_room""."
http://iasted#Listener,Target,Class,listener,"In the context of a conference, a ""listener"" refers to an attendee who is primarily there to hear and absorb the information being presented by the speakers. Unlike speakers or panelists, listeners do not actively participate in delivering content but may engage in activities such as asking questions during Q&A sessions, taking notes, and networking with other attendees. Their main role is to gain knowledge, insights, and updates on the topics being discussed at the conference.","The class ""Listener"" is a subclass of the class ""Delegate"".The provided subgraph can be described in natural language as follows:

1. **Audiovisual Equipment** is designed for **Listeners**.
2. **Lectures** are designed for **Listeners**.
3. **Listeners** are a subclass of a restriction that involves signing a **Record of Attendance**.
4. **Records of Attendance** are signed by **Listeners**.
5. **Audiovisual Equipment** is a subclass of a restriction that is designed for **Listeners**.
6. **Listeners** are a subclass of a restriction that is present in a union of **Session Rooms** and **Conference Halls**.
7. **Lectures** are a subclass of a restriction that is designed for **Listeners**.
8. **Listeners** are a subclass of a restriction that is present in a union of **Session Rooms** and **Conference Halls**.
9. **Session Rooms** and **Conference Halls** are part of a union class.
10. **Records of Attendance** are a subclass of a restriction that is signed by **Listeners**.

In summary, the subgraph describes relationships between **Audiovisual Equipment**, **Lectures**, **Listeners**, **Records of Attendance**, **Session Rooms**, and **Conference Halls**. It specifies that **Audiovisual Equipment** and **Lectures** are designed for **Listeners**, who are involved in signing **Records of Attendance** and are present in **Session Rooms** or **Conference Halls**."
http://iasted#Mailing_list,Target,Class,mailing list,"In the context of a conference, a mailing list refers to a collection of email addresses used by the conference organizers to distribute information and updates to participants, speakers, and other stakeholders. This can include announcements about the conference schedule, speaker line-up, registration details, and other relevant information. It serves as a communication tool to keep everyone informed and engaged before, during, and after the event.","The class ""Mailing_list"" is a subclass of the class ""Document"".The class ""Mailing_list"" is a subclass of a restriction. This restriction specifies that the property ""is_designed_for"" must have some values from the class ""Delegate""."
http://iasted#Main_office,Target,Class,main office,"In the context of a conference, ""Main_office"" typically refers to the primary administrative office responsible for organizing and managing the event. This office handles tasks such as registration, scheduling, communication with attendees and speakers, and overall coordination of the conference activities. It serves as the central point of contact for any inquiries or issues related to the conference.","The class ""Main_office"" is a subclass of the class ""Place""."
http://iasted#Memeber_registration_fee,Target,Class,memeber registration fee,"In the context of a conference, ""Member_registration_fee"" refers to the amount of money that individuals who are members of the organizing or affiliated institution must pay to register and participate in the conference. This fee is typically lower than the fee for non-members, as a benefit of membership.","The class ""Member_registration_fee"" is a subclass of the class ""Registration_fee"".The subgraph describes a set of relationships and restrictions involving IASTED members and their registration fees. Here's a natural language description:

There is a restriction that applies to entities designed for IASTED members. This restriction specifies that IASTED members are equivalent to entities that are required to pay a member registration fee. The member registration fee itself is a subclass of the restriction designed for IASTED members."
http://iasted#Modelling,Target,Class,modeling,"In the context of a conference, ""modelling"" typically refers to the process of creating abstract representations of systems, processes, or phenomena to better understand, analyze, or predict their behavior. This can involve the use of mathematical, statistical, computational, or conceptual models. Modelling is often a key topic at conferences related to fields such as science, engineering, economics, and social sciences, where experts gather to discuss advancements, methodologies, and applications of various types of models.","""Modelling is a subclass of Research."""
http://iasted#Money,Target,Class,money,"In the context of a conference, ""money"" typically refers to the financial resources or budget allocated for organizing and conducting the event. This can include expenses for venue rental, speaker fees, marketing, catering, travel, and other logistical costs. Effective management of money is crucial to ensure the conference runs smoothly and achieves its objectives.","Sure, here are the triples verbalised into phrases:

1. ""Fee"" is a subclass of ""Money"".
2. ""Sponsorship"" is a subclass of ""Money"".
3. ""Tax"" is a subclass of ""Money"".
4. ""Tip"" is a subclass of ""Money"".
5. ""has_amount_of"" has a domain of ""Money"".
6. ""is_paid_by"" has a domain of ""Money"".
7. ""is_paid_for"" has a domain of ""Money"".
8. ""is_paid_in"" has a domain of ""Money"".
9. ""is_paid_with"" has a domain of ""Money"".
10. ""pay"" has a range of ""Money"".The provided subgraph can be described in natural language as follows:

There are several classes and properties defined in the graph. 

1. There is a class (let's call it Class1) which is a union of two elements: 'Activity' and another class (let's call it Class2). Class1 is also the range of the property 'is_used_for'.
2. Class2 is a union of 'Activity' and 'Money'.
3. Another class (Class3) is a union of 'Activity' and another class (Class4). Class3 is the domain of the property 'is_designed_for'.
4. Class4 is a union of 'Money' and another class (Class5).
5. Class5 is a union of 'Time' and 'nil'.

In summary:
- 'is_used_for' has a range of a class that is a union of 'Activity' and another class which is a union of 'Activity' and 'Money'.
- 'is_designed_for' has a domain of a class that is a union of 'Activity' and another class which is a union of 'Money' and another class which is a union of 'Time' and 'nil'."
http://iasted#Non_speaker,Target,Class,non speaker,"In the context of a conference, a ""non-speaker"" refers to an attendee who is not scheduled to give a presentation, lecture, or talk. Non-speakers participate in the conference by attending sessions, networking, and engaging in discussions, but they do not have a formal speaking role in the event's program.","Sure, here are the triples verbalized into phrases:

1. ""Student_non_speaker"" is a subclass of ""Non_speaker"".
2. ""Worker_non_speaker"" is a subclass of ""Non_speaker"".
3. ""Speaker"" is disjoint with ""Non_speaker"".
4. ""Non_speaker"" is a subclass of ""Delegate"".
5. ""Non_speaker"" is disjoint with ""Speaker"".The class ""Nonauthor_registration_fee"" is a subclass of a restriction. This restriction specifies that the property ""is_designed_for"" must have some values from the class ""Non_speaker""."
http://iasted#Nonauthor_registration_fee,Target,Class,nonauthor registration fee,"In the context of a conference, the term ""Nonauthor_registration_fee"" refers to the fee that is charged to participants who are attending the conference but are not presenting any papers or research. This fee is typically paid by attendees who are there to listen to presentations, network, and participate in conference activities, but who have not submitted or been accepted to present their own work.","The class ""Nonauthor_registration_fee"" is a subclass of the class ""Registration_fee"".The class ""Worker_non_speaker"" is defined as being equivalent to a restriction. This restriction specifies that the ""Worker_non_speaker"" must pay a fee, specifically the ""Nonauthor_registration_fee."" The ""Nonauthor_registration_fee"" is a subclass of another restriction, which is designed for individuals who are ""Non_speaker."""
http://iasted#Nonmember_registration_fee,Target,Class,nonmember registration fee,"In the context of a conference, the term ""Nonmember_registration_fee"" refers to the fee that individuals who are not members of the organizing body or association must pay to register and attend the conference. This fee is typically higher than the fee for members, as it does not include any membership benefits or discounts that members might receive.","The class ""Nonmember_registration_fee"" is a subclass of the class ""Registration_fee"".The subgraph describes a set of restrictions and relationships involving IASTED non-members and the fees they are required to pay. Specifically:

1. There is a restriction (denoted as `_:N2701b09f5ad3483a993d97e76208fe9e`) that is designed for IASTED non-members.
2. This restriction involves some values from the class `IASTED_non_member`.
3. Another restriction (denoted as `_:Nbfe385688dc5435f83ea9eaeaee79a8d`) involves the property of paying and is associated with some values from the class `Nonmember_registration_fee`.
4. The class `Nonmember_registration_fee` is a subclass of the restriction designed for IASTED non-members.
5. The restriction involving the property of paying is of type `Restriction`.
6. The class `IASTED_non_member` is equivalent to the restriction involving the property of paying.
7. The restriction designed for IASTED non-members is also of type `Restriction`.

In summary, IASTED non-members are subject to a restriction that involves paying a non-member registration fee, and this fee is specifically designed for them."
http://iasted#One_conference_day,Target,Class,one conference day,"In the context of a conference, ""One_conference_day"" refers to a single day within the duration of the conference. This day typically includes a schedule of events such as keynote speeches, panel discussions, workshops, networking sessions, and other activities planned for attendees. It represents a full day of participation in the conference's planned agenda.","The class ""One conference day"" is a subclass of ""Conference days""."
http://iasted#One_day_presenter,Target,Class,one day presenter,"In the context of a conference, a ""One_day_presenter"" refers to an individual who is scheduled to present or speak on a specific topic for one day of the event. This person may deliver a lecture, conduct a workshop, or participate in a panel discussion on that particular day. The term highlights that their presentation or involvement is limited to a single day of the conference.","The class ""One_day_presenter"" is a subclass of the class ""Delegate"".The provided subgraph can be described in natural language as follows:

A ""Dinner banquet"" is a subclass of a restriction that is designed for some values from a class. This class is defined as the complement of ""One day presenter."" The ""One day presenter"" is equivalent to another restriction that has a cardinality of 1 on the property ""is present."""
http://iasted#Overhead_projector,Target,Class,overhead projector,"In the context of a conference, an overhead projector is a device used to display images, text, or diagrams onto a screen or wall. It works by shining light through a transparent sheet (often called a transparency) that contains the content to be projected. This allows presenters to visually share information with a large audience, making it easier to follow along with the presentation.","The class ""Overhead projector"" is a subclass of the class ""Audiovisual equipment""."
http://iasted#Payment_document,Target,Class,payment document,"In the context of a conference, a ""Payment_document"" typically refers to a record or proof of payment for conference-related expenses. This could include receipts, invoices, or confirmation documents that verify the payment of registration fees, accommodation, travel expenses, or other costs associated with attending the conference. These documents are often required for reimbursement purposes or for accounting and record-keeping by the conference organizers or the attendee's institution.","Sure, here are the triples verbalised into phrases:

1. ""Bank_transfer"" is a subclass of ""Payment_document"".
2. ""Cheque"" is a subclass of ""Payment_document"".
3. ""Payment_document"" is a subclass of ""Document"".The given subgraph can be described as follows:

1. **Payment_document** is a subclass of a restriction that is defined on the property **is_designed_for** and has some values from a class represented by **_:Nb312c12e03104969ba3a56a2f68d4374**.

2. **Fee** is a subclass of a restriction that is defined on the property **is_paid_with** and has some values from a class represented by **_:N0113262471a94b5b8805fe50e7b6be39**.

3. The class **_:Nb312c12e03104969ba3a56a2f68d4374** is a union of **Fee** and another class represented by **_:Nb8f811b3c3254a89a18ee4adbc335389**.

4. The class **_:N0113262471a94b5b8805fe50e7b6be39** is a union of **Credit_card** and another class represented by **_:N4812f0ac834c4f4b8634fc2345067d77**.

5. The class **_:Nb8f811b3c3254a89a18ee4adbc335389** is a list that contains **Tax** and ends with **nil**.

6. The class **_:N4812f0ac834c4f4b8634fc2345067d77** is a list that contains **Payment_document** and ends with **nil**.

In summary, **Payment_document** is designed for a union of **Fee** and **Tax**, while **Fee** is paid with a union of **Credit_card** and **Payment_document**."
http://iasted#Person,Target,Class,person,"In the context of a conference, a ""person"" typically refers to an individual who is attending or participating in the event. This could include speakers, attendees, organizers, panelists, or any other individuals involved in the conference activities.","Sure, here are the triples verbalized into phrases:

1. A ""Delegate"" is a subclass of ""Person"".
2. A ""Sponsor"" is a subclass of ""Person"".
3. The action ""give"" is performed by a ""Person"".
4. The action ""is_given_by"" is received by a ""Person"".
5. The action ""is_given_to"" is received by a ""Person"".
6. The action ""is_needed_for"" is required by a ""Person"".
7. The action ""is_occupied_by"" is performed by a ""Person"".
8. The action ""is_paid_by"" is performed by a ""Person"".
9. The action ""is_prepared_by"" is performed by a ""Person"".
10. The action ""is_present"" is performed by a ""Person"".
11. The action ""is_present_in"" is performed by a ""Person"".
12. The action ""is_sent_by"" is performed by a ""Person"".
13. The action ""is_signed_by"" is performed by a ""Person"".
14. The action ""is_used_by"" is performed by a ""Person"".
15. The action ""is_visited_by"" is performed by a ""Person"".
16. The action ""is_written_by"" is performed by a ""Person"".
17. The action ""need"" is performed by a ""Person"".
18. The action ""obtain"" is performed by a ""Person"".
19. The action ""occupy"" is performed by a ""Person"".
20. The action ""pay"" is performed by a ""Person"".
21. The action ""prepare"" is performed by a ""Person"".
22. The action ""send"" is performed by a ""Person"".
23. The action ""sign"" is performed by a ""Person"".
24. The action ""speak_in"" is performed by a ""Person"".
25. The action ""write"" is performed by a ""Person"".The given subgraph can be described as follows:

1. There is a class that is connected with a domain, which is a union of another class.
2. This union consists of two elements: an ""Activity"" and a ""Person"".
3. The ""Person"" element is the first in the list, followed by ""nil"" indicating the end of the list.
4. Another class is defined as a union of two elements: a ""Person"" and an ""Activity"".
5. The ""Person"" element is the first in the list, followed by ""nil"" indicating the end of the list.
6. There is a class that is a union of a ""Person"" and an ""Item"".
7. The ""Person"" element is the first in the list, followed by an ""Item"" and then ""nil"" indicating the end of the list.
8. The ""is_designed_for"" property has a range that includes the class which is a union of a ""Person"" and an ""Activity"".

In summary, the subgraph describes several classes and their relationships, including unions of ""Person"", ""Activity"", and ""Item"" elements, and properties connecting these classes."
http://iasted#Place,Target,Class,place,"In the context of a conference, ""place"" typically refers to the physical location or venue where the conference is being held. This could be a convention center, hotel, university campus, or any other facility equipped to host such events. The ""place"" includes the specific address and any relevant details about the site that attendees need to know, such as room numbers, building names, or specific areas within a larger complex.","Sure, here are the triples verbalised into phrases:

1. A Building is a subclass of a Place.
2. A Conference hall is a subclass of a Place.
3. A Hotel room is a subclass of a Place.
4. A Main office is a subclass of a Place.
5. A Session room is a subclass of a Place.
6. The property ""is equipped by"" has a domain of Place.The provided subgraph describes a complex ontology involving various classes, properties, and restrictions. Here is a natural language description of the key elements and their relationships:

1. **Classes and Subclasses:**
   - `Place` is a subclass of two restrictions:
     - One restriction (`_:Nc48cd7af1ad94116be7511a31bfa6ac2`) specifies that a `Place` is situated in a `Conference_city`.
     - Another restriction (`_:N17f120ca9fbd4331b48f2ffe5234f301`) specifies that a `Place` is situated in a `Conference_state`.

2. **Properties and Domains/Ranges:**
   - The property `is_situated_in` has a domain of `_:N0bf053f79aaa417ab691800dc17fe915` and ranges over `_:N11e959340b7c4246abb3b2f6f4cddba6`.
   - The property `speak_in` has a range of `_:Na0a06733684044738746b5828e7b93de`.
   - The property `is_connected_with` has a range of `_:Nfe5a6e5cf0094969aba47b36541fd411`.
   - The property `is_present_in` has a range of `_:Ne6c1c69356aa482a9c4bb39021406095`.
   - The property `is_held_in` has a range of `_:N13fbf6d9e8014faca3fff42028b6c09f`.

3. **Unions and Lists:**
   - Several classes are defined as unions of other classes or lists:
     - `_:N0bf053f79aaa417ab691800dc17fe915` is a union of `_:Nf6dc6277b6a744a8ab0527ccc863f98c`.
     - `_:Na0a06733684044738746b5828e7b93de` is a union of `_:Nf8a11650fea74fb0a00490037274de2c`.
     - `_:N13fbf6d9e8014faca3fff42028b6c09f` is a union of `_:N6461bdc8f1264bbf985997b36c0f8aae`.
     - `_:N11e959340b7c4246abb3b2f6f4cddba6` is a union of `_:N4edc5d82d31d447b897abbd452464b0d`.
     - `_:Nfe5a6e5cf0094969aba47b36541fd411` is a union of `_:N72550d7cba6b4742861de4ada62a371a`.
     - `_:Ne6c1c69356aa482a9c4bb39021406095` is a union of `_:N443b38b762364670b65cb8b32e5a5e7b`.
     - `_:Nce7bfb8dd8844b70858565ea2ee5b5e7` is a union of `_:N48d2ce21a3c54ffd9e103171996cf4b9`.
     - `_:Nc260fec2ab594b0088eeb05b09def9e9` is a union of `_:N753b7d398e5541a68ce1de67aeb006e2`.
     - `_:Na7ceddeadbcd4a97a7a6ef8d82dcb319` is a union of `_:N62488fda6e664e329462f31625e3262c`.
     - `_:Nb717296be5d24120ac7a163131ecc3b7` is a union of `_:Nd6bc6fa0113c482388f75fc8776a7cc7`.
     - `_:N68e6397c43c14e65a1638f99d337f9ca` is a union of `_:Ne97d30c405f34a06be7a55dbc3527810`.
     - `_:N6e0140fc5444482fa88b540e708d776b` is a union of `_:N50da27c81e354a81bb2d6e453504c663`.

4. **Lists and Their Elements:**
   - Various lists are defined with elements such as `Place`, `City`, `State`, `Building`, `Time`, and `Item`. These lists are used to define the unions and restrictions mentioned above.

5. **Restrictions:**
   - The restriction `_:Nc48cd7af1ad94116be7511a31bfa6ac2` specifies that the property `is_situated_in` has some values from `Conference_city`.
   - The restriction `_:N17f120ca9fbd4331b48f2ffe5234f301` specifies that the property `is_situated_in` has some values from `Conference_state`.

In summary, the ontology defines a complex structure of places, buildings, cities, states, and times, with various properties connecting them and restrictions specifying their relationships."
http://iasted#Plenary_lecture,Target,Class,plenary lecture,"In the context of a conference, a ""plenary lecture"" refers to a session where a keynote speaker addresses all the attendees. This lecture is typically scheduled to be of broad interest and importance, often featuring a distinguished expert who provides insights on a significant topic relevant to the conference's theme. The plenary lecture is designed to bring together all participants, fostering a shared experience and setting the tone for the event.","The class ""Plenary_lecture"" is a subclass of the class ""Lecture"".The subgraph describes the following relationships:

1. A ""Plenary lecture"" is equivalent to a restriction where the property ""is given by"" has some values from ""Plenary lecture speaker"".
2. A ""Tutorial speaker"" is equivalent to a restriction where the property ""give"" has some values from ""Plenary lecture"".
3. Both the restrictions mentioned are of type ""Restriction"".

In simpler terms, a ""Plenary lecture"" is defined as a lecture that is given by a ""Plenary lecture speaker"", and a ""Tutorial speaker"" is defined as someone who gives a ""Plenary lecture""."
http://iasted#Plenary_lecture_speaker,Target,Class,plenary lecture speaker,"In the context of a conference, a ""Plenary Lecture Speaker"" refers to an individual who delivers a plenary lecture, which is a keynote address or presentation given to all attendees of the conference. This lecture typically covers a topic of broad interest and significance to the entire audience, setting the tone for the event and often highlighting key themes or advancements in the field. The plenary lecture is usually scheduled at a time when no other sessions are taking place, ensuring maximum attendance.","The class ""Plenary lecture speaker"" is a subclass of the class ""Author"".The subgraph describes the relationships and restrictions involving plenary lectures and their speakers. Here is a natural language description:

1. A ""Plenary lecture"" is equivalent to a class that has a restriction on the property ""is_given_by,"" which must be a ""Plenary lecture speaker.""
2. A ""Plenary lecture speaker"" is equivalent to a class that has a restriction on the property ""give,"" which must involve some values from ""Tutorial.""
3. A ""Plenary lecture speaker"" is a subclass of a class that has a restriction on the property ""speak_in,"" which must involve some values from ""Conference hall.""

In summary, a plenary lecture is given by a plenary lecture speaker, who is someone that gives tutorials and speaks in conference halls."
http://iasted#PowerPoint_presentation,Target,Class,powerpoint presentation,"In the context of a conference, a ""PowerPoint presentation"" refers to a visual and often interactive display created using Microsoft PowerPoint software. It typically consists of a series of slides that include text, images, charts, videos, and other multimedia elements. These presentations are used by speakers to convey information, support their speech, and engage the audience more effectively during their session at the conference.","The class ""PowerPoint presentation"" is a subclass of the class ""Presentation""."
http://iasted#Presentation,Target,Class,presentation,"In the context of a conference, a presentation refers to the act of delivering information, ideas, or research findings to an audience. This typically involves the use of visual aids such as slides, charts, or videos, and is often followed by a question-and-answer session. The goal of a presentation at a conference is to inform, persuade, or engage the audience on a specific topic related to the conference's theme.","Sure, here are the triples verbalised into phrases:

1. A PowerPoint presentation is a subclass of a presentation.
2. A video presentation is a subclass of a presentation.
3. A presentation is a subclass of a conference activity."
http://iasted#Presenter_city,Target,Class,presenter city,"In the context of a conference, ""Presenter_city"" refers to the city where the presenter or speaker is based or from. This information is often included in conference materials to provide context about the presenter's background and may also be relevant for networking purposes.","The class ""Presenter_city"" is a subclass of the class ""City"".The given subgraph can be described in natural language as follows:

1. **Presenter_city** is a subclass of a restriction that is occupied by some **Delegate**.
2. **Presenter_house** is a subclass of a restriction that is situated in some **Presenter_city**.
3. **Presenter_university** is a subclass of a restriction that is situated in some **Presenter_city**.
4. A restriction exists on the property **is_situated_in** with some values from **Presenter_city**.
5. A restriction exists on the property **is_occupied_by** with some values from **Delegate**.
6. A restriction exists on the property **occupy** with some values from **Presenter_city**.

In summary, **Presenter_city** is related to **Delegate** through the property **is_occupied_by**, and both **Presenter_house** and **Presenter_university** are situated in **Presenter_city**."
http://iasted#Presenter_house,Target,Class,presenter house,"In the context of a conference, ""Presenter_house"" typically refers to the designated area or room where the presenters or speakers prepare, gather, or wait before and after their presentations. It serves as a backstage or green room area for the presenters to organize their materials, relax, and coordinate with event staff.","The class ""Presenter_house"" is a subclass of the class ""Building"".The subgraph describes the following relationships and restrictions:

1. A ""Presenter_house"" is a subclass of a restriction that involves the property ""is_occupied_by"" and has some values from ""Delegate"".
2. This restriction is of type ""Restriction"".
3. A ""Presenter_house"" is also a subclass of another restriction that involves the property ""is_situated_in"" and has some values from ""Presenter_city"".
4. This restriction is also of type ""Restriction"".
5. A ""Delegate"" is a subclass of a restriction that involves the property ""occupy"" and has some values from ""Presenter_house"".
6. This restriction is of type ""Restriction"".
7. A ""Presenter_house"" is a subclass of yet another restriction that involves the property ""is_situated_in"" and has some values from ""Presenter_state"".
8. This restriction is also of type ""Restriction"".

In summary, a ""Presenter_house"" is defined by several restrictions involving its occupation by a ""Delegate"" and its location within a ""Presenter_city"" and ""Presenter_state"". Additionally, a ""Delegate"" is defined by its occupation of a ""Presenter_house""."
http://iasted#Presenter_state,Target,Class,presenter state,"In the context of a conference, ""Presenter_state"" typically refers to the current status or condition of the presenter. This could include whether the presenter is actively presenting, preparing to present, on standby, or has completed their presentation. It may also encompass the presenter's readiness, engagement level, or any technical issues they might be experiencing.","The class ""Presenter_state"" is a subclass of the class ""State"".The given subgraph can be described in natural language as follows:

1. **Presenter_state** is a subclass of an unnamed restriction (let's call it Restriction1).
2. **Restriction1** has some values from **Delegate** and is on the property **is_occupied_by**.
3. **Delegate** is a subclass of another unnamed restriction (let's call it Restriction2).
4. **Restriction2** has some values from **Presenter_state** and is on the property **occupy**.
5. **Presenter_university** is a subclass of another unnamed restriction (let's call it Restriction3).
6. **Restriction3** has some values from **Presenter_state** and is on the property **is_situated_in**.
7. **Presenter_house** is a subclass of another unnamed restriction (let's call it Restriction4).
8. **Restriction4** has some values from **Presenter_state** and is on the property **is_situated_in**.

In summary, the relationships can be described as follows:
- A **Presenter_state** is occupied by a **Delegate**.
- A **Delegate** occupies a **Presenter_state**.
- A **Presenter_university** is situated in a **Presenter_state**.
- A **Presenter_house** is situated in a **Presenter_state**."
http://iasted#Presenter_university,Target,Class,presenter university,"In the context of a conference, ""Presenter_university"" refers to the academic institution or university that the presenter is affiliated with. This information is typically included in the conference program or schedule to provide attendees with background on the presenter's academic or professional credentials.","The class ""Presenter_university"" is a subclass of the class ""Building"".The class ""Presenter_university"" is a subclass of two restrictions. The first restriction specifies that the university is situated in some city, which is a member of the class ""Presenter_city"". The second restriction specifies that the university is situated in some state, which is a member of the class ""Presenter_state""."
http://iasted#Publication,Target,Class,publication,"In the context of a conference, a ""publication"" typically refers to the formal dissemination of research findings, papers, or articles that have been presented at the conference. These publications are often compiled into conference proceedings, which may be distributed in print or digital formats. The purpose of these publications is to share new knowledge, innovations, and advancements with the broader academic and professional community.","Sure, here are the triples verbalized into phrases:

1. ""Book_proceeding"" is a subclass of ""Publication"".
2. ""Cd_proceeding"" is a subclass of ""Publication"".
3. ""Publication"" is a subclass of ""Item"".The class ""Publication"" is a subclass of a restriction. This restriction specifies that the property ""is made from"" must have some values from the class ""Final manuscript""."
http://iasted#Receiving_manuscript,Target,Class,receiving manuscript,"In the context of a conference, ""receiving manuscript"" refers to the process where the conference organizers or the designated committee receive the research papers or articles submitted by authors for consideration. These manuscripts are typically reviewed for quality, relevance, and adherence to the conference's guidelines before being accepted for presentation or publication in the conference proceedings.","The class ""Receiving_manuscript"" is a subclass of the class ""Activity_before_conference""."
http://iasted#Record_of_attendance,Target,Class,record of attendance,"In the context of a conference, a ""Record of Attendance"" refers to a documented account or list that details the individuals who were present at the event. This record typically includes information such as the names of the attendees, their affiliations, the sessions they attended, and possibly the dates and times of their participation. It serves as an official verification of attendance, which can be used for various purposes such as certification, continuing education credits, or organizational records.","The class ""Record of attendance"" is a subclass of the class ""Document"".The given subgraph can be described in natural language as follows:

A ""Record of attendance"" is a subclass of a restriction that requires it to be signed by a ""Listener"". This ""Listener"" is further defined as a subclass of a restriction that involves signing a ""Record of attendance"". Additionally, a ""Record of attendance"" is also a subclass of another restriction that requires it to be situated in a ""Session room""."
http://iasted#Refusing_manuscript,Target,Class,refusing manuscript,"In the context of a conference, ""Refusing_manuscript"" refers to the rejection of a submitted paper or manuscript by the conference organizers or review committee. This means that the paper will not be accepted for presentation or publication as part of the conference proceedings. The refusal could be due to various reasons such as not meeting the conference's standards, relevance, originality, or quality criteria.","The class ""Refusing_manuscript"" is a subclass of the class ""Activity_before_conference"".The class ""Initial_manuscript"" is a subclass of a restriction. This restriction specifies that the property ""go_through"" must have some values from the class ""Refusing_manuscript""."
http://iasted#Registation_deadline,Target,Class,registation deadline,"In the context of a conference, the term ""registration deadline"" refers to the final date by which participants must complete their registration to attend the event. This deadline is set by the conference organizers and is important for planning purposes, such as arranging accommodations, preparing materials, and finalizing the schedule. Missing the registration deadline may result in not being able to attend the conference or incurring additional late fees.","The class ""Registration_deadline"" is a subclass of the class ""Deadline"".The class ""Registration_form"" is a subclass of a restriction. This restriction specifies that there is a property ""is_sent_before"" which must have some values from the class ""Registration_deadline""."
http://iasted#Registration,Target,Class,registration,"In the context of a conference, ""registration"" refers to the process by which individuals sign up or enroll to attend the event. This typically involves providing personal information, selecting sessions or workshops to attend, and often paying a fee. Registration ensures that the organizers can manage attendance, prepare materials, and plan logistics effectively.","The class ""Registration"" is a subclass of the class ""Conference activity"".The given subgraph can be described in natural language as follows:

The class ""Delegate"" is equivalent to a class that is an intersection of several restrictions. One restriction specifies that a delegate must go through a process that involves some form of ""Registration"". Another restriction indicates that a delegate must be present during ""Conference_days"". Additionally, a delegate must be designed for ""Delegate"" and must be present in a ""Conference_building"".

The class ""Registration"" is a subclass of a restriction that specifies it is designed for ""Delegate"".

In summary, a ""Delegate"" is someone who goes through a registration process, is present during conference days, and is present in a conference building. The registration process itself is designed for delegates."
http://iasted#Registration_fee,Target,Class,registration fee,"In the context of a conference, the term ""registration fee"" refers to the amount of money that participants are required to pay in order to attend the event. This fee typically covers various costs associated with organizing the conference, such as venue rental, materials, meals, and sometimes access to special sessions or workshops. The registration fee is usually paid in advance during the registration process.","Sure, here are the triples verbalised into phrases:

1. ""Author_attendee_book_registration_fee"" is a subclass of ""Registration_fee"".
2. ""Author_attendee_cd_registration_fee"" is a subclass of ""Registration_fee"".
3. ""Memeber_registration_fee"" is a subclass of ""Registration_fee"".
4. ""Nonauthor_registration_fee"" is a subclass of ""Registration_fee"".
5. ""Nonmember_registration_fee"" is a subclass of ""Registration_fee"".
6. ""Student_registration_fee"" is a subclass of ""Registration_fee"".
7. ""Registration_fee"" is a subclass of ""Fee"".The given subgraph can be described as follows:

1. A ""Delegate"" is a type of entity that is involved in a restriction related to the property ""pay"". Specifically, a delegate is someone who pays a ""Registration_fee"".
2. A ""Registration_fee"" is a type of entity that is involved in a restriction related to the property ""is_paid_by"". Specifically, a registration fee is something that is paid by a ""Delegate"".
3. Additionally, a ""Registration_fee"" is involved in another restriction related to the property ""is_paid_for"". Specifically, a registration fee is something that is paid for a ""Conference_activity"".

In summary, delegates pay registration fees, and these fees are paid for conference activities."
http://iasted#Registration_form,Target,Class,registration form,"In the context of a conference, a ""registration form"" is a document or online form that participants fill out to sign up for the event. This form typically collects essential information such as the attendee's name, contact details, organization, and sometimes additional details like session preferences, dietary restrictions, and payment information. The purpose of the registration form is to manage attendance, plan logistics, and ensure that all necessary arrangements are made for the participants.","The class ""Registration_form"" is a subclass of the class ""Form"".The given subgraph can be described in natural language as follows:

A ""Registration_form"" is subject to three restrictions:
1. It must be sent before the ""Registration_deadline"".
2. It must be sent by a ""Delegate"".
3. It must be sent by someone who is capable of sending a ""Registration_form"".

Additionally, a ""Delegate"" is subject to a restriction that they must be capable of sending a ""Registration_form""."
http://iasted#Renting,Target,Class,renting,"In the context of a conference, ""renting"" typically refers to the act of temporarily acquiring the use of a venue, equipment, or services needed for the event. This could include renting a conference hall, audio-visual equipment, furniture, or even services like catering and technical support. The goal is to ensure that all necessary resources are available for the successful execution of the conference.","""Renting"" is a subclass of ""Activity before conference"".The class ""Renting"" is a subclass of a restriction that specifies that it is connected with some values from the class ""Car"". This means that any instance of ""Renting"" must be associated with at least one instance of the class ""Car"" through the property ""is_connected_with""."
http://iasted#Research,Target,Class,research,"In the context of a conference, ""research"" refers to the systematic investigation and study of materials and sources in order to establish facts and reach new conclusions. It typically involves presenting findings, methodologies, and insights on a specific topic to an audience of peers, experts, and other interested parties. The goal is to share knowledge, foster discussion, and potentially inspire further research and collaboration within the field.","Sure, here are the triples verbalised into phrases:

1. ""Modelling is a subclass of Research.""
2. ""Simulating is a subclass of Research.""
3. ""Research is a subclass of Activity before conference."""
http://iasted#Review,Target,Class,review,"In the context of a conference, a ""review"" typically refers to the evaluation or assessment of submitted papers, presentations, or proposals by a panel of experts or peers. This process is crucial for maintaining the quality and relevance of the conference content. Reviewers provide feedback, suggest improvements, and recommend whether a submission should be accepted, revised, or rejected.","The class ""Review"" is a subclass of the class ""Document"".The provided subgraph can be described in natural language as follows:

A ""Reviewer"" is equivalent to an entity that has a restriction on the property ""give"" such that it gives some values from ""Review"". Additionally, a ""Review"" is a subclass of an entity that has a restriction on the property ""is written by"" such that it is written by some values from ""Reviewer""."
http://iasted#Reviewer,Target,Class,reviewer,"In the context of a conference, a reviewer is an individual who evaluates and assesses the quality, relevance, and originality of submitted papers or presentations. Reviewers provide feedback and recommendations regarding whether a submission should be accepted, revised, or rejected. Their role is crucial in maintaining the academic and professional standards of the conference.","The class ""Reviewer"" is a subclass of the class ""Speaker"".The given subgraph can be described in natural language as follows:

A ""Reviewer"" is equivalent to an entity that has a restriction on the property ""give"" such that it must give some values from ""Review"". Additionally, a ""Review"" is a subclass of an entity that has a restriction on the property ""is written by"" such that it must be written by some values from ""Reviewer""."
http://iasted#Session,Target,Class,session,"In the context of a conference, a ""session"" refers to a specific period of time during which a particular topic, presentation, discussion, or set of activities takes place. Sessions are typically scheduled in advance and can include keynote speeches, panel discussions, workshops, or breakout groups. Each session is designed to focus on a specific subject matter or theme relevant to the overall conference agenda.","The class ""Speaker_lecture"" is a subclass of the class ""Session"".

The class ""Session"" is a subclass of the class ""Lecture"".The provided subgraph can be described in natural language as follows:

1. A **Lecturer** is defined as someone who gives a **Session**.
2. A **Session** is held in a **Session_room**.
3. A **Session** is given by either an **Author** or a **Session_chair**.

To break it down further:
- The class **Lecturer** is equivalent to a restriction where the property **give** has some values from the class **Session**.
- The class **Session** is a subclass of a restriction where the property **is_held_in** has some values from the class **Session_room**.
- The class **Session** is also a subclass of a restriction where the property **is_given_by** has some values from a union class.
- This union class consists of **Author** and **Session_chair**.
- The union class is defined as a class itself.

In summary, a **Lecturer** gives a **Session**, which is held in a **Session_room** and is given by either an **Author** or a **Session_chair**."
http://iasted#Session_chair,Target,Class,session chair,"In the context of a conference, a ""Session Chair"" is an individual responsible for overseeing and managing a specific session or segment of the conference. Their duties typically include introducing speakers, ensuring that the session runs on schedule, facilitating discussions, and managing audience questions. The Session Chair plays a crucial role in maintaining the flow and organization of the session, ensuring that it proceeds smoothly and efficiently.","The class ""Session_chair"" is a subclass of the class ""Delegate"".The provided subgraph can be described in natural language as follows:

1. There is a class called ""Session_chair"" which is a subclass of an anonymous class denoted as ""_:N2330f05177964e4e895bc08565f6ed0a"".
2. The class ""Session"" is a subclass of an anonymous class denoted as ""_:N788357fa12ef4426ac836db9c2065b26"".
3. The class ""Session_chair"" is equivalent to an anonymous class denoted as ""_:N395bc9a9e4dc4ebd9467ee4fc4706b47"".
4. The class ""Brief_introduction_for_Session_chair"" is a subclass of an anonymous class denoted as ""_:Ncec2aa1ca24a49ae80724bc8572c1ae3"".
5. The anonymous class ""_:Nff398b8ff8334077af85ce01256f2255"" is of type ""Class"" and is a union of another anonymous class denoted as ""_:N733fd30daabd42e0a0cb0097b822c23b"".
6. The anonymous class ""_:N733fd30daabd42e0a0cb0097b822c23b"" has a first element ""Author"" and a rest element denoted as ""_:Nce49c6dcf7034629ba1b3e3beb0d9e8c"".
7. The anonymous class ""_:Nce49c6dcf7034629ba1b3e3beb0d9e8c"" has a first element ""Session_chair"" and a rest element ""nil"".
8. The anonymous class ""_:N2330f05177964e4e895bc08565f6ed0a"" is a restriction on the property ""obtain"" with some values from ""Brief_introduction_for_Session_chair"".
9. The anonymous class ""_:N788357fa12ef4426ac836db9c2065b26"" is a restriction on the property ""is_given_by"" with some values from the anonymous class ""_:Nff398b8ff8334077af85ce01256f2255"".
10. The anonymous class ""_:N395bc9a9e4dc4ebd9467ee4fc4706b47"" is a restriction on the property ""go_through"" with some values from ""Introduction_of_speaker"".
11. The anonymous class ""_:Ncec2aa1ca24a49ae80724bc8572c1ae3"" is a restriction on the property ""is_given_to"" with some values from ""Session_chair"".

In summary, the subgraph describes a hierarchy and relationships between classes such as ""Session_chair"", ""Session"", and ""Brief_introduction_for_Session_chair"", along with various restrictions and properties that define their interactions and equivalences."
http://iasted#Session_room,Target,Class,session room,"In the context of a conference, a ""session room"" refers to a designated space where individual sessions, such as presentations, workshops, panel discussions, or seminars, are held. These rooms are typically equipped with the necessary audiovisual equipment and seating arrangements to facilitate the specific activities planned for each session.","The class ""Session_room"" is a subclass of the class ""Place"".The given subgraph describes a hierarchical and relational structure involving sessions, rooms, equipment, and participants in a conference setting. Here is a natural language description of the subgraph:

1. **Session**:
   - A session is held in a session room.
   - A session is a subclass of a restriction that specifies it must be held in a session room.

2. **Session Room**:
   - A session room is situated in a conference building.
   - A session room is equipped with audiovisual equipment.
   - A session room is a subclass of a restriction that specifies it must be situated in a conference building.
   - A session room is a subclass of a restriction that specifies it must be equipped with audiovisual equipment.

3. **Audiovisual Equipment**:
   - Audiovisual equipment is situated in a session room.
   - Audiovisual equipment is a subclass of a restriction that specifies it must be situated in a session room.

4. **Record of Attendance**:
   - A record of attendance is situated in a session room.
   - A record of attendance is a subclass of a restriction that specifies it must be situated in a session room.

5. **Lecturer**:
   - A lecturer speaks in a session room.
   - A lecturer is a subclass of a restriction that specifies they must speak in a session room.

6. **Listener**:
   - A listener is present in either a session room or a conference hall.
   - A listener is a subclass of a restriction that specifies they must be present in either a session room or a conference hall.

7. **Union of Session Room and Conference Hall**:
   - There is a class that is a union of session rooms and conference halls.

8. **Restrictions**:
   - Several restrictions are defined to specify the relationships between sessions, rooms, equipment, and participants:
     - A restriction that specifies sessions must be held in session rooms.
     - A restriction that specifies session rooms must be situated in conference buildings.
     - A restriction that specifies session rooms must be equipped with audiovisual equipment.
     - A restriction that specifies records of attendance must be situated in session rooms.
     - A restriction that specifies lecturers must speak in session rooms.
     - A restriction that specifies listeners must be present in either session rooms or conference halls.

This description captures the hierarchical relationships and constraints defined in the subgraph, providing a clear understanding of how sessions, rooms, equipment, and participants are interconnected in the context of a conference."
http://iasted#Shuttle_bus,Target,Class,shuttle bus,"In the context of a conference, a ""shuttle bus"" refers to a transportation service that runs on a regular schedule to transport attendees between different locations related to the event. This could include travel between hotels, the conference venue, nearby airports, and other relevant sites. The shuttle bus service is typically provided to ensure convenient and efficient movement for participants, making it easier for them to attend sessions, networking events, and other activities associated with the conference.","The class ""Shuttle_bus"" is a subclass of the class ""Transport_vehicle""."
http://iasted#Simulating,Target,Class,simulating,"In the context of a conference, ""simulating"" typically refers to the process of creating a virtual or artificial environment that mimics real-world scenarios or systems. This can be used for various purposes such as training, research, or demonstration. For example, a conference on emergency management might include a simulation of a natural disaster to help participants practice response strategies.","""Simulating"" is a subclass of ""Research""."
http://iasted#Single_hotel_room,Target,Class,single hotel room,"In the context of a conference, a ""single hotel room"" refers to a hotel room that is intended for occupancy by one person. This type of room typically includes one bed and is designed to accommodate the needs of a single guest, providing privacy and comfort during their stay for the duration of the conference.","The class ""Single hotel room"" is a subclass of the class ""Hotel room""."
http://iasted#Social_program,Target,Class,social program,"In the context of a conference, a ""social program"" refers to a series of organized activities and events designed to provide attendees with opportunities for networking, relaxation, and informal interaction outside of the formal sessions and presentations. These activities can include dinners, receptions, cultural tours, entertainment, and other social gatherings that help foster connections among participants and enhance the overall conference experience.","Sure, here are the triples verbalized into phrases:

1. ""Dinner banquet"" is a subclass of ""Social program.""
2. ""Social program"" is a subclass of ""Conference activity.""A social program is a subclass of a certain category that has a restriction. This restriction specifies that the program is designed for delegates."
http://iasted#Speaker,Target,Class,speaker,"In the context of a conference, a ""Speaker"" refers to an individual who is invited to deliver a talk, presentation, or lecture on a specific topic. This person is typically an expert or knowledgeable figure in their field and is responsible for sharing insights, information, and engaging with the audience during their allotted time.","Sure, here are the triples verbalised into phrases:

1. An Author is a subclass of a Speaker.
2. A Reviewer is a subclass of a Speaker.
3. A Non_speaker is disjoint with a Speaker.
4. A Speaker is a subclass of a Delegate.
5. A Speaker is disjoint with a Non_speaker.The given subgraph can be described in natural language as follows:

A ""Submission"" is a subclass of entities that are written by a ""Speaker"". A ""Speaker"" is a subclass of entities that write a ""Final manuscript"". Additionally, a ""Speaker"" is a subclass of entities that give a ""Lecture"".

A ""Transparency"" is prepared by a ""Speaker"". ""Audiovisual equipment"" is used by a ""Speaker"".

In summary, the relationships can be described as:
- A ""Submission"" is written by a ""Speaker"".
- A ""Speaker"" writes a ""Final manuscript"".
- A ""Speaker"" gives a ""Lecture"".
- A ""Transparency"" is prepared by a ""Speaker"".
- ""Audiovisual equipment"" is used by a ""Speaker""."
http://iasted#Speaker_lecture,Target,Class,speaker lecture,"In the context of a conference, ""Speaker_lecture"" refers to a session or presentation delivered by a speaker. This typically involves the speaker discussing a specific topic, sharing insights, research findings, or expertise with the audience. The lecture is usually structured and may include visual aids, such as slides, to enhance understanding and engagement.","The class ""Speaker_lecture"" is a subclass of the class ""Session""."
http://iasted#Sponsor,Target,Class,sponsor,"In the context of a conference, a sponsor is an individual, organization, or company that provides financial or other forms of support to help fund the event. In return, sponsors typically receive various benefits such as brand visibility, promotional opportunities, and the ability to engage with attendees. This can include having their logo displayed on conference materials, speaking opportunities, or hosting a booth at the event.","The class ""Sponsor"" is a subclass of the class ""Person"".The given subgraph can be described in natural language as follows:

The concept of ""Sponsorship"" is equivalent to a restriction where the property ""is_paid_by"" has some values from the class ""Sponsor"". 

The class ""Sponsor"" is a subclass of several restrictions:
1. A restriction where the property ""occupy"" has some values from the class ""Sponsor_city"".
2. A restriction where the property ""occupy"" has some values from the class ""Sponsor_state"".
3. A restriction where the property ""occupy"" has some values from the class ""Sponsor_company_house"".
4. A restriction where the property ""occupy"" has some values from the class ""Sponsor"".

Additionally, ""Sponsor"" is equivalent to a restriction where the property ""give"" has some values from the class ""Sponsorship"".

The class ""Sponsor_city"" is a subclass of a restriction where the property ""is_occupied_by"" has some values from the class ""Sponsor"".

The class ""Sponsor_state"" is a subclass of a restriction where the property ""is_occupied_by"" has some values from the class ""Sponsor"".

The class ""Sponsor_company_house"" is a subclass of a restriction where the property ""is_occupied_by"" has some values from the class ""Sponsor""."
http://iasted#Sponsor_city,Target,Class,sponsor city,"In the context of a conference, ""Sponsor_city"" refers to the city where the sponsoring organization or company is based or headquartered. This term is often used to provide additional information about the sponsors of the event, indicating their geographical location.","The class ""Sponsor_city"" is a subclass of the class ""City"".The given subgraph can be described in natural language as follows:

There are several restrictions and subclass relationships involving sponsors, cities, and properties. 

1. A restriction exists on the property ""is_occupied_by"" which applies to entities that are some values from the class ""Sponsor"". This restriction is denoted by the node '_:N4e057b11bf1e48ca936551fe3e3d8c12'.
2. The class ""Sponsor_city"" is a subclass of this restriction.
3. Another restriction exists on the property ""occupy"" which applies to entities that are some values from the class ""Sponsor_city"". This restriction is denoted by the node '_:Naa872a9102ea43099e66f85f5c4f3876'.
4. The class ""Sponsor"" is a subclass of this restriction.
5. A third restriction exists on the property ""is_situated_in"" which applies to entities that are some values from the class ""Sponsor_city"". This restriction is denoted by the node '_:N42613970b56147eab392d5b251454ea5'.
6. The class ""Sponsor_company_house"" is a subclass of this restriction.

In summary, the relationships indicate that sponsors occupy certain properties, and these properties are situated in sponsor cities. Additionally, sponsor cities and sponsor company houses are subclasses of these restrictions."
http://iasted#Sponsor_company_house,Target,Class,sponsor company house,"In the context of a conference, ""Sponsor_company_house"" likely refers to a company that is sponsoring the event and providing a dedicated space or ""house"" within the conference venue. This space could be used for various purposes such as hosting sessions, networking events, product demonstrations, or meetings. The sponsor company typically uses this opportunity to promote its brand, products, or services to the conference attendees.","The class ""Sponsor_company_house"" is a subclass of the class ""Building"".The subgraph describes a hierarchical and relational structure involving sponsors, sponsor company houses, and their locations. Here's a natural language description:

1. A **Sponsor** is a subclass of an entity that has some relationship with a **Sponsor company house**.
2. A **Sponsor company house** is a subclass of an entity that has some relationship with a **Sponsor state**.
3. The relationship between the **Sponsor company house** and the **Sponsor state** is defined by a restriction that involves some values from the **Sponsor state**.
4. There is a restriction involving the property **is_occupied_by** that applies to some values from the **Sponsor**.
5. The relationship between the **Sponsor company house** and its location is defined by a restriction involving the property **is_situated_in**.
6. There is a restriction involving the property **is_situated_in** that applies to some values from the **Sponsor city**.
7. The **Sponsor** is related to the **Sponsor company house** through a restriction that involves some values from the **Sponsor company house**.
8. The **Sponsor company house** is a subclass of an entity that has some relationship with the **Sponsor city**.
9. The relationship between the **Sponsor** and the **Sponsor company house** involves the property **occupy**.
10. The restriction involving the **Sponsor** and the property **is_occupied_by** is of type **Restriction**.
11. The restriction involving the **Sponsor company house** and the property **is_situated_in** is of type **Restriction**.
12. The **Sponsor company house** is a subclass of an entity that has some relationship with the **Sponsor**.
13. The restriction involving the **Sponsor company house** and the **Sponsor state** is of type **Restriction**.

In summary, the subgraph outlines a structure where sponsors are related to sponsor company houses, which in turn are situated in specific states and cities. These relationships are governed by various restrictions involving properties like occupation and location."
http://iasted#Sponsor_state,Target,Class,sponsor state,"In the context of a conference, ""Sponsor_state"" typically refers to the status or condition of a sponsor's involvement in the event. This could include details about the level of sponsorship (e.g., gold, silver, bronze), the benefits they receive, their obligations, and their current standing or participation status. It essentially provides information on how a sponsor is engaged with the conference.","The class ""Sponsor_state"" is a subclass of the class ""State"".The subgraph describes a hierarchical relationship involving sponsors, their houses, and the states they are situated in. Specifically:

1. A ""Sponsor"" is a subclass of a certain restriction (denoted as `_:N5404f5e339cb429f91f54e60fb79c869`), which involves occupying a ""Sponsor_state"".
2. A ""Sponsor_company_house"" is a subclass of another restriction (denoted as `_:Nced1910427cc47aa806d1e8259276212`), which involves being situated in a ""Sponsor_state"".
3. The restriction `_:N5404f5e339cb429f91f54e60fb79c869` is defined by the property ""occupy"" and has some values from ""Sponsor_state"".
4. The restriction `_:Nced1910427cc47aa806d1e8259276212` is defined by the property ""is_situated_in"" and has some values from ""Sponsor_state"".

In summary, sponsors occupy states, and sponsor company houses are situated in states."
http://iasted#Sponzorship,Target,Class,sponzorship,"In the context of a conference, ""sponsorship"" refers to the financial or in-kind support provided by an organization or individual to help fund the event. In return, sponsors typically receive various benefits such as brand visibility, promotional opportunities, and the ability to engage with attendees. This can include having their logo displayed on conference materials, speaking opportunities, or hosting a booth at the event. Sponsorship helps offset the costs of organizing the conference and can enhance the overall experience for participants.","The class ""Sponzorship"" is a subclass of the class ""Money"".The given subgraph can be described in natural language as follows:

1. **Sponzorship** is equivalent to a restriction on the property **is_paid_by**, where the value must be **Sponsor**.
2. **Sponsor** is equivalent to a restriction on the property **give**, where the value must be **Sponzorship**.
3. **Credit_card** is a subclass of a restriction on the property **is_designed_for**, where the value must be a class that is a union of **Fee** and another unnamed class.
4. The unnamed class is a union of **Fee** and **Tax**.
5. **Fee** and **Tax** are elements in a list structure, where **Fee** is the first element, followed by **Sponzorship**, and then **Tax**.
6. The list structure ends with **nil**.

In summary, the subgraph describes relationships and restrictions involving sponsorship, sponsors, credit cards, fees, and taxes, with specific properties and class equivalences."
http://iasted#State,Target,Class,state,"In the context of a conference, ""State"" typically refers to the condition or status of a particular subject or topic being discussed. It can also refer to the current situation or circumstances surrounding a specific issue or area of interest that is being addressed during the conference. For example, a speaker might discuss the ""state of the economy,"" ""state of technology,"" or ""state of healthcare,"" providing an overview of the current trends, challenges, and developments in that field.","Sure, here are the triples verbalised into phrases:

1. ""Conference_state"" is a subclass of ""State"".
2. ""Presenter_state"" is a subclass of ""State"".
3. ""Sponsor_state"" is a subclass of ""State"".The given subgraph can be described as follows:

1. **Classes and Types:**
   - There are several entities identified as classes: `_:Nf87c88f1e04c4d00a151869ea26c482d`, `_:N11e959340b7c4246abb3b2f6f4cddba6`, `_:N027d0c29ba0f4e7eb47785a817f191d4`, `_:Nce7bfb8dd8844b70858565ea2ee5b5e7`, and `_:N561245fdfb0743b8bab77bdeeb88070a`.
   - The entity `_:Nc67f30e4b8e04df481c0d384c4e50a39` is identified as a restriction.

2. **Union Relationships:**
   - The class `_:N11e959340b7c4246abb3b2f6f4cddba6` is a union of `_:N4edc5d82d31d447b897abbd452464b0d`.
   - The class `_:N027d0c29ba0f4e7eb47785a817f191d4` is a union of `_:N28b7fb427c524ad8b3353bab657aa249`.
   - The class `_:N561245fdfb0743b8bab77bdeeb88070a` is a union of `_:Nbd9ccc1d7b57467a81fae590245e43d3`.
   - The class `_:Nf87c88f1e04c4d00a151869ea26c482d` is a union of `_:N2401214ec0a54ec5b636921559e1e394`.
   - The class `_:Nce7bfb8dd8844b70858565ea2ee5b5e7` is a union of `_:N48d2ce21a3c54ffd9e103171996cf4b9`.

3. **Lists and Their Elements:**
   - The list `_:N28b7fb427c524ad8b3353bab657aa249` contains `Building` as its first element and `_:N2190b44f6425459ebf9556f8fb0eaba2` as its rest.
   - The list `_:N2190b44f6425459ebf9556f8fb0eaba2` contains `State` as its first element and `_:Nc9f720a8f13a4e5f8ab3dec0a3e01f69` as its rest.
   - The list `_:Nc9f720a8f13a4e5f8ab3dec0a3e01f69` contains `City` as its first element and `nil` as its rest.
   - The list `_:N4edc5d82d31d447b897abbd452464b0d` contains `State` as its first element and `_:N9cf58754a6e444f0aedb75e1739f7182` as its rest.
   - The list `_:N9cf58754a6e444f0aedb75e1739f7182` contains `Place` as its first element and `_:N1f944aacdb864ef38834282e84c70977` as its rest.
   - The list `_:N1f944aacdb864ef38834282e84c70977` contains `Building` as its first element and `_:N825c80f072284629a9aaafdcda7f6aa9` as its rest.
   - The list `_:N825c80f072284629a9aaafdcda7f6aa9` contains `City` as its first element and `nil` as its rest.
   - The list `_:N2401214ec0a54ec5b636921559e1e394` contains `Building` as its first element and `_:N104d32cb9ccf4ae1a595bc16a6f6a780` as its rest.
   - The list `_:N104d32cb9ccf4ae1a595bc16a6f6a780` contains `State` as its first element and `_:Nc8bdd3935c384b258120cd4db25c9b8a` as its rest.
   - The list `_:Nc8bdd3935c384b258120cd4db25c9b8a` contains `City` as its first element and `nil` as its rest.
   - The list `_:N48d2ce21a3c54ffd9e103171996cf4b9` contains `State` as its first element and `_:Nd854d2901d884b39bfc5ba6cdefcebe0` as its rest.
   - The list `_:Nd854d2901d884b39bfc5ba6cdefcebe0` contains `Building` as its first element and `_:Ne798f39418cb4735987fc792fbf91879` as its rest.
   - The list `_:Ne798f39418cb4735987fc792fbf91879` contains `City` as its first element and `_:Nd5cd980c7d764cfa94ab22e9a8c8ea1c` as its rest.
   - The list `_:Nd5cd980c7d764cfa94ab22e9a8c8ea1c` contains `Place` as its first element and `nil` as its rest.
   - The list `_:Nbd9ccc1d7b57467a81fae590245e43d3` contains `State` as its first element and `_:N94bda19e4b3a4545be2a0d31f172b2c5` as its rest.
   - The list `_:N94bda19e4b3a4545be2a0d31f172b2c5` contains `City` as its first element and `_:Nf3845cda8ca44fd7adeb2e93ff89151e` as its rest.
   - The list `_:Nf3845cda8ca44fd7adeb2e93ff89151e` contains `Building` as its first element and `nil` as its rest.

4. **Properties and Their Domains/Ranges:**
   - The property `is_visited_by` has a domain of `_:N561245fdfb0743b8bab77bdeeb88070a`.
   - The property `is_situated_in` has a range of `_:N11e959340b7c4246abb3b2f6f4cddba6`.
   - The property `is_occupied_by` has a domain of `_:Nf87c88f1e04c4d00a151869ea26c482d`.
   - The property `occupy` has a range of `_:N027d0c29ba0f4e7eb47785a817f191d4`.
   - The restriction `_:Nc67f30e4b8e04df481c0d384c4e50a39` is on the property `is_situated_in` and has some values from `State`.

5. **Subclass Relationships:**
   - `City` is a subclass of `_:Nc67f30e4b8e04df481c0d384c4e50a39`.

This description captures the hierarchical and relational structure of the entities, classes, properties, and restrictions within the subgraph."
http://iasted#Student_lecturer,Target,Class,student lecturer,"In the context of a conference, ""Student_lecturer"" typically refers to a student who is presenting or giving a lecture. This could be a student who has been given the opportunity to share their research, findings, or insights with an audience, often as part of an academic or professional event. The term highlights the dual role of the individual as both a learner (student) and a presenter (lecturer).","The class ""Student_lecturer"" is a subclass of the class ""Lecturer"".The ""Student_registration_fee"" is a subclass of a restriction that is designed for a specific property. This restriction applies to entities that are either ""Student_lecturer"" or ""Student_non_speaker"". The restriction is defined to have some values from a class that is a union of ""Student_lecturer"" and ""Student_non_speaker""."
http://iasted#Student_non_speaker,Target,Class,student non speaker,"In the context of a conference, ""Student_non_speaker"" refers to a student who is attending the conference but is not presenting or speaking at any of the sessions. This student is likely there to learn, network, and gain insights from the presentations and discussions led by other speakers.","The class ""Student_non_speaker"" is a subclass of the class ""Non_speaker"".The given subgraph can be described in natural language as follows:

There is a class, denoted as an anonymous node, which is a union of two classes: ""Student_non_speaker"" and ""Student_lecturer"". The class ""Student_non_speaker"" is equivalent to a restriction where the property ""pay"" has some values from the class ""Student_registration_fee"". The class ""Student_registration_fee"" is a subclass of another anonymous class, which is a restriction on the property ""is_designed_for"" and has some values from the union class mentioned earlier."
http://iasted#Student_registration_fee,Target,Class,student registration fee,"In the context of a conference, the ""Student_registration_fee"" refers to the amount of money that students are required to pay in order to register and participate in the conference. This fee is typically offered at a reduced rate compared to the standard registration fee to make the event more accessible to students.","The class ""Student_registration_fee"" is a subclass of the class ""Registration_fee"".The given subgraph can be described in natural language as follows:

There is a class restriction (denoted as _:Ndc6040e3226445bd88b1e6fce4c9afaa) that is designed for a specific property, ""is_designed_for."" The class ""Student_registration_fee"" is a subclass of this restriction. This restriction requires that some values must come from another class (denoted as _:Ne15481479264449a9ea19c14c144b05b).

The class _:Ne15481479264449a9ea19c14c144b05b is defined as a union of two classes: ""Student_non_speaker"" and ""Student_lecturer."" The union is represented by another node (denoted as _:N5902c04a30154b2f963730d58b018e17), which lists ""Student_non_speaker"" as the first element and ""Student_lecturer"" as the next element, followed by ""nil"" indicating the end of the list.

""Student_non_speaker"" is equivalent to a restriction (denoted as _:N6560967dd07046c9b886b1b9ad5b56ca) that applies to the property ""pay"" and requires some values from the class ""Student_registration_fee."""
http://iasted#Submission,Target,Class,submission,"In the context of a conference, ""submission"" refers to the process of sending in a paper, abstract, or proposal for consideration to be included in the conference program. This typically involves adhering to specific guidelines and deadlines set by the conference organizers. The submitted work is usually reviewed by a committee or panel to determine its suitability and relevance to the conference themes.","Sure, here are the triples verbalised into phrases:

1. ""Final manuscript is a subclass of Submission.""
2. ""Initial manuscript is a subclass of Submission.""
3. ""Submission is a subclass of Document.""The class ""Submission"" is a subclass of a restriction that specifies that the property ""is written by"" must have some values from the class ""Speaker""."
http://iasted#Submissions_deadline,Target,Class,submissions deadline,"In the context of a conference, the ""submissions deadline"" refers to the final date by which researchers, authors, or participants must submit their papers, abstracts, or proposals for consideration. This deadline is set by the conference organizers and is crucial for ensuring that all submissions are reviewed in a timely manner for inclusion in the conference program. Missing this deadline typically means that the submission will not be considered for presentation or publication at the conference.","The class ""Submissions_deadline"" is a subclass of the class ""Deadline""."
http://iasted#Tax,Target,Class,tax,"In the context of a conference, ""tax"" typically refers to a financial charge or levy imposed by a government on individuals, businesses, or other entities. This could be a topic of discussion in sessions related to finance, economics, public policy, or business management. The conference might cover various aspects of taxation, such as tax laws, tax planning, compliance, and the impact of taxes on different sectors.","Sure, here are the triples verbalised into phrases:

1. ""Departure tax is a subclass of Tax.""
2. ""Value added tax is a subclass of Tax.""
3. ""Tax is a subclass of Money.""The given subgraph can be described in natural language as follows:

1. There is a class named `Payment_document` which is a subclass of a restriction. This restriction is defined on the property `is_designed_for` and has some values from a class that is a union of two other classes.
2. The union class is composed of:
   - A class that is a union of `Fee` and `Sponzorship`.
   - A class that is a union of `Fee` and `Tax`.
3. The class `Credit_card` is a subclass of another restriction. This restriction is also defined on the property `is_designed_for` and has some values from the same union class mentioned above.
4. The union class mentioned in point 2 is defined as follows:
   - One part of the union is a list starting with `Fee` and followed by `Sponzorship`.
   - The other part of the union is a list starting with `Fee` and followed by `Tax`.

In summary, `Payment_document` and `Credit_card` are subclasses of restrictions that are designed for entities that can be either `Fee`, `Sponzorship`, or `Tax`."
http://iasted#Taxi,Target,Class,taxi,"In the context of a conference, ""taxi"" typically refers to a vehicle service used to transport attendees to and from the conference venue, hotels, airports, or other locations. It is a convenient mode of transportation for participants who may not be familiar with the area or prefer not to use public transportation.","The class ""Taxi"" is a subclass of the class ""Transport_vehicle""."
http://iasted#Technic_activity,Target,Class,technic activity,"In the context of a conference, ""Technic_activity"" likely refers to a session or segment focused on technical activities. These could include hands-on workshops, demonstrations, or interactive sessions where participants engage in practical, technical tasks related to the conference's subject matter. This might involve coding, engineering tasks, simulations, or other technical exercises designed to provide practical experience and deeper understanding of the topics being discussed at the conference.","The class ""Technic_activity"" is a subclass of the class ""Conference_activity"".The given subgraph can be described as follows:

A ""Technical committee"" is a subclass of a restriction that involves two properties: ""is given by"" and ""go through"". This restriction specifies that some values of the ""is given by"" property must be ""Technic activity"".

Additionally, a ""Technic activity"" is a subclass of another restriction that involves the ""is given by"" property. This restriction specifies that some values of the ""is given by"" property must be ""Technical committee""."
http://iasted#Technical_commitee,Target,Class,technical commitee,"In the context of a conference, a Technical Committee refers to a group of experts and professionals who are responsible for overseeing the technical aspects of the event. This includes tasks such as reviewing submitted papers, ensuring the quality and relevance of the content, organizing technical sessions, and sometimes selecting keynote speakers. The committee plays a crucial role in maintaining the academic and professional standards of the conference.","The class ""Technical committee"" is a subclass of the class ""Delegate"".The given subgraph can be described as follows:

A ""Technical committee"" is a subclass of a restriction that involves two properties: ""is given by"" and ""go through"". This restriction specifies that some values of the ""is given by"" property must be ""Technic activity"". Additionally, a ""Technic activity"" is a subclass of another restriction that involves the ""is given by"" property, where some values of this property must be ""Technical committee""."
http://iasted#Time,Target,Class,time,"In the context of a conference, ""time"" typically refers to the schedule or duration allocated for various activities, sessions, or presentations. It encompasses the start and end times of the conference itself, as well as the specific time slots assigned to different speakers, workshops, breaks, and other events. Effective time management is crucial to ensure that the conference runs smoothly and that all planned activities are conducted within the designated timeframe.","Sure, here are the triples verbalised into phrases:

1. ""Conference_days"" is a subclass of ""Time"".
2. ""Deadline"" is a subclass of ""Time"".
3. ""Trip_day"" is a subclass of ""Time"".
4. The property ""is_held_after"" has a range of ""Time"".
5. The property ""is_held_before"" has a range of ""Time"".
6. The property ""is_present"" has a range of ""Time"".
7. The property ""is_sent_after"" has a range of ""Time"".
8. The property ""is_sent_before"" has a range of ""Time"".The given subgraph describes a set of classes and their relationships, particularly focusing on the concepts of ""Place,"" ""Time,"" ""Activity,"" and ""Money."" Here is a natural language description of the subgraph:

1. **Classes and Unions**:
   - There are several classes defined, including `_:Nc260fec2ab594b0088eeb05b09def9e9`, `_:Ne6c1c69356aa482a9c4bb39021406095`, `_:Na0a06733684044738746b5828e7b93de`, `_:N13fbf6d9e8014faca3fff42028b6c09f`, `_:Nb717296be5d24120ac7a163131ecc3b7`, and `_:N68e6397c43c14e65a1638f99d337f9ca`.
   - These classes are defined as unions of various elements:
     - `_:Nc260fec2ab594b0088eeb05b09def9e9` is a union of `_:N753b7d398e5541a68ce1de67aeb006e2`.
     - `_:Ne6c1c69356aa482a9c4bb39021406095` is a union of `_:N443b38b762364670b65cb8b32e5a5e7b`.
     - `_:Na0a06733684044738746b5828e7b93de` is a union of `_:Nf8a11650fea74fb0a00490037274de2c`.
     - `_:N13fbf6d9e8014faca3fff42028b6c09f` is a union of `_:N6461bdc8f1264bbf985997b36c0f8aae`.
     - `_:Nb717296be5d24120ac7a163131ecc3b7` is a union of `_:Nd6bc6fa0113c482388f75fc8776a7cc7`.
     - `_:N68e6397c43c14e65a1638f99d337f9ca` is a union of `_:Ne97d30c405f34a06be7a55dbc3527810`.

2. **Elements of Unions**:
   - The elements of these unions are defined as follows:
     - `_:N753b7d398e5541a68ce1de67aeb006e2` contains `Place` and `_:N298cc3723d2e4a4db61a46994299f1e6`.
     - `_:N443b38b762364670b65cb8b32e5a5e7b` contains `Time` and `_:Nffd7549e52ba451b9a7c704ce99498f0`.
     - `_:Nf8a11650fea74fb0a00490037274de2c` contains `Place` and `_:Nd1c21a7f084c4073ab168f481cb432d7`.
     - `_:N6461bdc8f1264bbf985997b36c0f8aae` contains `Time` and `_:N8fdaee2cd363451284955afae643061b`.
     - `_:Nd6bc6fa0113c482388f75fc8776a7cc7` contains `Place` and `_:Nd7c6af1b7c184c15afd418ecabd9fca9`.
     - `_:Ne97d30c405f34a06be7a55dbc3527810` contains `Place` and `_:N1f85802e0eb741c7ae7c930ce60a5228`.

3. **Relationships**:
   - The relationships between these classes and elements are defined as follows:
     - `speak_in` has a range of `_:Na0a06733684044738746b5828e7b93de`.
     - `is_designed_for` has a domain of `_:N44b5529cc1504582bc958f06b3fead55`.
     - `is_held_in` has a range of `_:N13fbf6d9e8014faca3fff42028b6c09f`.
     - `is_present_in` has a range of `_:Ne6c1c69356aa482a9c4bb39021406095`.

4. **Elements and Their Relationships**:
   - `_:N50da27c81e354a81bb2d6e453504c663` contains `Time` and `_:N7a591f48773c49f9a4d49530d56494ff`.
   - `_:N7a591f48773c49f9a4d49530d56494ff` contains `Place` and `nil`.
   - `_:N443b38b762364670b65cb8b32e5a5e7b` contains `Time` and `_:Nffd7549e52ba451b9a7c704ce99498f0`.
   - `_:Nffd7549e52ba451b9a7c704ce99498f0` contains `Place` and `nil`.
   - `_:Nf8a11650fea74fb0a00490037274de2c` contains `Place` and `_:Nd1c21a7f084c4073ab168f481cb432d7`.
   - `_:Nd1c21a7f084c4073ab168f481cb432d7` contains `Time` and `nil`.
   - `_:N6461bdc8f1264bbf985997b36c0f8aae` contains `Time` and `_:N8fdaee2cd363451284955afae643061b`.
   - `_:N8fdaee2cd363451284955afae643061b` contains `Place` and `nil`.
   - `_:Nd6bc6fa0113c482388f75fc8776a7cc7` contains `Place` and `_:Nd7c6af1b7c184c15afd418ecabd9fca9`.
   - `_:Nd7c6af1b7c184c15afd418ecabd9fca9` contains `Time` and `nil`.
   - `_:Ne97d30c405f34a06be7a55dbc3527810` contains `Place` and `_:N1f85802e0eb741c7ae7c930ce60a5228`.
   - `_:N1f85802e0eb741c7ae7c930ce60a5228` contains `Time` and `nil`.
   - `_:N69bb07c4916d4094b5072f19eb782870` contains `Activity` and `_:N93e948590fa84d3d9eb9fe557b01752a`.
   - `_:N93e948590fa84d3d9eb9fe557b01752a` contains `Money` and `_:Na14cf644ae8a40089f9aff1d92d4932c`.
   - `_:Na14cf644ae8a40089f9aff1d92d4932c` contains `Time` and `nil`.

In summary, the subgraph defines a complex structure of classes and their unions, focusing on the concepts of ""Place,"" ""Time,"" ""Activity,"" and ""Money,"" and their interrelationships."
http://iasted#Time_zone,Target,Class,time zone,"In the context of a conference, a ""time zone"" refers to a specific region of the world where the same standard time is used. This is important for scheduling sessions, meetings, and events, especially for participants joining from different parts of the world. Understanding and communicating the correct time zone ensures that all attendees are synchronized and can participate at the correct local time.",Information is not available.
http://iasted#Tip,Target,Class,tip,"In the context of a conference, ""tip"" typically refers to a piece of advice or a helpful suggestion intended to improve one's experience or performance. For example, a tip might be about effective networking strategies, how to make the most out of the sessions, or ways to engage with speakers and other attendees.","The class ""Tip"" is a subclass of the class ""Money"".The class ""Tip"" is a subclass of a restriction. This restriction specifies that the property ""is_paid_in"" must have some values from the class ""Conference_restaurant""."
http://iasted#Transparency,Target,Class,transparency,"In the context of a conference, ""transparency"" refers to the openness and clarity with which information is shared among participants. This can include clear communication about the conference agenda, objectives, decision-making processes, and any other relevant details. Transparency ensures that all attendees have access to the same information, fostering trust, collaboration, and informed participation.","The class ""Transparency"" is a subclass of the class ""Document"".The given subgraph can be described in natural language as follows:

An ""Author"" is a subclass of a certain class (let's call it Class A). Class A is defined by a restriction that involves the property ""prepare"" and requires some values from the class ""Transparency"". 

""Transparency"" itself is a subclass of another class (let's call it Class B). Class B is defined by a restriction that involves the property ""is_prepared_by"" and requires some values from the class ""Speaker""."
http://iasted#Transport_vehicle,Target,Class,transport vehicle,"In the context of a conference, a ""transport vehicle"" refers to any mode of transportation arranged to facilitate the movement of attendees to and from the conference venue. This could include buses, shuttles, vans, or any other type of vehicle designated to transport participants efficiently and comfortably.","Sure, here are the triples verbalised into phrases:

1. A car is a subclass of a transport vehicle.
2. A shuttle bus is a subclass of a transport vehicle.
3. A taxi is a subclass of a transport vehicle.
4. A van is a subclass of a transport vehicle.
5. A transport vehicle is a subclass of an item.The class ""Transport_vehicle"" is a subclass of a restriction. This restriction specifies that the property ""is_used_by"" must have some values from the class ""Delegate""."
http://iasted#Trip_city,Target,Class,trip city,"In the context of a conference, ""Trip_city"" likely refers to the city where the conference is being held or the city to which participants will be traveling for the event. It denotes the destination city for the trip associated with attending the conference.","The class ""Trip_city"" is a subclass of the class ""City"".The given subgraph can be described as follows:

1. There are two restrictions:
   - The first restriction (let's call it Restriction1) is of type 'Restriction' and applies to the property 'is_visited_by'. It specifies that some values from this property must be of type 'Conference_Hiker'.
   - The second restriction (let's call it Restriction2) is also of type 'Restriction' and applies to the property 'is_held_in'. It specifies that some values from this property must be of type 'Trip_city'.

2. The class 'Full_day_tour' is a subclass of Restriction2, meaning that any instance of 'Full_day_tour' must satisfy the conditions specified by Restriction2.

3. The class 'Trip_city' is a subclass of Restriction1, meaning that any instance of 'Trip_city' must satisfy the conditions specified by Restriction1.

In summary, a 'Full_day_tour' must be held in a 'Trip_city', and a 'Trip_city' must be visited by a 'Conference_Hiker'."
http://iasted#Trip_day,Target,Class,trip day,"In the context of a conference, ""Trip_day"" likely refers to a specific day designated for attendees to travel to or from the conference location. This could be the day participants are expected to arrive at the conference venue or the day they depart after the conference concludes. It may also refer to an organized excursion or field trip day planned as part of the conference activities.","The class ""Trip_day"" is a subclass of the class ""Time"".The subgraph describes the following relationships:

1. There is a restriction (denoted as _:Nb5e6c18cd83b403bae8690df305a787c) that applies to the property ""is_held_in"" and specifies that it must have some values from the class ""Trip_day"".
2. The class ""Trip_day"" is a subclass of another restriction (denoted as _:N37d4f5b95a5b4ed5af5b190c5f89d5ea).
3. This second restriction (denoted as _:N37d4f5b95a5b4ed5af5b190c5f89d5ea) applies to the property ""is_designed_for"" and specifies that it must have some values from the class ""Delegate"".
4. The class ""Full_day_tour"" is a subclass of the first restriction (denoted as _:Nb5e6c18cd83b403bae8690df305a787c).

In summary, a ""Full_day_tour"" is held in a ""Trip_day"", and a ""Trip_day"" is designed for a ""Delegate""."
http://iasted#Tutorial,Target,Class,tutorial,"In the context of a conference, a ""tutorial"" refers to a session or workshop designed to provide attendees with in-depth instruction on a specific topic or skill. These sessions are typically led by experts and are intended to be educational, offering practical knowledge and hands-on experience. Tutorials at conferences often aim to help participants gain a deeper understanding of complex subjects or learn new techniques relevant to their field.","The class ""Tutorial"" is a subclass of the class ""Lecture"".The subgraph describes the relationships and restrictions involving plenary lecture speakers and tutorial speakers. Here's a natural language description:

1. A ""Plenary lecture speaker"" is defined as an equivalent class to a certain restriction (let's call it Restriction1).
2. Restriction1 specifies that a ""Plenary lecture speaker"" is someone who gives something (presumably a lecture or talk) that has some values from ""Tutorial"".
3. A ""Tutorial"" is defined as an equivalent class to another restriction (let's call it Restriction2).
4. Restriction2 specifies that a ""Tutorial"" is something that is given by a ""Tutorial speaker"".

In summary, a ""Plenary lecture speaker"" is someone who gives a tutorial, and a ""Tutorial"" is something that is given by a ""Tutorial speaker""."
http://iasted#Tutorial_speaker,Target,Class,tutorial speaker,"In the context of a conference, a ""Tutorial Speaker"" refers to an individual who delivers a tutorial session. This session is typically designed to provide in-depth instruction or training on a specific topic, often aimed at educating attendees on new skills, techniques, or knowledge areas. The tutorial speaker is usually an expert in the subject matter and is responsible for guiding participants through the material, often including practical demonstrations, hands-on activities, and interactive discussions.","The class ""Tutorial_speaker"" is a subclass of the class ""Author"".The provided subgraph can be described in natural language as follows:

1. A **Tutorial** is defined as an event that is given by a **Tutorial speaker**.
2. A **Tutorial speaker** is someone who gives a **Plenary lecture**.
3. A **Tutorial speaker** is also someone who speaks in a **Conference hall**.

In more detail:
- The class **Tutorial** is equivalent to a restriction where the property **is_given_by** has some values from the class **Tutorial speaker**.
- The class **Tutorial speaker** is equivalent to a restriction where the property **give** has some values from the class **Plenary lecture**.
- The class **Tutorial speaker** is a subclass of a restriction where the property **speak_in** has some values from the class **Conference hall**."
http://iasted#Value_added_tax,Target,Class,value added tax,"In the context of a conference, Value Added Tax (VAT) refers to a consumption tax that is levied on the value added to goods and services at each stage of production or distribution. When organizing or attending a conference, VAT may be applicable to various expenses such as registration fees, accommodation, meals, and other services provided during the event. The tax is typically included in the price of these services and is ultimately borne by the end consumer, which in this case could be the conference attendees or organizers.","""Value added tax is a subclass of Tax."""
http://iasted#Van,Target,Class,van,"In the context of a conference, ""Van"" typically refers to a vehicle used for transportation purposes. It might be used to shuttle attendees between different locations, such as hotels, conference venues, and airports.","The class ""Van"" is a subclass of the class ""Transport_vehicle""."
http://iasted#Video_cassette_player,Target,Class,video cassette player,"In the context of a conference, a ""video cassette player"" refers to a device used to play video recordings stored on videocassettes. This equipment might be used during a conference to display pre-recorded presentations, training videos, or other relevant visual content to the attendees.","The class ""Video cassette player"" is a subclass of the class ""Audiovisual equipment""."
http://iasted#Video_presentation,Target,Class,video presentation,"In the context of a conference, a ""video presentation"" refers to a pre-recorded or live video segment that is shown to the audience as part of the event's agenda. This video can include slides, animations, and other multimedia elements, and is typically used to convey information, demonstrate products, share research findings, or provide visual support to the speaker's message. Video presentations are often used to enhance engagement, illustrate complex concepts, and ensure that the content is accessible to both in-person and remote attendees.","The class ""Video_presentation"" is a subclass of the class ""Presentation""."
http://iasted#Viza,Target,Class,viza,"In the context of a conference, ""Viza"" likely refers to a visa, which is an official document or endorsement on a passport that allows the bearer to enter, stay, or leave a country for a specified period. Conference attendees may need to obtain a visa to travel to the country where the conference is being held.","The class ""Viza"" is a subclass of the class ""Document"".The given subgraph can be described as follows:

There are two restrictions defined in the graph. The first restriction specifies that a ""Delegate"" is associated with a property called ""need"" and that this property must have some values from the class ""Viza"". The second restriction specifies that a ""Viza"" is associated with a property called ""is_needed_for"" and that this property must have some values from the class ""Delegate"".

In summary:
- A ""Delegate"" needs something from the class ""Viza"".
- A ""Viza"" is needed for something from the class ""Delegate""."
http://iasted#Welcome_address,Target,Class,welcome address,"In the context of a conference, a ""welcome address"" refers to a speech or presentation given at the beginning of the event to greet and acknowledge the attendees. This address is typically delivered by a prominent figure, such as the conference organizer, a keynote speaker, or a distinguished guest. The purpose of the welcome address is to set the tone for the conference, provide an overview of the event's agenda, highlight key themes, and express gratitude to participants, sponsors, and organizers. It serves as an official opening to the conference proceedings.","The class ""Welcome_address"" is a subclass of the class ""Conference_activity""."
http://iasted#Worker_lecturer,Target,Class,worker lecturer,"In the context of a conference, a ""Worker_lecturer"" likely refers to an individual who is both a worker in a specific field or industry and also serves as a lecturer or speaker at the conference. This person would share their practical experiences, insights, and knowledge gained from their work, providing valuable information and perspectives to the conference attendees.","The class ""Worker_lecturer"" is a subclass of the class ""Lecturer""."
http://iasted#Worker_non_speaker,Target,Class,worker non speaker,"In the context of a conference, ""Worker_non_speaker"" typically refers to an individual who is involved in the event in a capacity other than as a speaker. This person might be responsible for various logistical, administrative, or support tasks such as organizing materials, managing registrations, assisting attendees, handling technical equipment, or other behind-the-scenes activities that ensure the smooth operation of the conference. They are essential to the event's success but do not present or speak during the sessions.","The class ""Worker_non_speaker"" is a subclass of the class ""Non_speaker"".The class ""Worker_non_speaker"" is defined as being equivalent to a restriction where the property ""pay"" has some values from the class ""Nonauthor_registration_fee""."
http://iasted#done_till,Target,Property,done till,"In the context of a conference, ""done_till"" typically refers to the tasks or activities that have been completed up to a certain point in time. It indicates the progress made in preparation or execution of the conference up to a specified date or milestone. For example, if someone says ""done_till now,"" it means all tasks or activities have been completed up to the current moment.","The property ""done_till"" has a domain of ""Deadline"" and a range of ""date""."
http://iasted#give,Target,Property,give,"In the context of a conference, ""give"" typically means to deliver or present something, such as a speech, presentation, or lecture. For example, a speaker might ""give a talk"" or ""give a presentation"" at the conference.","The verb ""give"" has a domain of ""Person"".The given subgraph describes various roles and their relationships to the action ""give"" within the context of a conference or academic setting. Here is a natural language description of the subgraph:

1. **Speaker** is a subclass of a certain restriction related to the property ""give.""
2. The action ""give"" has a range that includes a class defined by a union of items and activities.
3. **Reviewer** is equivalent to a restriction where the property ""give"" has some values from ""Review.""
4. **Plenary lecture speaker** is equivalent to a restriction where the property ""give"" has some values from ""Plenary lecture.""
5. **Author** is a subclass of a restriction where the property ""give"" has some values from ""Brief introduction for Session chair.""
6. **Sponsor** is equivalent to a restriction where the property ""give"" has some values from ""Sponsorship.""
7. **Lecturer** is equivalent to a restriction where the property ""give"" has some values from ""Session.""
8. **Tutorial speaker** is equivalent to a restriction where the property ""give"" has some values from ""Tutorial.""
9. The class defined by the union of items and activities includes:
   - An item that has a first element ""Item"" and a rest element that is another item or nil.
   - An activity that has a first element ""Activity"" and a rest element that is another activity or nil.

In summary, the subgraph outlines different roles (Speaker, Reviewer, Plenary lecture speaker, Author, Sponsor, Lecturer, Tutorial speaker) and their specific actions related to giving various types of presentations or contributions (Review, Plenary lecture, Brief introduction, Sponsorship, Session, Tutorial) within a structured framework."
http://iasted#go_through,Target,Property,go through,"In the context of a conference, ""go through"" typically means to review, discuss, or examine something in detail. For example, a speaker might say, ""Let's go through the agenda for today's meeting,"" meaning they will review the schedule and topics to be covered during the conference.","The property ""go_through"" has a domain of ""Item"" and a range of ""Activity"". This means that ""go_through"" is a relationship where an ""Item"" is involved in or undergoes an ""Activity"".The given subgraph can be described in natural language as follows:

1. **Technical Committee** is a subclass of a class that has a restriction on the property **go_through** with some values from **Technic_activity**.
2. **Session Chair** is equivalent to a class that has a restriction on the property **go_through** with some values from **Introduction_of_speaker**.
3. **Conference Hiker** is equivalent to a class that has a restriction on the property **go_through** with some values from **Full_day_tour**.
4. **Delegate** is equivalent to a class that is an intersection of:
   - A class that has a restriction on the property **go_through** with some values from **Registration**.
   - A class that has a restriction on the property **go_through** with some values from **Conference_days**.
   - A class that has a restriction on the property **is_present_in** with some values from **Conference_building**.
5. **Final Manuscript** is a subclass of a class that has a restriction on the property **go_through** with some values from **Accepting_manuscript**.
6. **Initial Manuscript** is a subclass of a class that has a restriction on the property **go_through** with some values from **Refusing_manuscript**.

Additionally, the subgraph includes several restrictions and properties:
- A restriction on the property **go_through** with some values from **Technic_activity**.
- A restriction on the property **go_through** with some values from **Introduction_of_speaker**.
- A restriction on the property **go_through** with some values from **Full_day_tour**.
- A restriction on the property **go_through** with some values from **Registration**.
- A restriction on the property **go_through** with some values from **Conference_days**.
- A restriction on the property **is_present_in** with some values from **Conference_building**.

The subgraph also includes a class that is an intersection of several restrictions, and this class is equivalent to **Delegate**."
http://iasted#has_amount_of,Target,Property,has amount of,"In the context of a conference, ""has_amount_of"" typically refers to the quantity or number of a specific item or element associated with the conference. This could include the number of attendees, sessions, speakers, workshops, or any other quantifiable aspect of the event. For example, ""The conference has an amount of 200 attendees"" means that 200 people are attending the conference.","The property ""has_amount_of"" has a domain of ""Money"" and a range of ""int""."
http://iasted#is_connected_with,Target,Property,is connected with,"In the context of a conference, ""is_connected_with"" typically refers to the relationship or association between individuals, organizations, or topics that are linked or related in some way. For example, a speaker at a conference might be ""connected with"" a particular university or research institution, or different sessions at the conference might be ""connected with"" similar themes or subject areas. This term highlights the network of relationships and interactions that are integral to the collaborative and informational nature of conferences.","The given subgraph can be described in natural language as follows:

There is a class named ""Renting"" which is a subclass of an anonymous class (let's call it Class A). Class A has a restriction on the property ""is_connected_with"" such that it must be connected with some ""Car"".

The property ""is_connected_with"" has a domain that is an anonymous class (let's call it Class B) and a range that is another anonymous class (let's call it Class C). Class B is a union of two anonymous lists. The first list contains ""Activity"" and ""Person"", and the second list contains ""Item"" and ""Place"".

Class C is defined as a union of ""Item"" and ""Place"".

In summary:
- ""Renting"" is a subclass of Class A.
- Class A has a restriction on ""is_connected_with"" to be connected with some ""Car"".
- ""is_connected_with"" has a domain of Class B and a range of Class C.
- Class B is a union of ""Activity"" and ""Person"".
- Class C is a union of ""Item"" and ""Place""."
http://iasted#is_dated_on,Target,Property,is dated on,"In the context of a conference, ""is_dated_on"" refers to the specific date on which the conference is scheduled to take place. It indicates the exact day when the event is set to occur.","The property ""is_dated_on"" has a domain of ""Activity"" and a range of ""dateTime""."
http://iasted#is_designed_for,Target,Property,is designed for,"In the context of a conference, ""is_designed_for"" refers to the specific audience or group of people that the conference is intended to serve or benefit. This could include professionals from a particular industry, researchers, students, or any other targeted demographic that the conference aims to attract and provide value to through its sessions, workshops, and networking opportunities.","The provided subgraph describes a complex ontology involving various classes, subclasses, restrictions, and properties. Here is a natural language description of the key elements and their relationships:

1. **Social Program**:
   - A subclass of a restriction that is designed for delegates.

2. **Credit Card**:
   - A subclass of a restriction that is designed for a certain class.

3. **Conference Days**:
   - A subclass of a restriction that is designed for delegates.

4. **Member Registration Fee**:
   - A subclass of a restriction that is designed for IASTED members.

5. **Student Registration Fee**:
   - A subclass of a restriction that is designed for a certain class.

6. **Nonmember Registration Fee**:
   - A subclass of a restriction that is designed for IASTED non-members.

7. **Mailing List**:
   - A subclass of a restriction that is designed for delegates.

8. **Coffee Break**:
   - A subclass of a restriction that is designed for delegates.

9. **Trip Day**:
   - A subclass of a restriction that is designed for delegates.

10. **Departure Tax**:
    - A subclass of a restriction that is designed for departures.

11. **Conference Hotel**:
    - A subclass of a restriction that is designed for hotel presenters.

12. **Payment Document**:
    - A subclass of a restriction that is designed for a certain class.

13. **Deadline**:
    - A subclass of a restriction that is designed for delegates.

14. **Invitation Letter**:
    - A subclass of a restriction that is designed for delegates.

15. **Lecture**:
    - A subclass of a restriction that is designed for listeners.

16. **Full Day Tour**:
    - A subclass of a restriction that is designed for delegates.

17. **Dinner Banquet**:
    - A subclass of a restriction that is designed for a certain class.

18. **Coctail Reception**:
    - A subclass of a restriction that is designed for delegates.

19. **Audiovisual Equipment**:
    - A subclass of a restriction that is designed for listeners.

20. **Registration**:
    - A subclass of a restriction that is designed for delegates.

21. **Nonauthor Registration Fee**:
    - A subclass of a restriction that is designed for non-speakers.

22. **Hotel Room**:
    - A subclass of a restriction that is designed for hotel presenters.

23. **Various Restrictions**:
    - There are multiple restrictions defined with properties such as ""is designed for"" and ""some values from"" that relate to different classes like delegates, listeners, hotel presenters, IASTED members, non-speakers, and more.

24. **Union and Complement Classes**:
    - There are union and complement classes defined, such as a union of activities and a complement of one-day presenters.

25. **Properties**:
    - The property ""is designed for"" has a domain of a certain class and a range of another class.

This ontology appears to describe a conference or event setting with various roles (delegates, listeners, presenters), activities (lectures, tours, receptions), and associated fees and documents. The restrictions and subclasses help define the relationships and constraints between these elements."
http://iasted#is_equipped_by,Target,Property,is equipped by,"In the context of a conference, ""is_equipped_by"" typically refers to the provision or supply of necessary tools, equipment, or resources by a particular entity or individual. For example, a conference room might be equipped by the event organizers with audio-visual equipment, seating arrangements, and other necessary facilities to ensure the smooth running of the conference.","The property ""is_equipped_by"" has a domain of ""Place"" and a range of ""Item"". This means that ""is_equipped_by"" is a relationship where a ""Place"" can be equipped by an ""Item"".A ""Session room"" is a subclass of entities that are equipped with some form of ""Audiovisual equipment"". This relationship is defined by a restriction on the property ""is equipped by""."
http://iasted#is_given_by,Target,Property,is given by,"In the context of a conference, ""is_given_by"" typically refers to the person or entity that is delivering a presentation, lecture, or speech. For example, if a talk at a conference is given by Dr. Smith, it means that Dr. Smith is the one presenting the talk.","The property ""is given by"" has a range of ""Person"".The given subgraph describes a set of relationships and classifications within a conference or academic setting. Here is a natural language description of the subgraph:

1. **Classes and Subclasses:**
   - ""Technic_activity"" is a subclass of a restriction on the property ""is_given_by"" with some values from ""Technical_commitee"".
   - ""Session"" is a subclass of a restriction on the property ""is_given_by"" with some values from a union class.
   - ""Brief_introduction_for_Session_chair"" is a subclass of a restriction on the property ""is_given_by"" with some values from ""Author"".

2. **Equivalent Classes:**
   - ""Plenary_lecture"" is equivalent to a restriction on the property ""is_given_by"" with some values from ""Plenary_lecture_speaker"".
   - ""Tutorial"" is equivalent to a restriction on the property ""is_given_by"" with some values from ""Tutorial_speaker"".

3. **Restrictions:**
   - There is a restriction on the property ""is_given_by"" with some values from ""Technical_commitee"".
   - There is a restriction on the property ""is_given_by"" with some values from ""Author"".
   - There is a restriction on the property ""is_given_by"" with some values from ""Plenary_lecture_speaker"".
   - There is a restriction on the property ""is_given_by"" with some values from ""Tutorial_speaker"".

4. **Unions and Lists:**
   - There is a union class that includes ""Author"" and ""Session_chair"".
   - There is another union class that includes ""Item"" and ""Activity"".

5. **Properties:**
   - The property ""is_given_by"" has a domain of a class that is part of a union class.

In summary, the subgraph outlines a structure where various activities and sessions are classified based on the roles of individuals (such as authors, session chairs, plenary lecture speakers, and tutorial speakers) and their relationships to these activities through the property ""is_given_by"". The subgraph also defines equivalent classes and subclass relationships to organize these roles and activities within the context of a conference or academic event."
http://iasted#is_given_to,Target,Property,is given to,"In the context of a conference, ""is given to"" typically means that something, such as an award, recognition, or responsibility, is presented or assigned to a particular person or group. For example, ""The keynote speech is given to Dr. Smith"" means that Dr. Smith is the one who will deliver the keynote speech. Similarly, ""The award for best paper is given to the research team from XYZ University"" means that the research team from XYZ University is the recipient of the award.","The property ""is_given_to"" has a domain of ""Item"" and a range of ""Person"". This means that ""is_given_to"" is a relationship where an ""Item"" is given to a ""Person"".The subgraph describes the following relationships:

1. A ""Form"" is a subclass of a certain restriction (denoted as _:N231312c41c9a455b804259a1f41d3508).
2. This restriction (denoted as _:N231312c41c9a455b804259a1f41d3508) specifies that the property ""is_given_to"" must have some values from the class ""Delegate"".
3. Another restriction (denoted as _:Ncec2aa1ca24a49ae80724bc8572c1ae3) specifies that the property ""is_given_to"" must have some values from the class ""Session_chair"".
4. The class ""Brief_introduction_for_Session_chair"" is a subclass of this second restriction (denoted as _:Ncec2aa1ca24a49ae80724bc8572c1ae3).

In summary, a ""Form"" is related to a ""Delegate"" through a certain property, and a ""Brief_introduction_for_Session_chair"" is related to a ""Session_chair"" through the same property."
http://iasted#is_held_after,Target,Property,is held after,"In the context of a conference, ""is_held_after"" refers to the scheduling or timing of an event or session that takes place subsequent to another event or session. For example, if a keynote speech is scheduled for 10:00 AM and a workshop is scheduled for 11:00 AM, the workshop ""is_held_after"" the keynote speech. It indicates the sequence in which events are organized.","The property ""is_held_after"" has a domain of ""Activity"" and a range of ""Time"". This means that ""is_held_after"" is a relationship where an ""Activity"" occurs after a certain ""Time"".The class ""Activity_after_conference"" is a subclass of a restriction. This restriction specifies that the property ""is_held_after"" must have some values from the class ""Conference_days""."
http://iasted#is_held_before,Target,Property,is held before,"In the context of a conference, ""is_held_before"" typically refers to an event or session that takes place prior to another specified event or session. For example, if a workshop ""is_held_before"" the main conference, it means the workshop occurs earlier in the schedule than the main conference.","The property ""is_held_before"" has a domain of ""Activity"" and a range of ""Time"". This means that ""is_held_before"" is a relationship where an ""Activity"" occurs before a certain ""Time"".The class ""Activity_before_conference"" is a subclass of a restriction. This restriction specifies that the property ""is_held_before"" must have some values from the class ""Conference_days""."
http://iasted#is_held_in,Target,Property,is held in,"In the context of a conference, ""is_held_in"" refers to the location or venue where the conference takes place. For example, if a conference is held in New York, it means that New York is the city where the conference is being conducted.","The property ""is held in"" has a domain of ""Activity"".The given subgraph can be described in natural language as follows:

1. **Session** is a subclass of a restriction that specifies it is held in a **Session_room**.
2. **Conference_activity** is a subclass of two restrictions:
   - One restriction specifies that it is held in **Conference_days**.
   - Another restriction specifies that it is held in **Conference_state**.
3. **Full_day_tour** is a subclass of two restrictions:
   - One restriction specifies that it is held in a **Trip_city**.
   - Another restriction specifies that it is held in a **Trip_day**.
4. The property **is_held_in** has a range that is a union of **Time** and **Place**.
5. The class **_:N13fbf6d9e8014faca3fff42028b6c09f** is defined as a union of **Time** and **Place**.

In summary, the subgraph describes various activities (sessions, conference activities, and full-day tours) and the restrictions on where and when they are held, with specific properties and classes defining these constraints."
http://iasted#is_made_from,Target,Property,is made from,"In the context of a conference, ""is_made_from"" could refer to the materials or components that constitute various elements of the conference. For example, it could describe what the conference materials (like badges, brochures, or banners) are made from, such as paper, plastic, or fabric. It might also refer to the content of the conference, such as presentations, which are made from research, data, and expert knowledge.","The property ""is_made_from"" has a domain of ""Item"" and a range of ""Item"". This means that the property ""is_made_from"" is used to relate one item to another item from which it is made.The class ""Publication"" is a subclass of a restriction. This restriction specifies that the property ""is made from"" must have some values from the class ""Final manuscript""."
http://iasted#is_needed_for,Target,Property,is needed for,"In the context of a conference, ""is_needed_for"" refers to the essential requirements or elements necessary for the successful planning, organization, and execution of the event. This could include various aspects such as:

- **Venue**: The location where the conference will be held.
- **Speakers**: Individuals who will present or lead discussions.
- **Attendees**: Participants who will attend the conference.
- **Equipment**: Audio-visual tools, microphones, projectors, etc.
- **Materials**: Handouts, brochures, conference programs.
- **Logistics**: Transportation, accommodation, catering services.
- **Technology**: Registration systems, virtual meeting platforms (if applicable).
- **Staff**: Organizers, volunteers, technical support.

Each of these components ""is needed for"" the conference to ensure it runs smoothly and meets its objectives.","The property ""is_needed_for"" has a domain of ""Item"" and a range of ""Person"". This means that ""is_needed_for"" is a relationship where an ""Item"" is needed for a ""Person"".The class ""Viza"" is a subclass of a restriction that specifies that there is a property ""is_needed_for"" which must have some values from the class ""Delegate""."
http://iasted#is_occupied_by,Target,Property,is occupied by,"In the context of a conference, ""is_occupied_by"" refers to a specific space, such as a room, seat, or booth, being currently in use or reserved by a particular individual or group. For example, if a conference room is occupied by a speaker, it means that the speaker is currently using that room for their presentation or session. Similarly, if a seat is occupied by an attendee, it means that the attendee is currently sitting in that seat.","The property ""is_occupied_by"" has a range of ""Person"".The given subgraph describes a set of classes, restrictions, and relationships involving entities such as delegates, sponsors, and various types of locations. Here is a natural language description of the subgraph:

1. **Classes and Subclasses:**
   - There is a class that is a union of ""Building"" and ""State"".
   - ""Conference_building"" is a subclass of a restriction that specifies it is occupied by a ""Delegate"".
   - ""Conference_restaurant"" is a subclass of another restriction that specifies it is occupied by a ""Delegate"".
   - ""Sponsor_company_house"" is a subclass of a restriction that specifies it is occupied by a ""Sponsor"".
   - ""Sponsor_city"" is a subclass of a restriction that specifies it is occupied by a ""Sponsor"".
   - ""Presenter_city"" is a subclass of a restriction that specifies it is occupied by a ""Delegate"".
   - ""Presenter_house"" is a subclass of a restriction that specifies it is occupied by a ""Delegate"".
   - ""Presenter_state"" is a subclass of a restriction that specifies it is occupied by a ""Delegate"".

2. **Restrictions:**
   - There are several restrictions defined on the property ""is_occupied_by"":
     - One restriction specifies that the property ""is_occupied_by"" has some values from the class ""Delegate"".
     - Another restriction specifies that the property ""is_occupied_by"" has some values from the class ""Sponsor"".
     - Another restriction specifies that the property ""is_occupied_by"" has some values from the class ""Delegate"".
     - Another restriction specifies that the property ""is_occupied_by"" has some values from the class ""Delegate"".
     - Another restriction specifies that the property ""is_occupied_by"" has some values from the class ""Sponsor"".

3. **Properties:**
   - The property ""is_occupied_by"" has a domain that includes a class which is a union of ""Building"" and ""State"".

In summary, the subgraph defines a structure where various types of locations (buildings, restaurants, houses, cities, and states) are occupied by either delegates or sponsors, with specific restrictions and subclass relationships detailing these occupancies."
http://iasted#is_paid_by,Target,Property,is paid by,"In the context of a conference, ""is_paid_by"" typically refers to the entity or individual responsible for covering the costs associated with a particular expense. This could include registration fees, travel expenses, accommodation, or other related costs. For example, if a company sponsors an employee to attend a conference, the company ""is_paid_by"" the employee's conference fees.","The property ""is_paid_by"" has a domain of ""Money"" and a range of ""Person"". This means that ""is_paid_by"" is a relationship where ""Money"" is the subject and ""Person"" is the object. In other words, ""Money"" is paid by a ""Person"".The given subgraph can be described in natural language as follows:

1. **Hotel_fee** is a subclass of a restriction where the property **is_paid_by** has some values from **Hotel_presenter**.
2. **Registration_fee** is a subclass of a restriction where the property **is_paid_by** has some values from **Delegate**.
3. **Fee_for_extra_trip** is a subclass of a restriction where the property **is_paid_by** has some values from **Sponsor** or **Conference_Hiker**.
4. **Sponzorship** is equivalent to a restriction where the property **is_paid_by** has some values from **Sponsor**.

In summary, different types of fees (Hotel_fee, Registration_fee, Fee_for_extra_trip) are associated with specific restrictions on who pays them (Hotel_presenter, Delegate, Sponsor, Conference_Hiker), and Sponzorship is defined by a similar restriction involving a Sponsor."
http://iasted#is_paid_for,Target,Property,is paid for,"In the context of a conference, ""is_paid_for"" typically refers to whether the registration fee or any associated costs for attending the conference have been covered. This could include the payment for the conference ticket, accommodation, meals, or other related expenses. If something ""is_paid_for,"" it means that the financial obligations have been settled, and the attendee does not need to make any further payments for those specific items or services.","The property ""is paid for"" has a domain of ""Money"".The provided subgraph describes a set of relationships and restrictions involving various types of fees and the activities or items they are associated with. Here is a natural language description of the subgraph:

1. **Registration Fee**:
   - A ""Registration Fee"" is a type of fee that is paid for a ""Conference Activity"".

2. **Author Attendee Book Registration Fee**:
   - An ""Author Attendee Book Registration Fee"" is a type of fee that is paid for a ""Book Proceeding"".

3. **Author Attendee CD Registration Fee**:
   - An ""Author Attendee CD Registration Fee"" is a type of fee that is paid for a ""CD Proceeding"".

4. **Fee for Extra Trip**:
   - A ""Fee for Extra Trip"" is a type of fee that is paid for a ""Full Day Tour"".

5. **Activity and Item Classification**:
   - The property ""is_paid_for"" has a range that includes a class which is a union of ""Activity"" and ""Item"".

In summary, the subgraph outlines different types of fees and specifies the activities or items they are associated with, using restrictions to define these relationships."
http://iasted#is_paid_in,Target,Property,is paid in,"In the context of a conference, ""is_paid_in"" typically refers to whether the registration fee or any required payment for attending the conference has been completed. If a participant ""is_paid_in,"" it means they have successfully paid the necessary fees to attend the event.","The property ""is_paid_in"" has a domain of ""Money"" and a range of ""Building"". This means that ""is_paid_in"" is a relationship where ""Money"" is used in the context of a ""Building"".The class ""Tip"" is a subclass of a restriction. This restriction specifies that the property ""is_paid_in"" must have some values from the class ""Conference_restaurant""."
http://iasted#is_paid_with,Target,Property,is paid with,"In the context of a conference, ""is_paid_with"" typically refers to the method or means by which a payment is made for conference-related expenses. This could include registration fees, accommodation, meals, or other services associated with attending the conference. For example, a registration fee might be ""paid with"" a credit card, a company account, or a grant.","The property ""is_paid_with"" has a domain of ""Money"" and a range of ""Item"". This means that ""is_paid_with"" is a relationship where ""Money"" is used to pay for an ""Item"".The subgraph describes a class hierarchy and a restriction related to how fees are paid. Specifically:

1. There is a class named ""Fee"".
2. The class ""Fee"" is a subclass of a restriction.
3. This restriction is on the property ""is_paid_with"".
4. The restriction specifies that the values for ""is_paid_with"" must be some instances of a certain class.
5. This certain class is a union of two classes: ""Credit_card"" and ""Payment_document"".
6. The union class is defined such that it includes instances of either ""Credit_card"" or ""Payment_document"".

In summary, the class ""Fee"" must be paid with either a credit card or a payment document."
http://iasted#is_prepared_by,Target,Property,is prepared by,"In the context of a conference, ""is_prepared_by"" typically refers to the individual or group responsible for organizing, planning, or creating specific elements of the conference. This could include tasks such as preparing the agenda, arranging speakers, setting up the venue, or compiling conference materials. For example, a conference agenda might be prepared by the organizing committee, or a specific presentation might be prepared by a keynote speaker.","The property ""is prepared by"" has a domain of ""Item"" and a range of ""Person"". This means that the property ""is prepared by"" is used to link an ""Item"" to a ""Person"". In other words, an ""Item"" is prepared by a ""Person"".The concept of ""Transparency"" is defined as a subclass of a certain restriction. This restriction specifies that the property ""is prepared by"" must have some values from the class ""Speaker""."
http://iasted#is_present,Target,Property,is present,"In the context of a conference, ""is_present"" typically refers to whether an individual is currently attending or participating in the conference. It indicates the presence or attendance status of a person at the event.","The property ""is_present"" has a domain of ""Person"" and a range of ""Time"". This means that ""is_present"" is a relationship where a ""Person"" is associated with a ""Time"".The class ""One_day_presenter"" is defined as being equivalent to a restriction where the property ""is_present"" must have a cardinality of exactly 1."
http://iasted#is_present_in,Target,Property,is present in,"In the context of a conference, ""is_present_in"" typically refers to the participation or attendance of an individual, group, or entity in the conference. It indicates that the person or group is physically or virtually attending, contributing to, or involved in the conference activities, sessions, or events.","The property ""is_present_in"" has a domain of ""Person"". This means that ""is_present_in"" is a characteristic or attribute that applies to instances of the class ""Person"".The provided subgraph can be verbalized into a natural language description as follows:

The class ""Delegate"" is defined as an intersection of certain restrictions. One of these restrictions specifies that a delegate must go through a registration process. Another restriction indicates that a delegate must be present during conference days.

Additionally, the class ""Listener"" is a subclass of a restriction that requires the listener to be present in a certain context, which is defined as a union of different entities. These entities include a session room, a conference hall, and a place, all of which are present in a conference building.

The property ""is_present_in"" has a range that includes a class defined by a union of time and place. The property ""go_through"" is associated with the registration process.

In summary, a delegate is someone who goes through registration and is present during conference days, while a listener is someone who is present in various locations within a conference building, such as session rooms, conference halls, and other places."
http://iasted#is_sent_after,Target,Property,is sent after,"In the context of a conference, ""is_sent_after"" typically refers to the timing of a communication or document being sent in relation to a specific event or deadline. For example, it could indicate whether an email, invitation, or follow-up message was sent after a particular session, presentation, or the conclusion of the conference. This helps in tracking and managing the flow of information and ensuring timely communication with participants.","The property ""is_sent_after"" has a domain of ""Item"" and a range of ""Time"". This means that ""is_sent_after"" is a relationship where an ""Item"" is associated with a ""Time"".The class ""Author_information_form"" is a subclass of a restriction. This restriction specifies that the property ""is_sent_after"" must have some values from the class ""Deadline_for_notification_of_acceptance""."
http://iasted#is_sent_before,Target,Property,is sent before,"In the context of a conference, ""is_sent_before"" likely refers to whether a particular piece of information, such as an invitation, agenda, or reminder, has been sent to the participants prior to a specific event or deadline. It is a way to confirm that necessary communications have been dispatched in advance to ensure that attendees are informed and prepared.","The property ""is_sent_before"" has a domain of ""Item"" and a range of ""Time"". This means that ""is_sent_before"" is a relationship where an ""Item"" is associated with a ""Time"".The given subgraph can be described as follows:

There are two restrictions, both of which are related to the property ""is_sent_before"". The first restriction specifies that a ""Registration form"" must be sent before the ""Registration deadline"". The second restriction specifies that a ""Hotel registration form"" must be sent before the ""Deadline for hotel reservation""."
http://iasted#is_sent_by,Target,Property,is sent by,"In the context of a conference, ""is_sent_by"" typically refers to the origin or source of a communication or message. For example, if an email, invitation, or notification is sent to conference participants, ""is_sent_by"" would indicate the individual, organization, or system that dispatched that communication. This helps in identifying the sender and establishing the authenticity and relevance of the message to the conference.","The property ""is_sent_by"" has a domain of ""Item"" and a range of ""Person"". This means that ""is_sent_by"" is a relationship where an ""Item"" is sent by a ""Person"".The class ""Registration_form"" is a subclass of a restriction. This restriction specifies that there is a property ""is_sent_by"" which must have some values from the class ""Delegate""."
http://iasted#is_signed_by,Target,Property,is signed by,"In the context of a conference, ""is_signed_by"" typically refers to the endorsement or approval of a document, statement, or agreement by a specific individual or group. For example, a conference resolution or declaration might be ""signed by"" the participants or key figures, indicating their support or agreement with the content.","The property ""is_signed_by"" has a domain of ""Item"" and a range of ""Person"". This means that ""is_signed_by"" is a relationship where an ""Item"" is signed by a ""Person"".The class ""Record_of_attendance"" is a subclass of a restriction. This restriction specifies that there is a property ""is_signed_by"" which must have some values from the class ""Listener""."
http://iasted#is_situated_in,Target,Property,is situated in,"In the context of a conference, ""is_situated_in"" refers to the physical location or venue where the conference is being held. For example, if a conference is taking place in New York City, you could say that the conference ""is situated in"" New York City. This phrase helps to specify the geographical or physical setting of the event.","The given subgraph describes a complex ontology involving various entities and their relationships, particularly focusing on locations and their associations with conferences, presenters, and sponsors. Here is a natural language description of the subgraph:

1. **Entities and Their Subclasses:**
   - `Presenter_house` is a subclass of a restriction that involves being situated in a `Presenter_city`.
   - `Session_room` is a subclass of a restriction that involves being situated in a `Conference_building`.
   - `Conference_hotel` is a subclass of a restriction that involves being situated in a `Conference_city`.
   - `Conference_restaurant` is a subclass of a restriction that involves being situated in a `Conference_city`.
   - `Presenter_university` is a subclass of a restriction that involves being situated in a `Presenter_city`.
   - `Conference_airport` is a subclass of a restriction that involves being situated in a `Conference_state`.
   - `Sponsor_company_house` is a subclass of a restriction that involves being situated in a `Sponsor_state`.
   - `Audiovisual_equipment` is a subclass of a restriction that involves being situated in a `Session_room`.
   - `Record_of_attendance` is a subclass of a restriction that involves being situated in a `Session_room`.

2. **Restrictions and Properties:**
   - Several restrictions are defined on the property `is_situated_in`, which links various entities to their respective locations.
   - `Conference_building` is a subclass of a restriction that involves being situated in a `Conference_city`.
   - `Conference_hall` is a subclass of a restriction that involves being situated in a `Conference_building`.
   - `Hotel_room` is a subclass of a restriction that involves being situated in a `Conference_hotel`.
   - `Place` is a subclass of a restriction that involves being situated in a `Conference_city`.
   - `City` is a subclass of a restriction that involves being situated in a `State`.

3. **Union and Intersection Classes:**
   - There is a union class involving `Building` and `Place`.
   - Another union class involves `State` and `Place`.

4. **Domain and Range:**
   - The property `is_situated_in` has a domain of a class involving `Place` and a range involving a union class of `State` and `Place`.

5. **Specific Relationships:**
   - `Presenter_house` is situated in a `Presenter_city`.
   - `Session_room` is situated in a `Conference_building`.
   - `Conference_hotel` is situated in a `Conference_city`.
   - `Conference_restaurant` is situated in a `Conference_city`.
   - `Presenter_university` is situated in a `Presenter_city`.
   - `Conference_airport` is situated in a `Conference_state`.
   - `Sponsor_company_house` is situated in a `Sponsor_state`.
   - `Audiovisual_equipment` is situated in a `Session_room`.
   - `Record_of_attendance` is situated in a `Session_room`.

This ontology captures the hierarchical and locational relationships between various entities related to conferences, presenters, and sponsors, emphasizing the importance of their situated contexts."
http://iasted#is_used_by,Target,Property,is used by,"In the context of a conference, ""is_used_by"" typically refers to the utilization or application of resources, tools, or services by participants, organizers, or other stakeholders involved in the conference. For example, a conference app ""is used by"" attendees to access schedules, speaker information, and networking opportunities. Similarly, a presentation platform ""is used by"" speakers to deliver their talks.","The property ""is used by"" has a domain of ""Item"" and a range of ""Person"". This means that the property ""is used by"" is used to describe a relationship where an ""Item"" is used by a ""Person"".The given subgraph can be described in natural language as follows:

Transport vehicles are used by delegates. Audiovisual equipment is used by speakers."
http://iasted#is_used_for,Target,Property,is used for,"In the context of a conference, ""is_used_for"" refers to the purpose or function that something serves within the setting of the conference. For example, a projector ""is used for"" displaying presentations, or a registration desk ""is used for"" checking in attendees. Essentially, it describes the specific role or application of an item, tool, or process in the context of the conference.","The property ""is_used_for"" has a domain of ""Item"".The subgraph describes a class that is used for a range of activities. This class is a union of two elements: ""Activity"" and ""Money"". The union is represented by a list where ""Activity"" is the first element and ""Money"" is the second element. The list ends with a ""nil"" indicating the end of the list."
http://iasted#is_visited_by,Target,Property,is visited by,"In the context of a conference, ""is_visited_by"" typically refers to the act of an individual or group attending or visiting the conference. It indicates that the conference has been attended by certain participants, guests, or speakers. For example, if a conference ""is visited by"" industry experts, it means that experts in the industry are attending the conference.","The property ""is_visited_by"" has a range of ""Person"".The given subgraph can be described in natural language as follows:

There are several classes and restrictions defined in the ontology. 

1. **Conference_city** is a subclass of a restriction that specifies it is visited by some delegates.
2. **Conference_state** is a subclass of a restriction that specifies it is visited by some delegates.
3. **Trip_city** is a subclass of a restriction that specifies it is visited by some conference hikers.
4. The property **is_visited_by** has a domain that is a union of the classes **State** and **City**.
5. There is a restriction that specifies the property **is_visited_by** has some values from the class **Delegate**.
6. Another restriction specifies the property **is_visited_by** has some values from the class **Conference_Hiker**.
7. The class **Building** is part of a list that ends with **nil**.

In summary, the ontology defines relationships between cities, states, and the entities that visit them, such as delegates and conference hikers. The property **is_visited_by** is central to these relationships, and it applies to both states and cities."
http://iasted#is_writen_by,Target,Property,is writen by,"In the context of a conference, ""is_written_by"" typically refers to the authorship of a paper, presentation, or any other scholarly work submitted or presented at the conference. It indicates the individual or group of individuals who have authored the work. For example, if a research paper is submitted to a conference, the ""is_written_by"" attribute would list the names of the researchers or authors who wrote the paper.","The property ""is written by"" has a domain of ""Item"" and a range of ""Person"". This means that ""is written by"" is a relationship where an ""Item"" is associated with a ""Person"".The given subgraph can be described in natural language as follows:

A ""Review"" is a subclass of a restriction that specifies that it is written by some ""Reviewer"". Similarly, a ""Submission"" is a subclass of a restriction that specifies that it is written by some ""Speaker""."
http://iasted#need,Target,Property,need,"In the context of a conference, the term ""need"" refers to the specific requirements or necessities that must be met to ensure the event's success. This can include logistical needs such as venue space, audio-visual equipment, and catering, as well as content-related needs like relevant speakers, engaging topics, and appropriate materials for attendees. Understanding and addressing these needs is crucial for organizing a smooth and effective conference.","The property ""need"" has a domain of ""Person"" and a range of ""Item"". This means that the property ""need"" is used to link a ""Person"" to an ""Item"". In other words, a person needs an item.The class ""Delegate"" is a subclass of a restriction. This restriction specifies that the property ""need"" must have some values from the class ""Viza""."
http://iasted#obtain,Target,Property,obtain,"In the context of a conference, ""obtain"" typically means to acquire or secure something, such as information, materials, or access. For example, you might obtain a conference badge, obtain presentation materials, or obtain permission to attend certain sessions.","The verb ""obtain"" has a domain of ""Person"" and a range of ""Item"". This means that the action of obtaining is performed by a person and the object being obtained is an item.The given subgraph can be described in natural language as follows:

1. **Author_cd_proceedings_included** is a subclass of a restriction where the property is **obtain** and the values are **Cd_proceening**.
2. **Session_chair** is a subclass of a restriction where the property is **obtain** and the values are **Brief_introduction_for_Session_chair**.
3. **Delegate** is a subclass of a restriction where the property is **obtain** and the values are **Invitation_letter**.
4. **Author_book_proceedings_included** is a subclass of a restriction where the property is **obtain** and the values are **Book_proceeding**.

In summary, the subgraph describes different roles (Author_cd_proceedings_included, Session_chair, Delegate, and Author_book_proceedings_included) and the specific items or information they are required to obtain (Cd_proceening, Brief_introduction_for_Session_chair, Invitation_letter, and Book_proceeding, respectively)."
http://iasted#occupy,Target,Property,occupy,"In the context of a conference, ""occupy"" typically means to take up or fill a space, seat, or position. For example, attendees might occupy seats in a conference hall, or a speaker might occupy the stage during their presentation. It can also refer to the use of time, such as occupying a time slot on the conference agenda.","The property ""occupy"" is associated with the domain ""Person"".The given subgraph describes a set of classes and restrictions related to entities such as Delegates, Sponsors, and Hotels in the context of a conference. Here is a natural language description of the subgraph:

1. **Delegate Class**:
   - Delegates are subject to several restrictions:
     - They must occupy a Presenter_state.
     - They must occupy a Presenter_city.
     - They must occupy a Presenter_house.

2. **Sponsor Class**:
   - Sponsors are also subject to several restrictions:
     - They must occupy a Sponsor_state.
     - They must occupy a Sponsor_city.
     - They must occupy a Sponsor_company_house.

3. **Hotel_presenter Class**:
   - Hotel_presenters are a subclass of a class that is an intersection of:
     - A restriction that they must occupy a Conference_hotel.
     - A restriction that they must pay a Hotel_fee.

4. **Occupy Property**:
   - The ""occupy"" property has a range that is a union of:
     - Building
     - State
     - City

5. **Additional Classes and Restrictions**:
   - There are several restrictions defined on the ""occupy"" property:
     - One restriction specifies that the values must be from Presenter_state.
     - Another specifies that the values must be from Presenter_city.
     - Another specifies that the values must be from Presenter_house.
     - Another specifies that the values must be from Sponsor_state.
     - Another specifies that the values must be from Sponsor_city.
     - Another specifies that the values must be from Sponsor_company_house.
     - Another specifies that the values must be from Conference_hotel.

6. **Class Hierarchy**:
   - The Delegate class is a subclass of multiple restrictions related to the ""occupy"" property.
   - The Sponsor class is a subclass of multiple restrictions related to the ""occupy"" property.
   - The Hotel_presenter class is a subclass of a class that is an intersection of multiple restrictions.

This description captures the relationships and constraints defined in the subgraph, providing a clear understanding of the roles and properties of Delegates, Sponsors, and Hotel_presenters in the context of a conference."
http://iasted#pay,Target,Property,pay,"In the context of a conference, ""pay"" typically refers to the act of providing monetary compensation for various aspects related to the event. This could include paying for conference registration fees, purchasing tickets, covering the costs of travel and accommodation, or paying for additional services such as workshops, materials, or meals provided during the conference.","The term ""pay"" has a domain of ""Person"" and a range of ""Money"".The given subgraph can be described in natural language as follows:

1. **Student_non_speaker** is equivalent to a class of individuals who pay a **Student_registration_fee**.
2. **Worker_non_speaker** is equivalent to a class of individuals who pay a **Nonauthor_registration_fee**.
3. **IASTED_member** is equivalent to a class of individuals who pay a **Member_registration_fee**.
4. **IASTED_non_member** is equivalent to a class of individuals who pay a **Nonmember_registration_fee**.
5. **Hotel_presenter** is a subclass of a class that is an intersection of:
   - Individuals who occupy a **Conference_hotel**.
   - Individuals who pay a **Hotel_fee**.
6. **Delegate** is a subclass of a class of individuals who pay a **Registration_fee**.

In summary, the subgraph describes various classes of individuals based on the type of fees they pay and their roles, such as students, workers, IASTED members, non-members, hotel presenters, and delegates."
http://iasted#prepare,Target,Property,prepare,"In the context of a conference, ""prepare"" means to make all the necessary arrangements and plans in advance to ensure the event runs smoothly. This can include tasks such as organizing the agenda, arranging for speakers, setting up the venue, preparing materials and presentations, coordinating with attendees, and ensuring all technical equipment is functioning properly. Essentially, it involves all the steps taken to ensure the conference is successful and meets its objectives.","The verb ""prepare"" has a domain of ""Person"" and a range of ""Item"". This means that the action of preparing is performed by a person and is applied to an item.The class ""Author"" is a subclass of a restriction. This restriction specifies that the property ""prepare"" must have some values from the class ""Transparency""."
http://iasted#send,Target,Property,send,"In the context of a conference, ""send"" typically means to transmit or dispatch information, invitations, documents, or messages to participants or organizers. For example, you might send an email invitation to attendees, send a presentation file to the conference organizers, or send a message to a colleague during the event.","The verb ""send"" has a domain of ""Person"" and a range of ""Item"". This means that the action of sending is performed by a person and the object being sent is an item.The subgraph describes a restriction on the class ""Delegate."" Specifically, it states that a ""Delegate"" is a subclass of a restriction that involves the property ""send."" This restriction requires that the property ""send"" must have some values from the class ""Registration_form."" In other words, for an entity to be considered a ""Delegate,"" it must be capable of sending a ""Registration_form."""
http://iasted#sign,Target,Property,sign,"In the context of a conference, a ""sign"" typically refers to a visual indicator or symbol that provides information or directions to attendees. This can include signage for room locations, schedules, speaker names, session topics, restrooms, registration areas, and other important logistical details to help participants navigate the event efficiently.","The property ""sign"" has a domain of ""Person"" and a range of ""Item"". This means that the subject of the ""sign"" property is a ""Person"" and the object of the ""sign"" property is an ""Item"".The class ""Listener"" is a subclass of a restriction that requires the property ""sign"" to have some values from the class ""Record_of_attendance""."
http://iasted#speak_in,Target,Property,speak in,"In the context of a conference, ""speak in"" refers to the act of delivering a speech, presentation, or talk as a speaker at the event. It involves addressing the audience on a specific topic, sharing knowledge, insights, or research findings.","The property ""speak_in"" has a domain of ""Person"". This means that the subject of the ""speak_in"" property is expected to be a ""Person"".The provided subgraph can be described in natural language as follows:

There is a class called ""Plenary_lecture_speaker"" which is a subclass of a restriction. This restriction specifies that the property ""speak_in"" must have some values from ""Conference_hall"".

Similarly, there is a class called ""Lecturer"" which is a subclass of another restriction. This restriction specifies that the property ""speak_in"" must have some values from ""Session_room"".

Additionally, there is a class called ""Tutorial_speaker"" which is a subclass of yet another restriction. This restriction also specifies that the property ""speak_in"" must have some values from ""Conference_hall"".

There is a class defined by a union of two elements: ""Place"" and ""Time"". This class is the range of the property ""speak_in""."
http://iasted#write,Target,Property,write,"In the context of a conference, ""write"" typically refers to the act of creating written content related to the event. This could include writing notes during presentations, drafting summaries or reports of the sessions, preparing speeches or presentations, composing emails or messages to attendees, or documenting key points and takeaways from the conference. Essentially, it involves any form of written communication or documentation that supports the activities and objectives of the conference.","The property ""write"" has a domain of ""Person"" and a range of ""Item"". This means that the subject of the ""write"" property is a ""Person"" and the object of the ""write"" property is an ""Item"".The class ""Speaker"" is a subclass of a certain restriction. This restriction specifies that the property ""write"" must have some values from the class ""Final_manuscript""."
