entity,source_or_target,entity_type,syntactic_matching,lexical_matching,semantic_matching
http://conference#Abstract,Source,Class,abstract,"In the context of a conference, an ""abstract"" is a brief summary of a research paper, presentation, or study that is submitted for consideration. It typically includes the main objectives, methods, results, and conclusions of the work. The abstract allows conference organizers and attendees to quickly understand the essence of the research and decide its relevance and interest to them.","Sure, here are the triples verbalised into phrases:

1. The property ""has_an_abstract"" has a range of ""Abstract"".
2. The property ""is_the_1th_part_of"" has a domain of ""Abstract"".
3. The class ""Abstract"" is a subclass of ""Extended_abstract""."
http://conference#Accepted_contribution,Source,Class,accepted contribution,"In the context of a conference, ""Accepted_contribution"" refers to a research paper, presentation, poster, or any other form of scholarly work that has been submitted by an author or group of authors and has been reviewed and approved by the conference's review committee. This means that the contribution meets the conference's standards for quality and relevance and will be included in the conference program, allowing the authors to present their work to the conference attendees.","Sure, here are the triples verbalised into phrases:

1. ""Camera_ready_contribution"" is a subclass of ""Accepted_contribution"".
2. ""Rejected_contribution"" is disjoint with ""Accepted_contribution"".
3. ""Accepted_contribution"" is a subclass of ""Reviewed_contribution"".
4. ""Accepted_contribution"" is disjoint with ""Rejected_contribution"".The subgraph describes a class hierarchy and relationships among different types of contributions. Specifically, it states that:

1. There is a class denoted by the blank node `_:N65c2215957e04a7281048262a6172483`, which is of type ""Class"".
2. The class ""Reviewed_contribution"" is equivalent to the class represented by `_:N65c2215957e04a7281048262a6172483`.
3. The class `_:N65c2215957e04a7281048262a6172483` is defined as a union of two other classes:
   - ""Accepted_contribution""
   - ""Rejected_contribution""

In other words, a ""Reviewed_contribution"" is a class that includes both ""Accepted_contribution"" and ""Rejected_contribution""."
http://conference#Active_conference_participant,Source,Class,active conference participant,"In the context of a conference, an ""Active_conference_participant"" refers to an individual who is actively engaged in the conference activities. This can include attending sessions, participating in discussions, asking questions, contributing to workshops, networking with other attendees, and possibly presenting papers or leading sessions. Essentially, an active participant is someone who is not just passively observing but is involved and contributing to the overall experience and success of the conference.","Sure, here are the triples verbalised into phrases:

1. The property ""gives_presentations"" has a domain of ""Active_conference_participant"".
2. The property ""is_given_by"" has a range of ""Active_conference_participant"".
3. ""Passive_conference_participant"" is disjoint with ""Active_conference_participant"".
4. ""Active_conference_participant"" is a subclass of both ""Conference_contributor"" and ""Conference_participant"".
5. ""Active_conference_participant"" is disjoint with ""Passive_conference_participant"".The given subgraph describes the relationships between different types of conference participants. Here's a natural language description:

1. **Conference_participant** is defined as a class that is equivalent to a union of two subclasses:
   - **Active_conference_participant**
   - **Passive_conference_participant**

2. **Active_conference_participant** is further defined as a class that is a union of:
   - **Invited_speaker**
   - **Regular_author**

3. **Passive_conference_participant** is a class on its own.

In summary, a **Conference_participant** can either be an **Active_conference_participant** or a **Passive_conference_participant**. An **Active_conference_participant** can be either an **Invited_speaker** or a **Regular_author**."
http://conference#Call_for_paper,Source,Class,call for paper,"In the context of a conference, a ""Call for Papers"" (CFP) is an invitation issued by the conference organizers for researchers, scholars, and professionals to submit their research papers, abstracts, or proposals for presentation at the conference. The CFP typically includes details about the conference themes, submission guidelines, important dates, and the review process. It serves as a formal request for contributions that align with the conference's topics and objectives.","The class ""Call for paper"" is a subclass of the class ""Conference document""."
http://conference#Call_for_participation,Source,Class,call for participation,"In the context of a conference, a ""Call for Participation"" (CFP) is an announcement or invitation issued by the conference organizers to solicit contributions from potential participants. This can include calls for papers, presentations, workshops, posters, panels, or other forms of participation. The CFP typically outlines the themes or topics of interest, submission guidelines, important dates, and any other relevant information that potential contributors need to know in order to submit their work for consideration. The goal is to encourage a wide range of submissions to ensure a diverse and comprehensive program for the conference.","The class ""Call for participation"" is a subclass of ""Conference document""."
http://conference#Camera_ready_contribution,Source,Class,camera ready contribution,"In the context of a conference, a ""camera-ready contribution"" refers to the final version of a paper or presentation that is ready for publication. This version has been revised and formatted according to the conference's specific guidelines and requirements. It is the version that will be included in the conference proceedings and made available to attendees and the wider academic community. The term ""camera-ready"" implies that the document is in its final form, free of errors, and ready for printing or digital distribution.","The class ""Camera_ready_contribution"" is a subclass of the class ""Accepted_contribution""."
http://conference#Chair,Source,Class,chair,"In the context of a conference, the term ""Chair"" refers to the person who presides over the conference or a specific session within the conference. This individual is responsible for guiding the discussions, ensuring the agenda is followed, managing time, and facilitating interactions among participants. The Chair plays a crucial role in maintaining order and ensuring that the conference runs smoothly and efficiently.","Sure, here are the triples verbalised into phrases:

1. The property ""has_a_committee_chair"" has a range of ""Chair"".
2. The property ""was_a_committee_chair_of"" has a domain of ""Chair"".
3. The class ""Chair"" is a subclass of ""Committee_member"".The class ""Chair"" is equivalent to a restriction. This restriction specifies that it applies to entities that have the property ""was a committee chair of"" with some values from the class ""Committee""."
http://conference#Co-chair,Source,Class,co chair,"In the context of a conference, a ""Co-chair"" refers to an individual who shares the responsibilities of leading and organizing the event with one or more other individuals. Co-chairs work collaboratively to oversee various aspects of the conference, such as planning the agenda, coordinating speakers, managing logistics, and ensuring the event runs smoothly. The role of a co-chair is to provide support and share the workload, ensuring that the conference is successful and well-organized.","Sure, here are the triples verbalized into phrases:

1. The property ""has_a_committee_co-chair"" has a range of ""Co-chair"".
2. The property ""was_a_committee_co-chair_of"" has a domain of ""Co-chair"".
3. The class ""Co-chair"" is a subclass of ""Committee_member"".The class ""Co-chair"" is defined as being equivalent to a restriction where the property ""was a committee co-chair of"" applies to some values from the class ""Committee""."
http://conference#Committee,Source,Class,committee,"In the context of a conference, a ""committee"" refers to a group of individuals who are appointed or elected to perform specific tasks related to the planning, organization, and execution of the conference. This can include responsibilities such as selecting speakers, organizing sessions, managing logistics, and handling registrations. The committee works collaboratively to ensure the conference runs smoothly and meets its objectives.","1. An Organizing Committee is a subclass of a Committee.
2. A Program Committee is a subclass of a Committee.
3. A Steering Committee is a subclass of a Committee.
4. The property ""has a committee chair"" applies to instances of a Committee.
5. The property ""has a committee co-chair"" applies to instances of a Committee.
6. The property ""has a committee"" points to instances of a Committee.
7. The property ""has members"" applies to instances of a Committee.
8. The property ""was a committee co-chair of"" points to instances of a Committee.
9. The property ""was a committee chair of"" points to instances of a Committee.
10. The property ""was a committee of"" applies to instances of a Committee.
11. The property ""was a member of"" points to instances of a Committee.The given subgraph can be described in natural language as follows:

There is a class called ""Committee"" which is equivalent to a union of several specific committees: the ""Organizing committee,"" the ""Program committee,"" and the ""Steering committee.""

A ""Committee member"" is defined as someone who was a member of a ""Committee.""

A ""Chair"" is defined as someone who was a committee chair of a ""Committee.""

A ""Co-chair"" is defined as someone who was a committee co-chair of a ""Committee.""

The relationships and restrictions are as follows:
- The ""Committee member"" class has a restriction that it includes individuals who were members of a ""Committee.""
- The ""Chair"" class has a restriction that it includes individuals who were chairs of a ""Committee.""
- The ""Co-chair"" class has a restriction that it includes individuals who were co-chairs of a ""Committee.""

In summary, the subgraph defines the relationships and equivalences between different types of committee roles and the committees they are associated with."
http://conference#Committee_member,Source,Class,committee member,"In the context of a conference, a ""committee member"" refers to an individual who is part of a group responsible for organizing, planning, and overseeing various aspects of the conference. This can include tasks such as selecting speakers, arranging schedules, managing logistics, and ensuring the event runs smoothly. Committee members typically collaborate to make decisions and execute plans to achieve the conference's objectives.","Sure, here are the triples verbalised into phrases:

1. A ""Chair"" is a subclass of ""Committee member"".
2. A ""Co-chair"" is a subclass of ""Committee member"".
3. The property ""has members"" has a range of ""Committee member"".
4. The property ""was a member of"" has a domain of ""Committee member"".
5. A ""Committee member"" is a subclass of ""Person"".The given subgraph can be described in natural language as follows:

An ""Organizer"" is a subclass of a union of ""Organization"" and a list that includes ""Committee_member"". A ""Committee_member"" is equivalent to a class that has a restriction on the property ""was_a_member_of"", where the values are some members of the class ""Committee""."
http://conference#Conference,Source,Class,conference,"In the context of ""conference,"" the term refers to a formal meeting or gathering where individuals or groups come together to discuss specific topics, share information, and engage in collaborative discussions. Conferences can be held in various fields such as business, education, science, technology, and more, and they often include presentations, workshops, and networking opportunities.","The class ""Conference_volume"" is a subclass of the class ""Conference"".The given subgraph describes a class that is a union of several components. Specifically, the class includes the following elements:

1. **Publisher**
2. **Conference**
3. **Topic**
4. **Conference_part**
5. **Conference_proceedings**

Additionally, the class has a property named ""has_a_name."" The structure of the subgraph indicates that these elements are organized in a specific sequence, with each element pointing to the next in a linked list fashion, ending with 'nil' to signify the end of the list."
http://conference#Conference_announcement,Source,Class,conference announcement,"In the context of a conference, a ""conference announcement"" refers to a formal notification or communication that provides details about an upcoming conference. This announcement typically includes essential information such as the conference's theme, dates, location, key speakers, agenda, registration details, and any other relevant information that potential attendees need to know. The purpose of the announcement is to inform and attract participants, sponsors, and other stakeholders to the event.","The class ""Conference_announcement"" is a subclass of the class ""Conference_document""."
http://conference#Conference_applicant,Source,Class,conference applicant,"In the context of a conference, a ""conference applicant"" refers to an individual who has submitted an application to attend, present, or participate in the conference. This could include speakers, presenters, attendees, or participants who are seeking approval or acceptance to be part of the event. The application process typically involves providing personal information, credentials, and possibly an abstract or proposal if the applicant intends to present research or a topic at the conference.","Sure, here are the triples verbalised into phrases:

1. ""Registered applicant is a subclass of Conference applicant.""
2. ""Conference applicant is a subclass of Person."""
http://conference#Conference_contribution,Source,Class,conference contribution,"In the context of a conference, a ""conference contribution"" refers to any form of scholarly work or presentation that is submitted and presented at the conference. This can include papers, posters, presentations, workshops, or any other type of academic or professional work that contributes to the knowledge and discussions taking place at the event. These contributions are typically peer-reviewed and are an essential part of the conference's program, allowing researchers and professionals to share their findings, innovations, and ideas with their peers.","Sure, here are the triples verbalised into phrases:

1. A ""Poster"" is a subclass of ""Conference contribution"".
2. A ""Presentation"" is a subclass of ""Conference contribution"".
3. A ""Written contribution"" is a subclass of ""Conference contribution"".
4. The property ""has contributions"" has a range of ""Conference contribution"".
5. The property ""is submitted at"" has a domain of ""Conference contribution"".
6. A ""Conference contribution"" is a subclass of ""Conference document"".The provided subgraph describes a classification and relationship structure involving different types of contributions and authors in the context of conferences. Here is a natural language description of the subgraph:

1. **Classes and Equivalences**:
   - ""Conference_contribution"" is equivalent to a class that is a union of several types of contributions.
   - ""Regular_author"" is equivalent to a class that is an intersection of certain properties and classes.

2. **Types of Contributions**:
   - ""Conference_contribution"" includes:
     - ""Regular_contribution""
     - ""Written_contribution""
     - ""Presentation""
     - ""Poster""
     - ""Invited_talk""
   - ""Regular_contribution"" is further detailed to include:
     - ""Contribution_1th-author""
     - ""Contribution_co-author""

3. **Class Properties**:
   - The class equivalent to ""Regular_author"" is defined as an intersection of:
     - A restriction on the property ""contributes"" which must have some values from the class ""Conference_contribution"".

4. **Union and Intersection Definitions**:
   - The union of contributions under ""Conference_contribution"" includes:
     - ""Regular_contribution""
     - ""Written_contribution""
     - ""Presentation""
     - ""Poster""
     - ""Invited_talk""
   - The intersection defining ""Regular_author"" includes:
     - A restriction on the property ""contributes"" with some values from ""Conference_contribution"".

5. **List Structures**:
   - The union and intersection classes are represented using list structures where:
     - The ""first"" element points to a specific type of contribution or restriction.
     - The ""rest"" element points to the next element in the list or ""nil"" if it is the end of the list.

In summary, the subgraph defines a detailed classification of conference contributions and authors, specifying how different types of contributions are grouped and how the concept of a ""Regular_author"" is constructed through an intersection of properties and classes."
http://conference#Conference_contributor,Source,Class,conference contributor,"In the context of a conference, a ""conference contributor"" refers to an individual or entity that actively participates in the event by providing valuable input, resources, or support. This can include roles such as speakers, presenters, panelists, sponsors, organizers, or anyone who contributes to the content, logistics, or overall success of the conference. Their contributions can range from delivering presentations and leading workshops to offering financial support or helping with event planning and coordination.","Sure, here are the triples verbalised into phrases:

1. An ""Active conference participant"" is a subclass of ""Conference contributor"".
2. An ""Invited speaker"" is a subclass of ""Conference contributor"".
3. A ""Regular author"" is a subclass of ""Conference contributor"".
4. A ""Conference contributor"" is a subclass of ""Person""."
http://conference#Conference_document,Source,Class,conference document,"In the context of a conference, a ""conference document"" refers to any official paper or digital file that is produced for or during the event. This can include a wide range of materials such as agendas, schedules, abstracts, research papers, presentations, minutes of meetings, reports, and any other documentation that is relevant to the proceedings of the conference. These documents are typically used to inform participants, record discussions, and provide a reference for future activities or decisions related to the conference topics.","1. ""Call for paper"" is a subclass of ""Conference document"".
2. ""Call for participation"" is a subclass of ""Conference document"".
3. ""Conference announcement"" is a subclass of ""Conference document"".
4. ""Conference contribution"" is a subclass of ""Conference document"".
5. ""Conference www"" is a subclass of ""Conference document"".
6. ""Information for participants"" is a subclass of ""Conference document"".
7. ""Review"" is a subclass of ""Conference document"".
8. The property ""contributes"" has a range of ""Conference document"".
9. The property ""has a date of issue"" has a domain of ""Conference document"".
10. The property ""has authors"" has a domain of ""Conference document""."
http://conference#Conference_fees,Source,Class,conference fees,"In the context of a conference, ""conference fees"" refer to the charges or costs that participants are required to pay in order to attend the event. These fees typically cover various expenses associated with organizing the conference, such as venue rental, materials, meals, and sometimes accommodation. The fees can vary depending on the type of conference, the duration, and the services provided.",Information is not available.
http://conference#Conference_part,Source,Class,conference part,"In the context of a conference, ""Conference_part"" likely refers to a specific segment or component of the conference. This could include various elements such as keynote speeches, panel discussions, workshops, breakout sessions, networking events, or any other distinct parts that make up the overall structure of the conference. Each ""Conference_part"" would contribute to the overall agenda and objectives of the event.","1. ""Track"" is a subclass of ""Conference_part"".
2. ""Tutorial"" is a subclass of ""Conference_part"".
3. ""Workshop"" is a subclass of ""Conference_part"".
4. ""has_a_track-workshop-tutorial_chair"" has a domain of ""Conference_part"".
5. ""has_a_track-workshop-tutorial_topic"" has a domain of ""Conference_part"".
6. ""has_parts"" has a range of ""Conference_part"".
7. ""is_a_topis_of_conference_parts"" has a range of ""Conference_part"".
8. ""is_part_of_conference_volumes"" has a domain of ""Conference_part"".
9. ""was_a_track-workshop_chair_of"" has a range of ""Conference_part"".The given subgraph describes a class that is a union of several components. Specifically, the class is defined as follows:

1. The class is of type ""Class"".
2. The class is a union of several elements:
   - ""Conference_proceedings""
   - ""Publisher""
   - ""Conference""
   - ""Topic""
   - ""Conference_part""

Additionally, the property ""has_a_name"" has a domain that includes this class. The elements are listed in a specific order, with each element pointing to the next in a linked list structure, ending with ""nil""."
http://conference#Conference_participant,Source,Class,conference participant,"In the context of a conference, a ""conference participant"" refers to an individual who attends and takes part in the activities of the conference. This can include attending sessions, workshops, and presentations, engaging in discussions, networking with other attendees, and contributing to the overall objectives of the conference. Participants can be speakers, presenters, panelists, or general attendees who are there to learn, share knowledge, and collaborate with others in their field.","Sure, here are the triples verbalised into phrases:

1. ""Active conference participant is a subclass of conference participant.""
2. ""Passive conference participant is a subclass of conference participant.""
3. ""Conference participant is a subclass of person.""The subgraph describes the class ""Conference_participant"" as being equivalent to a union of two subclasses: ""Active_conference_participant"" and ""Passive_conference_participant"". This means that a ""Conference_participant"" can either be an ""Active_conference_participant"" or a ""Passive_conference_participant"". The union is represented by a list structure where the first element is ""Active_conference_participant"" and the rest of the list contains ""Passive_conference_participant"", with the end of the list being marked by 'nil'. Additionally, the union itself is identified as a class."
http://conference#Conference_proceedings,Source,Class,conference proceedings,"In the context of a conference, ""conference proceedings"" refer to a collection of academic papers, presentations, or research findings that were presented at the conference. These proceedings are typically compiled and published as a record of the event, providing a comprehensive overview of the topics discussed and the advancements shared during the conference. They serve as an important resource for researchers, scholars, and professionals who are interested in the latest developments in a particular field.","Sure, here are the triples verbalised into phrases:

1. The property ""has_a_publisher"" applies to instances of ""Conference_proceedings"".
2. The property ""has_a_volume"" applies to instances of ""Conference_proceedings"".
3. The property ""has_an_ISBN"" applies to instances of ""Conference_proceedings"".
4. The property ""issues"" can have values that are instances of ""Conference_proceedings"".The given subgraph describes a class and its components in a structured format. Here's a natural language description of the subgraph:

There is a class that is defined as a union of several components. The class has a name, and it includes the following elements:

1. **Publisher**
2. **Conference**
3. **Topic**
4. **Conference_part**
5. **Conference_proceedings**

These elements are organized in a specific order, where each element points to the next one in a sequence, ending with 'nil' to indicate the end of the list."
http://conference#Conference_volume,Source,Class,conference volume,"In the context of a conference, a ""conference volume"" refers to a collection of written papers or presentations that were presented at the conference. These volumes are often published as a book or a special issue of a journal and serve as a formal record of the research and discussions that took place during the event. The conference volume typically includes peer-reviewed articles, abstracts, and sometimes additional commentary or summaries of the sessions.","Sure, here are the triples verbalized into phrases:

1. The property ""belong_to_a_conference_volume"" has a range of ""Conference_volume"".
2. The property ""has_a_commtitee"" has a domain of ""Conference_volume"".
3. The property ""has_a_location"" has a domain of ""Conference_volume"".
4. The property ""has_a_program_committee"" has a domain of ""Conference_volume"".
5. The property ""has_a_steering_committee"" has a domain of ""Conference_volume"".
6. The property ""has_an_organizing_committee"" has a domain of ""Conference_volume"".
7. The property ""has_contributions"" has a domain of ""Conference_volume"".
8. The property ""has_important_dates"" has a domain of ""Conference_volume"".
9. The property ""has_parts"" has a domain of ""Conference_volume"".
10. The property ""has_tracks"" has a domain of ""Conference_volume"".
11. The property ""has_tutorials"" has a domain of ""Conference_volume"".
12. The property ""has_workshops"" has a domain of ""Conference_volume"".
13. The property ""is_part_of_conference_volumes"" has a range of ""Conference_volume"".
14. The property ""is_submitted_at"" has a range of ""Conference_volume"".
15. The property ""was_a_committee_of"" has a range of ""Conference_volume"".
16. The property ""was_a_program_committee_of"" has a range of ""Conference_volume"".
17. The property ""was_a_steering_committee_of"" has a range of ""Conference_volume"".
18. The property ""was_an_organizing_committee_of"" has a range of ""Conference_volume"".
19. The class ""Conference_volume"" is a subclass of ""Conference""."
http://conference#Conference_www,Source,Class,conference www,"In the context of a conference, ""Conference_www"" likely refers to the official website or web page associated with the conference. This site typically provides essential information such as the conference schedule, speaker details, registration information, venue details, and other relevant updates. The ""www"" stands for the World Wide Web, indicating that this information is accessible online.","Sure, here are the triples verbalized into phrases:

1. The property ""has_a_URL"" has a domain of ""Conference_www"".
2. The class ""Conference_www"" is a subclass of ""Conference_document""."
http://conference#Contribution_1th-author,Source,Class,contribution 1th author,"In the context of a conference, ""Contribution_1th-author"" typically refers to the primary or first author of a contribution, such as a research paper, presentation, or poster. The first author is usually the person who has made the most significant contribution to the work and often takes the lead in writing and presenting the research. This designation is important for academic recognition and can influence career advancement and reputation within the academic community.","Sure, here are the triples verbalized into phrases:

1. ""Contribution_1th-author"" is a subclass of ""Regular_author"".
2. ""Contribution_1th-author"" is disjoint with ""Contribution_co-author"".
3. ""Contribution_co-author"" is disjoint with ""Contribution_1th-author"".The given subgraph can be described in natural language as follows:

There is a class, denoted as `_:Nbae554a8dae54ca4be6e385442d0f5e0`, which is equivalent to the class `Regular_author`. This class is defined as the intersection of two components:

1. A class, denoted as `_:N1ea6962fab8545f3926c3d6ba9026d5d`, which is a union of:
   - `Contribution_1th-author`
   - `Contribution_co-author`

2. A restriction, denoted as `_:N85e5523c769d4c83b382c584c314ff01`, which specifies that the property `contributes` must have some values from the class `Conference_contribution`.

In summary, a `Regular_author` is someone who either is a first author or a co-author of a contribution, and who contributes to a conference contribution."
http://conference#Contribution_co-author,Source,Class,contribution co author,"In the context of a conference, ""Contribution_co-author"" refers to an individual who has significantly contributed to the research, writing, or development of a paper or presentation that is being submitted or presented at the conference. This person is recognized as a co-author, meaning they share credit and responsibility for the work alongside the primary author(s). Their contributions could include conducting experiments, analyzing data, writing sections of the paper, or providing critical insights and revisions.","Sure, here are the triples verbalized into phrases:

1. ""Contribution_1th-author"" is disjoint with ""Contribution_co-author"".
2. ""Contribution_co-author"" is a subclass of ""Regular_author"".
3. ""Contribution_co-author"" is disjoint with ""Contribution_1th-author"".

Note that the third statement is essentially a repetition of the first one, as disjointness is a symmetric property.The given subgraph can be described in natural language as follows:

There is a class, denoted as `_:Nbae554a8dae54ca4be6e385442d0f5e0`, which is equivalent to the class `Regular_author`. This class is defined as the intersection of two sets:

1. The first set is a class, denoted as `_:N1ea6962fab8545f3926c3d6ba9026d5d`, which is a union of two contributions:
   - `Contribution_1th-author`
   - `Contribution_co-author`

2. The second set is a restriction, denoted as `_:N85e5523c769d4c83b382c584c314ff01`, which specifies that the property `contributes` must have some values from the class `Conference_contribution`.

In summary, a `Regular_author` is someone who either contributes as a first author or a co-author and has some contribution to a conference."
http://conference#Early_paid_applicant,Source,Class,early paid applicant,"In the context of a conference, ""Early_paid_applicant"" refers to an individual who has registered and paid for their attendance at the conference during an early registration period. This period typically offers discounted rates or other incentives to encourage early sign-ups.","Sure, here are the triples verbalised into phrases:

1. The class ""Early_paid_applicant"" is a subclass of the class ""Paid_applicant"".
2. The class ""Early_paid_applicant"" is disjoint with the class ""Late_paid_applicant"".
3. The class ""Late_paid_applicant"" is disjoint with the class ""Early_paid_applicant"".The subgraph describes a class called ""Paid_applicant"" which is equivalent to another class defined by a union of two subclasses: ""Early_paid_applicant"" and ""Late_paid_applicant"". The union is represented by a list structure where ""Early_paid_applicant"" is the first element, followed by ""Late_paid_applicant"", and the list ends with a ""nil"" indicating the end of the list."
http://conference#Extended_abstract,Source,Class,extended abstract,"In the context of a conference, an ""extended abstract"" is a concise summary of a research paper or presentation that provides more detail than a standard abstract but is shorter than a full paper. It typically includes the main objectives, methodology, results, and conclusions of the research. Extended abstracts are often used in conference proceedings to give attendees a comprehensive overview of the work being presented, allowing them to decide which sessions to attend and to understand the key contributions of the research.","Sure, here are the triples verbalised into phrases:

1. ""Abstract"" is a subclass of ""Extended abstract"".
2. ""Paper"" is disjoint with ""Extended abstract"".
3. ""Extended abstract"" is a subclass of ""Regular contribution"".
4. ""Extended abstract"" is disjoint with ""Paper"".The subgraph describes a class hierarchy and a list structure in a natural language format as follows:

1. There is a class denoted by the blank node `_:Ncd4b83a209fb4df1acff22fadd086e08`, which is of type `Class`.
2. The class `Regular_contribution` is equivalent to the class represented by `_:Ncd4b83a209fb4df1acff22fadd086e08`.
3. The class `_:Ncd4b83a209fb4df1acff22fadd086e08` is a union of a list represented by the blank node `_:N3db78d1ba5a549ab85d978683d7e82a2`.
4. The list `_:N3db78d1ba5a549ab85d978683d7e82a2` has `Extended_abstract` as its first element.
5. The rest of the list `_:N3db78d1ba5a549ab85d978683d7e82a2` is another list represented by the blank node `_:N14c0dd1927c345d8a3bff1942125393a`.
6. The list `_:N14c0dd1927c345d8a3bff1942125393a` has `Paper` as its first element.
7. The rest of the list `_:N14c0dd1927c345d8a3bff1942125393a` is `nil`, indicating the end of the list.

In summary, the class `Regular_contribution` is equivalent to a union of a list containing `Extended_abstract` and `Paper`."
http://conference#Important_dates,Source,Class,important dates,"In the context of a conference, ""Important_dates"" refers to key deadlines and milestones that participants, organizers, and attendees need to be aware of. These dates typically include:

1. **Call for Papers/Proposals Deadline**: The last date to submit research papers, proposals, or abstracts for consideration.
2. **Notification of Acceptance**: The date by which authors will be informed whether their submissions have been accepted or rejected.
3. **Early Bird Registration Deadline**: The last date to register for the conference at a discounted rate.
4. **Regular Registration Deadline**: The final date to register for the conference at the standard rate.
5. **Conference Dates**: The actual dates when the conference will take place.
6. **Camera-Ready Submission Deadline**: The final date to submit the final version of accepted papers.
7. **Workshop/Tutorial Proposal Deadline**: The last date to submit proposals for workshops or tutorials to be held during the conference.

These dates are crucial for planning and ensuring participation in the conference.","Sure, here are the triples verbalised into phrases:

1. The property ""belong_to_a_conference_volume"" has a domain of ""Important_dates"".
2. The property ""has_important_dates"" has a range of ""Important_dates"".
3. The property ""is_a_date_of_acceptance_announcement"" has a domain of ""Important_dates"".
4. The property ""is_a_date_of_camera_ready_paper_submission"" has a domain of ""Important_dates"".
5. The property ""is_a_full_paper_submission_date"" has a domain of ""Important_dates"".
6. The property ""is_a_starting_date"" has a domain of ""Important_dates"".
7. The property ""is_an_abstract_submission_date"" has a domain of ""Important_dates"".
8. The property ""is_an_ending_date"" has a domain of ""Important_dates""."
http://conference#Information_for_participants,Source,Class,information for participants,"In the context of a conference, ""Information for participants"" refers to the essential details and guidelines provided to individuals who will be attending the event. This information typically includes:

1. **Event Schedule**: Dates, times, and locations of various sessions, workshops, and activities.
2. **Registration Details**: Instructions on how to register, check-in procedures, and any required documentation.
3. **Venue Information**: Address, maps, and directions to the conference location, including details about parking and public transportation.
4. **Accommodation Options**: Recommendations for nearby hotels or lodging, often with special rates for conference attendees.
5. **Session Descriptions**: Overviews of the topics, speakers, and objectives of each session or workshop.
6. **Networking Opportunities**: Information about social events, meet-and-greet sessions, and other opportunities to connect with other participants.
7. **Code of Conduct**: Guidelines on expected behavior and policies to ensure a respectful and productive environment.
8. **Technical Requirements**: Information on any necessary equipment or software needed for participation, especially for virtual or hybrid conferences.
9. **Contact Information**: Details on how to reach the conference organizers for any questions or assistance.

This information helps participants prepare for the conference, understand what to expect, and make the most of their experience.","The class ""Information for participants"" is a subclass of the class ""Conference document""."
http://conference#Invited_speaker,Source,Class,invited speaker,"In the context of a conference, an ""invited speaker"" refers to an individual who has been specifically asked by the conference organizers to give a presentation or lecture. This person is typically recognized as an expert or a prominent figure in their field and is invited to share their knowledge, insights, or research findings with the conference attendees. Invited speakers often play a key role in attracting participants to the conference and enhancing the overall quality and prestige of the event.","The class ""Invited speaker"" is a subclass of the class ""Conference contributor"".The subgraph describes a classification hierarchy and relationships among different types of conference participants. Here's a natural language description:

1. **Active Conference Participant** is a subclass of an unnamed class (let's call it Class A).
2. **Class A** is defined as a union of two types of participants: **Invited Speaker** and **Regular Author**.
3. **Invited Speaker** is equivalent to a restriction class (let's call it Restriction B).
4. **Restriction B** specifies that an **Invited Speaker** is someone who contributes to an **Invited Talk**.
5. **Regular Author** is another type of participant included in the union that defines **Class A**.

In summary, an **Active Conference Participant** can either be an **Invited Speaker** (who contributes to an **Invited Talk**) or a **Regular Author**."
http://conference#Invited_talk,Source,Class,invited talk,"In the context of a conference, an ""invited talk"" refers to a presentation given by a speaker who has been specifically invited by the conference organizers due to their expertise, reputation, or significant contributions to the field. These talks are typically scheduled as part of the main program and are often considered a highlight of the conference, providing attendees with insights from leading experts.","Sure, here are the triples verbalised into phrases:

1. A ""Poster"" is disjoint with an ""Invited talk"".
2. A ""Regular contribution"" is disjoint with an ""Invited talk"".
3. An ""Invited talk"" is a subclass of ""Presentation"".
4. An ""Invited talk"" is disjoint with a ""Poster"".
5. An ""Invited talk"" is disjoint with a ""Regular contribution"".The provided subgraph can be described in natural language as follows:

The class ""Conference contribution"" is equivalent to a union of the classes ""Regular contribution"", ""Poster"", and ""Invited talk"".

An ""Invited speaker"" is defined as someone who contributes to an ""Invited talk""."
http://conference#Late_paid_applicant,Source,Class,late paid applicant,"In the context of a conference, ""Late_paid_applicant"" refers to an individual who has applied to attend or participate in the conference and has paid the required fees after the initial or standard deadline. This typically means they may have incurred additional late fees or missed out on early bird discounts.","Sure, here are the triples verbalized into phrases:

1. ""Early_paid_applicant"" is disjoint with ""Late_paid_applicant"".
2. ""Late_paid_applicant"" is a subclass of ""Paid_applicant"".
3. ""Late_paid_applicant"" is disjoint with ""Early_paid_applicant"".The subgraph describes a class named ""Paid_applicant"" which is equivalent to another class defined by a union of two subclasses: ""Early_paid_applicant"" and ""Late_paid_applicant"". The union is represented by a list where ""Early_paid_applicant"" is the first element, followed by ""Late_paid_applicant"", and the list ends with a ""nil"" value indicating the end of the list."
http://conference#Organization,Source,Class,organization,"In the context of a conference, ""organization"" refers to the structured planning and coordination of the event. This includes arranging the schedule, managing logistics, coordinating speakers and attendees, setting up the venue, and ensuring that all necessary resources and materials are available. The goal of organization in this context is to ensure that the conference runs smoothly and effectively, providing a valuable experience for all participants.","The class ""Organizer"" is a subclass of a union of the classes ""Organization"" and ""Committee_member""."
http://conference#Organizer,Source,Class,organizer,"In the context of a conference, an ""Organizer"" refers to an individual or a group responsible for planning, coordinating, and executing the various aspects of the event. This includes tasks such as selecting the venue, arranging speakers, managing registrations, coordinating schedules, handling logistics, and ensuring that the conference runs smoothly. The organizer ensures that all elements come together to create a successful and well-managed event.","The subgraph describes a class hierarchy and a union of classes. Specifically, it states that:

1. ""Organizer"" is a subclass of an unnamed class (denoted as _:N0c8164d88a4845738393d139fb87daac).
2. This unnamed class (denoted as _:N0c8164d88a4845738393d139fb87daac) is defined as a union of two classes: ""Organization"" and ""Committee_member"".
3. The unnamed class (denoted as _:N0c8164d88a4845738393d139fb87daac) is of type ""Class"".

In summary, an ""Organizer"" is a subclass of a class that is a union of ""Organization"" and ""Committee_member""."
http://conference#Organizing_committee,Source,Class,organizing committee,"In the context of a conference, an ""Organizing Committee"" refers to a group of individuals responsible for planning, coordinating, and executing the various aspects of the event. This committee typically handles tasks such as selecting the venue, arranging the schedule, inviting speakers, managing registrations, and overseeing logistics to ensure the conference runs smoothly. The Organizing Committee plays a crucial role in the overall success of the conference.","1. The property ""has_an_organizing_committee"" has a range of ""Organizing_committee"".
2. The property ""was_an_organizing_committee_of"" has a domain of ""Organizing_committee"".
3. ""Program_committee"" is disjoint with ""Organizing_committee"".
4. ""Steering_committee"" is disjoint with ""Organizing_committee"".
5. ""Organizing_committee"" is a subclass of ""Committee"".
6. ""Organizing_committee"" is disjoint with both ""Program_committee"" and ""Steering_committee"".The provided subgraph can be described as follows:

There is a class named ""Committee"" which is equivalent to another class that is defined as a union of several committees. Specifically, this union includes the ""Organizing committee,"" the ""Program committee,"" and the ""Steering committee."""
http://conference#Paid_applicant,Source,Class,paid applicant,"In the context of a conference, a ""Paid_applicant"" refers to an individual who has applied to attend the conference and has completed the payment process for their registration. This means they have paid any required fees associated with attending the event, securing their spot as a participant.","Sure, here are the triples verbalised into phrases:

1. An ""Early_paid_applicant"" is a subclass of a ""Paid_applicant"".
2. A ""Late_paid_applicant"" is a subclass of a ""Paid_applicant"".
3. A ""Paid_applicant"" is a subclass of a ""Registered_applicant"".The subgraph describes a class called ""Paid_applicant"" which is equivalent to another class defined by a union of two types of applicants: ""Early_paid_applicant"" and ""Late_paid_applicant"". The union is represented as a list where ""Early_paid_applicant"" is the first element and the rest of the list contains ""Late_paid_applicant""."
http://conference#Paper,Source,Class,paper,"In the context of a conference, a ""paper"" typically refers to a written document that presents research findings, theories, or reviews on a specific topic. These papers are often submitted by researchers, scholars, or professionals and are reviewed by a committee before being accepted for presentation at the conference. The authors may then present their papers during sessions at the conference, where they can discuss their work and receive feedback from peers.","Sure, here are the triples verbalised into phrases:

1. ""Extended abstract"" is disjoint with ""Paper"".
2. ""Paper"" is a subclass of ""Regular contribution"".
3. ""Paper"" is disjoint with ""Extended abstract"".The given subgraph can be described in natural language as follows:

There are three classes: one class is a union of a list containing ""Extended abstract"" and ""nil"", another class is a union of a list containing ""Presentation"" and a list containing ""Paper"" and ""Poster"", and the third class is a union of a list containing ""Presentation"" and a list containing ""Paper"" and ""Poster"".

The class ""Regular contribution"" is equivalent to the class that is a union of a list containing ""Extended abstract"" and ""nil"".

The class that is a union of a list containing ""Paper"" and ""Poster"" is part of the range of the property ""is_the_1th_part_of"".

The class that is a union of a list containing ""Presentation"" and a list containing ""Paper"" and ""Poster"" is the domain of the property ""has_an_abstract"".

The lists are structured as follows:
- A list containing ""Extended abstract"" and ""nil"".
- A list containing ""Presentation"" and a list containing ""Paper"" and ""Poster"".
- A list containing ""Paper"" and ""Poster"".

In summary, the subgraph describes a hierarchy and relationships between different types of contributions (Extended abstract, Presentation, Paper, Poster) and their classifications within a union of classes, along with properties defining their relationships."
http://conference#Passive_conference_participant,Source,Class,passive conference participant,"In the context of a conference, a ""passive conference participant"" refers to an attendee who primarily listens and observes rather than actively engaging in discussions, asking questions, or contributing to the conversation. This type of participant may attend sessions, take notes, and absorb information without directly interacting with speakers or other attendees.","Sure, here are the triples verbalised into phrases:

1. ""Active_conference_participant"" is disjoint with ""Passive_conference_participant"".
2. ""Passive_conference_participant"" is a subclass of ""Conference_participant"".
3. ""Passive_conference_participant"" is disjoint with ""Active_conference_participant"".The subgraph describes the class ""Conference_participant"" as being equivalent to a union of two other classes: ""Active_conference_participant"" and ""Passive_conference_participant"". This means that a ""Conference_participant"" can be either an ""Active_conference_participant"" or a ""Passive_conference_participant""."
http://conference#Person,Source,Class,person,"In the context of a conference, a ""person"" typically refers to an individual who is attending or participating in the event. This could include speakers, attendees, organizers, panelists, or any other individuals involved in the conference activities.","1. A ""Committee_member"" is a subclass of ""Person"".
2. A ""Conference_applicant"" is a subclass of ""Person"".
3. A ""Conference_contributor"" is a subclass of ""Person"".
4. A ""Conference_participant"" is a subclass of ""Person"".
5. A ""Reviewer"" is a subclass of ""Person"".
6. A ""Track-workshop_chair"" is a subclass of ""Person"".
7. The domain of ""contributes"" is ""Person"".
8. The domain of ""has_an_email"" is ""Person"".
9. The range of ""has_authors"" is ""Person"".
10. The domain of ""has_gender"" is ""Person"".
11. The domain of ""has_the_first_name"" is ""Person"".
12. The domain of ""has_the_last_name"" is ""Person""."
http://conference#Poster,Source,Class,poster,"In the context of a conference, a ""poster"" refers to a visual presentation of research or scholarly work. It typically includes a combination of text, images, graphs, and charts to summarize the research objectives, methods, results, and conclusions. Posters are usually displayed during a designated session where conference attendees can view them, and the researchers are often present to discuss their work and answer questions. This format allows for interactive and informal exchanges between the presenters and the audience.","Sure, here are the triples verbalised into phrases:

1. ""Invited talk"" is disjoint with ""Poster"".
2. ""Regular contribution"" is disjoint with ""Poster"".
3. ""Poster"" is a subclass of ""Conference contribution"".
4. ""Poster"" is disjoint with ""Invited talk"".
5. ""Poster"" is disjoint with ""Regular contribution"".The provided subgraph describes a classification and hierarchy of different types of contributions, particularly in the context of conferences. Here is a natural language description of the subgraph:

1. **Classes and Subclasses:**
   - ""Conference_contribution"" is defined as a class equivalent to a union of several other classes.
   - ""Written_contribution"" is a subclass of a class that is a union of ""Poster"" and ""Regular_contribution"".
   - ""Submitted_contribution"" is a subclass of a class that is a union of ""Regular_contribution"" and ""Poster"".

2. **Union Definitions:**
   - The class equivalent to ""Conference_contribution"" is a union of ""Regular_contribution"" and another class that includes ""Poster"" and ""Invited_talk"".
   - The class that ""Written_contribution"" is a subclass of is a union of ""Poster"" and ""Regular_contribution"".
   - The class that ""Submitted_contribution"" is a subclass of is a union of ""Regular_contribution"" and ""Poster"".

3. **Specific Contributions:**
   - ""Regular_contribution"" is a type of contribution that can be part of both ""Written_contribution"" and ""Submitted_contribution"".
   - ""Poster"" is another type of contribution that can be part of both ""Written_contribution"" and ""Submitted_contribution"".
   - ""Invited_talk"" is a type of contribution that is part of the union defining ""Conference_contribution"".
   - ""Presentation"" is another type of contribution that is part of a class that includes ""Poster"".

4. **Properties:**
   - The property ""is_the_1th_part_of"" has a range that includes a class defined as a union of ""Paper"" and ""Poster"".
   - The property ""has_an_abstract"" has a domain that includes a class defined as a union of ""Presentation"".

5. **Class Types:**
   - Several entities are explicitly defined as classes, including the unions and the specific types of contributions like ""Regular_contribution"", ""Poster"", ""Invited_talk"", and ""Presentation"".

In summary, the subgraph outlines a detailed hierarchy and classification of different types of contributions, particularly focusing on conference-related contributions, and defines relationships and properties associated with these contributions."
http://conference#Presentation,Source,Class,presentation,"In the context of a conference, a presentation refers to the act of delivering information, ideas, or research findings to an audience. This typically involves the use of visual aids such as slides, charts, or videos, and is often followed by a question-and-answer session. The goal of a presentation at a conference is to inform, persuade, or engage the audience on a specific topic related to the conference's theme.","Sure, here are the triples verbalised into phrases:

1. An ""Invited talk"" is a subclass of ""Presentation"".
2. The property ""gives presentations"" has a range of ""Presentation"".
3. The property ""is given by"" has a domain of ""Presentation"".
4. A ""Presentation"" is a subclass of ""Conference contribution"".The provided subgraph describes a set of classes and their relationships, particularly focusing on different types of contributions and their classifications. Here is a natural language description of the subgraph:

1. There are several classes defined, including `_:N6564a79ab12d49168708f556a7f0d917`, `_:N143e4d30df9a47c2936f0cf5f3ae4e46`, and `_:N2292fcd92e674cd39f9784d1b29a6bd9`.

2. The class `_:N6564a79ab12d49168708f556a7f0d917` is a union of the class `_:N25ea0c09db0642f3b4b603de6acf74e2`.

3. The class `_:N143e4d30df9a47c2936f0cf5f3ae4e46` is a union of the class `_:N146ae40728cd41989fa99f3144ac24fb`.

4. The class `_:N2292fcd92e674cd39f9784d1b29a6bd9` is a union of the class `_:N567681500d1b49eeb6e980a99406abef`.

5. The class `Conference_contribution` is equivalent to the class `_:N2292fcd92e674cd39f9784d1b29a6bd9`.

6. The class `_:N25ea0c09db0642f3b4b603de6acf74e2` consists of the first element `Paper` and the rest `_:N3b390593a046430f8e36cb3d47353096`.

7. The class `_:N3b390593a046430f8e36cb3d47353096` consists of the first element `Poster` and the rest `_:N77d6c3feafc94ac58869ddff46afc37b`.

8. The class `_:N77d6c3feafc94ac58869ddff46afc37b` consists of the first element `Presentation` and the rest `nil`.

9. The class `_:N567681500d1b49eeb6e980a99406abef` consists of the first element `Written_contribution` and the rest `_:N328391bda6614cf9a88ff154251bf6e4`.

10. The class `_:N328391bda6614cf9a88ff154251bf6e4` consists of the first element `Presentation` and the rest `nil`.

11. The class `_:N146ae40728cd41989fa99f3144ac24fb` consists of the first element `Presentation` and the rest `_:N8a97a52c115049babb01ce00078225e8`.

12. The class `_:N8a97a52c115049babb01ce00078225e8` consists of the first element `Paper` and the rest `_:N3993fddcf85143c0886aaa4ccf07c7e5`.

13. The class `_:N3993fddcf85143c0886aaa4ccf07c7e5` consists of the first element `Poster` and the rest `nil`.

14. The property `is_the_1th_part_of` has a range of the class `_:N6564a79ab12d49168708f556a7f0d917`.

15. The property `has_an_abstract` has a domain of the class `_:N143e4d30df9a47c2936f0cf5f3ae4e46`.

In summary, the subgraph defines a hierarchy and relationships between different types of contributions (such as papers, posters, presentations, and written contributions) and their classifications within a conference context."
http://conference#Program_committee,Source,Class,program committee,"In the context of a conference, a Program Committee is a group of experts and professionals responsible for overseeing the development and organization of the conference's academic or technical program. Their duties typically include reviewing submitted papers or presentations, selecting which ones will be included in the conference, organizing sessions, and sometimes inviting keynote speakers. The Program Committee ensures that the content of the conference is of high quality and relevant to the attendees.","Sure, here are the triples verbalised into phrases:

1. The property ""has_a_program_committee"" has a range of ""Program_committee"".
2. The property ""was_a_program_committee_of"" has a domain of ""Program_committee"".
3. ""Organizing_committee"" is disjoint with ""Program_committee"".
4. ""Steering_committee"" is disjoint with ""Program_committee"".
5. ""Program_committee"" is a subclass of ""Committee"".
6. ""Program_committee"" is disjoint with ""Organizing_committee"".
7. ""Program_committee"" is disjoint with ""Steering_committee"".The provided subgraph describes a class named ""Committee"" which is equivalent to a union of three specific types of committees: ""Organizing committee,"" ""Program committee,"" and ""Steering committee."" This union is represented as a list structure where ""Organizing committee"" is the first element, followed by ""Program committee,"" and then ""Steering committee,"" with the list terminating at ""nil."""
http://conference#Publisher,Source,Class,publisher,"In the context of a conference, a ""publisher"" typically refers to an organization or individual responsible for producing and distributing the conference proceedings, which may include research papers, abstracts, and other related materials presented during the event. The publisher ensures that these materials are accessible to a wider audience, often through printed volumes, digital formats, or online platforms.","Sure, here are the triples verbalised into phrases:

1. The property ""has_a_publisher"" has a range of ""Publisher"".
2. The property ""issues"" has a domain of ""Publisher"".The given subgraph describes a class and its components in a structured manner. Here's a natural language description of the subgraph:

There is a class, which is a union of several elements. The class is defined to have a name. The elements that make up this class are as follows:

1. **Publisher**
2. **Conference**
3. **Topic**
4. **Conference_part**
5. **Conference_proceedings**

These elements are linked in a specific order, forming a sequence. The sequence starts with ""Publisher,"" followed by ""Conference,"" then ""Topic,"" next ""Conference_part,"" and finally ""Conference_proceedings."" The sequence ends with ""nil,"" indicating the end of the list."
http://conference#Registeered_applicant,Source,Class,registeered applicant,"In the context of a conference, a ""Registered Applicant"" refers to an individual who has completed the necessary steps to officially sign up or enroll for the event. This typically involves filling out a registration form, providing required information, and often paying any associated fees. Once registered, the applicant is usually granted access to attend the conference sessions, workshops, and other related activities.","Sure, here are the triples verbalized into phrases:

1. ""Paid_applicant"" is a subclass of ""Registered_applicant"".
2. ""Registered_applicant"" is a subclass of ""Conference_applicant""."
http://conference#Regular_author,Source,Class,regular author,"In the context of a conference, a ""Regular_author"" typically refers to an individual who has submitted a paper or research work that has been accepted for presentation at the conference. This author is distinguished from other types of participants, such as keynote speakers, invited authors, or attendees who are not presenting any work. The term ""Regular_author"" implies that the person has gone through the standard submission and review process and will be presenting their findings during the conference sessions.","Sure, here are the triples verbalized into phrases:

1. ""Contribution_1th-author"" is a subclass of ""Regular_author"".
2. ""Contribution_co-author"" is a subclass of ""Regular_author"".
3. ""Regular_author"" is a subclass of ""Conference_contributor"".The provided subgraph can be described in natural language as follows:

There are several classes and relationships defined within this subgraph. 

1. **Active Conference Participant** is a subclass of a class that is a union of two other classes: **Invited Speaker** and another class that has a rest value of nil.
2. **Regular Author** is defined as an equivalent class to a class that is an intersection of another class and a restriction.
3. The restriction is on the property **contributes** and has some values from **Conference Contribution**.
4. **Regular Author** is also defined as a class that is a union of two contributions: **Contribution as a 1st Author** and **Contribution as a Co-author**.
5. **Active Conference Participant** is a subclass of a class that is a union of **Invited Speaker** and another class with a rest value of nil.

In summary, the subgraph describes a hierarchy and relationships between different types of conference participants and their contributions, with specific focus on roles such as regular authors, invited speakers, and their contributions to conferences."
http://conference#Regular_contribution,Source,Class,regular contribution,"In the context of a conference, a ""regular contribution"" typically refers to a standard presentation or paper submission by a participant. This can include oral presentations, poster presentations, or written papers that are part of the scheduled program. These contributions are usually peer-reviewed and are a key component of the conference, allowing researchers and professionals to share their findings, insights, and advancements with their peers.","Sure, here are the triples verbalised into phrases:

1. ""Extended abstract"" is a subclass of ""Regular contribution"".
2. ""Paper"" is a subclass of ""Regular contribution"".
3. ""Invited talk"" is disjoint with ""Regular contribution"".
4. ""Poster"" is disjoint with ""Regular contribution"".
5. ""Regular contribution"" is a subclass of ""Written contribution"".
6. ""Regular contribution"" is disjoint with ""Invited talk"".
7. ""Regular contribution"" is disjoint with ""Poster"".The provided subgraph describes a classification hierarchy for different types of conference contributions. Here is a natural language description of the subgraph:

1. **Conference Contribution**:
   - Defined as a class equivalent to a union of various types of contributions.
   - This union includes:
     - **Regular Contribution**: Equivalent to a class that is a union of:
       - **Extended Abstract**
       - **Paper**
     - **Poster**
     - **Invited Talk**

2. **Written Contribution**:
   - Defined as a class that is a union of:
     - **Poster**
     - **Regular Contribution**: Equivalent to a class that is a union of:
       - **Extended Abstract**
       - **Paper**

3. **Submitted Contribution**:
   - Defined as a subclass of a class that is a union of:
     - **Regular Contribution**
     - **Poster**

In summary, the subgraph outlines a structured classification of conference contributions, detailing how different types of contributions (such as posters, papers, extended abstracts, and invited talks) are related and grouped under broader categories like ""Regular Contribution,"" ""Written Contribution,"" and ""Submitted Contribution."""
http://conference#Rejected_contribution,Source,Class,rejected contribution,"In the context of a conference, ""Rejected_contribution"" refers to a submission, such as a research paper, abstract, or presentation proposal, that has been reviewed by the conference organizers or peer reviewers and has not been accepted for inclusion in the conference program. This means that the contribution did not meet the necessary criteria or standards set by the conference for various possible reasons, such as relevance, quality, originality, or completeness.","Sure, here are the triples verbalised into phrases:

1. ""Accepted_contribution"" is disjoint with ""Rejected_contribution"".
2. ""Rejected_contribution"" is a subclass of ""Reviewed_contribution"".
3. ""Rejected_contribution"" is disjoint with ""Accepted_contribution"".The subgraph describes a class hierarchy and relationships among different types of contributions. Specifically, it states that:

1. There is a class denoted by a blank node (_:N65c2215957e04a7281048262a6172483) which is of type ""Class"".
2. The class ""Reviewed_contribution"" is equivalent to this blank node class.
3. This class is defined as a union of two other classes: ""Accepted_contribution"" and ""Rejected_contribution"".
4. The union is represented by a list structure where the first element is ""Accepted_contribution"" and the rest of the list contains ""Rejected_contribution"".
5. The list ends with a ""nil"" indicating the end of the list.

In summary, the class ""Reviewed_contribution"" is equivalent to a class that includes both ""Accepted_contribution"" and ""Rejected_contribution""."
http://conference#Review,Source,Class,review,"In the context of a conference, a ""review"" typically refers to the evaluation or assessment of submitted papers, presentations, or proposals by a panel of experts or peers. This process is crucial for maintaining the quality and relevance of the content presented at the conference. Reviewers provide feedback, suggest improvements, and recommend whether a submission should be accepted, revised, or rejected.","Sure, here are the triples verbalised into phrases:

1. The property ""has_a_review"" has a range of ""Review"".
2. The property ""reviews"" has a domain of ""Review"".
3. The class ""Review"" is a subclass of ""Conference_document"".The class ""Review"" is a subclass of a restriction. This restriction specifies that for the property ""has_authors,"" all values must be of the type ""Reviewer."""
http://conference#Review_expertise,Source,Class,review expertise,"In the context of a conference, ""Review_expertise"" refers to the specific knowledge, skills, and experience that a reviewer possesses, which qualifies them to evaluate the quality and relevance of submissions, such as research papers or presentations. This expertise ensures that the review process is thorough, fair, and informed, contributing to the overall quality and credibility of the conference.","Sure, here are the triples verbalised into phrases:

1. The property ""has_a_review_expertise"" has a range of ""Review_expertise"".
2. The property ""has_a_submitted_contribution"" has a domain of ""Review_expertise"".
3. The property ""has_an_expertise"" has a domain of ""Review_expertise"".The given subgraph can be described in natural language as follows:

There is a class that is a union of two subclasses: ""Review_preference"" and ""Review_expertise"". The ""Review_expertise"" subclass is further defined by a restriction that it must have a submitted contribution, which is of the type ""Submitted_contribution"". 

The property ""belongs_to_reviewers"" is associated with a restriction that it must belong to the class ""Reviewer"". The domain of the property ""belongs_to_reviewers"" is a class that is a union of ""Review_preference"" and ""Review_expertise"".

Additionally, the property ""has_a_review_reference_or_expertise"" has a range that is the union class of ""Review_preference"" and ""Review_expertise"".

In summary, the subgraph describes a structure where review preferences and expertise are organized into classes and subclasses, with specific properties and restrictions defining their relationships and attributes."
http://conference#Review_preference,Source,Class,review preference,"In the context of a conference, ""Review_preference"" typically refers to the preferences or choices indicated by reviewers regarding the types of papers or topics they are interested in reviewing. This helps the conference organizers assign papers to reviewers who have the most relevant expertise and interest, thereby ensuring a more effective and insightful review process.","Sure, here are the verbalized phrases for the given triples:

1. The property ""belongs_to_a_review_reference"" has a range of ""Review_preference"".
2. The property ""has_a_degree"" has a domain of ""Review_preference"".
3. The property ""has_a_topic_or_a_submission_contribution"" has a domain of ""Review_preference"".
4. The property ""has_been_assigned_a_review_reference"" has a range of ""Review_preference"".The provided subgraph describes a set of classes, restrictions, and properties related to reviews, reviewers, and contributions. Here is a natural language description of the subgraph:

1. There are two main classes, denoted by blank nodes `_:Nb9f447abd2a849b8a6a98c8fc51b59b4` and `_:N0472bff021114069ae18bf4cecf4ac5e`, which are both of type `Class`.

2. The class `_:Nb9f447abd2a849b8a6a98c8fc51b59b4` is defined as a union of two other classes: `Review_preference` and `Review_expertise`.

3. The class `_:N0472bff021114069ae18bf4cecf4ac5e` is defined as a union of two other classes: `Topic` and `Submitted_contribution`.

4. There is a restriction `_:N2deeac1da6074fc0896ec54a349c21a6` on the property `has_a_topic_or_a_submission_contribution`, which requires some values from the class `_:N0472bff021114069ae18bf4cecf4ac5e`.

5. The property `has_a_review_reference_or_expertise` has a range of the class `_:Nb9f447abd2a849b8a6a98c8fc51b59b4`.

6. There is another class `_:N090ac8c4216448379d40687aced405d4`, which is defined as a union of `Review_preference` and `Review_expertise`.

7. The property `belongs_to_reviewers` has a domain of the class `_:N090ac8c4216448379d40687aced405d4`.

8. There is a restriction `_:N6b61bfd8e4c844a9a4ba2e1c335f79ef` on the property `belongs_to_reviewers`, which requires some values from the class `Reviewer`.

9. The class `Review_preference` is a subclass of both restrictions `_:N6b61bfd8e4c844a9a4ba2e1c335f79ef` and `_:N2deeac1da6074fc0896ec54a349c21a6`.

In summary, the subgraph defines a structure where review preferences and expertise are related to topics and contributions, with specific restrictions on properties linking these concepts to reviewers."
http://conference#Reviewed_contribution,Source,Class,reviewed contribution,"In the context of a conference, a ""Reviewed_contribution"" refers to a submission, such as a research paper, abstract, or presentation proposal, that has undergone a formal review process. This typically involves evaluation by a panel of experts or peer reviewers who assess the quality, relevance, originality, and significance of the contribution. The review process ensures that only high-quality and pertinent work is accepted for presentation or publication at the conference.","Sure, here are the triples verbalised into phrases:

1. ""Accepted contribution is a subclass of Reviewed contribution.""
2. ""Rejected contribution is a subclass of Reviewed contribution.""
3. ""The property 'has a review' has a domain of Reviewed contribution.""
4. ""The property 'reviews' has a range of Reviewed contribution.""
5. ""Reviewed contribution is a subclass of Submitted contribution.""The subgraph describes a class hierarchy and relationships between different types of contributions. Specifically:

1. There is a class denoted by a blank node (_:N65c2215957e04a7281048262a6172483) which is of type ""Class"".
2. The class ""Reviewed_contribution"" is equivalent to this class (_:N65c2215957e04a7281048262a6172483).
3. This class (_:N65c2215957e04a7281048262a6172483) is defined as a union of two other classes:
   - The first class in the union is ""Accepted_contribution"".
   - The second class in the union is ""Rejected_contribution"".
4. The union is represented by a list structure where:
   - The first element (first) of the list is ""Accepted_contribution"".
   - The rest of the list points to another node (_:N198aa452e86e467eb13af7e1397ed2ef).
   - This node (_:N198aa452e86e467eb13af7e1397ed2ef) has ""Rejected_contribution"" as its first element and ""nil"" as its rest, indicating the end of the list.

In summary, the class ""Reviewed_contribution"" is equivalent to a union of the classes ""Accepted_contribution"" and ""Rejected_contribution""."
http://conference#Reviewer,Source,Class,reviewer,"In the context of a conference, a reviewer is an individual who evaluates and assesses the quality, relevance, and originality of submitted papers or presentations. Reviewers provide feedback and recommendations regarding whether a submission should be accepted, revised, or rejected. Their role is crucial in maintaining the academic and professional standards of the conference.","Sure, here are the triples verbalised into phrases:

1. The property ""belongs_to_reviewers"" has a range of ""Reviewer"".
   - This means that the property ""belongs_to_reviewers"" is associated with instances of the class ""Reviewer"".

2. The property ""has_a_review_reference_or_expertise"" has a domain of ""Reviewer"".
   - This means that the property ""has_a_review_reference_or_expertise"" is used to describe instances of the class ""Reviewer"".

3. The property ""invited_by"" has a domain of ""Reviewer"" and a range of ""Reviewer"".
   - This means that the property ""invited_by"" is used to describe instances of the class ""Reviewer"" and is associated with other instances of the class ""Reviewer"".

4. The property ""invites_co-reviewers"" has a domain of ""Reviewer"" and a range of ""Reviewer"".
   - This means that the property ""invites_co-reviewers"" is used to describe instances of the class ""Reviewer"" and is associated with other instances of the class ""Reviewer"".

5. The class ""Reviewer"" is a subclass of the class ""Person"".
   - This means that every instance of the class ""Reviewer"" is also an instance of the class ""Person"".The given subgraph can be described in natural language as follows:

1. **Review Expertise** is a subclass of a restriction that specifies the property **belongs_to_reviewers** must have some values from the class **Reviewer**.
2. **Review Preference** is a subclass of a restriction that specifies the property **belongs_to_reviewers** must have some values from the class **Reviewer**.
3. **Review** is a subclass of a restriction that specifies the property **has_authors** must have all values from the class **Reviewer**.

In summary, the subgraph defines certain restrictions and subclass relationships involving the properties **belongs_to_reviewers** and **has_authors**, and the class **Reviewer**."
http://conference#Steering_committee,Source,Class,steering committee,"In the context of a conference, a Steering Committee is a group of individuals responsible for planning, organizing, and overseeing the event. This committee typically makes key decisions regarding the conference's agenda, speakers, venue, budget, and other logistical details. The Steering Committee ensures that the conference runs smoothly and meets its objectives.","Sure, here are the triples verbalised into phrases:

1. The property ""has_a_steering_committee"" has a range of ""Steering_committee"".
2. The property ""was_a_steering_committee_of"" has a domain of ""Steering_committee"".
3. ""Organizing_committee"" is disjoint with ""Steering_committee"".
4. ""Program_committee"" is disjoint with ""Steering_committee"".
5. ""Steering_committee"" is a subclass of ""Committee"".
6. ""Steering_committee"" is disjoint with ""Organizing_committee"" and ""Program_committee"".The provided subgraph can be described as follows:

There is a class named ""Committee"" which is equivalent to another class that is defined as a union of several committees. This union includes the ""Organizing committee,"" the ""Program committee,"" and the ""Steering committee."" The union is represented as a list where the ""Organizing committee"" is the first element, followed by the ""Program committee,"" and finally the ""Steering committee."" The list ends with a ""nil"" indicating the end of the list."
http://conference#Submitted_contribution,Source,Class,submitted contribution,"In the context of a conference, a ""submitted contribution"" refers to a piece of work, such as a research paper, abstract, poster, or presentation, that an individual or group submits for consideration to be included in the conference program. This contribution is typically reviewed by a committee or panel of experts who decide whether it meets the standards and relevance of the conference and if it should be accepted for presentation or publication as part of the conference proceedings.","Sure, here are the triples verbalised into phrases:

1. ""Reviewed_contribution"" is a subclass of ""Submitted_contribution"".
2. The property ""has_a_review_expertise"" has a domain of ""Submitted_contribution"".
3. The property ""has_a_submitted_contribution"" has a range of ""Submitted_contribution"".
4. ""Submitted_contribution"" is a subclass of ""Written_contribution"".The given subgraph can be described as follows:

1. **Classes and Subclasses:**
   - There are several classes defined, including `Topic`, `Submitted_contribution`, `Regular_contribution`, `Poster`, `Review_expertise`, and `Review_preference`.
   - `Review_expertise` is a subclass of a restriction that involves the property `has_a_submitted_contribution` and some values from `Submitted_contribution`.
   - `Review_preference` is a subclass of a restriction that involves the property `has_a_topic_or_a_submission_contribution` and some values from a class that is a union of `Topic` and `Submitted_contribution`.

2. **Unions:**
   - There are multiple union classes defined:
     - One union class includes `Submitted_contribution` and `Topic`.
     - Another union class includes `Regular_contribution` and `Submitted_contribution`.
     - Another union class includes `Poster` and `Regular_contribution`.

3. **Restrictions:**
   - There is a restriction on the property `has_a_topic_or_a_submission_contribution` that involves some values from a class that is a union of `Topic` and `Submitted_contribution`.
   - There is another restriction on the property `has_a_submitted_contribution` that involves some values from `Submitted_contribution`.

4. **Properties:**
   - The property `has_a_topic_or_a_submission_contribution` has a range that includes a class which is a union of `Topic` and `Submitted_contribution`.
   - The property `has_been_assigned_a_review_reference` has a domain that includes a class which is a union of `Poster` and `Regular_contribution`.

5. **Instances:**
   - The class `Submitted_contribution` is a subclass of a class that is a union of `Regular_contribution` and `Submitted_contribution`.

In summary, the subgraph describes a set of classes and their relationships, including unions and restrictions involving properties related to topics and contributions. It also defines subclasses and properties that link these classes together."
http://conference#Topic,Source,Class,topic,"In the context of a conference, a ""topic"" refers to a specific subject or theme that is scheduled to be discussed, presented, or explored during the event. It serves as a focal point for presentations, panel discussions, workshops, and other activities, guiding the content and direction of the conference sessions. Topics are typically chosen to align with the overall theme of the conference and to address the interests and needs of the attendees.","Sure, here are the verbalized phrases for the given triples:

1. The property ""belongs_to_a_review_reference"" has a domain of ""Topic"".
2. The property ""has_a_track-workshop-tutorial_topic"" has a range of ""Topic"".
3. The property ""is_a_topis_of_conference_parts"" has a domain of ""Topic"".The provided subgraph can be described as follows:

1. There is a class that is a union of several elements:
   - The first element is a ""Submitted contribution"".
   - The rest of the elements include:
     - A ""Topic"".
     - Another class that is a union of:
       - A ""Topic"".
       - A ""Submitted contribution"".
       - Another class that is a union of:
         - A ""Topic"".
         - A ""Conference"".
         - A ""Conference part"".
         - A ""Conference proceedings"".
         - A ""Publisher"".

2. There is a restriction on the property ""has_a_topic_or_a_submission_contribution"" which applies to a class that is a union of:
   - A ""Topic"".
   - A ""Submitted contribution"".

3. The class that is a union of the above elements is also a subclass of ""Review preference"".

4. There are properties defined as follows:
   - ""has_a_topic_or_a_submission_contribution"" has a range that includes the class which is a union of ""Topic"" and ""Submitted contribution"".
   - ""has_a_name"" has a domain that includes a class which is a union of ""Conference proceedings"" and ""Publisher"".
   - ""has_been_assigned_a_review_reference"" has a domain that includes the class which is a union of ""Submitted contribution"" and ""Topic"".

5. The classes involved include:
   - ""Class"".
   - ""Restriction"".
   - ""Submitted contribution"".
   - ""Topic"".
   - ""Conference"".
   - ""Conference part"".
   - ""Conference proceedings"".
   - ""Publisher"".

In summary, the subgraph describes a complex structure of classes and properties related to topics, submitted contributions, conferences, and review preferences, with specific restrictions and unions among these elements."
http://conference#Track,Source,Class,track,"In the context of a conference, a ""track"" refers to a specific thematic or subject area within the larger event. Conferences often have multiple tracks running concurrently, each focusing on a different topic or field of interest. Attendees can choose to follow a particular track that aligns with their interests or professional needs, attending sessions, workshops, and presentations that fall under that specific theme. For example, a technology conference might have separate tracks for software development, cybersecurity, artificial intelligence, and data science.","Sure, here are the triples verbalised into phrases:

1. The property ""has_tracks"" has a range of ""Track"".
2. ""Tutorial"" is disjoint with ""Track"".
3. ""Workshop"" is disjoint with ""Track"".
4. ""Track"" is a subclass of ""Conference_part"".
5. ""Track"" is disjoint with ""Tutorial"".
6. ""Track"" is disjoint with ""Workshop"".The subgraph describes a class called ""Track-workshop_chair"" which is equivalent to a restriction. This restriction specifies that the property ""was_a_track-workshop_chair_of"" must have some values from a union of two classes: ""Track"" and ""Workshop"". The union is represented by a list where ""Track"" is the first element and ""Workshop"" is the second element, with ""nil"" indicating the end of the list."
http://conference#Track-workshop_chair,Source,Class,track workshop chair,"In the context of a conference, a ""Track-workshop chair"" refers to an individual responsible for overseeing and managing a specific track or workshop within the conference. This role typically involves organizing sessions, coordinating with speakers, ensuring the smooth running of the track or workshop, and sometimes curating the content to align with the conference's overall theme and objectives. The chair plays a crucial role in maintaining the quality and relevance of the sessions within their assigned track or workshop.","Sure, here are the triples verbalised into phrases:

1. The property ""has_a_track-workshop-tutorial_chair"" has a range of ""Track-workshop_chair"".
2. The property ""was_a_track-workshop_chair_of"" has a domain of ""Track-workshop_chair"".
3. The class ""Track-workshop_chair"" is a subclass of ""Person"".The subgraph describes a class called ""Track-workshop_chair"" which is equivalent to a restriction. This restriction specifies that the property ""was_a_track-workshop_chair_of"" must have some values from a union of two classes: ""Track"" and ""Workshop"". The union is represented by a list where ""Track"" is the first element and ""Workshop"" is the second element, with ""nil"" indicating the end of the list. Additionally, both the union and the restriction are identified as types of classes."
http://conference#Tutorial,Source,Class,tutorial,"In the context of a conference, a ""tutorial"" refers to a session or workshop designed to provide participants with in-depth instruction on a specific topic or skill. These sessions are typically led by experts and are intended to be educational, offering attendees the opportunity to learn new techniques, tools, or concepts in a more interactive and hands-on manner compared to standard conference presentations or lectures.","Sure, here are the triples verbalised into phrases:

1. The property ""has_tutorials"" has a range of ""Tutorial"".
2. The class ""Track"" is disjoint with the class ""Tutorial"".
3. The class ""Workshop"" is disjoint with the class ""Tutorial"".
4. The class ""Tutorial"" is a subclass of ""Conference_part"".
5. The class ""Tutorial"" is disjoint with the class ""Track"".
6. The class ""Tutorial"" is disjoint with the class ""Workshop""."
http://conference#Workshop,Source,Class,workshop,"In the context of a conference, a workshop refers to a session where participants engage in interactive activities, discussions, and hands-on exercises to learn about a specific topic or develop particular skills. Unlike traditional lectures or presentations, workshops are typically more collaborative and involve active participation from attendees to enhance their understanding and practical application of the subject matter.","Sure, here are the triples verbalised into phrases:

1. The property ""has_workshops"" has a range of ""Workshop"".
2. ""Track"" is disjoint with ""Workshop"".
3. ""Tutorial"" is disjoint with ""Workshop"".
4. ""Workshop"" is a subclass of ""Conference_part"".
5. ""Workshop"" is disjoint with ""Track"".
6. ""Workshop"" is disjoint with ""Tutorial"".The subgraph describes a class called ""Track-workshop_chair"" which is equivalent to a restriction. This restriction is on the property ""was_a_track-workshop_chair_of"" and specifies that the values for this property must be members of a union of two classes: ""Track"" and ""Workshop"". The union is represented as a list where ""Track"" is the first element and ""Workshop"" is the second element, with no additional elements following."
http://conference#Written_contribution,Source,Class,written contribution,"In the context of a conference, a ""written contribution"" refers to a document or paper submitted by a participant that presents research findings, insights, or discussions relevant to the conference's themes or topics. This contribution is typically reviewed by the conference organizers or a committee and may be included in the conference proceedings, presented during sessions, or published in associated journals or compilations. Written contributions are essential for sharing knowledge, fostering academic dialogue, and advancing the field of study addressed by the conference.","Sure, here are the triples verbalised into phrases:

1. A ""Regular contribution"" is a subclass of a ""Written contribution"".
2. A ""Submitted contribution"" is a subclass of a ""Written contribution"".
3. A ""Written contribution"" is a subclass of a ""Conference contribution"".The given subgraph describes a set of classes and their relationships in a natural language as follows:

1. There is a class denoted by a blank node (let's call it `Class1`) which is a union of another blank node (let's call it `Union1`).
2. `Union1` is a list where the first element is `Written_contribution` and the rest is another blank node (let's call it `Union2`).
3. `Union2` is a list where the first element is `Presentation` and the rest is `nil`, indicating the end of the list.
4. `Written_contribution` is a subclass of another blank node (let's call it `Class2`).
5. `Class2` is a union of another blank node (let's call it `Union3`).
6. `Union3` is a list where the first element is `Poster` and the rest is another blank node (let's call it `Union4`).
7. `Union4` is a list where the first element is `Regular_contribution` and the rest is `nil`, indicating the end of the list.
8. `Conference_contribution` is equivalent to `Class1`.

In summary, the subgraph defines a hierarchy and relationships among different types of contributions (Written, Presentation, Poster, Regular) and their classifications, with `Conference_contribution` being equivalent to a union of these types."
http://conference#belong_to_a_conference_volume,Source,Property,belong to a conference volume,"In the context of a conference, ""belong_to_a_conference_volume"" means that a particular paper, article, or research work is included in the collection of works that are published as part of the conference proceedings. A conference volume is typically a compilation of all the papers presented at the conference, often edited and organized into a single publication. Therefore, if a paper belongs to a conference volume, it means it has been accepted and published as part of the official record of the conference.","The property ""belong_to_a_conference_volume"" has a domain of ""Important_dates"" and a range of ""Conference_volume"". This means that ""Important_dates"" are associated with a ""Conference_volume"" through the property ""belong_to_a_conference_volume""."
http://conference#belongs_to_a_review_reference,Source,Property,belongs to a review reference,"In the context of a conference, ""belongs_to_a_review_reference"" typically means that a particular item, such as a paper, abstract, or submission, is associated with a specific review or evaluation. This indicates that the item has been assigned to a reviewer or a review panel for assessment and feedback. The reference helps in tracking and managing the review process, ensuring that each submission is properly evaluated according to the conference's standards and criteria.","The property ""belongs_to_a_review_reference"" has a domain of ""Topic"" and a range of ""Review_preference""."
http://conference#belongs_to_reviewers,Source,Property,belongs to reviewers,"In the context of a conference, ""belongs_to_reviewers"" typically refers to the assignment or association of a particular paper, abstract, or submission to specific reviewers. This means that the reviewers are responsible for evaluating and providing feedback on the assigned submission. The term indicates that the submission is under the purview of those reviewers for the purpose of assessment and review.","The property ""belongs_to_reviewers"" has a range of ""Reviewer"".The given subgraph can be described in natural language as follows:

There is a class that is defined as a union of two subclasses: ""Review_expertise"" and ""Review_preference"". 

1. ""Review_expertise"" is a subclass that has a restriction. This restriction specifies that it belongs to reviewers, and the values for this property must be of type ""Reviewer"".

2. ""Review_preference"" is another subclass that also has a restriction. This restriction specifies that it belongs to reviewers, and the values for this property must be of type ""Reviewer"".

In summary, the class is a union of ""Review_expertise"" and ""Review_preference"", both of which have restrictions that link them to reviewers."
http://conference#contributes,Source,Property,contributes,"In the context of a conference, ""contributes"" refers to the act of adding value or providing input to the event. This can include presenting research, sharing expertise, participating in discussions, asking insightful questions, or collaborating with other attendees. Essentially, it means actively engaging in the conference in a way that enhances the overall experience and knowledge exchange for all participants.","The property ""contributes"" has a domain of ""Person"" and a range of ""Conference_document"". This means that the subject of the ""contributes"" property is a ""Person"" and the object is a ""Conference_document"". In other words, a person contributes to a conference document.The given subgraph can be described in natural language as follows:

There are several classes and restrictions defined in this subgraph. 

1. **Class Definitions:**
   - There is a class denoted as `_:N1ea6962fab8545f3926c3d6ba9026d5d`.
   - Another class is denoted as `_:Nbae554a8dae54ca4be6e385442d0f5e0`.

2. **Union and Intersection:**
   - The class `_:N1ea6962fab8545f3926c3d6ba9026d5d` is defined as a union of two contributions: `Contribution_1th-author` and `Contribution_co-author`.
   - The class `_:Nbae554a8dae54ca4be6e385442d0f5e0` is defined as an intersection of the class `_:N1ea6962fab8545f3926c3d6ba9026d5d` and another restriction.

3. **Restrictions:**
   - There is a restriction denoted as `_:N85e5523c769d4c83b382c584c314ff01` which is on the property `contributes` and has some values from `Conference_contribution`.
   - Another restriction is denoted as `_:N12a0563be63a496fb15d7135697c3ccf` which is on the property `contributes` and has some values from `Invited_talk`.

4. **Equivalent Classes:**
   - The class `Invited_speaker` is equivalent to the restriction `_:N12a0563be63a496fb15d7135697c3ccf`.
   - The class `Regular_author` is equivalent to the class `_:Nbae554a8dae54ca4be6e385442d0f5e0`.

5. **List Structures:**
   - There is a list structure where `_:Nef40d8c0832a4e15ae282c23d6f63336` is the first element and `_:N0c264ecb4565448797074fd16a7511fa` is the rest, with `_:N0c264ecb4565448797074fd16a7511fa` having `Contribution_co-author` as its first element and `nil` as its rest.
   - Another list structure has `_:N572027d39b354fe7a27267740ad45ea0` as the first element and `_:Nc4af8eb0d9e44e6d9de826e99329563b` as the rest, with `_:Nc4af8eb0d9e44e6d9de826e99329563b` having `_:N85e5523c769d4c83b382c584c314ff01` as its first element and `nil` as its rest.

In summary, the subgraph defines classes, restrictions, and their relationships, including union and intersection operations, as well as equivalent class definitions and list structures."
http://conference#gives_presentations,Source,Property,gives presentations,"In the context of a conference, ""gives_presentations"" refers to the act of delivering a speech, lecture, or demonstration to an audience. This typically involves sharing information, research findings, or insights on a particular topic, often accompanied by visual aids such as slides or videos. The goal is to inform, educate, or persuade the attendees on the subject matter being discussed.","The property ""gives_presentations"" has a domain of ""Active_conference_participant"" and a range of ""Presentation"". 

In other words, an ""Active_conference_participant"" is someone who ""gives_presentations"", and the thing that is given is a ""Presentation""."
http://conference#has_a_URL,Source,Property,has a url,"In the context of a conference, ""has_a_URL"" typically means that the conference has a specific web address or link where information about the event can be found. This URL might lead to the conference's official website, registration page, schedule, speaker information, or other relevant details.","The property ""has_a_URL"" has a domain of ""Conference_www"" and a range of ""string""."
http://conference#has_a_committee_chair,Source,Property,has a committee chair,"In the context of a conference, ""has_a_committee_chair"" refers to the presence of an individual who is designated as the leader or head of a specific committee within the conference. This person is responsible for overseeing the activities, meetings, and decisions of the committee, ensuring that the committee's objectives are met, and often serving as the main point of contact between the committee and the broader conference organization.","Sure, here are the triples verbalised into phrases:

1. The property ""has_a_committee_chair"" has a domain of ""Committee"".
2. The property ""has_a_committee_chair"" has a range of ""Chair"".
3. The property ""has_a_committee_chair"" is a subproperty of ""has_members""."
http://conference#has_a_committee_co-chair,Source,Property,has a committee co chair,"In the context of a conference, ""has_a_committee_co-chair"" means that there is an individual who shares the responsibility of leading and managing a specific committee within the conference. This person works alongside another co-chair to oversee the committee's activities, make decisions, and ensure that the committee's objectives are met. The co-chairs collaborate to provide guidance, support, and coordination for the committee's tasks and initiatives.","Sure, here are the triples verbalised into phrases:

1. The property ""has_a_committee_co-chair"" has a domain of ""Committee"".
2. The property ""has_a_committee_co-chair"" has a range of ""Co-chair"".
3. The property ""has_a_committee_co-chair"" is a subproperty of ""has_members""."
http://conference#has_a_commtitee,Source,Property,has a commtitee,"In the context of a conference, ""has_a_committee"" likely refers to the fact that the conference is organized or overseen by a committee. This committee is typically a group of individuals responsible for planning, coordinating, and managing various aspects of the conference, such as selecting speakers, arranging the schedule, handling logistics, and ensuring the event runs smoothly.","Sure, here are the triples verbalized into phrases:

1. The property ""has_a_program_committee"" is a subproperty of ""has_a_commtitee"".
2. The property ""has_a_steering_committee"" is a subproperty of ""has_a_commtitee"".
3. The property ""has_an_organizing_committee"" is a subproperty of ""has_a_commtitee"".
4. The property ""has_a_commtitee"" has a domain of ""Conference_volume"".
5. The property ""has_a_commtitee"" has a range of ""Committee""."
http://conference#has_a_date_of_issue,Source,Property,has a date of issue,"In the context of a conference, ""has_a_date_of_issue"" refers to the specific date on which a particular document, such as a conference ticket, invitation, or any official paperwork related to the conference, was issued or created. This date is important for record-keeping, validation, and sometimes for determining the eligibility or validity of the document for certain purposes.","The property ""has a date of issue"" is associated with the domain ""Conference document"" and the range ""date""."
http://conference#has_a_degree,Source,Property,has a degree,"In the context of a conference, ""has_a_degree"" typically means that an individual possesses an academic degree, such as a bachelor's, master's, or doctorate, in a specific field of study. This information might be relevant for identifying the qualifications and expertise of speakers, panelists, or attendees at the conference.","The property ""has_a_degree"" has a domain of ""Review_preference"" and a range of ""int""."
http://conference#has_a_location,Source,Property,has a location,"In the context of a conference, ""has_a_location"" refers to the specific place or venue where the conference is being held. This could be a physical address, such as a conference center, hotel, or university, or it could be a virtual location, such as an online platform or webinar link. Essentially, it denotes the geographical or digital setting where the conference activities will take place.","The property ""has_a_location"" has a domain of ""Conference_volume"" and a range of ""string""."
http://conference#has_a_name,Source,Property,has a name,"In the context of a conference, ""has_a_name"" likely refers to the attribute or property indicating that a particular entity, such as a session, speaker, or event, possesses a specific name. This name helps in identifying and distinguishing it from other entities within the conference. For example, a session might ""have a name"" like ""Keynote Address"" or a speaker might ""have a name"" like ""Dr. Jane Smith.""","The property ""has_a_name"" has a range of ""string"".The given subgraph describes a class and its components in a structured manner. Here's a natural language description of the subgraph:

There is a class, denoted as `_:N5707256fc4dc4a9880d813bd6da11385`, which is a union of several elements. This class has a domain property called `has_a_name`.

The union consists of the following elements in sequence:
1. `Conference_proceedings`
2. `Publisher`
3. `Conference`
4. `Topic`
5. `Conference_part`

Each element is linked to the next in a chain-like structure, ending with `nil` after `Conference_part`.

In summary, the class is a union of `Conference_proceedings`, `Publisher`, `Conference`, `Topic`, and `Conference_part`, and it has a domain property named `has_a_name`."
http://conference#has_a_program_committee,Source,Property,has a program committee,"In the context of a conference, ""has_a_program_committee"" means that the conference has a designated group of individuals, known as the program committee, who are responsible for overseeing the development and organization of the conference's program. This typically includes tasks such as reviewing submitted papers, selecting which papers will be presented, organizing sessions, and ensuring the overall quality and relevance of the conference content. The program committee plays a crucial role in maintaining the academic and professional standards of the conference.","Sure, here are the triples verbalised into phrases:

1. The property ""has_a_program_committee"" has a domain of ""Conference_volume"".
2. The property ""has_a_program_committee"" has a range of ""Program_committee"".
3. The property ""has_a_program_committee"" is a subproperty of ""has_a_commtitee""."
http://conference#has_a_publisher,Source,Property,has a publisher,"In the context of a conference, ""has_a_publisher"" typically means that the conference has an associated entity or organization responsible for publishing its proceedings, papers, or other related materials. This publisher handles the dissemination of the conference's academic or professional outputs, ensuring they are accessible to a wider audience, often through journals, books, or digital platforms.","The property ""has a publisher"" is applicable to entities of type ""Conference proceedings"" and relates them to entities of type ""Publisher""."
http://conference#has_a_review,Source,Property,has a review,"In the context of a conference, ""has_a_review"" typically means that a submission, such as a research paper or abstract, has been evaluated by one or more reviewers. This review process is a critical part of academic and professional conferences, where submitted works are assessed for quality, relevance, and contribution to the field before being accepted for presentation or publication.","The property ""has_a_review"" has a domain of ""Reviewed_contribution"" and a range of ""Review""."
http://conference#has_a_review_expertise,Source,Property,has a review expertise,"In the context of a conference, ""has_a_review_expertise"" typically refers to the specific area of knowledge or specialization that a reviewer possesses, which qualifies them to evaluate submissions or papers within that domain. This expertise ensures that the reviewer is capable of providing informed, accurate, and constructive feedback on the content, methodology, and significance of the work being reviewed.","The property ""has a review expertise"" has a domain of ""Submitted contribution"" and a range of ""Review expertise""."
http://conference#has_a_review_reference_or_expertise,Source,Property,has a review reference or expertise,"In the context of a conference, ""has_a_review_reference_or_expertise"" typically means that an individual possesses the necessary qualifications, experience, or knowledge to review submissions, such as research papers or presentations. This could involve having a strong background in the relevant field, previous experience in reviewing academic or professional work, or being recognized as an expert by peers. This qualification ensures that the person can provide a credible and informed evaluation of the content being reviewed.","The property ""has a review reference or expertise"" applies to entities of type ""Reviewer"".The subgraph describes a class hierarchy and relationships involving review preferences and expertise. Here's a natural language description:

1. There is a class named `has_a_review_reference_or_expertise`.
2. This class has a range that is a union of two other classes: `Review_preference` and `Review_expertise`.
3. The union of these two classes is represented by an intermediate node.
4. The first element of this union is `Review_preference`.
5. The rest of the union is another intermediate node.
6. The first element of this second intermediate node is `Review_expertise`.
7. The rest of this second intermediate node is `nil`, indicating the end of the list.

In summary, the class `has_a_review_reference_or_expertise` can have instances that are either of type `Review_preference` or `Review_expertise`."
http://conference#has_a_steering_committee,Source,Property,has a steering committee,"In the context of a conference, ""has_a_steering_committee"" means that the conference is guided and overseen by a group of individuals who are responsible for making key decisions, setting the direction, and ensuring the successful planning and execution of the event. This committee typically includes experts and stakeholders who provide strategic advice and support to achieve the conference's objectives.","Sure, here are the triples verbalized into phrases:

1. The property ""has_a_steering_committee"" applies to instances of ""Conference_volume"".
2. The property ""has_a_steering_committee"" relates instances of ""Conference_volume"" to instances of ""Steering_committee"".
3. The property ""has_a_steering_committee"" is a subproperty of ""has_a_commtitee""."
http://conference#has_a_submitted_contribution,Source,Property,has a submitted contribution,"In the context of a conference, ""has_a_submitted_contribution"" typically means that an individual or entity has submitted some form of work or material for consideration. This could include papers, abstracts, posters, presentations, or other types of scholarly or professional contributions that are to be reviewed by the conference organizers or committee. The submission is usually part of the process for being selected to present or participate in the conference program.","The property ""has_a_submitted_contribution"" has a domain of ""Review_expertise"" and a range of ""Submitted_contribution"". 

In other words, ""Review_expertise"" has a relationship called ""has_a_submitted_contribution"" with ""Submitted_contribution"".The class ""Review_expertise"" is a subclass of a restriction. This restriction specifies that there must be some values from the class ""Submitted_contribution"" for the property ""has_a_submitted_contribution""."
http://conference#has_a_topic_or_a_submission_contribution,Source,Property,has a topic or a submission contribution,"In the context of a conference, ""has_a_topic_or_a_submission_contribution"" typically refers to a participant or attendee who either has a specific topic they are presenting or discussing, or has made a contribution in the form of a submission, such as a research paper, poster, or presentation. This phrase indicates that the individual is actively contributing to the content and discussions of the conference, rather than just attending as an observer.","The property ""has a topic or a submission contribution"" has a domain of ""Review preference"".The given subgraph can be described in natural language as follows:

There is a class that is defined as a union of two elements: ""Submitted_contribution"" and ""Topic"". This class is associated with a property called ""has_a_topic_or_a_submission_contribution"", which has a range that includes this union class.

Additionally, there is a subclass called ""Review_preference"" that is a subclass of a restriction. This restriction specifies that the property ""has_a_topic_or_a_submission_contribution"" must have some values from another union class. This second union class also consists of ""Submitted_contribution"" and ""Topic"".

In summary, the class ""Review_preference"" is restricted by the property ""has_a_topic_or_a_submission_contribution"", which can have values that are either ""Submitted_contribution"" or ""Topic""."
http://conference#has_a_track-workshop-tutorial_chair,Source,Property,has a track workshop tutorial chair,"In the context of a conference, ""has_a_track-workshop-tutorial_chair"" refers to a specific role or position within the conference organization. This person is responsible for overseeing and managing a particular track, workshop, or tutorial session. 

- **Track Chair**: Manages a specific thematic track within the conference, ensuring that sessions and presentations within that track are organized and run smoothly.
- **Workshop Chair**: Oversees the organization and execution of workshops, which are typically more interactive and hands-on sessions.
- **Tutorial Chair**: Responsible for organizing tutorial sessions, which are educational sessions aimed at teaching specific skills or knowledge.

The individual in this role ensures that the content is relevant, the schedule is adhered to, and any logistical issues are addressed.","The property ""has a track-workshop-tutorial chair"" has a domain of ""Conference part"" and a range of ""Track-workshop chair""."
http://conference#has_a_track-workshop-tutorial_topic,Source,Property,has a track workshop tutorial topic,"In the context of a conference, ""has_a_track-workshop-tutorial_topic"" refers to the specific subject matter or theme that is covered in a particular track, workshop, or tutorial session. 

- **Track**: A series of sessions or presentations focused on a particular theme or topic area within the conference.
- **Workshop**: An interactive session where participants engage in activities or discussions to learn about a specific topic.
- **Tutorial**: An instructional session designed to teach attendees about a particular subject, often in a more detailed and hands-on manner.

So, ""has_a_track-workshop-tutorial_topic"" indicates the specific topic that will be addressed in these different formats during the conference.","The property ""has a track-workshop-tutorial topic"" has a domain of ""Conference part"" and a range of ""Topic""."
http://conference#has_a_volume,Source,Property,has a volume,"In the context of a conference, ""has_a_volume"" typically refers to the collection of papers, presentations, or proceedings that are compiled and published as a single entity. This volume serves as a record of the contributions made during the conference and is often made available to attendees and other interested parties.","The property ""has_a_volume"" applies to instances of ""Conference_proceedings"" and its value is of type ""int""."
http://conference#has_an_ISBN,Source,Property,has an isbn,"In the context of a conference, ""has_an_ISBN"" likely refers to a publication, such as a conference proceeding or a book of abstracts, that has been assigned an International Standard Book Number (ISBN). An ISBN is a unique identifier for books and other publications, which helps in cataloging and purchasing. Therefore, if a conference publication ""has_an_ISBN,"" it means that it has been officially registered and can be easily referenced and accessed in libraries, bookstores, and online platforms.","The property ""has_an_ISBN"" applies to entities of type ""Conference_proceedings"" and its value is expected to be a string."
http://conference#has_an_abstract,Source,Property,has an abstract,"In the context of a conference, ""has_an_abstract"" typically means that a particular presentation, paper, or talk includes an abstract. An abstract is a brief summary of the research, findings, or topics that will be discussed in the presentation. It provides attendees with a quick overview of the content, helping them decide whether they are interested in attending that particular session.","The property ""has_an_abstract"" has a range of ""Abstract"".The subgraph describes a class that is defined as a union of three types: Presentation, Paper, and Poster. This class is associated with the property ""has_an_abstract"". Specifically, the class includes any entity that is either a Presentation, a Paper, or a Poster, and entities of this class have the property ""has_an_abstract""."
http://conference#has_an_email,Source,Property,has an email,"In the context of a conference, ""has_an_email"" likely refers to whether a participant, speaker, or attendee has provided an email address. This information is often used for communication purposes, such as sending event updates, schedules, or follow-up materials.","The property ""has_an_email"" has a domain of ""Person"" and a range of ""string""."
http://conference#has_an_expertise,Source,Property,has an expertise,"In the context of a conference, ""has_an_expertise"" refers to an individual or speaker possessing specialized knowledge or skills in a particular subject area relevant to the conference. This expertise qualifies them to present, discuss, or provide insights on topics within their field of specialization.","The property ""has an expertise"" has a domain of ""Review expertise"".The property ""has_an_expertise"" has a range that is a data range. This data range consists of a set of expertise levels, which include ""very high,"" ""high,"" ""medium,"" and ""low."""
http://conference#has_an_organizing_committee,Source,Property,has an organizing committee,"In the context of a conference, ""has_an_organizing_committee"" means that the conference is managed and coordinated by a group of individuals or a committee responsible for planning, organizing, and overseeing the various aspects of the event. This committee typically handles tasks such as setting the conference agenda, arranging speakers, managing logistics, and ensuring the smooth execution of the conference.","Sure, here are the triples verbalized into phrases:

1. The property ""has_an_organizing_committee"" has a domain of ""Conference_volume"".
2. The property ""has_an_organizing_committee"" has a range of ""Organizing_committee"".
3. The property ""has_an_organizing_committee"" is a subproperty of ""has_a_commtitee""."
http://conference#has_authors,Source,Property,has authors,"In the context of a conference, ""has_authors"" typically refers to the individuals who have written or contributed to a paper, presentation, or research work that is being submitted to or presented at the conference. These authors are usually listed in the conference program or proceedings, and their contributions are acknowledged in the context of the academic or professional work being showcased at the event.","The property ""has_authors"" is used to link a ""Conference_document"" to a ""Person"". In other words, ""has_authors"" indicates that a ""Conference_document"" is authored by one or more ""Person"".The class ""Review"" is a subclass of a restriction. This restriction specifies that for the property ""has_authors,"" all values must be of the type ""Reviewer."""
http://conference#has_been_assigned_a_review_reference,Source,Property,has been assigned a review reference,"In the context of a conference, ""has_been_assigned_a_review_reference"" typically means that a submitted paper or proposal has been given a specific reference number or identifier for the purpose of review. This reference helps in tracking the submission through the review process, ensuring that reviewers and conference organizers can efficiently manage and refer to the submission.","The property ""has been assigned a review reference"" has a range of ""Review preference"".The subgraph describes a class that is a union of two elements: ""Topic"" and ""Submitted contribution."" This class is associated with the property ""has been assigned a review reference."""
http://conference#has_contributions,Source,Property,has contributions,"In the context of a conference, ""has_contributions"" typically refers to the involvement or input that an individual or organization has provided to the event. This can include activities such as presenting papers, delivering talks, participating in panel discussions, organizing workshops, or contributing to the planning and execution of the conference. Essentially, it signifies the various ways in which someone has actively contributed to the success and content of the conference.","The property ""has_contributions"" has a domain of ""Conference_volume"" and a range of ""Conference_contribution"". This means that ""Conference_volume"" can have contributions, and these contributions are of the type ""Conference_contribution""."
http://conference#has_gender,Source,Property,has gender,"In the context of a conference, ""has_gender"" likely refers to the attribute or characteristic of participants, speakers, or attendees that identifies their gender. This could be used for various purposes such as ensuring diversity, organizing gender-specific sessions, or for statistical analysis of the conference demographics.","The property ""has_gender"" applies to instances of the class ""Person"".The subgraph describes a data range for the property ""has_gender"". This data range includes two possible values: ""male"" and ""female"". The structure indicates that ""male"" is the first value in the list, followed by ""female"", and there are no additional values beyond these two. The data range is explicitly defined as a type of ""DataRange""."
http://conference#has_important_dates,Source,Property,has important dates,"In the context of a conference, ""has_important_dates"" refers to the key dates and deadlines that are crucial for participants, organizers, and attendees to be aware of. These dates might include the submission deadlines for papers or abstracts, registration deadlines, notification of acceptance, early bird registration deadlines, and the actual dates of the conference itself. Keeping track of these important dates ensures that all necessary preparations and submissions are completed on time.","The property ""has_important_dates"" is associated with the domain ""Conference_volume"" and the range ""Important_dates"". This means that ""Conference_volume"" entities can have ""Important_dates"" associated with them through the ""has_important_dates"" property."
http://conference#has_members,Source,Property,has members,"In the context of a conference, ""has_members"" typically refers to the individuals or entities that are part of the conference. These members could include attendees, speakers, organizers, sponsors, or any other participants who are officially associated with the conference. Essentially, it denotes the group of people or organizations that are involved in or belong to the conference.","Sure, here are the triples verbalised into phrases:

1. The property ""has_a_committee_chair"" is a subproperty of ""has_members"".
2. The property ""has_a_committee_co-chair"" is a subproperty of ""has_members"".
3. The property ""has_members"" has a domain of ""Committee"".
4. The property ""has_members"" has a range of ""Committee_member""."
http://conference#has_parts,Source,Property,has parts,"In the context of a conference, ""has_parts"" typically refers to the various components or segments that make up the entire event. This can include sessions, workshops, keynote speeches, panel discussions, networking events, and other activities that are scheduled as part of the conference program. Each of these parts contributes to the overall structure and content of the conference.","Sure, here are the triples verbalized into phrases:

1. The property ""has_tracks"" is a subproperty of the property ""has_parts"".
2. The property ""has_tutorials"" is a subproperty of the property ""has_parts"".
3. The property ""has_workshops"" is a subproperty of the property ""has_parts"".
4. The property ""has_parts"" has a domain of ""Conference_volume"".
5. The property ""has_parts"" has a range of ""Conference_part""."
http://conference#has_the_first_name,Source,Property,has the first name,"In the context of a conference, ""has_the_first_name"" likely refers to an attribute or property of a participant, speaker, or attendee that specifies their first name. For example, in a database or registration system for the conference, each individual might have a record that includes their first name, and ""has_the_first_name"" would be the field or identifier used to store and reference this information.","The property ""has_the_first_name"" applies to instances of ""Person"" and its value is of type ""string""."
http://conference#has_the_last_name,Source,Property,has the last name,"In the context of a conference, ""has_the_last_name"" likely refers to the surname or family name of an individual attending or involved in the conference. This could be used for identification, registration, or organizational purposes, such as creating name badges, attendee lists, or seating arrangements.","The property ""has_the_last_name"" applies to entities of type ""Person"" and its value is of type ""string""."
http://conference#has_tracks,Source,Property,has tracks,"In the context of a conference, ""has_tracks"" typically refers to the conference being organized into different thematic or subject-specific streams, known as ""tracks."" Each track focuses on a particular area of interest or topic within the broader scope of the conference. For example, a technology conference might have tracks on artificial intelligence, cybersecurity, software development, and data science. Attendees can choose to follow specific tracks that align with their interests or professional needs.","Sure, here are the triples verbalised into phrases:

1. The property ""has_tracks"" has a domain of ""Conference_volume"".
2. The property ""has_tracks"" has a range of ""Track"".
3. The property ""has_tracks"" is a subproperty of ""has_parts""."
http://conference#has_tutorials,Source,Property,has tutorials,"In the context of a conference, ""has_tutorials"" indicates whether the conference includes tutorial sessions as part of its program. These tutorials are typically educational sessions designed to teach attendees specific skills or knowledge related to the conference's subject matter.","Sure, here are the triples verbalized into phrases:

1. The property ""has_tutorials"" has a domain of ""Conference_volume"".
2. The property ""has_tutorials"" has a range of ""Tutorial"".
3. The property ""has_tutorials"" is a subproperty of ""has_parts""."
http://conference#has_workshops,Source,Property,has workshops,"In the context of a conference, ""has_workshops"" means that the conference includes workshops as part of its schedule or program. Workshops are typically interactive sessions where participants can engage in hands-on activities, discussions, or training on specific topics related to the conference's theme.","The property ""has_workshops"" has a domain of ""Conference_volume"", meaning it is used to describe workshops that are part of a conference volume. The range of ""has_workshops"" is ""Workshop"", indicating that the property relates conference volumes to workshops. Additionally, ""has_workshops"" is a subproperty of ""has_parts"", suggesting that workshops are considered parts of the conference volume."
http://conference#invited_by,Source,Property,invited by,"In the context of a conference, ""invited_by"" refers to the person or organization that extended the invitation to attend or participate in the conference. This could be an individual, such as a conference organizer, or an entity, such as a sponsoring organization or institution.","The property ""invited_by"" has a domain of ""Reviewer"" and a range of ""Reviewer"". This means that the ""invited_by"" relationship is used to indicate that one ""Reviewer"" has invited another ""Reviewer""."
http://conference#invites_co-reviewers,Source,Property,invites co reviewers,"In the context of a conference, ""invites_co-reviewers"" refers to the action of inviting additional reviewers to assist in the peer review process of submitted papers or proposals. These co-reviewers are typically experts in the relevant field who can provide valuable feedback and assessments to ensure the quality and relevance of the submissions. The primary reviewer or the conference organizers may extend these invitations to ensure a thorough and balanced evaluation.","The property ""invites_co-reviewers"" has a domain of ""Reviewer"" and a range of ""Reviewer"". This means that the property ""invites_co-reviewers"" is used to indicate that a ""Reviewer"" invites another ""Reviewer"" to co-review."
http://conference#is_a_date_of_acceptance_announcement,Source,Property,is a date of acceptance announcement,"In the context of a conference, ""is_a_date_of_acceptance_announcement"" refers to the specific date on which the conference organizers announce the acceptance of submitted papers, presentations, or proposals. This is the date when authors or presenters are informed whether their submissions have been accepted for inclusion in the conference program.","The property ""is_a_date_of_acceptance_announcement"" has a domain of ""Important_dates"" and a range of ""date""."
http://conference#is_a_date_of_camera_ready_paper_submission,Source,Property,is a date of camera ready paper submission,"In the context of a conference, ""is_a_date_of_camera_ready_paper_submission"" refers to the specific deadline by which authors must submit the final version of their papers. This final version, often called the ""camera-ready"" version, is the one that will be published in the conference proceedings. It typically incorporates all the revisions and formatting required by the conference organizers after the paper has been accepted and reviewed.","The property ""is a date of camera ready paper submission"" has a domain of ""Important dates"" and a range of ""date""."
http://conference#is_a_full_paper_submission_date,Source,Property,is a full paper submission date,"In the context of a conference, ""is_a_full_paper_submission_date"" refers to a specific deadline by which authors must submit their complete research papers for consideration. This date is crucial for participants who wish to present their work at the conference, as it marks the final opportunity to submit their full manuscripts for review by the conference committee.","The property ""is_a_full_paper_submission_date"" has a domain of ""Important_dates"" and a range of ""date""."
http://conference#is_a_starting_date,Source,Property,is a starting date,"In the context of a conference, ""is_a_starting_date"" refers to the specific date on which the conference begins. It marks the commencement of the event, indicating when the first activities, sessions, or presentations are scheduled to start.","The property ""is_a_starting_date"" has a domain of ""Important_dates"" and a range of ""date""."
http://conference#is_a_topis_of_conference_parts,Source,Property,is a topis of conference parts,"In the context of a conference, ""is_a_topis_of_conference_parts"" appears to be a typographical error or a misinterpretation. It likely intends to convey ""is a topic of conference parts."" This phrase would mean that the subject in question is one of the topics or themes that are part of the conference's agenda or schedule. Conferences typically have various parts or sessions, each focusing on different topics relevant to the overall theme of the event.","The property ""is_a_topic_of_conference_parts"" has a domain of ""Topic"" and a range of ""Conference_part"". This means that ""is_a_topic_of_conference_parts"" is a relationship where a ""Topic"" is associated with a ""Conference_part""."
http://conference#is_an_abstract_submission_date,Source,Property,is an abstract submission date,"In the context of a conference, ""is_an_abstract_submission_date"" refers to a specific date by which participants or potential speakers must submit their abstracts for consideration. An abstract is a brief summary of the research or presentation they intend to present at the conference. This date is a deadline set by the conference organizers to ensure that all submissions are reviewed in a timely manner and that the conference schedule can be planned accordingly.","The property ""is_an_abstract_submission_date"" has a domain of ""Important_dates"" and a range of ""date""."
http://conference#is_an_ending_date,Source,Property,is an ending date,"In the context of a conference, ""is_an_ending_date"" refers to the specific date on which the conference concludes. It marks the final day of the event, after which no further sessions, activities, or official conference-related events will take place.","The property ""is_an_ending_date"" has a domain of ""Important_dates"" and a range of ""date""."
http://conference#is_given_by,Source,Property,is given by,"In the context of a conference, ""is_given_by"" typically refers to the person or entity that is delivering a presentation, lecture, or speech. For example, if a talk at a conference is described as ""is given by Dr. Smith,"" it means that Dr. Smith is the one presenting or speaking on that topic.","The property ""is given by"" has a domain of ""Presentation"" and a range of ""Active conference participant."""
http://conference#is_part_of_conference_volumes,Source,Property,is part of conference volumes,"In the context of a conference, ""is_part_of_conference_volumes"" refers to a specific paper, article, or presentation that is included in the official collection of works presented at the conference. These volumes are typically published as a compilation of all the research papers, presentations, and findings shared during the event. Being part of these volumes often signifies that the work has undergone a review process and has been deemed valuable and relevant by the conference organizers or review committee.","The property ""is_part_of_conference_volumes"" has a domain of ""Conference_part"" and a range of ""Conference_volume"". This means that ""Conference_part"" is associated with ""Conference_volume"" through the property ""is_part_of_conference_volumes""."
http://conference#is_submitted_at,Source,Property,is submitted at,"In the context of a conference, ""is_submitted_at"" typically refers to the specific date and time when a paper, abstract, or proposal was officially submitted for consideration. This timestamp is crucial for tracking submission deadlines and ensuring that all entries are reviewed in a timely manner.","The property ""is_submitted_at"" has a domain of ""Conference_contribution"" and a range of ""Conference_volume"". This means that ""is_submitted_at"" is used to link a ""Conference_contribution"" to a ""Conference_volume""."
http://conference#is_the_1th_part_of,Source,Property,is the 1th part of,"In the context of a conference, ""is_the_1th_part_of"" likely refers to the first segment or session of the conference. It indicates that a particular event, presentation, or activity is the initial part of the overall conference schedule.","The property ""is_the_1th_part_of"" has a domain of ""Abstract"". This means that ""is_the_1th_part_of"" is a property that applies to instances of the class ""Abstract"".The subgraph describes a class that is defined as a union of three types of presentations: Paper, Poster, and Presentation. Specifically, the class is the range of a property named ""is_the_1th_part_of."" The union is structured as follows:

1. The first element of the union is a Paper.
2. The rest of the union consists of:
   - A Poster as the first element.
   - The rest of which is:
     - A Presentation as the first element.
     - The rest of which is nil (indicating the end of the list).

In summary, the class encompasses any entity that can be a Paper, Poster, or Presentation."
http://conference#issues,Source,Property,issues,"In the context of a conference, ""issues"" typically refer to topics, problems, or challenges that are being discussed or addressed during the event. These could include a range of subjects relevant to the conference's theme, such as industry trends, technical difficulties, policy debates, or any other matters that require attention and resolution.","The property ""issues"" has a domain of ""Publisher"" and a range of ""Conference_proceedings"". This means that the subject of the ""issues"" property is a ""Publisher"" and the object of the ""issues"" property is ""Conference_proceedings""."
http://conference#reviews,Source,Property,reviews,"In the context of a conference, ""reviews"" typically refer to the evaluations or assessments of submitted papers, presentations, or proposals by experts in the field. These reviews are used to determine the quality, relevance, and originality of the work, and they play a crucial role in deciding which submissions are accepted for presentation at the conference. The feedback provided in these reviews can also help authors improve their work.","The property ""reviews"" has a domain of ""Review"" and a range of ""Reviewed_contribution"". This means that ""reviews"" is a property that connects an instance of ""Review"" to an instance of ""Reviewed_contribution"". In other words, a ""Review"" reviews a ""Reviewed_contribution""."
http://conference#was_a_committe_co-chair_of,Source,Property,was a committe co chair of,"In the context of a conference, ""was_a_committee_co-chair_of"" means that the person held the position of co-chair for a specific committee associated with the conference. This role typically involves sharing the responsibilities of leading and managing the committee's activities, planning, and decision-making processes with another co-chair.","Sure, here are the triples verbalised into phrases:

1. The property ""was_a_committe_co-chair_of"" has a domain of ""Co-chair"".
2. The property ""was_a_committe_co-chair_of"" has a range of ""Committee"".
3. The property ""was_a_committe_co-chair_of"" is a subproperty of ""was_a_member_of"".The class ""Co-chair"" is defined as being equivalent to a restriction where the property ""was a committee co-chair of"" applies to some values from the class ""Committee""."
http://conference#was_a_committee_chair_of,Source,Property,was a committee chair of,"In the context of a conference, ""was_a_committee_chair_of"" means that an individual held the position of chairperson for a specific committee associated with the conference. This role typically involves leading the committee, organizing its activities, overseeing its functions, and ensuring that the committee's objectives are met. The chairperson is responsible for guiding the committee's work and often represents the committee in interactions with other parts of the conference organization.","Sure, here are the triples verbalised into phrases:

1. The property ""was_a_committee_chair_of"" has a domain of ""Chair"".
2. The property ""was_a_committee_chair_of"" has a range of ""Committee"".
3. The property ""was_a_committee_chair_of"" is a subproperty of ""was_a_member_of"".The class ""Chair"" is equivalent to a restriction. This restriction specifies that it applies to entities that have the property ""was a committee chair of"" with some values from the class ""Committee""."
http://conference#was_a_committee_of,Source,Property,was a committee of,"In the context of a conference, ""was_a_committee_of"" refers to the relationship where an individual or a group was part of a committee that was responsible for organizing, managing, or overseeing the conference. This implies that the person or group had specific roles or duties within the committee to ensure the successful execution of the conference.","Sure, here are the triples verbalized into phrases:

1. The property ""was_a_program_committee_of"" is a subproperty of ""was_a_committee_of"".
2. The property ""was_a_steering_committee_of"" is a subproperty of ""was_a_committee_of"".
3. The property ""was_an_organizing_committee_of"" is a subproperty of ""was_a_committee_of"".
4. The property ""was_a_committee_of"" has a domain of ""Committee"".
5. The property ""was_a_committee_of"" has a range of ""Conference_volume""."
http://conference#was_a_member_of,Source,Property,was a member of,"In the context of a conference, ""was_a_member_of"" typically means that an individual was part of a specific group, committee, or organization associated with the conference. This could refer to being a member of the organizing committee, a panel, a working group, or any other formal group that is involved in the planning, execution, or participation in the conference.","Sure, here are the triples verbalised into phrases:

1. The property ""was_a_committe_co-chair_of"" is a subproperty of ""was_a_member_of"".
2. The property ""was_a_committee_chair_of"" is a subproperty of ""was_a_member_of"".
3. The property ""was_a_member_of"" has a domain of ""Committee_member"".
4. The property ""was_a_member_of"" has a range of ""Committee"".The class ""Committee_member"" is defined as being equivalent to a restriction. This restriction specifies that there exists some value from the class ""Committee"" on the property ""was_a_member_of""."
http://conference#was_a_program_committee_of,Source,Property,was a program committee of,"In the context of a conference, ""was_a_program_committee_of"" refers to an individual or entity that served as a member of the program committee for that conference. The program committee is typically responsible for reviewing submitted papers, selecting which ones will be presented, and often shaping the overall structure and content of the conference program.","The property ""was_a_program_committee_of"" has a domain of ""Program_committee"", meaning it applies to instances of ""Program_committee"". It has a range of ""Conference_volume"", meaning it relates to instances of ""Conference_volume"". Additionally, ""was_a_program_committee_of"" is a subproperty of ""was_a_committee_of""."
http://conference#was_a_steering_committee_of,Source,Property,was a steering committee of,"In the context of a conference, ""was_a_steering_committee_of"" refers to an individual or group that was part of the steering committee for the conference. The steering committee is typically responsible for guiding the direction, planning, and organization of the conference, including setting the agenda, selecting speakers, and overseeing logistical details. So, if someone ""was_a_steering_committee_of"" a conference, it means they played a significant role in the planning and execution of that event.","The property ""was_a_steering_committee_of"" has a domain of ""Steering_committee"" and a range of ""Conference_volume"". This means that ""was_a_steering_committee_of"" is a relationship where a ""Steering_committee"" is associated with a ""Conference_volume"". Additionally, ""was_a_steering_committee_of"" is a subproperty of ""was_a_committee_of"", indicating that it is a more specific type of the general ""was_a_committee_of"" relationship."
http://conference#was_a_track-workshop_chair_of,Source,Property,was a track workshop chair of,"In the context of a conference, ""was_a_track-workshop_chair_of"" means that an individual held the position of chairperson for a specific track or workshop within the conference. This role typically involves organizing, coordinating, and overseeing the activities and sessions related to that particular track or workshop. The chair is responsible for ensuring that the sessions run smoothly, selecting speakers or presenters, and sometimes moderating discussions.","The property ""was_a_track-workshop_chair_of"" has a domain of ""Track-workshop_chair"" and a range of ""Conference_part"". This means that the property ""was_a_track-workshop_chair_of"" is used to link an entity of type ""Track-workshop_chair"" to an entity of type ""Conference_part"". In other words, a ""Track-workshop_chair"" was a track-workshop chair of a ""Conference_part"".The subgraph describes a class called ""Track-workshop_chair"" which is equivalent to a restriction. This restriction is on the property ""was_a_track-workshop_chair_of"" and specifies that the values for this property must be members of a union of two classes: ""Track"" and ""Workshop"". The union is represented by a list where ""Track"" is the first element and ""Workshop"" is the second element, with no further elements in the list."
http://conference#was_an_organizing_committee_of,Source,Property,was an organizing committee of,"In the context of a conference, ""was_an_organizing_committee_of"" refers to a group or entity that was responsible for planning, coordinating, and managing the various aspects of the conference. This committee typically handles tasks such as setting the agenda, arranging speakers, managing logistics, and ensuring the overall smooth execution of the event.","Sure, here are the triples verbalized into phrases:

1. The property ""was_an_organizing_committee_of"" has a domain of ""Organizing_committee"".
2. The property ""was_an_organizing_committee_of"" has a range of ""Conference_volume"".
3. The property ""was_an_organizing_committee_of"" is a subproperty of ""was_a_committee_of""."
http://sigkdd#ACM_SIGKDD,Target,Class,acm sigkdd,"ACM_SIGKDD stands for the Association for Computing Machinery's Special Interest Group on Knowledge Discovery and Data Mining. It is a leading professional organization that focuses on the research and development of data mining, knowledge discovery, and related fields. The ACM SIGKDD conference is a premier event where researchers, practitioners, and academics gather to present their latest findings, share insights, and discuss advancements in the field of data mining and knowledge discovery.","Sure, here are the triples verbalised into phrases:

1. The domain of ""design"" is ""ACM_SIGKDD"".
2. The range of ""designed_by"" is ""ACM_SIGKDD"".
3. The domain of ""hold"" is ""ACM_SIGKDD"".
4. The range of ""holded_by"" is ""ACM_SIGKDD"".
5. The domain of ""search"" is ""ACM_SIGKDD"".
6. The range of ""searched_by"" is ""ACM_SIGKDD"".The subgraph describes the class ""ACM_SIGKDD"" and its relationships with various properties and restrictions. Here is a natural language description:

1. ""ACM_SIGKDD"" is a subclass of a restriction that involves the property ""design"" and has some values from ""Deadline"".
2. ""ACM_SIGKDD"" is also a subclass of another restriction that involves the property ""search"" and has some values from ""Sponzor"".
3. Additionally, ""ACM_SIGKDD"" is a subclass of a restriction that involves the property ""hold"" and has some values from ""Conference"".

In summary, ""ACM_SIGKDD"" is defined by several restrictions related to the properties ""design"", ""search"", and ""hold"", with corresponding values from ""Deadline"", ""Sponzor"", and ""Conference"" respectively."
http://sigkdd#Abstract,Target,Class,abstract,"In the context of a conference, an ""abstract"" is a brief summary of a research paper, presentation, or study that is submitted for consideration. It typically includes the main objectives, methods, results, and conclusions of the work. The abstract allows conference organizers and attendees to quickly understand the essence of the research and decide its relevance and interest to them.","The class ""Abstract"" is a subclass of the class ""Document"".The class ""Abstract"" is defined as being equivalent to a restriction. This restriction specifies that the property ""submit_until"" must have some values from the class ""Deadline_Abstract_Submission""."
http://sigkdd#Author,Target,Class,author,"In the context of a conference, an ""author"" typically refers to an individual who has written a paper, article, or study that is being presented or discussed at the event. This person is responsible for the research and content of the work and is often the one who presents the findings to the conference attendees.","Sure, here are the triples verbalised into phrases:

1. ""Author_of_paper"" is a subclass of ""Author"".
2. ""Author_of_paper_student"" is a subclass of ""Author"".
3. The property ""notification_until"" has a domain of ""Author"".
4. The property ""obtain"" has a domain of ""Author"".
5. The property ""submit"" has a domain of ""Author"".
6. ""Author"" is a subclass of ""Speaker"".The provided subgraph can be described in natural language as follows:

An ""Author"" is defined as a class that is equivalent to a restriction where the author must submit some values from the class ""Paper"". Additionally, an ""Author"" is a subclass of another restriction where the property ""notification_until"" must have some values from the class ""Deadline_Author_notification""."
http://sigkdd#Author_of_paper,Target,Class,author of paper,"In the context of a conference, ""Author_of_paper"" refers to the individual or group of individuals who have written and submitted a research paper or academic article to be presented at the conference. These authors are typically researchers, scholars, or experts in a particular field who have conducted original research and are sharing their findings with the conference attendees.","The class ""Author_of_paper"" is a subclass of the class ""Author"".The given subgraph can be described as follows:

An ""Author of a paper"" is a subclass of two types of restrictions. The first restriction specifies that the author has received an award, specifically the ""Best Research Paper Award."" The second restriction specifies that the author has received an award, specifically the ""Best Applications Paper Award."""
http://sigkdd#Author_of_paper_student,Target,Class,author of paper student,"In the context of a conference, ""Author_of_paper_student"" refers to a student who has authored or co-authored a research paper that is being presented at the conference. This designation highlights the student's role in the creation and presentation of the academic work.","The class ""Author_of_paper_student"" is a subclass of the class ""Author"".The class ""Author_of_paper_student"" is a subclass of a restriction that specifies that some values from the property ""award"" must be ""Best_Student_Paper_Award""."
http://sigkdd#Award,Target,Class,award,"In the context of a conference, an ""award"" refers to a recognition or honor given to individuals or groups for their outstanding achievements, contributions, or performance in a particular field or area of expertise. This could include awards for best research paper, outstanding presentation, significant contributions to the field, or other notable accomplishments related to the conference's focus.","Sure, here are the triples verbalised into phrases:

1. ""Best_Applications_Paper_Award"" is a subclass of ""Award"".
2. ""Best_Research_Paper_Award"" is a subclass of ""Award"".
3. ""Best_Student_Paper_Award"" is a subclass of ""Award"".
4. The range of ""award"" is ""Award"".
5. The domain of ""awarded_by"" is ""Award"".
6. The range of ""obtain"" is ""Award"".The class ""Award"" is equivalent to a restriction that specifies that the property ""awarded_by"" must have some values from the class ""Organizator""."
http://sigkdd#Best_Applications_Paper_Award,Target,Class,best applications paper award,"The ""Best Applications Paper Award"" in the context of a conference refers to a recognition given to the paper that is deemed to have the most outstanding practical application or real-world impact among all the papers presented at the conference. This award highlights the significance and effectiveness of the research in addressing real-world problems or advancing practical solutions in a specific field.","The ""Best Applications Paper Award"" is a subclass of ""Award"".The class ""Author_of_paper"" is a subclass of a restriction. This restriction specifies that the property ""award"" must have some values from the class ""Best_Applications_Paper_Award""."
http://sigkdd#Best_Paper_Awards_Committee,Target,Class,best paper awards committee,"In the context of a conference, the ""Best Paper Awards Committee"" refers to a group of experts and scholars who are responsible for evaluating and selecting the best research papers presented at the conference. This committee reviews submissions based on criteria such as originality, significance, technical quality, and clarity of presentation. The selected papers are then recognized with awards, often to highlight outstanding contributions to the field and to encourage high standards of research and presentation.","The class ""Best Paper Awards Committee"" is a subclass of the class ""Committee""."
http://sigkdd#Best_Research_Paper_Award,Target,Class,best research paper award,"In the context of a conference, the ""Best Research Paper Award"" is an accolade given to the author(s) of the most outstanding research paper presented at the event. This award recognizes excellence in research, originality, and the contribution of the paper to the field. It is typically decided by a panel of judges or reviewers who evaluate the submissions based on criteria such as significance, innovation, methodology, and clarity of presentation.","The ""Best Research Paper Award"" is a subclass of ""Award"".The class ""Author_of_paper"" is a subclass of a restriction that specifies that the property ""award"" must have some values from the class ""Best_Research_Paper_Award""."
http://sigkdd#Best_Student_Paper_Award,Target,Class,best student paper award,"In the context of a conference, the ""Best Student Paper Award"" is an accolade given to the most outstanding research paper authored by a student or a group of students. This award recognizes exceptional work in terms of originality, significance, and quality of research. It is typically judged by a panel of experts and is intended to encourage and reward young researchers for their contributions to their field.","The ""Best Student Paper Award"" is a subclass of ""Award"".The class ""Author_of_paper_student"" is a subclass of a restriction that specifies that the ""award"" property must have some values from the ""Best_Student_Paper_Award""."
http://sigkdd#Best_Student_Paper_Supporter,Target,Class,best student paper supporter,"In the context of a conference, ""Best_Student_Paper_Supporter"" refers to an individual, organization, or entity that provides support, often financial or in-kind, to recognize and reward the best student paper presented at the conference. This support could include funding for awards, scholarships, or other forms of recognition to encourage and honor outstanding research contributions made by students.","The class ""Best Student Paper Supporter"" is a subclass of ""Sponsor""."
http://sigkdd#Bronze_Supporter,Target,Class,bronze supporter,"In the context of a conference, a ""Bronze Supporter"" typically refers to an individual or organization that has provided a certain level of financial sponsorship or support. This level is usually one of the lower tiers of sponsorship, often below Silver and Gold levels. Bronze Supporters usually receive specific benefits in return, such as recognition in conference materials, a mention on the conference website, and possibly some limited promotional opportunities. The exact benefits can vary depending on the conference's sponsorship package.","The class ""Bronze Supporter"" is a subclass of ""Sponsor""."
http://sigkdd#Committee,Target,Class,committee,"In the context of a conference, a ""committee"" refers to a group of individuals who are appointed or elected to perform specific tasks related to the planning, organization, and execution of the conference. This can include responsibilities such as selecting speakers, organizing sessions, managing logistics, handling registrations, and ensuring the overall smooth operation of the event. Committees are often formed to leverage the diverse skills and expertise of their members to achieve the conference's objectives effectively.","Sure, here are the triples verbalised into phrases:

1. ""Best Paper Awards Committee is a subclass of Committee.""
2. ""Organizing Committee is a subclass of Committee.""
3. ""Program Committee is a subclass of Committee."""
http://sigkdd#Conference,Target,Class,conference,"In the context of ""conference,"" the term refers to a formal meeting or gathering where individuals or groups come together to discuss specific topics, share information, and collaborate on issues of mutual interest. Conferences can be held in various fields such as business, education, science, technology, and more, and they often include presentations, panel discussions, workshops, and networking opportunities.","Sure, here are the triples verbalised into phrases:

1. The property ""City_of_conference"" applies to instances of ""Conference"".
2. The property ""End_of_conference"" applies to instances of ""Conference"".
3. The property ""Name_of_conference"" applies to instances of ""Conference"".
4. The property ""Start_of_conference"" applies to instances of ""Conference"".
5. The property ""hold"" has a range of ""Conference"".
6. The property ""holded_by"" applies to instances of ""Conference"".The class ACM_SIGKDD is a subclass of a restriction that applies to the property ""hold"". This restriction specifies that the property ""hold"" must have some values from the class ""Conference""."
http://sigkdd#Conference_hall,Target,Class,conference hall,"In the context of a conference, a ""conference hall"" refers to a large room or space specifically designed to host conferences, meetings, seminars, and other large gatherings. It is typically equipped with necessary amenities such as seating arrangements, audio-visual equipment, and sometimes facilities for catering, to accommodate the needs of the attendees and ensure the smooth conduct of the event.","The class ""Conference hall"" is a subclass of the class ""Place""."
http://sigkdd#Deadline,Target,Class,deadline,"In the context of a conference, a ""deadline"" refers to the final date or time by which certain tasks or submissions must be completed. This could include deadlines for submitting abstracts, registering for the conference, submitting full papers, or making payments. Meeting these deadlines is crucial for the smooth organization and operation of the conference.","Sure, here are the triples verbalised into phrases:

1. The domain of ""Date"" is ""Deadline"".
2. ""Deadline_Abstract_Submission"" is a subclass of ""Deadline"".
3. ""Deadline_Author_notification"" is a subclass of ""Deadline"".
4. ""Deadline_Paper_Submission"" is a subclass of ""Deadline"".
5. The range of ""design"" is ""Deadline"".
6. The domain of ""designed_by"" is ""Deadline"".
7. The range of ""submit_until"" is ""Deadline"".The class ""ACM_SIGKDD"" is a subclass of a restriction. This restriction is on the property ""design"" and specifies that some values of this property must be from the class ""Deadline""."
http://sigkdd#Deadline_Abstract_Submission,Target,Class,deadline abstract submission,"In the context of a conference, ""Deadline_Abstract_Submission"" refers to the final date by which participants must submit their abstracts for consideration. An abstract is a brief summary of the research or presentation that the participant intends to present at the conference. Meeting this deadline is crucial for those wishing to have their work reviewed and potentially accepted for presentation at the event.","The class ""Deadline_Abstract_Submission"" is a subclass of the class ""Deadline"".The class ""Abstract"" is defined as being equivalent to a restriction. This restriction specifies that the property ""submit_until"" must have some values from the class ""Deadline_Abstract_Submission""."
http://sigkdd#Deadline_Author_notification,Target,Class,deadline author notification,"In the context of a conference, ""Deadline_Author_notification"" refers to the final date by which authors will be informed about the acceptance or rejection of their submitted papers or proposals. This notification typically includes feedback from the review process and any necessary revisions that need to be made before the final submission.","Sure, here are the triples verbalized into phrases:

1. The property ""notification_until"" has a range of ""Deadline_Author_notification"".
2. The class ""Deadline_Author_notification"" is a subclass of ""Deadline"".The subgraph describes a restriction on the class ""Author."" Specifically, it states that an ""Author"" must have some relationship with the property ""notification_until,"" and the values for this property must come from the class ""Deadline_Author_notification."""
http://sigkdd#Deadline_Paper_Submission,Target,Class,deadline paper submission,"In the context of a conference, ""Deadline_Paper_Submission"" refers to the final date by which authors must submit their research papers or abstracts for consideration. This is a critical date, as submissions received after this deadline are typically not considered for inclusion in the conference program. The deadline ensures that there is sufficient time for the review process, selection of papers, and preparation of the conference schedule.","The class ""Deadline_Paper_Submission"" is a subclass of the class ""Deadline"".The class ""Paper"" is equivalent to a restriction that involves the property ""submit_until"" having some values from the class ""Deadline_Paper_Submission""."
http://sigkdd#Document,Target,Class,document,"In the context of a conference, a ""document"" typically refers to any written, printed, or digital material that is used or distributed during the event. This can include agendas, schedules, presentation slides, research papers, handouts, reports, and any other relevant materials that support the discussions and activities taking place at the conference. These documents are often used to provide information, facilitate communication, and serve as a record of the proceedings.","Sure, here are the triples verbalized into phrases:

1. ""Abstract"" is a subclass of ""Document"".
2. ""Paper"" is a subclass of ""Document"".
3. ""Review"" is a subclass of ""Document"".
4. The range of ""presentation"" is ""Document"".
5. The domain of ""presentationed_by"" is ""Document"".
6. The domain of ""submit_until"" is ""Document"".The class ""Speaker"" is defined as being equivalent to a restriction. This restriction specifies that the property ""presentation"" must have some values from the class ""Document""."
http://sigkdd#Exhibitor,Target,Class,exhibitor,"In the context of a conference, an ""exhibitor"" refers to an individual or organization that sets up a booth or display to showcase their products, services, or information to attendees. Exhibitors typically aim to engage with potential clients, partners, or stakeholders, and to promote their offerings to a targeted audience present at the conference.","The class ""Exhibitor"" is a subclass of the class ""Sponzor""."
http://sigkdd#Fee,Target,Class,fee,"In the context of a conference, a ""fee"" refers to the amount of money that participants are required to pay in order to attend the event. This fee typically covers various costs associated with organizing the conference, such as venue rental, materials, speaker fees, and refreshments.","Sure, here are the triples verbalised into phrases:

1. ""Registration_fee"" is a subclass of ""Fee"".
2. ""Sponzor_fee"" is a subclass of ""Fee""."
http://sigkdd#General_Chair,Target,Class,general chair,"In the context of a conference, the ""General Chair"" is the individual who holds the primary leadership role and is responsible for overseeing the overall organization and execution of the event. This person typically coordinates various aspects of the conference, including planning, logistics, program development, and team management, to ensure that the conference runs smoothly and successfully. The General Chair often works closely with other committee members, sponsors, and stakeholders to achieve the conference's objectives.","The class ""General Chair"" is a subclass of the class ""Organizator""."
http://sigkdd#Gold_Supporter,Target,Class,gold supporter,"In the context of a conference, a ""Gold Supporter"" typically refers to a sponsor or supporter who has contributed at a high level, often in exchange for significant recognition and benefits. This can include prominent branding opportunities, prime booth locations, speaking slots, and other perks that provide visibility and engagement with conference attendees. The ""Gold"" designation usually indicates a tiered sponsorship level, with Gold being one of the higher levels, often above Silver and Bronze, but below Platinum or Diamond, if such levels exist.","The class ""Gold_Supporter"" is a subclass of the class ""Sponzor""."
http://sigkdd#Hotel,Target,Class,hotel,"In the context of a conference, a ""hotel"" refers to an establishment that provides lodging, meals, and other services for guests, typically travelers or attendees of the conference. Hotels often serve as the venue for the conference itself, offering meeting rooms, conference halls, and other facilities necessary for hosting events, presentations, and networking sessions. They also provide accommodations for participants, making it convenient for them to stay on-site during the duration of the conference.","The class ""Hotel"" is a subclass of the class ""Place"".The class ""Person"" is a subclass of a restriction that specifies that there exists some value from the class ""Hotel"" for the property ""can stay in."" In other words, a person can stay in some hotel."
http://sigkdd#Invited_Speaker,Target,Class,invited speaker,"In the context of a conference, an ""Invited Speaker"" refers to a person who has been specifically asked by the conference organizers to give a presentation or lecture. This individual is typically recognized as an expert or a prominent figure in their field, and their participation is intended to add significant value to the event. Invited speakers often deliver keynote addresses, lead workshops, or participate in panel discussions, sharing their insights, research, and experiences with the conference attendees.","The class ""Invited Speaker"" is a subclass of the class ""Speaker""."
http://sigkdd#Listener,Target,Class,listener,"In the context of a conference, a ""listener"" refers to an attendee who is primarily there to hear and absorb the information being presented by the speakers. Unlike speakers or panelists, listeners do not actively participate in delivering content but may engage in activities such as asking questions during Q&A sessions, taking notes, and networking with other attendees. Their main role is to gain knowledge, insights, and updates on the topics being discussed at the conference.","The class ""Listener"" is a subclass of the class ""Person""."
http://sigkdd#Main_office,Target,Class,main office,"In the context of a conference, ""Main_office"" typically refers to the primary administrative office responsible for organizing and managing the event. This office handles tasks such as registration, scheduling, communication with attendees and speakers, and overall coordination of the conference activities. It serves as the central point of contact for any inquiries or issues related to the conference.","The class ""Main_office"" is a subclass of the class ""Place""."
http://sigkdd#Organizator,Target,Class,organizator,"In the context of a conference, an ""Organizator"" refers to an individual or group responsible for planning, coordinating, and managing the various aspects of the event. This includes tasks such as arranging the venue, scheduling speakers, handling registrations, managing logistics, and ensuring that the conference runs smoothly. Essentially, the organizator is the key person or team behind the successful execution of the conference.","Sure, here are the triples verbalised into phrases:

1. A General Chair is a type of Organizator.
2. An Organizing Committee member is a type of Organizator.
3. A Program Chair is a type of Organizator.
4. A Program Committee member is a type of Organizator.
5. A Webmaster is a type of Organizator.
6. An Organizator is a type of Person.The class ""Award"" is equivalent to a restriction that specifies that it is awarded by some entity of the type ""Organizator""."
http://sigkdd#Organizing_Committee,Target,Class,organizing committee,"In the context of a conference, the ""Organizing Committee"" refers to a group of individuals responsible for planning, coordinating, and executing the various aspects of the event. This committee typically handles tasks such as selecting the venue, arranging the schedule, inviting speakers, managing registrations, and overseeing logistics to ensure the conference runs smoothly. The Organizing Committee plays a crucial role in the overall success of the conference.","The class ""Organizing Committee"" is a subclass of the class ""Committee""."
http://sigkdd#Organizing_Committee_member,Target,Class,organizing committee member,"In the context of a conference, an ""Organizing Committee member"" refers to an individual who is part of a group responsible for planning, coordinating, and executing the various aspects of the conference. This includes tasks such as selecting the venue, arranging the schedule, inviting speakers, managing registrations, and overseeing logistics. Organizing Committee members work collaboratively to ensure the conference runs smoothly and meets its objectives.","The class ""Organizing Committee member"" is a subclass of the class ""Organizator""."
http://sigkdd#Paper,Target,Class,paper,"In the context of a conference, a ""paper"" typically refers to a written document that presents research findings, theories, or reviews on a specific topic. These papers are often submitted by researchers, scholars, or professionals and are reviewed by a committee before being accepted for presentation at the conference. The paper may then be presented orally or as a poster during the conference sessions.","Sure, here are the triples verbalized into phrases:

1. The action ""submit"" has a range of ""Paper"".
2. ""Paper"" is a subclass of ""Document"".The given subgraph can be described as follows:

There are two restrictions. The first restriction is associated with the property ""submit"" and requires some values from the class ""Paper"". This restriction is equivalent to the class ""Author"".

The second restriction is associated with the property ""submit_until"" and requires some values from the class ""Deadline_Paper_Submission"". This restriction is equivalent to the class ""Paper""."
http://sigkdd#Person,Target,Class,person,"In the context of a conference, a ""person"" typically refers to an individual who is attending or participating in the event. This could include speakers, attendees, organizers, panelists, or any other individuals involved in the conference activities.","Sure, here are the triples verbalised into phrases:

1. The domain of ""E-mail"" is ""Person"".
2. ""Listener"" is a subclass of ""Person"".
3. The domain of ""Name"" is ""Person"".
4. The domain of ""Nation"" is ""Person"".
5. ""Organizator"" is a subclass of ""Person"".
6. ""Speaker"" is a subclass of ""Person"".
7. The domain of ""can_stay_in"" is ""Person"".
8. The domain of ""pay"" is ""Person"".
9. The range of ""payed_by"" is ""Person"".The given subgraph can be described as follows:

A ""Person"" is defined as an entity that has certain restrictions. Specifically, a person is someone who can stay in a hotel and is required to pay a registration fee."
http://sigkdd#Place,Target,Class,place,"In the context of a conference, ""place"" typically refers to the physical location or venue where the conference is being held. This could be a convention center, hotel, university campus, or any other facility equipped to host such events. The ""place"" encompasses all the logistical aspects, including meeting rooms, auditoriums, breakout spaces, and sometimes even dining and accommodation facilities for attendees.","Sure, here are the triples verbalized into phrases:

1. A ""Conference hall"" is a subclass of ""Place"".
2. A ""Hotel"" is a subclass of ""Place"".
3. A ""Main office"" is a subclass of ""Place"".
4. The property ""can stay in"" has a range of ""Place""."
http://sigkdd#Platinum_Supporter,Target,Class,platinum supporter,"In the context of a conference, a ""Platinum Supporter"" refers to an individual or organization that provides a high level of financial sponsorship or support. This typically includes significant contributions that help fund the event. In return, Platinum Supporters often receive prominent recognition, such as prime logo placement, special mentions during the event, premium booth locations, and other exclusive benefits that highlight their contribution and support.","The class ""Platinum Supporter"" is a subclass of the class ""Sponsor""."
http://sigkdd#Program_Chair,Target,Class,program chair,"In the context of a conference, the ""Program Chair"" is a key role responsible for overseeing the development and organization of the conference's program. This includes tasks such as selecting and inviting speakers, coordinating sessions, reviewing submitted papers or abstracts, and ensuring that the overall schedule aligns with the conference's goals and themes. The Program Chair works closely with other committee members to ensure the conference runs smoothly and provides valuable content to its attendees.","The class ""Program Chair"" is a subclass of ""Organizator""."
http://sigkdd#Program_Committee,Target,Class,program committee,"In the context of a conference, a Program Committee is a group of experts and professionals responsible for overseeing the development and organization of the conference's academic or technical program. Their duties typically include reviewing and selecting submitted papers, organizing sessions, inviting keynote speakers, and ensuring the overall quality and relevance of the conference content. The committee plays a crucial role in maintaining the conference's standards and ensuring that it meets the interests and needs of its attendees.","The class ""Program Committee"" is a subclass of the class ""Committee""."
http://sigkdd#Program_Committee_member,Target,Class,program committee member,"In the context of a conference, a Program Committee member is an individual who is part of a group responsible for overseeing the academic and technical content of the conference. Their duties typically include reviewing submitted papers, selecting which papers will be presented, organizing sessions, and ensuring the overall quality and relevance of the conference program. Program Committee members are usually experts in the field related to the conference's theme.","The class ""Program_Committee_member"" is a subclass of the class ""Organizator""."
http://sigkdd#Registration_Non-Member,Target,Class,registration non member,"In the context of a conference, ""Registration_Non-Member"" refers to the registration category for individuals who are not members of the organization or association hosting the conference. This typically means that these individuals will pay a different (often higher) registration fee compared to members, who may receive a discounted rate as a benefit of their membership.","The class ""Registration_Non-Member"" is a subclass of the class ""Registration_fee""."
http://sigkdd#Registration_SIGKDD_Member,Target,Class,registration sigkdd member,"In the context of a conference, ""Registration_SIGKDD_Member"" refers to the registration category or process specifically for members of SIGKDD, which stands for the Special Interest Group on Knowledge Discovery and Data Mining. This typically means that individuals who are members of SIGKDD may receive certain benefits, such as discounted registration fees, when signing up to attend the conference.","The class ""Registration_SIGKDD_Member"" is a subclass of the class ""Registration_fee""."
http://sigkdd#Registration_SIGMOD_Member,Target,Class,registration sigmod member,"In the context of a conference, ""Registration_SIGMOD_Member"" refers to the registration category or fee applicable to members of SIGMOD (Special Interest Group on Management of Data). SIGMOD is a professional group within the Association for Computing Machinery (ACM) that focuses on database management and data processing. Members of SIGMOD typically receive discounted registration rates for conferences and events organized by the group.","The class ""Registration_SIGMOD_Member"" is a subclass of the class ""Registration_fee""."
http://sigkdd#Registration_Student,Target,Class,registration student,"In the context of a conference, ""Registration_Student"" typically refers to the process or category for students to register for the event. This often includes a discounted registration fee or special provisions tailored for students, such as access to student-specific sessions, workshops, or networking opportunities. It ensures that students can participate in the conference, often at a reduced cost compared to regular attendees.","The class ""Registration_Student"" is a subclass of the class ""Registration_fee""."
http://sigkdd#Registration_fee,Target,Class,registration fee,"In the context of a conference, the term ""registration fee"" refers to the amount of money that participants are required to pay in order to attend the event. This fee typically covers various costs associated with organizing the conference, such as venue rental, materials, meals, and sometimes access to special sessions or workshops. The registration fee is usually paid in advance during the registration process.","Sure, here are the triples verbalised into phrases:

1. The domain of ""Currency"" is ""Registration fee"".
2. The domain of ""Price"" is ""Registration fee"".
3. ""Registration Non-Member"" is a subclass of ""Registration fee"".
4. ""Registration SIGKDD Member"" is a subclass of ""Registration fee"".
5. ""Registration SIGMOD Member"" is a subclass of ""Registration fee"".
6. ""Registration Student"" is a subclass of ""Registration fee"".
7. The range of ""pay"" is ""Registration fee"".
8. The domain of ""payed by"" is ""Registration fee"".
9. ""Registration fee"" is a subclass of ""Fee"".The class ""Person"" is equivalent to a restriction where the property ""pay"" has some values from the class ""Registration_fee""."
http://sigkdd#Review,Target,Class,review,"In the context of a conference, a ""review"" typically refers to the evaluation or assessment of submitted papers, presentations, or proposals by a panel of experts or peers. This process is crucial for maintaining the quality and relevance of the content presented at the conference. Reviewers provide feedback, suggest improvements, and recommend whether a submission should be accepted, revised, or rejected.","The class ""Review"" is a subclass of the class ""Document""."
http://sigkdd#Silver_Supporter,Target,Class,silver supporter,"In the context of a conference, a ""Silver Supporter"" typically refers to a sponsor or supporter who has contributed at a specific level, often defined by the conference organizers. This level of support usually comes with certain benefits, such as recognition in conference materials, a booth or display space, and possibly speaking opportunities, but it is generally a mid-tier level of sponsorship, below ""Gold"" and ""Platinum"" levels.","""Silver Supporter"" is a subclass of ""Sponsor""."
http://sigkdd#Speaker,Target,Class,speaker,"In the context of a conference, a ""Speaker"" refers to an individual who delivers a presentation, lecture, or talk to the attendees. This person is typically an expert or knowledgeable figure in a particular field or subject matter and is invited to share insights, research findings, experiences, or ideas with the audience. The speaker's role is to inform, educate, inspire, or provoke thought among the conference participants.","Sure, here are the triples verbalised into phrases:

1. An ""Author"" is a subclass of a ""Speaker"".
2. An ""Invited_Speaker"" is a subclass of a ""Speaker"".
3. A ""presentation"" is associated with a ""Speaker"" as its domain.
4. The property ""presentationed_by"" has a ""Speaker"" as its range.
5. A ""Speaker"" is a subclass of a ""Person"".The class ""Speaker"" is defined as being equivalent to a class that has a restriction. This restriction specifies that the ""presentation"" property must have some values that are of the type ""Document""."
http://sigkdd#Sponzor,Target,Class,sponzor,"In the context of a conference, a ""sponsor"" (sometimes spelled ""sponzor"" in certain languages or contexts) refers to an individual, organization, or company that provides financial or other support to the event. This support can help cover costs such as venue rental, speaker fees, promotional materials, and other expenses associated with organizing the conference. In return, sponsors often receive various benefits such as brand visibility, advertising opportunities, and the ability to engage with conference attendees.","Sure, here are the triples verbalised into phrases:

1. ""Best_Student_Paper_Supporter"" is a subclass of ""Sponzor"".
2. ""Bronze_Supporter"" is a subclass of ""Sponzor"".
3. ""Exhibitor"" is a subclass of ""Sponzor"".
4. ""Gold_Supporter"" is a subclass of ""Sponzor"".
5. The property ""Name_of_sponsor"" applies to instances of ""Sponzor"".
6. ""Platinum_Supporter"" is a subclass of ""Sponzor"".
7. ""Silver_Supporter"" is a subclass of ""Sponzor"".
8. The property ""search"" has a range of ""Sponzor"".
9. The property ""searched_by"" applies to instances of ""Sponzor"".The subgraph can be described as follows:

1. There is a class called ""Sponzor"" which is equivalent to a restriction where the property ""pay"" has some values from ""Sponzor_fee"".
2. There is another restriction where the property ""search"" has some values from the class ""Sponzor"".
3. The class ""ACM_SIGKDD"" is a subclass of this second restriction."
http://sigkdd#Sponzor_fee,Target,Class,sponzor fee,"In the context of a conference, ""sponsor_fee"" refers to the amount of money that a sponsor pays to support the event. This fee typically grants the sponsor various benefits, such as brand visibility, promotional opportunities, and sometimes speaking slots or exhibition space, depending on the sponsorship package they choose. The sponsor fee helps cover the costs of organizing the conference and can also contribute to enhancing the overall experience for attendees.","The class ""Sponzor_fee"" is a subclass of the class ""Fee"".The class ""Sponzor"" is defined as being equivalent to a restriction. This restriction specifies that there must be some value from the class ""Sponzor_fee"" for the property ""pay""."
http://sigkdd#Webmaster,Target,Class,webmaster,"In the context of a conference, a ""Webmaster"" refers to the individual responsible for maintaining and managing the website associated with the event. This includes tasks such as updating content, ensuring the site is functional and user-friendly, handling technical issues, and possibly managing online registration and information dissemination. The Webmaster plays a crucial role in ensuring that all online aspects of the conference run smoothly and efficiently.","The class ""Webmaster"" is a subclass of the class ""Organizator""."
http://sigkdd#City_of_conference,Target,Property,city of conference,"In the context of a conference, ""City_of_conference"" refers to the specific city where the conference is being held. It is the location where participants will gather for the event.","The property ""City_of_conference"" has a domain of ""Conference"" and a range of ""string""."
http://sigkdd#Currency,Target,Property,currency,"In the context of a conference, ""currency"" typically refers to the system of money in general use in a particular country or economic region. It can also refer to the accepted medium of exchange for transactions, such as registration fees, purchases, or services provided during the event. For international conferences, understanding the different currencies of attendees can be important for logistical and financial planning.","The property ""Currency"" has a domain of ""Registration_fee"" and a range of ""string""."
http://sigkdd#Date,Target,Property,date,"In the context of a conference, ""date"" refers to the specific day or days on which the conference is scheduled to take place. This includes the start and end dates if the conference spans multiple days.","The property ""Date"" has a domain of ""Deadline"" and a range of ""dateTime""."
http://sigkdd#E-mail,Target,Property,e mail,"In the context of a conference, an E-mail (electronic mail) refers to a method of exchanging digital messages between people using electronic devices. It is commonly used for sending invitations, sharing agendas, distributing materials, coordinating logistics, and providing updates or follow-ups related to the conference.","The property ""E-mail"" has a domain of ""Person"" and a range of ""string""."
http://sigkdd#End_of_conference,Target,Property,end of conference,"In the context of a conference, ""End_of_conference"" refers to the conclusion or final session of the event. It signifies that all scheduled activities, presentations, discussions, and networking opportunities have been completed, and the conference is officially over. This is typically marked by closing remarks, a summary of key takeaways, and sometimes a final networking opportunity or social event.","The property ""End_of_conference"" has a domain of ""Conference"" and a range of ""dateTime""."
http://sigkdd#Name,Target,Property,name,"In the context of a conference, the term ""Name"" typically refers to the identification of an individual attending or participating in the event. This could be the name of a speaker, attendee, organizer, or any other participant. It is used for purposes such as registration, creating name badges, scheduling, and networking.","The property ""Name"" has a domain of ""Person"" and a range of ""string""."
http://sigkdd#Name_of_conference,Target,Property,name of conference,"In the context of a conference, ""Name_of_conference"" refers to the specific title or designation given to the event. This name is used to identify and distinguish the conference from others, often reflecting the theme, focus, or organizing body of the event. For example, ""International Conference on Artificial Intelligence"" or ""Global Health Summit"" are names of conferences that indicate their respective topics and scope.","The property ""Name_of_conference"" has a domain of ""Conference"" and a range of ""string""."
http://sigkdd#Name_of_sponsor,Target,Property,name of sponsor,"In the context of a conference, ""Name_of_sponsor"" refers to the specific individual, organization, or company that is providing financial support or resources for the event. This sponsor typically contributes funds, services, or products in exchange for promotional opportunities, such as having their name and logo displayed on conference materials, banners, and websites, or being mentioned in announcements and presentations.","The property ""Name_of_sponsor"" has a domain of ""Sponzor"" and a range of ""string""."
http://sigkdd#Nation,Target,Property,nation,"In the context of a conference, the term ""nation"" typically refers to a large group of people who share a common identity, often characterized by shared culture, language, history, and sometimes a common government or political structure. During a conference, discussions about a ""nation"" might involve topics such as national policies, international relations, cultural exchanges, economic strategies, or social issues that pertain to the collective identity and interests of that group of people.","The property ""Nation"" has a domain of ""Person"" and a range of ""string""."
http://sigkdd#Price,Target,Property,price,"In the context of a conference, ""price"" typically refers to the cost of attending the event. This can include various types of fees such as registration fees, ticket prices, or costs for specific sessions, workshops, or networking events within the conference. The price may also cover additional items like conference materials, meals, and access to certain amenities or activities.","The property ""Price"" has a domain of ""Registration_fee"" and a range of ""int""."
http://sigkdd#Start_of_conference,Target,Property,start of conference,"In the context of a conference, ""Start_of_conference"" refers to the beginning or commencement of the conference event. This typically includes the initial activities such as registration, opening remarks, keynote speeches, or introductory sessions that mark the official start of the conference proceedings.","The property ""Start_of_conference"" has a domain of ""Conference"" and a range of ""dateTime""."
http://sigkdd#award,Target,Property,award,"In the context of a conference, an ""award"" refers to a recognition or honor given to an individual or group for their outstanding achievements, contributions, or performance in a particular field or area of expertise. This could include awards for best research paper, outstanding presentation, significant contributions to the field, or other notable accomplishments recognized by the conference organizers.","The property ""award"" has a range of ""Award"".The subgraph describes a classification of authors based on the types of awards their papers have received. Specifically:

1. An ""Author of paper"" is a subclass of a restriction that involves the property ""award"" and has some values from the ""Best Research Paper Award"".
2. An ""Author of paper"" is also a subclass of another restriction that involves the property ""award"" and has some values from the ""Best Applications Paper Award"".
3. An ""Author of paper student"" is a subclass of a restriction that involves the property ""award"" and has some values from the ""Best Student Paper Award"".

In summary, the subgraph categorizes authors into different subclasses based on the specific awards their papers have won, including the Best Research Paper Award, Best Applications Paper Award, and Best Student Paper Award."
http://sigkdd#awarded_by,Target,Property,awarded by,"In the context of a conference, ""awarded_by"" refers to the organization, committee, or entity that is responsible for giving out awards or recognitions during the event. This could be the conference organizers, a specific panel of judges, or a sponsoring organization associated with the conference.","The property ""awarded_by"" has a domain of ""Award"".The class ""Award"" is equivalent to a restriction that specifies the property ""awarded_by"" must have some values from the class ""Organizator""."
http://sigkdd#can_stay_in,Target,Property,can stay in,"In the context of a conference, ""can_stay_in"" typically refers to the ability or permission for attendees to stay in a particular location, such as a hotel or designated accommodation, during the event. It indicates that the attendees have the option to reside at a specific place while participating in the conference activities.","The property ""can stay in"" has a domain of ""Person"" and a range of ""Place"". This means that the property ""can stay in"" is used to describe a relationship where a ""Person"" can stay in a ""Place"".The subgraph describes that a ""Person"" is a subclass of a restriction. This restriction specifies that there is some property, ""can stay in,"" which has some values from the class ""Hotel."" In other words, it indicates that a person can stay in a hotel."
http://sigkdd#design,Target,Property,design,"In the context of a conference, ""design"" typically refers to the process of planning and organizing the various elements that make up the event. This can include the layout of the venue, the schedule of sessions, the visual and thematic elements, and the overall experience for attendees. Effective design in this context aims to create a cohesive and engaging environment that facilitates learning, networking, and the exchange of ideas.","The term ""design"" has a domain of ""ACM_SIGKDD"" and a range of ""Deadline"".The class ""ACM_SIGKDD"" is a subclass of a restriction. This restriction is on the property ""design"" and specifies that some values of this property must be from the class ""Deadline""."
http://sigkdd#designed_by,Target,Property,designed by,"In the context of a conference, ""designed_by"" typically refers to the individual or team responsible for planning and organizing the event. This can include tasks such as selecting the venue, arranging the schedule, coordinating speakers, and managing logistics to ensure the conference runs smoothly. Essentially, it denotes the creative and logistical efforts put into shaping the overall experience of the conference.","The property ""designed_by"" has a domain of ""Deadline"" and a range of ""ACM_SIGKDD"". This means that ""designed_by"" is a relationship where the subject is of type ""Deadline"" and the object is of type ""ACM_SIGKDD""."
http://sigkdd#hold,Target,Property,hold,"In the context of a conference, ""hold"" typically means to organize, conduct, or host the event. For example, if someone says, ""We will hold the conference next month,"" it means they will organize and conduct the conference during that time.","The term ""hold"" has a domain of ""ACM_SIGKDD"" and a range of ""Conference"".The class ACM_SIGKDD is a subclass of a restriction that holds on the property ""hold"" and has some values from the class ""Conference""."
http://sigkdd#holded_by,Target,Property,holded by,"In the context of a conference, ""holded_by"" is likely a typographical error and should be ""held by."" It refers to the organization, group, or individual responsible for organizing and conducting the conference. For example, if a conference is ""held by"" a particular university, it means that the university is the host and organizer of the event.","The property ""holded_by"" has a domain of ""Conference"" and a range of ""ACM_SIGKDD"". This means that the property ""holded_by"" is used to indicate that a ""Conference"" is held by ""ACM_SIGKDD""."
http://sigkdd#notification_until,Target,Property,notification until,"In the context of a conference, ""notification_until"" typically refers to the deadline or the final date by which participants, such as speakers or attendees, will be notified about the acceptance of their proposals, papers, or registrations. This date indicates the latest point in time when individuals can expect to receive a decision or update regarding their submission or participation status.","The property ""notification_until"" has a domain of ""Author"" and a range of ""Deadline_Author_notification"".The subgraph describes a restriction on the class ""Author."" Specifically, it states that an ""Author"" is a subclass of a restriction that involves the property ""notification_until."" This restriction requires that the values for ""notification_until"" must be of the type ""Deadline_Author_notification."""
http://sigkdd#obtain,Target,Property,obtain,"In the context of a conference, ""obtain"" typically means to acquire or secure something, such as information, materials, or access. For example, attendees might obtain conference materials, obtain access to certain sessions, or obtain contact information from other participants.","The verb ""obtain"" has a domain of ""Author"" and a range of ""Award"". This means that the action of obtaining is performed by an Author and the object being obtained is an Award."
http://sigkdd#pay,Target,Property,pay,"In the context of a conference, ""pay"" typically refers to the act of providing monetary compensation or a fee for attending the event. This could include registration fees, ticket purchases, or any other costs associated with participating in the conference, such as workshops, seminars, or special sessions.","The action ""pay"" is performed by a ""Person"" and is directed towards a ""Registration_fee"".The given subgraph can be described in natural language as follows:

A ""Sponzor"" is defined as an entity that has a restriction on the property ""pay"" such that it must pay some value from the class ""Sponzor_fee"".

Similarly, a ""Person"" is defined as an entity that has a restriction on the property ""pay"" such that it must pay some value from the class ""Registration_fee""."
http://sigkdd#payed_by,Target,Property,payed by,"In the context of a conference, ""payed_by"" typically refers to the entity or individual responsible for covering the costs associated with the conference. This could include registration fees, travel expenses, accommodation, and other related costs. For example, if a company sends an employee to a conference, the expenses might be ""payed_by"" the company.","The property ""payed_by"" has a domain of ""Registration_fee"" and a range of ""Person"". This means that ""payed_by"" is a relationship where a ""Registration_fee"" is paid by a ""Person""."
http://sigkdd#presentation,Target,Property,presentation,"In the context of a conference, a presentation refers to the act of delivering information, research findings, or insights to an audience. This typically involves the use of visual aids such as slides, charts, or videos, and may include a speech or lecture by the presenter. The goal is to inform, educate, or persuade the audience on a particular topic.","The term ""presentation"" has a domain of ""Speaker"" and a range of ""Document"".The class ""Speaker"" is defined as being equivalent to a restriction. This restriction specifies that the property ""presentation"" must have some values from the class ""Document""."
http://sigkdd#presentationed_by,Target,Property,presentationed by,"In the context of a conference, ""presentationed_by"" typically refers to the individual or organization responsible for delivering a particular presentation. It indicates who is presenting the information or leading the session. For example, if a conference schedule lists a session on ""Innovative Technologies in Healthcare"" and it is ""presentationed_by Dr. Jane Smith,"" it means that Dr. Jane Smith is the presenter for that session.","The property ""presentationed_by"" has a domain of ""Document"" and a range of ""Speaker"". This means that ""presentationed_by"" is a relationship where a ""Document"" is presented by a ""Speaker""."
http://sigkdd#search,Target,Property,search,"In the context of a conference, ""search"" typically refers to the process of looking for specific information, sessions, speakers, or topics within the conference agenda or materials. This could involve using a search function on the conference website or app to find relevant sessions, locate speaker bios, or identify networking opportunities that match one's interests.","The term ""search"" has a domain of ""ACM_SIGKDD"" and a range of ""Sponzor"".The entity ""ACM_SIGKDD"" is a subclass of a restriction that applies to the property ""search"". This restriction specifies that the values for the ""search"" property must be of the type ""Sponzor""."
http://sigkdd#searched_by,Target,Property,searched by,"In the context of a conference, ""searched_by"" typically refers to the individual or entity that conducted a search or inquiry. This could involve searching for specific information, attendees, sessions, or materials related to the conference. For example, if a conference database logs who accessed certain information, ""searched_by"" would indicate the person or system that performed the search.","The property ""searched_by"" has a domain of ""Sponzor"" and a range of ""ACM_SIGKDD"". This means that ""Sponzor"" is the subject that can be associated with the ""searched_by"" property, and ""ACM_SIGKDD"" is the object that can be associated with this property. In other words, a ""Sponzor"" can be ""searched_by"" an ""ACM_SIGKDD""."
http://sigkdd#submit,Target,Property,submit,"In the context of a conference, ""submit"" typically means to send in a proposal, abstract, paper, or other required materials for consideration by the conference organizers. This could involve submitting a research paper for presentation, an abstract for a poster session, or a proposal for a workshop or panel discussion. The submission is usually reviewed by a committee, and if accepted, the author(s) may be invited to present their work at the conference.","The action ""submit"" is performed by an ""Author"" and it involves a ""Paper"".The class ""Author"" is equivalent to a restriction where the property ""submit"" has some values from the class ""Paper""."
http://sigkdd#submit_until,Target,Property,submit until,"In the context of a conference, ""submit_until"" typically refers to the deadline by which participants must submit their papers, abstracts, or proposals for consideration. It indicates the final date and time by which all submissions must be received to be eligible for review and potential inclusion in the conference program.","The property ""submit_until"" has a domain of ""Document"" and a range of ""Deadline"".The subgraph describes two classes, ""Abstract"" and ""Paper,"" each of which is equivalent to a specific restriction. 

1. The class ""Abstract"" is equivalent to a restriction where the property ""submit_until"" has some values from ""Deadline_Abstract_Submission.""
2. The class ""Paper"" is equivalent to a restriction where the property ""submit_until"" has some values from ""Deadline_Paper_Submission.""

In other words, an ""Abstract"" must be submitted by the ""Deadline_Abstract_Submission,"" and a ""Paper"" must be submitted by the ""Deadline_Paper_Submission."""
