entity,source_or_target,entity_type,syntactic_matching,lexical_matching,semantic_matching
http://confOf#Administrative_event,Source,Class,administrative event,"In the context of a conference, an ""administrative event"" refers to activities or sessions that are related to the organization, management, and logistical aspects of the conference. These can include registration, check-in procedures, opening and closing ceremonies, scheduling announcements, and other tasks that ensure the smooth operation of the conference. Administrative events are essential for maintaining order and providing attendees with necessary information and support throughout the duration of the conference.","1. ""Camera_Ready_event"" is a subclass of ""Administrative_event"".
2. ""Registration_of_participants_event"" is a subclass of ""Administrative_event"".
3. ""Reviewing_event"" is a subclass of ""Administrative_event"".
4. ""Reviewing_results_event"" is a subclass of ""Administrative_event"".
5. ""Submission_event"" is a subclass of ""Administrative_event"".
6. The property ""follows"" has a domain of ""Administrative_event"" and a range of ""Administrative_event"".
7. The property ""hasAdministrativeEvent"" has a range of ""Administrative_event"".
8. The property ""parallel_with"" has a domain of ""Administrative_event"" and a range of ""Administrative_event"".
9. ""Social_event"" is disjoint with ""Administrative_event"".
10. ""Working_event"" is disjoint with ""Administrative_event"".
11. ""Administrative_event"" is a subclass of ""Event"" and is disjoint with both ""Social_event"" and ""Working_event""."
http://confOf#Administrator,Source,Class,administrator,"In the context of a conference and using the extra information provided about ""confTool,"" an ""Administrator"" typically refers to a person who has the highest level of access and control over the conference management system. This individual is responsible for overseeing the setup, configuration, and maintenance of the confTool system, managing user permissions, and ensuring the smooth operation of the conference's logistical and organizational aspects. The Administrator may also handle tasks such as participant registration, abstract submission, scheduling, and communication with attendees and speakers.","The class ""Administrator"" is a subclass of the class ""Person""."
http://confOf#Assistant,Source,Class,assistant,"In the context of a conference and using the extra information provided about ""confTool,"" an ""Assistant"" typically refers to a role or feature within the conference management software (confTool) that helps organizers, participants, or speakers with various tasks. This could include managing schedules, submitting papers, registering for the conference, or providing support and information to attendees. Essentially, the Assistant in this context is a tool or person that facilitates the smooth operation and management of the conference.","The class ""Assistant"" is a subclass of the class ""Person""."
http://confOf#Author,Source,Class,author,"In the context of a conference and using the extra information provided about confTool, an ""Author"" refers to an individual who has submitted a paper, abstract, or presentation proposal for consideration to be included in the conference program. The author is responsible for the creation and content of the submitted work and may also be involved in presenting it if accepted. ConfTool is a conference management software that facilitates the submission, review, and management of these contributions.","Sure, here are the triples verbalised into phrases:

1. The property ""writes"" has a domain of ""Author"".
2. The property ""writtenBy"" has a range of ""Author"".
3. The class ""Author"" is a subclass of ""Person"".The given subgraph can be described in natural language as follows:

An ""Author"" is a subclass of two different restrictions. The first restriction specifies that an ""Author"" writes only ""Contributions"". The second restriction specifies that an ""Author"" writes some ""Contributions""."
http://confOf#Banquet,Source,Class,banquet,"In the context of a conference, a banquet refers to a formal, often elaborate meal that is typically organized as part of the event. It usually involves multiple courses and is attended by conference participants, speakers, and sometimes special guests. The banquet serves as an opportunity for networking, socializing, and celebrating the conference's achievements or milestones.","Sure, here are the triples verbalised into phrases:

1. ""Reception"" is disjoint with ""Banquet"".
2. ""Trip"" is disjoint with ""Banquet"".
3. ""Banquet"" is a subclass of ""Social_event"".
4. ""Banquet"" is disjoint with ""Reception"".
5. ""Banquet"" is disjoint with ""Trip""."
http://confOf#Camera_Ready_event,Source,Class,camera ready event,"In the context of a conference, a ""Camera_Ready_event"" refers to the final stage where authors of accepted contributions (such as papers, posters, or presentations) submit their final, polished versions. These submissions are formatted according to the conference's guidelines and are ready for publication in the conference proceedings. The term ""camera-ready"" implies that the document is in its final form and ready to be printed or distributed without further modifications. The ""confTool Final upload of accepted contributions"" indicates that this is the last opportunity for authors to upload their finalized work through the conference's submission system, often referred to as ConfTool.","1. The class ""Registration_of_participants_event"" is disjoint with the class ""Camera_Ready_event"".
2. The class ""Reviewing_event"" is disjoint with the class ""Camera_Ready_event"".
3. The class ""Reviewing_results_event"" is disjoint with the class ""Camera_Ready_event"".
4. The class ""Submission_event"" is disjoint with the class ""Camera_Ready_event"".
5. The class ""Camera_Ready_event"" is a subclass of the class ""Administrative_event"".
6. The class ""Camera_Ready_event"" is disjoint with the classes ""Registration_of_participants_event"", ""Reviewing_event"", ""Reviewing_results_event"", and ""Submission_event""."
http://confOf#Chair_PC,Source,Class,chair pc,"In the context of a conference and using the extra information provided (confTool), ""Chair_PC"" typically refers to the ""Program Committee Chair."" This is the individual responsible for overseeing the program committee, which is tasked with organizing the conference's academic or professional program, including the selection and review of submitted papers, scheduling sessions, and ensuring the overall quality and coherence of the conference content.","The class ""Chair_PC"" is a subclass of the class ""Person""."
http://confOf#City,Source,Class,city,"In the context of a conference, ""City"" typically refers to the specific urban location where the conference is being held. It indicates the geographical setting and can be important for logistical planning, travel arrangements, and understanding the local culture and amenities available to conference attendees.","Sure, here are the triples verbalised into phrases:

1. The property ""hasCity"" has a range of ""City"".
2. ""Contribution"" is disjoint with ""City"".
3. ""Event"" is disjoint with ""City"".
4. ""Organization"" is disjoint with ""City"".
5. ""Person"" is disjoint with ""City"".
6. ""Topic"" is disjoint with ""City"".
7. ""City"" is disjoint with ""Contribution"".
8. ""City"" is disjoint with ""Event"".
9. ""City"" is disjoint with ""Organization"".
10. ""City"" is disjoint with ""Person"".
11. ""City"" is disjoint with ""Topic"".The class ""Person"" is a subclass of a restriction that specifies that there must be some values from the class ""City"" for the property ""hasCity""."
http://confOf#Company,Source,Class,company,"In the context of a conference, a ""company"" typically refers to a business organization or entity that is represented at the event. Companies may attend conferences to network, showcase their products or services, engage in industry discussions, and explore potential partnerships or business opportunities.","Sure, here are the triples verbalised into phrases:

1. A ""Company"" is a subclass of an ""Organization"".
2. A ""Company"" is disjoint with a ""University"".
3. A ""University"" is disjoint with a ""Company""."
http://confOf#Conference,Source,Class,conference,"In the context of ""conference,"" the term refers to a formal meeting or gathering where individuals or groups come together to discuss specific topics, share information, and engage in collaborative discussions. Conferences can be held in various fields such as business, education, science, technology, and more, and they often include presentations, workshops, and networking opportunities.","Sure, here are the triples verbalised into phrases:

1. ""Tutorial"" is disjoint with ""Conference"".
2. ""Workshop"" is disjoint with ""Conference"".
3. ""Conference"" is a subclass of ""Working_event"".
4. ""Conference"" is disjoint with ""Tutorial"".
5. ""Conference"" is disjoint with ""Workshop""."
http://confOf#Contribution,Source,Class,contribution,"In the context of a conference and using the extra information provided about ""confTool,"" the term ""Contribution"" typically refers to a submission made by a participant, such as a research paper, abstract, presentation, or poster. These contributions are usually reviewed by a committee and, if accepted, are included in the conference program. ConfTool is a conference management software that facilitates the submission, review, and management of these contributions.","Sure, here are the triples verbalized into phrases:

1. A ""Paper"" is a subclass of ""Contribution"".
2. A ""Poster"" is a subclass of ""Contribution"".
3. A ""Short paper"" is a subclass of ""Contribution"".
4. The property ""abstract"" applies to instances of ""Contribution"".
5. The property ""contactEmail"" applies to instances of ""Contribution"".
6. The property ""dealsWith"" applies to instances of ""Contribution"".
7. The property ""hasKeyword"" applies to instances of ""Contribution"".
8. The property ""hasTitle"" applies to instances of ""Contribution"".
9. The property ""remark"" applies to instances of ""Contribution"".
10. The property ""reviewes"" has a range of ""Contribution"".
11. The property ""writes"" has a range of ""Contribution"".
12. The property ""writtenBy"" applies to instances of ""Contribution"".
13. A ""City"" is disjoint with ""Contribution"".
14. A ""Country"" is disjoint with ""Contribution"".
15. An ""Event"" is disjoint with ""Contribution"".
16. An ""Organization"" is disjoint with ""Contribution"".
17. A ""Person"" is disjoint with ""Contribution"".
18. A ""Topic"" is disjoint with ""Contribution"".
19. A ""Contribution"" is disjoint with ""City"", ""Country"", ""Event"", ""Organization"", ""Person"", and ""Topic"".The provided subgraph describes a set of restrictions and subclass relationships involving the classes ""Contribution,"" ""Author,"" and ""Member_PC,"" as well as various properties such as ""dealsWith,"" ""writes,"" ""reviewes,"" ""hasKeyword,"" ""contactEmail,"" ""abstract,"" and ""hasTitle."" Here is a natural language description of the subgraph:

1. **Contribution**:
   - A ""Contribution"" must have exactly one ""abstract.""
   - A ""Contribution"" must have exactly one ""title.""
   - A ""Contribution"" must have at least one ""keyword.""
   - A ""Contribution"" must have at least one ""contactEmail.""
   - A ""Contribution"" must deal with at least one ""Topic.""
   - A ""Contribution"" must be reviewed by a ""Member_PC.""
   - A ""Contribution"" must be written by an ""Author.""

2. **Author**:
   - An ""Author"" must write at least one ""Contribution.""

3. **Member_PC**:
   - A ""Member_PC"" must review at least one ""Contribution.""

4. **Restrictions**:
   - There is a restriction that any entity dealing with a ""Topic"" must be a ""Contribution.""
   - There is a restriction that any entity writing a ""Contribution"" must be an ""Author.""
   - There is a restriction that any entity reviewing a ""Contribution"" must be a ""Member_PC.""

5. **Subclass Relationships**:
   - ""Contribution"" is a subclass of the restriction that it must have exactly one ""abstract.""
   - ""Contribution"" is a subclass of the restriction that it must have exactly one ""title.""
   - ""Contribution"" is a subclass of the restriction that it must have at least one ""keyword.""
   - ""Contribution"" is a subclass of the restriction that it must have at least one ""contactEmail.""
   - ""Contribution"" is a subclass of the restriction that it must deal with at least one ""Topic.""
   - ""Contribution"" is a subclass of the restriction that it must be reviewed by a ""Member_PC.""
   - ""Contribution"" is a subclass of the restriction that it must be written by an ""Author.""
   - ""Author"" is a subclass of the restriction that it must write at least one ""Contribution.""
   - ""Member_PC"" is a subclass of the restriction that it must review at least one ""Contribution.""

This description captures the essence of the relationships and restrictions defined in the subgraph."
http://confOf#Country,Source,Class,country,"In the context of a conference, the term ""country"" typically refers to a nation or state that is represented by its delegates or participants. It signifies the geographical and political entity from which the attendees come, and it often plays a role in discussions, negotiations, and collaborations that occur during the event.","1. The property ""hasCountry"" has a range of ""Country"".
2. ""Contribution"" is disjoint with ""Country"".
3. ""Event"" is disjoint with ""Country"".
4. ""Organization"" is disjoint with ""Country"".
5. ""Person"" is disjoint with ""Country"".
6. ""Topic"" is disjoint with ""Country"".
7. ""Country"" is disjoint with ""Contribution"", ""Event"", ""Organization"", ""Person"", and ""Topic"".The class ""Person"" is a subclass of a restriction that requires the property ""hasCountry"" to have some values from the class ""Country""."
http://confOf#Event,Source,Class,event,"In the context of a conference and using the extra information provided about ConfTool, an ""Event"" typically refers to a specific session, presentation, workshop, or activity that is scheduled to take place during the conference. ConfTool is a conference management software that helps in organizing and managing these events, including scheduling, participant registration, and other logistical details. Each event within the conference is a distinct component that attendees can participate in or attend.","Sure, here are the triples verbalized into phrases:

1. An ""Administrative_event"" is a subclass of ""Event"".
2. A ""Social_event"" is a subclass of ""Event"".
3. A ""Working_event"" is a subclass of ""Event"".
4. The property ""ends_on"" has a domain of ""Event"".
5. The property ""starts_on"" has a domain of ""Event"".
6. A ""City"" is disjoint with an ""Event"".
7. A ""Contribution"" is disjoint with an ""Event"".
8. A ""Country"" is disjoint with an ""Event"".
9. An ""Organization"" is disjoint with an ""Event"".
10. A ""Person"" is disjoint with an ""Event"".
11. A ""Topic"" is disjoint with an ""Event"".
12. An ""Event"" is disjoint with a ""City"", ""Contribution"", ""Country"", ""Organization"", ""Person"", and ""Topic""."
http://confOf#Member,Source,Class,member,"In the context of a conference and using the extra information provided about ConfTool, a ""Member"" typically refers to an individual who is part of a specific group or organization that is involved in the conference. This could include members of the organizing committee, participants who are part of a professional association, or individuals who have registered for the conference through the ConfTool system. ConfTool is a conference management software that helps in organizing and managing various aspects of a conference, including registration, paper submissions, and scheduling. Therefore, a ""Member"" in this context would be someone who has a recognized role or affiliation with the conference, often with certain privileges or responsibilities.","The class ""Member"" is a subclass of the class ""Participant""."
http://confOf#Member_PC,Source,Class,member pc,"In the context of a conference and specifically referring to the ConfTool system, ""Member_PC"" typically stands for ""Member of the Program Committee."" This designation indicates that the individual is part of the group responsible for reviewing submissions, selecting papers, and organizing the academic content of the conference. As a ConfTool Reviewer, a Member_PC would be involved in evaluating the quality and relevance of the submissions to ensure a high standard for the conference proceedings.","Sure, here are the triples verbalised into phrases:

1. The property ""expertOn"" has a domain of ""Member_PC"".
2. The property ""reviewes"" has a domain of ""Member_PC"".
3. The class ""Member_PC"" is a subclass of ""Person"".The class ""Member_PC"" is defined by several restrictions and relationships. Specifically:

1. ""Member_PC"" is a subclass of a restriction that requires all values from the property ""expertOn"" to be of the type ""Topic"".
2. ""Member_PC"" is also a subclass of another restriction that requires some values from the property ""expertOn"" to be of the type ""Topic"".
3. Additionally, ""Member_PC"" is a subclass of a restriction that requires all values from the property ""reviewes"" to be of the type ""Contribution"".
4. Furthermore, ""Member_PC"" is a subclass of another restriction that requires some values from the property ""reviewes"" to be of the type ""Contribution"".

In summary, a ""Member_PC"" must have expertise in topics and must review contributions, with specific constraints on the types of topics and contributions they are associated with."
http://confOf#Organization,Source,Class,organization,"In the context of a conference, ""organization"" refers to the structured planning and coordination of the event. This includes tasks such as scheduling sessions, arranging speakers, managing registrations, setting up the venue, coordinating logistics, and ensuring that all aspects of the conference run smoothly. Effective organization is crucial for the success of the conference, as it ensures that attendees have a seamless and productive experience.","1. A Company is a subclass of an Organization.
2. A University is a subclass of an Organization.
3. The property employedBy has a range of Organization.
4. A City is disjoint with an Organization.
5. A Contribution is disjoint with an Organization.
6. A Country is disjoint with an Organization.
7. An Event is disjoint with an Organization.
8. A Person is disjoint with an Organization.
9. A Topic is disjoint with an Organization.
10. An Organization is disjoint with a City, a Contribution, a Country, an Event, a Person, and a Topic.The given subgraph can be described in natural language as follows:

1. **Classes and Subclasses:**
   - There is a class named `Person`.
   - `Person` is a subclass of a restriction that specifies that all values from the property `employedBy` must be of type `Organization`.
   - `Person` is also a subclass of another restriction that specifies that some values from the property `employedBy` must be of type `Organization`.

2. **Properties and Domains:**
   - The property `hasCity` has a domain that is a class.
   - The property `hasCountry` has a domain that is a class.
   - The property `hasPostalCode` has a domain that is a class.
   - The property `hasStreet` has a domain that is a class.

3. **Unions and Lists:**
   - The domain of `hasCity` is a class that is a union of `Organization` and `Person`.
   - The domain of `hasCountry` is a class that is a union of `Organization` and `Person`.
   - The domain of `hasPostalCode` is a class that is a union of `Organization` and `Person`.
   - The domain of `hasStreet` is a class that is a union of `Person` and `Organization`.

4. **Restrictions:**
   - There is a restriction on the property `employedBy` such that all values must be of type `Organization`.
   - There is another restriction on the property `employedBy` such that some values must be of type `Organization`.

5. **Lists:**
   - There are several lists involved in the unions:
     - One list contains `Organization` followed by `nil`.
     - Another list contains `Person` followed by `nil`.
     - Another list contains `Organization` followed by `Person` and then `nil`.

In summary, the subgraph describes a class hierarchy and property domains involving `Person` and `Organization`, with specific restrictions on the `employedBy` property and several unions of classes for property domains."
http://confOf#Paper,Source,Class,paper,"In the context of a conference and using the extra information provided (confTool), a ""Paper"" typically refers to a scholarly article or research paper that is submitted by researchers or academics for presentation at the conference. These papers are usually subject to a review process, where they are evaluated for quality and relevance before being accepted for presentation. ConfTool is a conference management software that facilitates the submission, review, and management of these papers.","Sure, here are the triples verbalised into phrases:

1. ""Poster"" is disjoint with ""Paper"".
2. ""Short_paper"" is disjoint with ""Paper"".
3. ""Paper"" is a subclass of ""Contribution"".
4. ""Paper"" is disjoint with ""Poster"".
5. ""Paper"" is disjoint with ""Short_paper""."
http://confOf#Participant,Source,Class,participant,"In the context of a conference, particularly when using a conference management tool like ConfTool, a ""Participant"" refers to an individual who attends the conference. This can include attendees, speakers, presenters, and other contributors who are registered to take part in the various sessions, workshops, and activities organized during the event. Participants are typically required to register through the ConfTool system to gain access to conference materials, schedules, and other relevant information.","Sure, here are the triples verbalised into phrases:

1. A ""Member"" is a subclass of ""Participant"".
2. A ""Regular"" is a subclass of ""Participant"".
3. A ""Student"" is a subclass of ""Participant"".
4. The domain of ""earlyRegistration"" is ""Participant"".
5. A ""Participant"" is a subclass of ""Person""."
http://confOf#Person,Source,Class,person,"In the context of a conference and using the extra information provided about confTool, a ""Person"" typically refers to an individual who is involved in the conference in some capacity. This could include attendees, speakers, organizers, reviewers, or any other participants who are registered or have a role in the event. ConfTool is a conference management software, so within this system, a ""Person"" would be an entity with a user profile that includes relevant details such as name, contact information, and their specific role or roles in the conference.","Sure, here are the triples verbalised into phrases:

1. An Administrator is a subclass of Person.
2. An Assistant is a subclass of Person.
3. An Author is a subclass of Person.
4. A Chair_PC is a subclass of Person.
5. A Member_PC is a subclass of Person.
6. A Participant is a subclass of Person.
7. A Scholar is a subclass of Person.
8. A Science_Worker is a subclass of Person.
9. A Volunteer is a subclass of Person.
10. The property employedBy has a domain of Person.
11. The property hasEmail has a domain of Person.
12. The property hasFax has a domain of Person.
13. The property hasFirstName has a domain of Person.
14. The property hasHomePage has a domain of Person.
15. The property hasPhone has a domain of Person.
16. The property hasSurname has a domain of Person.
17. A City is disjoint with a Person.
18. A Contribution is disjoint with a Person.
19. A Country is disjoint with a Person.
20. An Event is disjoint with a Person.
21. An Organization is disjoint with a Person.
22. A Topic is disjoint with a Person.
23. A Person is disjoint with a City, a Contribution, a Country, an Event, an Organization, and a Topic.The provided subgraph can be verbalized into the following natural language description:

A ""Person"" is a subclass of several restrictions and classes. Specifically:

1. A ""Person"" must have exactly one ""FirstName"".
2. A ""Person"" must have exactly one ""Surname"".
3. A ""Person"" must have at least one ""Email"".
4. A ""Person"" must have at least one ""PostalCode"".
5. A ""Person"" must have at least one ""Street"".
6. A ""Person"" must be employed by at least one ""Organization"".
7. A ""Person"" must have at least one ""City"".
8. A ""Person"" must have at least one ""Country"".

Additionally, the domain of ""hasCity"" is a class that is a union of ""Organization"" and ""Person"". Similarly, the domain of ""hasCountry"" is a class that is a union of ""Organization"" and ""Person"". The domain of ""hasPostalCode"" is a class that is a union of ""Organization"" and ""Person"". The domain of ""hasStreet"" is a class that is a union of ""Organization"" and ""Person"".

The class ""Organization"" is part of several unions and restrictions, indicating that it is a significant entity in the ontology.

In summary, the ontology describes a ""Person"" as an entity with specific properties related to personal information and associations with ""Organization"", ""City"", and ""Country""."
http://confOf#Poster,Source,Class,poster,"In the context of a conference and using the extra information provided (confTool), a ""Poster"" typically refers to a visual presentation displayed on a board or stand. It is used to convey research findings, project summaries, or other scholarly information in a concise and visually appealing manner. Conference attendees can view these posters during designated sessions, allowing for informal discussions and interactions between the presenter and the audience. ConfTool, a conference management software, often includes features for managing poster submissions, reviews, and scheduling within the conference program.","Sure, here are the triples verbalised into phrases:

1. ""Paper"" is disjoint with ""Poster"".
2. ""Short_paper"" is disjoint with ""Poster"".
3. ""Poster"" is a subclass of ""Contribution"".
4. ""Poster"" is disjoint with ""Paper"".
5. ""Poster"" is disjoint with ""Short_paper""."
http://confOf#Reception,Source,Class,reception,"In the context of a conference, a ""reception"" typically refers to a social gathering or event that is often held to welcome attendees, provide networking opportunities, and allow participants to socialize in a more informal setting. It usually includes refreshments, such as drinks and appetizers, and can take place at the beginning, during, or at the end of the conference. The reception is designed to foster connections among attendees, speakers, and organizers.","Sure, here are the triples verbalised into phrases:

1. ""Banquet"" is disjoint with ""Reception"".
2. ""Trip"" is disjoint with ""Reception"".
3. ""Reception"" is a subclass of ""Social event"".
4. ""Reception"" is disjoint with ""Banquet"".
5. ""Reception"" is disjoint with ""Trip""."
http://confOf#Registration_of_participants_event,Source,Class,registration of participants event,"In the context of a conference, ""Registration_of_participants_event"" refers to the process of enrolling or signing up individuals who wish to attend the conference. This typically involves collecting personal information, payment details, and other relevant data from the participants. The extra information provided mentions ""ConfTool Registration of new ConfTool users,"" which suggests that the registration process is being managed through ConfTool, a conference management software. Therefore, ""Registration_of_participants_event"" specifically means the process of new users signing up for the conference through the ConfTool system.","Sure, here are the triples verbalised into phrases:

1. ""Camera_Ready_event"" is disjoint with ""Registration_of_participants_event"".
2. ""Reviewing_event"" is disjoint with ""Registration_of_participants_event"".
3. ""Reviewing_results_event"" is disjoint with ""Registration_of_participants_event"".
4. ""Submission_event"" is disjoint with ""Registration_of_participants_event"".
5. ""Registration_of_participants_event"" is a subclass of ""Administrative_event"".
6. ""Registration_of_participants_event"" is disjoint with ""Camera_Ready_event"".
7. ""Registration_of_participants_event"" is disjoint with ""Reviewing_event"".
8. ""Registration_of_participants_event"" is disjoint with ""Reviewing_results_event"".
9. ""Registration_of_participants_event"" is disjoint with ""Submission_event""."
http://confOf#Regular,Source,Class,regular,"In the context of a conference and using the extra information provided about ConfTool, ""Regular"" typically refers to a standard type of participant or attendee who registers for the event. This category usually encompasses individuals who are not students, speakers, or VIPs, and who pay the standard registration fee to attend the conference. ConfTool, a conference management software, often includes different registration categories, and ""Regular"" would be one of these standard categories for general attendees.","The class ""Regular"" is a subclass of the class ""Participant""."
http://confOf#Reviewing_event,Source,Class,reviewing event,"In the context of a conference and the confTool reviewing procedure for submitted contributions, a ""Reviewing_event"" refers to the process or series of activities where submitted papers, abstracts, or contributions are evaluated by reviewers. This process typically involves assessing the quality, relevance, and originality of the submissions to determine their suitability for presentation at the conference. The reviewing event ensures that only high-quality and pertinent contributions are included in the conference program.","1. ""Camera_Ready_event"" is disjoint with ""Reviewing_event"".
2. ""Registration_of_participants_event"" is disjoint with ""Reviewing_event"".
3. ""Reviewing_results_event"" is disjoint with ""Reviewing_event"".
4. ""Submission_event"" is disjoint with ""Reviewing_event"".
5. ""Reviewing_event"" is a subclass of ""Administrative_event"".
6. ""Reviewing_event"" is disjoint with ""Camera_Ready_event"".
7. ""Reviewing_event"" is disjoint with ""Registration_of_participants_event"".
8. ""Reviewing_event"" is disjoint with ""Reviewing_results_event"".
9. ""Reviewing_event"" is disjoint with ""Submission_event""."
http://confOf#Reviewing_results_event,Source,Class,reviewing results event,"In the context of a conference, ""Reviewing_results_event"" refers to the stage or event where the outcomes of the paper review process are made available to the authors. This typically involves the authors being able to access the feedback and decisions regarding their submitted papers through a system like ConfTool, which is a conference management software. This event marks the point at which authors learn whether their submissions have been accepted, rejected, or require revisions based on the reviewers' evaluations.","1. The class ""Camera_Ready_event"" is disjoint with the class ""Reviewing_results_event"".
2. The class ""Registration_of_participants_event"" is disjoint with the class ""Reviewing_results_event"".
3. The class ""Reviewing_event"" is disjoint with the class ""Reviewing_results_event"".
4. The class ""Submission_event"" is disjoint with the class ""Reviewing_results_event"".
5. The class ""Reviewing_results_event"" is a subclass of the class ""Administrative_event"".
6. The class ""Reviewing_results_event"" is disjoint with the class ""Camera_Ready_event"".
7. The class ""Reviewing_results_event"" is disjoint with the class ""Registration_of_participants_event"".
8. The class ""Reviewing_results_event"" is disjoint with the class ""Reviewing_event"".
9. The class ""Reviewing_results_event"" is disjoint with the class ""Submission_event""."
http://confOf#Scholar,Source,Class,scholar,"In the context of a conference, the term ""scholar"" typically refers to an individual who is engaged in academic or scholarly activities, such as a researcher, professor, or student. When used as a price category in a conference registration system like ConfTool, ""scholar"" likely indicates a specific registration fee tailored for these individuals, often at a reduced rate compared to other categories like industry professionals or general attendees. This category is designed to make the conference more accessible to those involved in academic and research fields.","Sure, here are the triples verbalised into phrases:

1. The property ""studyAt"" has a domain of ""Scholar"".
2. The class ""Scholar"" is a subclass of ""Person"".The given subgraph can be described in natural language as follows:

A ""Scholar"" is a subclass of two restrictions. The first restriction specifies that a Scholar must study at a University. The second restriction specifies that a Scholar must study at some University."
http://confOf#Science_Worker,Source,Class,science worker,"In the context of a conference, the term ""Science_Worker"" refers to a category of participants who are involved in scientific research or work. This could include researchers, scientists, academics, and other professionals engaged in scientific activities. The ""confTool price category - science worker"" indicates that there is a specific pricing tier or registration fee designated for these individuals attending the conference.","The class ""Science Worker"" is a subclass of the class ""Person""."
http://confOf#Short_paper,Source,Class,short paper,"In the context of a conference and using the extra information provided (confTool), a ""Short_paper"" typically refers to a concise research paper or presentation that is shorter in length compared to a full paper. These papers usually present preliminary results, new ideas, or work-in-progress and are often subject to a shorter review process. They are designed to fit within a shorter time slot during the conference sessions. ConfTool, a conference management software, often categorizes submissions into different types, including short papers, to streamline the review and scheduling process.","Sure, here are the triples verbalised into phrases:

1. ""Paper"" is disjoint with ""Short paper"".
2. ""Poster"" is disjoint with ""Short paper"".
3. ""Short paper"" is a subclass of ""Contribution"".
4. ""Short paper"" is disjoint with ""Paper"".
5. ""Short paper"" is disjoint with ""Poster""."
http://confOf#Social_event,Source,Class,social event,"In the context of a conference, a ""social event"" refers to organized activities or gatherings designed to facilitate networking, relaxation, and informal interaction among attendees. These events can include dinners, cocktail receptions, parties, or other social gatherings that provide opportunities for participants to connect, share ideas, and build relationships outside the formal sessions of the conference.","1. A Banquet is a subclass of a Social event.
2. A Reception is a subclass of a Social event.
3. A Trip is a subclass of a Social event.
4. An Administrative event is disjoint with a Social event.
5. A Working event is disjoint with a Social event.
6. A Social event is a subclass of an Event.
7. A Social event is disjoint with an Administrative event and a Working event.The given subgraph describes a complex ontology involving various classes, properties, and restrictions. Here is a natural language description of the subgraph:

1. **Classes and Unions**:
   - There are several classes defined, including `Social_event`, `Working_event`, and unnamed classes represented by blank nodes (e.g., `_:Nf6eb79924bcb4b108828dc9d0a758a23`).
   - The class `_:Nf6eb79924bcb4b108828dc9d0a758a23` is a union of other classes.
   - The class `_:Naeceec36766841a49a3b1c9469f0e457` is a union of `_:Nbf4f3d0ddf9e42faa484e3703190da68`, which includes `Social_event` and another unnamed class.
   - The class `_:Nbba348e26392405097d658919a82ace0` is a union of `_:N77e3b62d55624b75ab84b112b038a8c1`, which includes `Social_event` and `Working_event`.
   - The class `_:N4b6f82ef32b14c69b966a98372256c81` is a union of `_:Na57e88140996437ea610672726551c54`, which includes `Social_event` and `Working_event`.
   - The class `_:N4630e676a04b4652adacfbb6e01308df` is a union of `_:N9e029b32a5d046e6b753024fa3d5dc61`, which includes `Social_event` and `Working_event`.
   - The class `_:N266790b5b98b406195cf70cd540e1366` is a union of `_:N092670b3c3fe418c93845265a6eba9bf`, which includes `Social_event` and `Working_event`.
   - The class `_:N04ab0a7389dc493b9012ce73e3860db8` is a union of `_:Nd4611f2516184c68b87f8f836bb25d81`, which includes `Social_event` and `Working_event`.

2. **Properties and Domains**:
   - The property `minChoice` has a domain of `_:Nbba348e26392405097d658919a82ace0`.
   - The property `hasVAT` has a domain of `_:Naeceec36766841a49a3b1c9469f0e457`.
   - The property `has_title` has a domain of `_:N4b6f82ef32b14c69b966a98372256c81`.
   - The property `has_short_title` has a domain of `_:N266790b5b98b406195cf70cd540e1366`.
   - The property `location` has a domain of `_:N4630e676a04b4652adacfbb6e01308df`.
   - The property `maxChoice` has a domain of `_:N04ab0a7389dc493b9012ce73e3860db8`.
   - The property `defaultChoice` has a domain of `_:Nf6eb79924bcb4b108828dc9d0a758a23`.

3. **Restrictions**:
   - The class `Social_event` is a subclass of two restrictions:
     - A restriction on the property `location` with a cardinality of 1 (`_:Ne56ee493ea5949199e64ed7c62acf522`).
     - A restriction on the property `has_title` with a cardinality of 1 (`_:Nae07dbec7bc54beba7352229cc067085`).
   - The class `_:N3e6161081ae84f339a9c21d09482b53a` is a restriction on the property `defaultChoice` with a cardinality of 1.

4. **Subclass Relationships**:
   - `Social_event` is a subclass of `_:N3e6161081ae84f339a9c21d09482b53a`.

This ontology defines a structure where `Social_event` and `Working_event` are central classes, and various properties and restrictions are applied to these classes. The use of unions and restrictions helps to define complex relationships and constraints within the ontology."
http://confOf#Student,Source,Class,student,"In the context of a conference and using the extra information provided about ""confTool,"" a ""Student"" typically refers to an individual who is currently enrolled in an educational institution, such as a university or college, and is attending the conference, possibly at a reduced registration fee. ConfTool is a conference management software that often categorizes participants, including students, to manage registrations, submissions, and other conference-related activities.","The class ""Student"" is a subclass of the class ""Participant""."
http://confOf#Submission_event,Source,Class,submission event,"In the context of a conference, a ""Submission_event"" refers to the process or occasion when participants submit their contributions, such as research papers, abstracts, or presentations, for consideration. This is typically done through a conference management system like ConfTool, which is used to handle the submission, review, and management of conference materials.","1. ""Camera_Ready_event"" is disjoint with ""Submission_event"".
2. ""Registration_of_participants_event"" is disjoint with ""Submission_event"".
3. ""Reviewing_event"" is disjoint with ""Submission_event"".
4. ""Reviewing_results_event"" is disjoint with ""Submission_event"".
5. ""Submission_event"" is a subclass of ""Administrative_event"".
6. ""Submission_event"" is disjoint with ""Camera_Ready_event"", ""Registration_of_participants_event"", ""Reviewing_event"", and ""Reviewing_results_event""."
http://confOf#Topic,Source,Class,topic,"In the context of a conference and using the extra information provided about confTool, a ""Topic"" refers to a specific subject or theme that is addressed during the conference. It is a category under which various presentations, papers, or discussions are organized. In confTool, which is a conference management software, topics help in structuring the conference program by grouping related sessions and submissions, making it easier for participants to find and attend sessions that align with their interests.","Sure, here are the triples verbalised into phrases:

1. The property ""dealsWith"" has a range of ""Topic"".
2. The property ""expertOn"" has a range of ""Topic"".
3. The property ""hasTopic"" has a range of ""Topic"".
4. The class ""City"" is disjoint with the class ""Topic"".
5. The class ""Contribution"" is disjoint with the class ""Topic"".
6. The class ""Country"" is disjoint with the class ""Topic"".
7. The class ""Event"" is disjoint with the class ""Topic"".
8. The class ""Organization"" is disjoint with the class ""Topic"".
9. The class ""Person"" is disjoint with the class ""Topic"".
10. The class ""Topic"" is disjoint with the classes ""City"", ""Contribution"", ""Country"", ""Event"", ""Organization"", and ""Person"".The given subgraph can be described in natural language as follows:

1. **Working_event** is a subclass of a restriction that requires it to have some topic.
2. **Contribution** is a subclass of a restriction that requires it to deal with topics.
3. **Member_PC** is a subclass of a restriction that requires it to be an expert on all topics.
4. **Contribution** is also a subclass of a restriction that requires it to deal with some topics.
5. **Working_event** is a subclass of a restriction that requires it to have all topics.
6. **Member_PC** is a subclass of a restriction that requires it to be an expert on some topics.

In summary, the entities **Working_event**, **Contribution**, and **Member_PC** have specific relationships and restrictions related to topics they deal with or are experts on."
http://confOf#Trip,Source,Class,trip,"In the context of a conference, a ""trip"" typically refers to the journey or travel undertaken by an individual to attend the event. This can include the planning and logistics involved in getting to the conference location, such as booking transportation, accommodations, and any other necessary arrangements.","Sure, here are the triples verbalised into phrases:

1. ""Banquet"" is disjoint with ""Trip"".
2. ""Reception"" is disjoint with ""Trip"".
3. ""Trip"" is a subclass of ""Social event"".
4. ""Trip"" is disjoint with ""Banquet"".
5. ""Trip"" is disjoint with ""Reception""."
http://confOf#Tutorial,Source,Class,tutorial,"In the context of a conference, a ""tutorial"" refers to a session or workshop designed to provide attendees with in-depth instruction on a specific topic or skill. These sessions are typically led by experts and are intended to be educational, offering practical knowledge and hands-on experience. Tutorials at conferences often aim to help participants gain a deeper understanding of complex subjects or learn new techniques that they can apply in their professional work.","Sure, here are the triples verbalised into phrases:

1. ""Conference"" is disjoint with ""Tutorial"".
2. ""Workshop"" is disjoint with ""Tutorial"".
3. ""Tutorial"" is a subclass of ""Working_event"".
4. ""Tutorial"" is disjoint with ""Conference"".
5. ""Tutorial"" is disjoint with ""Workshop""."
http://confOf#University,Source,Class,university,"In the context of a conference, a ""university"" refers to an institution of higher education and research, which grants academic degrees in various fields. Universities provide a setting for scholars, researchers, and students to engage in academic discourse, present research findings, and collaborate on projects. At a conference, representatives from universities might participate as speakers, presenters, or attendees, contributing their expertise and knowledge to the event.","Sure, here are the triples verbalised into phrases:

1. The property ""studyAt"" has a range of ""University"".
2. The class ""Company"" is disjoint with the class ""University"".
3. The class ""University"" is a subclass of the class ""Organization"" and is disjoint with the class ""Company"".The given subgraph can be described in natural language as follows:

A ""Scholar"" is a subclass of two restrictions related to the property ""studyAt"". The first restriction specifies that all values of ""studyAt"" must be a ""University"". The second restriction specifies that there must be some values of ""studyAt"" that are a ""University""."
http://confOf#Volunteer,Source,Class,volunteer,"In the context of a conference, particularly when using a system like ConfTool, a ""volunteer"" refers to an individual who offers their time and services without monetary compensation to assist in various tasks related to the organization and execution of the conference. These tasks can include registration, guiding attendees, managing sessions, technical support, and other logistical activities essential for the smooth running of the event. Volunteers play a crucial role in ensuring the conference operates efficiently and effectively.","The class ""Volunteer"" is a subclass of the class ""Person""."
http://confOf#Working_event,Source,Class,working event,"In the context of a conference, a ""working event"" typically refers to a session or activity where participants actively engage in discussions, workshops, or collaborative tasks. These events are designed to produce tangible outcomes, such as action plans, reports, or solutions to specific problems, rather than just passive listening or networking. Examples of working events at a conference might include breakout sessions, roundtable discussions, or hands-on workshops.","1. A Conference is a subclass of a Working event.
2. A Tutorial is a subclass of a Working event.
3. A Workshop is a subclass of a Working event.
4. The property hasAdministrativeEvent has a domain of Working event.
5. The property hasTopic has a domain of Working event.
6. An Administrative event is disjoint with a Working event.
7. A Social event is disjoint with a Working event.
8. A Working event is a subclass of an Event.
9. A Working event is disjoint with an Administrative event.
10. A Working event is disjoint with a Social event.The provided subgraph describes a complex ontology involving various classes, restrictions, and properties. Here is a natural language description of the subgraph:

1. **Classes and Unions**:
   - There are several classes, including `_:Nf6eb79924bcb4b108828dc9d0a758a23`, `_:Nbba348e26392405097d658919a82ace0`, `_:N4630e676a04b4652adacfbb6e01308df`, `_:N4b6f82ef32b14c69b966a98372256c81`, `_:N266790b5b98b406195cf70cd540e1366`, and `_:Naeceec36766841a49a3b1c9469f0e457`.
   - The class `_:Nf6eb79924bcb4b108828dc9d0a758a23` is a union of `_:N20afefe76fdd44e292e846e522df9303`, which includes `Social_event` and `Working_event`.
   - The class `_:Nbba348e26392405097d658919a82ace0` is a union of `_:N77e3b62d55624b75ab84b112b038a8c1`, which includes `Social_event` and `Working_event`.
   - The class `_:N4630e676a04b4652adacfbb6e01308df` is a union of `_:N9e029b32a5d046e6b753024fa3d5dc61`, which includes `Social_event` and `Working_event`.
   - The class `_:N4b6f82ef32b14c69b966a98372256c81` is a union of `_:Na57e88140996437ea610672726551c54`, which includes `Social_event` and `Working_event`.
   - The class `_:N266790b5b98b406195cf70cd540e1366` is a union of `_:N092670b3c3fe418c93845265a6eba9bf`, which includes `Social_event` and `Working_event`.

2. **Properties and Restrictions**:
   - The property `hasVAT` has a domain of `_:Naeceec36766841a49a3b1c9469f0e457`.
   - The property `has_title` has a domain of `_:N4b6f82ef32b14c69b966a98372256c81`.
   - The property `has_short_title` has a domain of `_:N266790b5b98b406195cf70cd540e1366`.
   - The property `location` has a domain of `_:N4630e676a04b4652adacfbb6e01308df`.
   - The property `defaultChoice` has a domain of `_:Nf6eb79924bcb4b108828dc9d0a758a23`.
   - The property `minChoice` has a domain of `_:Nbba348e26392405097d658919a82ace0`.
   - The property `maxChoice` has a domain of `_:N04ab0a7389dc493b9012ce73e3860db8`.

3. **Specific Restrictions**:
   - The restriction `_:N91d047c057054176964f20432e90e0a4` specifies that all values from `hasTopic` must be of type `Topic`.
   - The restriction `_:Nada704cbc3c74a029bcfc7328fabcf48` specifies that some values from `hasTopic` must be of type `Topic`.
   - The restriction `_:N664579a5e2234ae3b926ca70954de5c8` specifies that the property `location` must have a cardinality of 1.
   - The restriction `_:Na8831b96af1944b7b137d231c6ffb98b` specifies that the property `has_title` must have a cardinality of 1.
   - The restriction `_:N3185161007794bf9a68aae1666705f4d` specifies that the property `defaultChoice` must have a cardinality of 1.

4. **Subclass Relationships**:
   - `Working_event` is a subclass of several restrictions and classes, including `_:Nada704cbc3c74a029bcfc7328fabcf48`, `_:N664579a5e2234ae3b926ca70954de5c8`, `_:Na8831b96af1944b7b137d231c6ffb98b`, `_:N91d047c057054176964f20432e90e0a4`, and `_:N3185161007794bf9a68aae1666705f4d`.

In summary, the subgraph defines a complex ontology with various classes, properties, and restrictions, particularly focusing on `Social_event` and `Working_event` and their relationships with properties like `hasVAT`, `has_title`, `location`, and `defaultChoice`."
http://confOf#Workshop,Source,Class,workshop,"In the context of a conference, a workshop refers to a session where participants engage in interactive activities, discussions, and hands-on exercises to learn about a specific topic or develop particular skills. Unlike traditional lectures, workshops are typically more participatory and collaborative, allowing attendees to actively engage with the material and with each other.","Sure, here are the triples verbalised into phrases:

1. ""Conference"" is disjoint with ""Workshop"".
2. ""Tutorial"" is disjoint with ""Workshop"".
3. ""Workshop"" is a subclass of ""Working_event"".
4. ""Workshop"" is disjoint with ""Conference"".
5. ""Workshop"" is disjoint with ""Tutorial""."
http://confOf#abstract,Source,Property,abstract,"In the context of a conference and using the extra information provided about ""confTool,"" an ""abstract"" refers to a concise summary of a research paper, presentation, or study that is submitted for consideration. This summary typically includes the main objectives, methods, results, and conclusions of the work. The abstract is used by conference organizers and attendees to quickly understand the essence of the research and to decide whether it is relevant to their interests. ConfTool is a conference management software that often facilitates the submission, review, and management of these abstracts.","The property ""abstract"" has a domain of ""Contribution"" and a range of ""string"".The subgraph describes a restriction on the class ""Contribution."" Specifically, it states that ""Contribution"" is a subclass of a restriction that requires exactly one ""abstract"" property."
http://confOf#contactEmail,Source,Property,contact email,"In the context of a conference and using the extra information provided about ConfTool, ""contactEmail"" refers to the email address designated for communication regarding the conference. This email address is typically used for inquiries, support, and any other correspondence related to the conference organization, registration, paper submissions, and other relevant matters. ConfTool is a conference management software, and within this system, the ""contactEmail"" would be the primary point of contact for participants and organizers to address their questions and concerns.","The property ""contactEmail"" has a domain of ""Contribution"" and a range of ""string"".The class ""Contribution"" is a subclass of a restriction. This restriction specifies that there must be at least one ""contactEmail"" property associated with any instance of the ""Contribution"" class."
http://confOf#dealsWith,Source,Property,deals with,"In the context of a conference and using the extra information about confTool, ""dealsWith"" refers to the specific topics, subjects, or areas of interest that the conference addresses or focuses on. ConfTool is a conference management software, so ""dealsWith"" in this context would indicate the various aspects or themes that the conference is organized around and managed through the ConfTool system.","The property ""dealsWith"" has a domain of ""Contribution"" and a range of ""Topic"". This means that ""dealsWith"" is a relationship where a ""Contribution"" is associated with a ""Topic"".The class ""Contribution"" is defined by two restrictions related to the property ""dealsWith."" 

First, ""Contribution"" is a subclass of a restriction where the property ""dealsWith"" must have at least one value from the class ""Topic.""

Second, ""Contribution"" is also a subclass of another restriction where the property ""dealsWith"" must have only values from the class ""Topic."""
http://confOf#defaultChoice,Source,Property,default choice,"In the context of a conference and using the extra information provided about confTool, ""defaultChoice"" refers to the pre-selected or automatically chosen option in a list of choices or settings within the conference management system, confTool. This could apply to various settings such as the default payment method, the default type of registration, or the default session for attendees. The ""defaultChoice"" is the option that will be selected if the user does not make an active selection.","The subject ""defaultChoice"" has a range of ""positiveInteger"".The given subgraph can be described in natural language as follows:

There is a class that is defined as a union of two restrictions. The first restriction specifies that the property ""defaultChoice"" must have a cardinality of 1 and applies to the class ""Working_event"". The second restriction also specifies that the property ""defaultChoice"" must have a cardinality of 1 and applies to the class ""Social_event"".

Additionally, ""Social_event"" and ""Working_event"" are both subclasses of their respective restrictions. The property ""defaultChoice"" has a domain that includes the union class.

In summary, the class is a union of ""Social_event"" and ""Working_event"", each of which must have exactly one ""defaultChoice""."
http://confOf#earlyRegistration,Source,Property,early registration,"In the context of a conference, ""early registration"" refers to the process of signing up to attend the event before a specified deadline, which is typically set well in advance of the conference dates. This period often comes with benefits such as discounted registration fees, priority access to certain sessions or workshops, and sometimes additional perks. The goal of early registration is to encourage attendees to commit to the event early, helping organizers with planning and logistics.","The property ""earlyRegistration"" applies to instances of ""Participant"" and has a value that is a boolean."
http://confOf#employedBy,Source,Property,employed by,"In the context of a conference and using the extra information provided about confTool, ""employedBy"" typically refers to the organization or institution that an individual is affiliated with or works for. In confTool, which is a conference management software, ""employedBy"" would be a field where participants, such as speakers, attendees, or organizers, can specify their employer or the organization they represent. This information is often used for identification, networking, and administrative purposes within the conference management system.","The property ""employedBy"" has a domain of ""Person"" and a range of ""Organization"". This means that the ""employedBy"" relationship is used to link a ""Person"" to an ""Organization"". In other words, a person is employed by an organization.The given subgraph can be described in natural language as follows:

A ""Person"" is a subclass of two restrictions related to the property ""employedBy"". The first restriction specifies that a person must be employed by an organization, meaning all values for the ""employedBy"" property must be of type ""Organization"". The second restriction indicates that a person must be employed by at least one organization, meaning there must be some value for the ""employedBy"" property that is of type ""Organization""."
http://confOf#ends_on,Source,Property,ends on,"In the context of a conference and using the extra information provided about ConfTool, ""ends_on"" refers to the specific date and time when the conference officially concludes. ConfTool is a conference management software, and within this system, ""ends_on"" would be a parameter or field indicating the final day and time of the conference events and activities.","The property ""ends_on"" has a domain of ""Event"" and a range of ""string"". This means that ""ends_on"" is a property that applies to instances of ""Event"" and its value is expected to be a ""string""."
http://confOf#expertOn,Source,Property,expert on,"In the context of a conference and using the extra information provided about confTool, ""expertOn"" likely refers to a feature or designation within the conference management system (confTool) that identifies or highlights individuals who are experts on specific topics or subjects. This feature can be used to match attendees with relevant sessions, speakers, or networking opportunities based on their expertise.","The property ""expertOn"" has a domain of ""Member_PC"" and a range of ""Topic"". This means that ""expertOn"" is used to indicate that a member of the program committee (Member_PC) is an expert on a particular topic (Topic).The class ""Member_PC"" is defined by two restrictions related to the property ""expertOn."" 

First, ""Member_PC"" is a subclass of a restriction that specifies that the property ""expertOn"" must have all its values from the class ""Topic.""

Second, ""Member_PC"" is also a subclass of another restriction that specifies that the property ""expertOn"" must have at least some of its values from the class ""Topic."""
http://confOf#follows,Source,Property,follows,"In the context of a conference, ""follows"" typically refers to the sequence of events or sessions. It indicates what comes next in the schedule or agenda. For example, if a speaker's presentation follows a coffee break, it means the presentation will take place immediately after the coffee break.","The property ""follows"" has a domain of ""Administrative_event"" and a range of ""Administrative_event"". This means that the ""follows"" relationship is used to link one ""Administrative_event"" to another ""Administrative_event""."
http://confOf#hasAdministrativeEvent,Source,Property,has administrative event,"In the context of a conference, ""hasAdministrativeEvent"" refers to an event or activity that is related to the administrative or organizational aspects of the conference. This could include sessions or meetings focused on planning, coordination, logistics, registration, scheduling, or other tasks necessary for the smooth operation and management of the conference. These events are typically aimed at ensuring that the conference runs efficiently and effectively.","The property ""hasAdministrativeEvent"" has a domain of ""Working_event"" and a range of ""Administrative_event""."
http://confOf#hasCity,Source,Property,has city,"In the context of a conference and using the extra information provided about confTool, ""hasCity"" likely refers to a data attribute or field within the confTool system that specifies the city where the conference is being held. This attribute would be used to store and retrieve information about the conference's location, specifically the city.","The property ""hasCity"" has a range of ""City"".The given subgraph can be described in natural language as follows:

There is a class that is a union of two other classes: Organization and Person. This class has a property called ""hasCity"". The ""hasCity"" property is restricted such that it must have some values from the class City. Additionally, the class Person is a subclass of this restriction on the ""hasCity"" property."
http://confOf#hasCountry,Source,Property,has country,"In the context of a conference and using the extra information provided about ConfTool, ""hasCountry"" likely refers to a data field or attribute within the ConfTool conference management system. This field is used to specify or record the country associated with a participant, speaker, or any other entity involved in the conference. It helps in organizing and managing information related to the geographical origin of the attendees or contributors.","The property ""hasCountry"" has a range of ""Country"".The given subgraph can be described in natural language as follows:

There is a class that is a union of two other classes: ""Person"" and ""Organization"". The ""Person"" class is a subclass of a restriction. This restriction specifies that the property ""hasCountry"" must have some values from the class ""Country"". The property ""hasCountry"" is associated with the domain of the union class."
http://confOf#hasEmail,Source,Property,has email,"In the context of a conference and using the extra information provided about ConfTool, ""hasEmail"" likely refers to a field or attribute within the ConfTool system that indicates whether a participant, user, or registrant has an email address associated with their profile or registration. This could be used to ensure that communication and updates about the conference can be sent to the participant via email.","The property ""hasEmail"" has a domain of ""Person"" and a range of ""string"".The class ""Person"" is a subclass of a restriction that requires at least one email address."
http://confOf#hasFax,Source,Property,has fax,"In the context of a conference and using the extra information provided (confTool), ""hasFax"" likely refers to a field or attribute within the confTool system that indicates whether a participant or an entity associated with the conference has a fax number. This could be used for communication or administrative purposes within the conference management system.","The property ""hasFax"" has a domain of ""Person"" and a range of ""string""."
http://confOf#hasFirstName,Source,Property,has first name,"In the context of a conference, particularly when using a tool like ConfTool, ""hasFirstName"" refers to the attribute or field that stores the first name of a participant or attendee. This is distinct from other name-related fields such as ""middle name"" or ""last name."" ConfTool, which is a conference management software, likely includes separate fields for first name, middle name, and last name to accurately capture and manage participant information.","The property ""hasFirstName"" applies to instances of the class ""Person"" and its values are of the type ""string"".The class ""Person"" is a subclass of a restriction that specifies the following conditions: it applies to the property ""hasFirstName"" and requires that this property has exactly one value."
http://confOf#hasHomePage,Source,Property,has home page,"In the context of a conference and using the extra information provided (confTool), ""hasHomePage"" refers to an attribute or property indicating whether the conference has a dedicated homepage or website. This homepage typically contains essential information about the conference, such as schedules, speakers, registration details, and other relevant updates. In confTool, which is a conference management software, ""hasHomePage"" would likely be a field or setting that specifies if the conference has an associated homepage URL.","The property ""hasHomePage"" applies to instances of the class ""Person"" and its value is expected to be a string."
http://confOf#hasKeyword,Source,Property,has keyword,"In the context of a conference and using the extra information provided about ConfTool, ""hasKeyword"" likely refers to a specific attribute or feature within the ConfTool conference management system. This attribute is used to tag or categorize submissions, presentations, or other conference-related content with specific keywords. These keywords help in organizing, searching, and filtering the content based on relevant topics or themes. For example, a paper submitted to the conference might ""hasKeyword"" such as ""machine learning"" or ""sustainability,"" making it easier for attendees and organizers to find and manage content related to those subjects.","The property ""hasKeyword"" has a domain of ""Contribution"" and a range of ""string"".The class ""Contribution"" is a subclass of a restriction that specifies the following conditions: it applies to the property ""hasKeyword"" and requires a minimum cardinality of 1 for this property."
http://confOf#hasPhone,Source,Property,has phone,"In the context of a conference and using the extra information provided about confTool, ""hasPhone"" likely refers to a field or attribute within the confTool system that indicates whether a participant or user has provided a phone number. This could be used for contact purposes, such as sending updates or emergency notifications related to the conference.","The property ""hasPhone"" applies to instances of the class ""Person"" and its values are of the type ""string""."
http://confOf#hasPostalCode,Source,Property,has postal code,"In the context of a conference and using the extra information provided (confTool), ""hasPostalCode"" likely refers to a data field or attribute within the conference management system (confTool) that stores the postal code of a participant, organization, or venue. This field is used to capture and manage the postal code information for logistical, communication, or record-keeping purposes related to the conference.","The property ""hasPostalCode"" has a range of ""string"".The given subgraph can be described as follows:

There is a class that is a union of two entities: ""Person"" and ""Organization"". The class ""Person"" is a subclass of a restriction that applies to the property ""hasPostalCode"". This restriction specifies that the property ""hasPostalCode"" must have a minimum cardinality of 1. Additionally, the property ""hasPostalCode"" has a domain that includes the aforementioned class (the union of ""Person"" and ""Organization"")."
http://confOf#hasStreet,Source,Property,has street,"In the context of a conference and using the extra information provided about confTool, ""hasStreet"" likely refers to a data field or attribute within the confTool system that indicates whether a street address is available or required for a particular entry, such as a participant's registration details or the venue's location. This field helps in organizing and managing logistical information for the conference.","The property ""hasStreet"" has a range of ""string"".The given subgraph can be described as follows:

There is a class that is a union of the classes ""Person"" and ""Organization"". This class is associated with the property ""hasStreet"". The property ""hasStreet"" has a domain that includes this union class.

Additionally, there is a restriction on the class ""Person"" which specifies that a person must have at least one ""hasStreet"" property."
http://confOf#hasSurname,Source,Property,has surname,"In the context of a conference and using the extra information provided about confTool, ""hasSurname"" likely refers to a field or attribute in the confTool system that stores or identifies the last name (surname) of a participant, attendee, or user. This field is used to manage and organize participant information within the conference management system.","The property ""hasSurname"" applies to instances of the class ""Person"" and its values are of the type ""string"".The class ""Person"" is a subclass of a restriction that specifies the following conditions: it is restricted to having exactly one property, ""hasSurname""."
http://confOf#hasTitle,Source,Property,has title,"In the context of a conference and using the extra information provided about ConfTool, ""hasTitle"" likely refers to a property or attribute associated with a conference paper, presentation, or session. It indicates that the item in question possesses a title. For example, in a conference management system like ConfTool, each submission or session would have a ""hasTitle"" attribute to specify the title of the paper or presentation being submitted or scheduled.","The property ""hasTitle"" has a domain of ""Contribution"" and a range of ""string"".The class ""Contribution"" is a subclass of a restriction that specifies the following conditions: it is restricted to exactly one property, which is ""hasTitle""."
http://confOf#hasTopic,Source,Property,has topic,"In the context of a conference and using the extra information provided about ConfTool, ""hasTopic"" refers to the specific subject or theme that a particular conference session, presentation, or paper addresses. ConfTool is a conference management software, and within this system, ""hasTopic"" would be used to categorize and organize submissions, sessions, and discussions according to their relevant topics. This helps in structuring the conference program and allows participants to easily find sessions that match their interests.","The property ""hasTopic"" has a domain of ""Working_event"" and a range of ""Topic"".The class ""Working_event"" is a subclass of two restrictions. The first restriction specifies that for the property ""hasTopic,"" all values must be of the type ""Topic."" The second restriction specifies that for the property ""hasTopic,"" some values must be of the type ""Topic."""
http://confOf#hasVAT,Source,Property,has vat,"In the context of a conference and using the extra information provided, ""hasVAT"" refers to whether the conference registration or related services include a Value Added Tax (VAT). In the ConfTool system, which is a conference management software, ""hasVAT"" would indicate if the prices shown for conference fees, services, or products are inclusive of VAT. This is important for participants to know, as it affects the total cost they will need to pay.","The property ""hasVAT"" has a range of ""string"".The subgraph describes a class that is a union of two types of events: Social_event and Working_event. Specifically, the class is defined as follows:

1. There is a class (denoted as _:Naeceec36766841a49a3b1c9469f0e457) which is a union of two other classes.
2. The first class in this union (denoted as _:Nbf4f3d0ddf9e42faa484e3703190da68) includes Social_event as its first element and another class (denoted as _:N778dbf3a0bda4ec18d593ab3aa5705c3) as its rest.
3. The second class (denoted as _:N778dbf3a0bda4ec18d593ab3aa5705c3) includes Working_event as its first element and has no further elements (its rest is nil).
4. The class (denoted as _:Naeceec36766841a49a3b1c9469f0e457) is of type ""Class"".
5. The property ""hasVAT"" has this union class as its domain.

In summary, the class is a union of Social_event and Working_event, and the property ""hasVAT"" applies to instances of this union class."
http://confOf#has_short_title,Source,Property,has short title,"In the context of a conference and using the extra information provided about ConfTool, ""has_short_title"" likely refers to a field or attribute within the ConfTool system that indicates whether a particular conference session, presentation, or paper has a shorter, alternative title. This shorter title might be used for display purposes in schedules, mobile apps, or other contexts where space is limited.","The property ""has_short_title"" has a range of ""string"".The subgraph describes a class that has a short title and is defined as the union of two types of events: social events and working events."
http://confOf#has_title,Source,Property,has title,"In the context of a conference and using the extra information provided about ConfTool, ""has_title"" likely refers to a field or attribute in the ConfTool system that indicates whether a particular entry, such as a paper submission, presentation, or session, has a title. This attribute would be used to ensure that all necessary information is provided and to help organize and manage the conference content effectively.","The property ""has_title"" has a range of ""string"".The given subgraph can be described as follows:

There is a class denoted as `_:N4b6f82ef32b14c69b966a98372256c81`, which is defined as a union of two subclasses: `Social_event` and `Working_event`.

1. `Social_event` is a subclass of a restriction denoted as `_:Nae07dbec7bc54beba7352229cc067085`. This restriction is on the property `has_title` and specifies that the cardinality of `has_title` must be 1.

2. `Working_event` is a subclass of a restriction denoted as `_:Na8831b96af1944b7b137d231c6ffb98b`. This restriction is also on the property `has_title` and specifies that the cardinality of `has_title` must be 1.

Additionally, the property `has_title` has a domain of the class `_:N4b6f82ef32b14c69b966a98372256c81`.

In summary, the class `_:N4b6f82ef32b14c69b966a98372256c81` is a union of `Social_event` and `Working_event`, both of which are restricted to having exactly one title."
http://confOf#location,Source,Property,location,"In the context of a conference and using the extra information provided, the ""location"" refers to the specific venue or place where the event is being held, as indicated in the ConfTool system. This could be a conference center, hotel, university, or any other designated place where the conference activities will take place.","The property ""location"" has a range of ""string"".The given subgraph can be described as follows:

There is a class called ""Social_event"" which is a subclass of a restriction. This restriction specifies that the property ""location"" must have a cardinality of 1. Similarly, there is another class called ""Working_event"" which is also a subclass of a restriction that specifies the property ""location"" must have a cardinality of 1.

Both ""Social_event"" and ""Working_event"" are part of a union class. This union class is defined as having ""Social_event"" as its first element and ""Working_event"" as its rest element. The union class itself is of type ""Class"".

In summary, both ""Social_event"" and ""Working_event"" are subclasses of restrictions that enforce a cardinality of 1 on the property ""location"", and they are combined into a union class."
http://confOf#maxChoice,Source,Property,max choice,"In the context of a conference and using the extra information provided about ConfTool, ""maxChoice"" typically refers to the maximum number of choices or options that a participant can select when registering for sessions, workshops, or other events within the conference management system. ConfTool is a software used for managing academic conferences, and it often includes features for setting limits on the number of sessions or activities a participant can choose. Therefore, ""maxChoice"" would be a parameter set by the conference organizers to control and manage the selection process for attendees.","The range of ""maxChoice"" is ""positiveInteger"".The term ""maxChoice"" is defined within a domain that includes a class. This class is a union of two types of events: ""Social_event"" and ""Working_event""."
http://confOf#minChoice,Source,Property,min choice,"In the context of a conference and using the extra information provided about ConfTool, ""minChoice"" typically refers to the minimum number of choices or selections that a participant must make when registering for sessions, workshops, or other conference activities. For example, if a conference offers multiple parallel sessions, ""minChoice"" might specify that attendees need to select at least a certain number of sessions they plan to attend. This ensures that participants engage with the conference content and helps organizers manage attendance and resources effectively.","The range of ""minChoice"" is ""positiveInteger"".The subgraph describes a class that is defined as a union of two types of events: Working_event and Social_event. The class is specified as follows:

1. The class (denoted by a blank node) is of type ""Class"".
2. This class is a union of two elements:
   - The first element in the union is a ""Social_event"".
   - The second element in the union is a ""Working_event"".
3. The union is represented as a list where ""Social_event"" is the first element, followed by ""Working_event"", and the list ends with ""nil"".

In summary, the class consists of events that can either be a ""Social_event"" or a ""Working_event""."
http://confOf#parallel_with,Source,Property,parallel with,"In the context of a conference, ""parallel_with"" typically refers to sessions or events that are scheduled to occur at the same time as each other. For example, if two workshops are ""parallel_with"" each other, it means they are happening simultaneously, and attendees would need to choose which one to attend.","The property ""parallel_with"" has a domain of ""Administrative_event"" and a range of ""Administrative_event"". This means that ""parallel_with"" is a relationship that can exist between two instances of ""Administrative_event""."
http://confOf#remark,Source,Property,remark,"In the context of a conference and using a tool like ConfTool, the term ""remark"" typically refers to a comment or note made by a participant, reviewer, or organizer. These remarks can be used to provide feedback, ask questions, or make observations about presentations, papers, or other conference-related activities. Remarks are often recorded in the system to facilitate communication and improve the overall quality of the conference.","The property ""remark"" has a domain of ""Contribution"" and a range of ""string""."
http://confOf#reviewes,Source,Property,reviewes,"In the context of a conference, ""reviews"" typically refer to the evaluations or assessments provided by experts or peers regarding the quality, relevance, and significance of submitted papers or presentations. These reviews help determine which submissions are accepted for presentation at the conference.","The property ""reviews"" has a domain of ""Member_PC"" and a range of ""Contribution"". This means that the property ""reviews"" is used to link instances of ""Member_PC"" to instances of ""Contribution"". In other words, a ""Member_PC"" reviews a ""Contribution"".The class ""Member_PC"" is subject to two restrictions related to the property ""reviews."" 

1. The first restriction specifies that all values of the ""reviews"" property must be of the type ""Contribution.""
2. The second restriction specifies that there must be some values of the ""reviews"" property that are of the type ""Contribution.""

In summary, any instance of ""Member_PC"" must have all its ""reviews"" as ""Contribution"" and must have at least one ""review"" that is a ""Contribution."""
http://confOf#starts_on,Source,Property,starts on,"In the context of a conference and using the extra information provided about ConfTool, ""starts_on"" refers to the specific date and time when the conference or a particular session within the conference is scheduled to begin. ConfTool is a conference management software, and ""starts_on"" would be a field or parameter used to indicate the commencement details of the event or session.","The property ""starts_on"" has a domain of ""Event"" and a range of ""string""."
http://confOf#studyAt,Source,Property,study at,"In the context of a conference, ""studyAt"" typically refers to the educational institution or organization where a participant, speaker, or attendee is currently studying or has studied. It provides information about their academic background and affiliation. For example, a conference attendee might list ""studyAt: Harvard University"" to indicate that they are a student or alumnus of Harvard University.","The property ""studyAt"" has a domain of ""Scholar"" and a range of ""University"". This means that the ""studyAt"" relationship is used to link a ""Scholar"" to a ""University"". In other words, a ""Scholar"" studies at a ""University"".The provided subgraph can be described in natural language as follows:

A ""Scholar"" is a subclass of two restrictions related to the property ""studyAt"". The first restriction specifies that all values of ""studyAt"" must be ""University"". The second restriction specifies that there must be some values of ""studyAt"" that are ""University""."
http://confOf#writes,Source,Property,writes,"In the context of a conference and using the extra information about ConfTool, ""writes"" typically refers to the submissions or contributions made by participants, such as research papers, abstracts, or articles. ConfTool is a conference management software that facilitates the submission, review, and management of these written contributions. Therefore, ""writes"" in this context would mean the documents or content that participants submit for consideration and presentation at the conference.","The property ""writes"" has a domain of ""Author"" and a range of ""Contribution"". This means that the subject of the ""writes"" property is an ""Author"" and the object of the ""writes"" property is a ""Contribution"". In other words, an ""Author"" writes a ""Contribution"".The given subgraph can be described as follows:

An ""Author"" is a subclass of two restrictions. The first restriction specifies that an author writes only contributions. The second restriction specifies that an author writes some contributions."
http://confOf#writtenBy,Source,Property,written by,"In the context of a conference and using the extra information provided about confTool, ""writtenBy"" typically refers to the author or authors who have written a paper, abstract, or presentation that is being submitted or discussed at the conference. ConfTool is a conference management software, and within this system, ""writtenBy"" would be used to attribute the work to its respective authors.","The property ""writtenBy"" has a domain of ""Contribution"" and a range of ""Author"". This means that ""writtenBy"" is used to link a ""Contribution"" to an ""Author""."
http://ekaw#Abstract,Target,Class,abstract,"In the context of a conference, an ""abstract"" is a brief summary of a research paper, presentation, or study that is submitted for consideration. It typically includes the main objectives, methods, results, and conclusions of the work. The abstract allows conference organizers and attendees to quickly understand the essence of the research and decide its relevance and interest to them.","Sure, here are the triples verbalised into phrases:

1. ""Invited_Talk_Abstract"" is a subclass of ""Abstract"".
2. ""Tutorial_Abstract"" is a subclass of ""Abstract"".
3. ""Abstract"" is a subclass of ""Document"".The given subgraph can be described in natural language as follows:

There are two classes, each represented by a unique identifier. The first class is identified as '_:N2d8ee42867db4ad5901b47fd3e7f781c' and is of type 'Class'. This class is a union of another class identified as '_:N5120c3ccceda4a838207224fc81f28a8', which is also of type 'Class'. The class '_:N5120c3ccceda4a838207224fc81f28a8' is a union of 'Abstract' and 'Paper'.

The second class is identified as '_:N570421b4702c44b7809ab6047dcdbb19' and is of type 'Class'. This class is a union of 'Abstract' and another class identified as '_:Nec5cda827cbf480a992d3a83fb001963', which is a union of 'Paper'.

The property 'presentationOfPaper' has a range of the class '_:N570421b4702c44b7809ab6047dcdbb19'. The property 'paperPresentedAs' has a domain of the class '_:N2d8ee42867db4ad5901b47fd3e7f781c'."
http://ekaw#Academic_Institution,Target,Class,academic institution,"In the context of a conference, an ""Academic Institution"" refers to a school, college, university, or any other educational organization that engages in higher learning and research. These institutions often participate in conferences to present research findings, collaborate with other scholars, and contribute to the academic community.","Sure, here are the triples verbalised into phrases:

1. A ""Research Institute"" is a subclass of an ""Academic Institution"".
2. A ""University"" is a subclass of an ""Academic Institution"".
3. The property ""scientificallyOrganisedBy"" has a range of ""Academic Institution"".
4. The property ""scientificallyOrganises"" has a domain of ""Academic Institution"".
5. An ""Organising Agency"" is disjoint with an ""Academic Institution"".
6. An ""Academic Institution"" is a subclass of an ""Organisation"" and is disjoint with an ""Organising Agency""."
http://ekaw#Accepted_Paper,Target,Class,accepted paper,"In the context of a conference, an ""Accepted Paper"" refers to a research paper that has been reviewed and approved by the conference's review committee to be included in the conference proceedings. This means the paper has met the necessary standards and criteria set by the conference organizers. It is important to note that a ""camera-ready paper,"" which is the final version prepared for publication, is not considered an ""accepted paper"" because it was accepted in a different, earlier form before final revisions were made.","Sure, here are the triples verbalised into phrases:

1. ""Camera_Ready_Paper"" is disjoint with ""Accepted_Paper"".
2. ""Rejected_Paper"" is disjoint with ""Accepted_Paper"".
3. ""Accepted_Paper"" is a subclass of ""Evaluated_Paper"".
4. ""Accepted_Paper"" is disjoint with ""Camera_Ready_Paper"".
5. ""Accepted_Paper"" is disjoint with ""Rejected_Paper"".The subgraph describes a set of relationships and classifications within an academic context, particularly focusing on papers and their reviews. Here is a natural language description of the subgraph:

1. **Camera Ready Paper**:
   - A ""Camera Ready Paper"" is a subclass of a class that has some values from ""Accepted Paper"" and is associated with the property ""updatedVersionOf"".

2. **Accepted Paper**:
   - An ""Accepted Paper"" is a subclass of a class that has some values from ""Positive Review"" and is associated with the property ""hasReview"".

3. **Invited Talk Abstract**:
   - An ""Invited Talk Abstract"" is part of a union class that includes ""Accepted Paper"".

4. **Proceedings**:
   - ""Proceedings"" is a subclass of a class that has all values from a union class which includes ""Accepted Paper"" and ""Invited Talk Abstract"". This class is associated with the property ""volumeContainsPaper"".

In summary, the subgraph outlines the hierarchical relationships between different types of academic papers and their reviews, as well as how they are organized within proceedings. Specifically, it details how ""Camera Ready Papers"" and ""Accepted Papers"" are classified and related to reviews and proceedings."
http://ekaw#Agency_Staff_Member,Target,Class,agency staff member,"In the context of a conference, an ""Agency_Staff_Member"" refers to an individual who is employed by a specific agency and is attending or participating in the conference in an official capacity. This person may be responsible for representing the agency, providing information, networking, or performing specific duties related to the agency's interests and objectives at the conference.","The class ""Agency_Staff_Member"" is a subclass of the class ""Person""."
http://ekaw#Assigned_Paper,Target,Class,assigned paper,"In the context of a conference, ""Assigned_Paper"" refers to a research paper or presentation that has been allocated to a specific reviewer, session chair, or committee member for evaluation, discussion, or presentation. This assignment is part of the conference's organizational process to ensure that each submission is properly reviewed and managed according to the conference's standards and schedule.","Sure, here are the triples verbalized into phrases:

1. ""Evaluated_Paper"" is a subclass of ""Assigned_Paper"".
2. ""Assigned_Paper"" is a subclass of ""Submitted_Paper"".The class ""Assigned_Paper"" is a subclass of a restriction that specifies the following conditions: it must have at least three reviewers."
http://ekaw#Camera_Ready_Paper,Target,Class,camera ready paper,"In the context of a conference, a ""Camera-Ready Paper"" refers to the final version of a research paper that is ready for publication. This version has typically undergone peer review and any necessary revisions. It is formatted according to the conference's specific guidelines and is prepared to be included in the conference proceedings. The term ""camera-ready"" implies that the paper is in its final form, with no further changes needed, and is ready to be printed or digitally published as part of the official conference documentation.","Sure, here are the triples verbalised into phrases:

1. An ""Accepted_Paper"" is disjoint with a ""Camera_Ready_Paper"".
2. An ""Evaluated_Paper"" is disjoint with a ""Camera_Ready_Paper"".
3. A ""Submitted_Paper"" is disjoint with a ""Camera_Ready_Paper"".
4. A ""Camera_Ready_Paper"" is a subclass of ""Paper"".
5. A ""Camera_Ready_Paper"" is disjoint with an ""Accepted_Paper"".
6. A ""Camera_Ready_Paper"" is disjoint with an ""Evaluated_Paper"".
7. A ""Camera_Ready_Paper"" is disjoint with a ""Submitted_Paper"".The subgraph describes a set of relationships and restrictions involving different types of papers and their associations with properties and participants in a conference setting. Here is a natural language description of the subgraph:

1. A **Camera Ready Paper** is a subclass of a restriction that involves the property **writtenBy** and has some values from **Conference Participant**.
2. A **Camera Ready Paper** is also a subclass of a restriction that involves the property **updatedVersionOf** and has some values from **Accepted Paper**.
3. A **Contributed Talk** is a subclass of a restriction that involves the property **presentationOfPaper** and has some values from **Camera Ready Paper**.
4. The restriction involving the property **writtenBy** is of type **Restriction**.
5. The restriction involving the property **updatedVersionOf** is of type **Restriction**.
6. The restriction involving the property **presentationOfPaper** is of type **Restriction**.

In summary, a **Camera Ready Paper** is written by a **Conference Participant** and is an updated version of an **Accepted Paper**. A **Contributed Talk** involves the presentation of a **Camera Ready Paper**."
http://ekaw#Conference,Target,Class,conference,"A conference, in the given context, refers to a formal meeting or gathering where individuals or groups come together to discuss specific topics, share information, and engage in collaborative activities. The term ""one edition of a conference"" implies a single instance or occurrence of such a meeting, typically part of a series that may happen annually, biannually, or at other regular intervals. Each edition of a conference usually focuses on a particular theme or set of issues relevant to the participants.","1. A ""Contributed Talk"" is disjoint with a ""Conference"".
2. An ""Invited Talk"" is disjoint with a ""Conference"".
3. A ""Session"" is disjoint with a ""Conference"".
4. A ""Social Event"" is disjoint with a ""Conference"".
5. A ""Track"" is disjoint with a ""Conference"".
6. A ""Tutorial"" is disjoint with a ""Conference"".
7. A ""Workshop"" is disjoint with a ""Conference"".
8. A ""Conference"" is a subclass of a ""Scientific Event"".
9. A ""Conference"" is disjoint with a ""Contributed Talk"".
10. A ""Conference"" is disjoint with an ""Invited Talk"".
11. A ""Conference"" is disjoint with a ""Session"".
12. A ""Conference"" is disjoint with a ""Social Event"".
13. A ""Conference"" is disjoint with a ""Track"".
14. A ""Conference"" is disjoint with a ""Tutorial"".
15. A ""Conference"" is disjoint with a ""Workshop"".The given subgraph can be described in natural language as follows:

1. **Class Hierarchies and Restrictions:**
   - A `Session` is a subclass of a restriction that involves the property `partOfEvent` and has some values from an anonymous class.
   - A `Conference_Session` is a subclass of a restriction that involves the property `partOfEvent` and has some values from `Conference`.

2. **Anonymous Class Definitions:**
   - The anonymous class (let's call it `Class1`) is defined as a union of `Conference` and another anonymous class (let's call it `Class2`).
   - `Class2` is defined as a list containing `Conference` and `Workshop`.

3. **Union and List Structures:**
   - `Class1` is a union of `Conference` and `Class2`.
   - `Class2` is a list where the first element is `Conference` and the rest is another list (let's call it `Class3`).
   - `Class3` is a list where the first element is `Workshop` and the rest is `nil`.

4. **Track and Workshop:**
   - There is another list (let's call it `Class4`) where the first element is `Track` and the rest is `Class3`.

5. **Additional Restrictions:**
   - The restriction involving `partOfEvent` and `allValuesFrom` is defined to have all values from `Class1`.

6. **Types and Properties:**
   - The anonymous class `Class1` is of type `Class`.
   - The restriction involving `partOfEvent` and `someValuesFrom` is of type `Restriction`.
   - The restriction involving `partOfEvent` and `allValuesFrom` is of type `Restriction`.

In summary, the subgraph describes a hierarchy and relationships between `Session`, `Conference_Session`, `Conference`, `Workshop`, and `Track`, with specific restrictions on the properties and values they can have."
http://ekaw#Conference_Banquet,Target,Class,conference banquet,"In the context of a conference, a ""Conference Banquet"" refers to a formal meal or dinner event organized as part of the conference activities. It typically takes place in the evening and provides an opportunity for attendees to network, socialize, and relax in a more informal setting compared to the conference sessions. The banquet often includes speeches, entertainment, and sometimes awards or recognitions. It is a key social component of the conference, fostering community and collaboration among participants.","The class ""Conference Banquet"" is a subclass of the class ""Social Event""."
http://ekaw#Conference_Paper,Target,Class,conference paper,"In the context of a conference, a ""Conference Paper"" refers to a scholarly paper that is presented by an author or authors at a professional or academic conference. These papers are typically subject to a peer-review process before being accepted for presentation. The content of a conference paper usually includes original research, findings, or theoretical developments in a specific field of study. After presentation, the paper may be published in the conference proceedings, which is a collection of papers presented at the conference.","Sure, here are the triples verbalised into phrases:

1. ""Conference_Paper"" is a subclass of ""Paper"".
2. ""Conference_Paper"" is disjoint with ""Workshop_Paper"".
3. ""Workshop_Paper"" is disjoint with ""Conference_Paper"".The given subgraph can be described as follows:

There is a class named ""Conference_Proceedings"" which is a subclass of a restriction. This restriction specifies that the property ""volumeContainsPaper"" must only have values that belong to a certain class. This class is defined as a union of two specific types: ""Conference_Paper"" and ""Invited_Talk_Abstract""."
http://ekaw#Conference_Participant,Target,Class,conference participant,"In the context of a conference, a ""Conference_Participant"" refers to an individual who attends and takes part in the conference. This can include a variety of roles such as speakers, presenters, panelists, attendees, and sometimes even organizers. Participants engage in various activities such as listening to presentations, participating in discussions, networking with other attendees, and contributing to the overall objectives of the conference.","1. A Demo Chair is a subclass of a Conference Participant.
2. An Early-Registered Participant is a subclass of a Conference Participant.
3. A Late-Registered Participant is a subclass of a Conference Participant.
4. An OC Member is a subclass of a Conference Participant.
5. A PC Chair is a subclass of a Conference Participant.
6. A Presenter is a subclass of a Conference Participant.
7. A Session Chair is a subclass of a Conference Participant.
8. A Tutorial Chair is a subclass of a Conference Participant.
9. A Workshop Chair is a subclass of a Conference Participant.
10. A Conference Participant is a subclass of a Person.A ""Camera Ready Paper"" is a type of paper that must be written by a ""Conference Participant."""
http://ekaw#Conference_Proceedings,Target,Class,conference proceedings,"In the context of a conference, ""Conference Proceedings"" refers to a collection of academic papers, presentations, or research findings that were presented during the conference. These proceedings are typically compiled and published as a record of the event, providing a comprehensive overview of the topics discussed and the advancements shared by the participants. They serve as an important resource for researchers, scholars, and professionals who are interested in the subject matter of the conference.","The class ""Conference Proceedings"" is a subclass of the class ""Proceedings"".The given subgraph can be described as follows:

There is a class named ""Conference_Proceedings"" which is a subclass of a restriction. This restriction specifies that the property ""volumeContainsPaper"" must only have values that belong to a certain class. This class is defined as a union of two specific types: ""Conference_Paper"" and ""Invited_Talk_Abstract""."
http://ekaw#Conference_Session,Target,Class,conference session,"In the context of a conference, a ""Conference_Session"" refers to a specific period during the event that is dedicated to a particular topic, presentation, or activity. These sessions can include keynote speeches, panel discussions, workshops, or breakout sessions, and are typically scheduled at specific times throughout the conference agenda. Each session is designed to provide attendees with valuable information, insights, and opportunities for interaction related to the conference's overall theme or subject matter.","Sure, here are the triples verbalised into phrases:

1. ""Industrial_Session"" is a subclass of ""Conference_Session"".
2. ""Workshop_Session"" is disjoint with ""Conference_Session"".
3. ""Conference_Session"" is a subclass of ""Session"".
4. ""Conference_Session"" is disjoint with ""Workshop_Session"".The class ""Conference_Session"" is a subclass of a restriction. This restriction specifies that the property ""partOfEvent"" must have some values from the class ""Conference""."
http://ekaw#Conference_Trip,Target,Class,conference trip,"In the context of a conference, a ""Conference Trip"" refers to the journey or travel undertaken by an individual or group to attend a conference. This typically involves traveling to a different city, state, or even country where the conference is being held. The trip includes all the logistics such as transportation, accommodation, and possibly other activities related to the conference, such as networking events, workshops, and sightseeing.","The class ""Conference_Trip"" is a subclass of the class ""Social_Event""."
http://ekaw#Contributed_Talk,Target,Class,contributed talk,"In the context of a conference, a ""Contributed Talk"" refers to a presentation given by a participant who has submitted a proposal or abstract that has been accepted by the conference organizers. These talks are typically shorter than keynote or invited talks and are often selected through a competitive review process. Contributed talks provide an opportunity for researchers and professionals to share their work, findings, or ideas with the conference audience.","Sure, here are the triples verbalised into phrases:

1. A ""Conference"" is disjoint with a ""Contributed Talk"".
2. An ""Invited Talk"" is disjoint with a ""Contributed Talk"".
3. A ""Session"" is disjoint with a ""Contributed Talk"".
4. A ""Social Event"" is disjoint with a ""Contributed Talk"".
5. A ""Track"" is disjoint with a ""Contributed Talk"".
6. A ""Tutorial"" is disjoint with a ""Contributed Talk"".
7. A ""Contributed Talk"" is a subclass of ""Individual Presentation"".
8. A ""Contributed Talk"" is disjoint with a ""Conference"".
9. A ""Contributed Talk"" is disjoint with an ""Invited Talk"".
10. A ""Contributed Talk"" is disjoint with a ""Session"".
11. A ""Contributed Talk"" is disjoint with a ""Social Event"".
12. A ""Contributed Talk"" is disjoint with a ""Track"".
13. A ""Contributed Talk"" is disjoint with a ""Tutorial"".The subgraph describes the following constraints and relationships:

1. There is a restriction (denoted as `_:N09ffa08e00264ebda9a9e1da9d18ff8e`) that applies to the property `presentationOfPaper`. This restriction specifies that the property must have some values from the class `Camera_Ready_Paper`.

2. Another restriction (denoted as `_:N22c92d276d4d4e2bb7cd47346cf98bdc`) also applies to the property `presentationOfPaper`. This restriction specifies that the property must have a cardinality of 1.

3. The class `Contributed_Talk` is a subclass of both of these restrictions (`_:N09ffa08e00264ebda9a9e1da9d18ff8e` and `_:N22c92d276d4d4e2bb7cd47346cf98bdc`).

In summary, a `Contributed_Talk` must have exactly one `presentationOfPaper`, and this paper must be a `Camera_Ready_Paper`."
http://ekaw#Demo_Chair,Target,Class,demo chair,"In the context of a conference, ""Demo_Chair"" refers to the individual responsible for overseeing and organizing the demonstration sessions. These sessions typically involve showcasing new technologies, products, or research findings. The Demo_Chair ensures that the demonstrations run smoothly, coordinates with presenters, and manages the schedule and logistics related to the demo sessions.","The class ""Demo_Chair"" is a subclass of the class ""Conference_Participant""."
http://ekaw#Demo_Paper,Target,Class,demo paper,"In the context of a conference, a ""Demo_Paper"" typically refers to a type of submission that describes a demonstration of a system, tool, or technology. Unlike full research papers, which focus on presenting new theoretical insights or empirical results, demo papers are intended to showcase practical implementations and allow attendees to see the work in action. These papers usually include a description of the system's functionality, its architecture, and the specific innovations it brings, along with details on how the demonstration will be conducted during the conference.","1. ""Industrial_Paper"" is disjoint with ""Demo_Paper"".
2. ""Poster_Paper"" is disjoint with ""Demo_Paper"".
3. ""Regular_Paper"" is disjoint with ""Demo_Paper"".
4. ""Demo_Paper"" is a subclass of ""Paper"".
5. ""Demo_Paper"" is disjoint with ""Industrial_Paper"".
6. ""Demo_Paper"" is disjoint with ""Poster_Paper"".
7. ""Demo_Paper"" is disjoint with ""Regular_Paper""."
http://ekaw#Demo_Session,Target,Class,demo session,"In the context of a conference, a ""Demo_Session"" refers to a scheduled period during which presenters showcase and demonstrate their products, technologies, or solutions to the attendees. These sessions are typically interactive and allow participants to see the practical applications and functionalities of what is being presented. Demo sessions are often used to highlight new innovations, provide hands-on experiences, and engage the audience with live demonstrations.","1. ""Poster_Session"" is disjoint with ""Demo_Session"".
2. ""Regular_Session"" is disjoint with ""Demo_Session"".
3. ""Demo_Session"" is a subclass of ""Session"".
4. ""Demo_Session"" is disjoint with ""Poster_Session"".
5. ""Demo_Session"" is disjoint with ""Regular_Session""."
http://ekaw#Document,Target,Class,document,"In the context of a conference, a ""document"" typically refers to any written, printed, or digital material that provides information, guidelines, or records related to the event. This can include agendas, schedules, presentation slides, handouts, research papers, minutes of meetings, and any other materials distributed to participants to facilitate the conference proceedings.","1. An Abstract is a subclass of Document.
2. A Flyer is a subclass of Document.
3. A Multi-author Volume is a subclass of Document.
4. A Paper is a subclass of Document.
5. A Programme Brochure is a subclass of Document.
6. A Review is a subclass of Document.
7. A Web Site is a subclass of Document.
8. The property authorOf has a range of Document.
9. The property hasUpdatedVersion has a domain of Document and a range of Document.
10. The property updatedVersionOf has a domain of Document and a range of Document.
11. The property writtenBy has a domain of Document.
12. A Person is disjoint with Document.
13. A Document is disjoint with Person."
http://ekaw#Early-Registered_Participant,Target,Class,early registered participant,"In the context of a conference, an ""Early-Registered Participant"" refers to an individual who has registered to attend the conference during an early registration period. This period typically offers discounted rates or other incentives to encourage participants to commit to attending the event well in advance of the conference dates. Early registration helps conference organizers with planning and logistics by providing an estimate of attendance numbers ahead of time.","Sure, here are the triples verbalised into phrases:

1. ""Early-Registered_Participant"" is a subclass of ""Conference_Participant"".
2. ""Early-Registered_Participant"" is disjoint with ""Late-Registered_Participant"".
3. ""Late-Registered_Participant"" is disjoint with ""Early-Registered_Participant""."
http://ekaw#Evaluated_Paper,Target,Class,evaluated paper,"In the context of a conference, an ""Evaluated_Paper"" refers to a research paper or academic paper that has undergone a review process. This typically involves assessment by a panel of experts or peer reviewers who evaluate the paper's quality, originality, relevance, and contribution to the field. The evaluation process determines whether the paper meets the standards required for presentation at the conference and for inclusion in the conference proceedings.","Sure, here are the triples verbalised into phrases:

1. ""Accepted_Paper"" is a subclass of ""Evaluated_Paper"".
2. ""Rejected_Paper"" is a subclass of ""Evaluated_Paper"".
3. ""Camera_Ready_Paper"" is disjoint with ""Evaluated_Paper"".
4. ""Evaluated_Paper"" is a subclass of ""Assigned_Paper"".
5. ""Evaluated_Paper"" is disjoint with ""Camera_Ready_Paper"".The subgraph describes a class called ""Evaluated_Paper"" which has a restriction. This restriction specifies that the ""Evaluated_Paper"" must have at least three instances of the property ""hasReview""."
http://ekaw#Event,Target,Class,event,"In the context of a conference, an ""event"" refers to a planned and organized occasion or activity that is part of the conference's schedule. This can include keynote speeches, panel discussions, workshops, networking sessions, presentations, and other activities designed to engage attendees, share knowledge, and facilitate professional development and collaboration.","Sure, here are the triples verbalised into phrases:

1. A ""Scientific_Event"" is a subclass of an ""Event"".
2. A ""Social_Event"" is a subclass of an ""Event"".
3. The property ""eventOnList"" applies to instances of ""Event"".
4. The property ""hasEvent"" applies to instances of ""Event"" and relates to instances of ""Event"".
5. The property ""heldIn"" applies to instances of ""Event"".
6. The property ""inverse_of_partOf_7"" relates to instances of ""Event"".
7. The property ""listsEvent"" relates to instances of ""Event"".
8. The property ""locationOf"" relates to instances of ""Event"".
9. The property ""organisedBy"" applies to instances of ""Event"".
10. The property ""organises"" relates to instances of ""Event"".
11. The property ""partOfEvent"" applies to instances of ""Event"" and relates to instances of ""Event"".
12. A ""Person"" is disjoint with an ""Event"".
13. An ""Event"" is disjoint with a ""Person"".The given subgraph can be described as follows:

There are two classes, each defined as a union of lists of items. The first class, identified by '_:Nd7e2f002e3664e64a36c26740ddbc859', is a union of a list that contains 'Paper' followed by another list that contains 'Event'. The second class, identified by '_:N96e313c33de6495aa199a695b92c9e25', is a union of a list that contains 'Paper' followed by another list that contains 'Event'.

Additionally, the property 'topicCoveredBy' has a range of the second class ('_:N96e313c33de6495aa199a695b92c9e25'), and the property 'coversTopic' has a domain of the first class ('_:Nd7e2f002e3664e64a36c26740ddbc859')."
http://ekaw#Flyer,Target,Class,flyer,"In the context of a conference, a ""flyer"" refers to a printed or digital document that provides information about the event. This typically includes details such as the date, time, location, agenda, speakers, and any other relevant information that attendees might need. Flyers are used to promote the conference and inform potential participants about what to expect.","1. A ""Multi-author Volume"" is disjoint with a ""Flyer"".
2. A ""Paper"" is disjoint with a ""Flyer"".
3. ""Proceedings"" are disjoint with a ""Flyer"".
4. A ""Programme Brochure"" is disjoint with a ""Flyer"".
5. A ""Review"" is disjoint with a ""Flyer"".
6. A ""Web Site"" is disjoint with a ""Flyer"".
7. A ""Flyer"" is a subclass of a ""Document"".
8. A ""Flyer"" is disjoint with a ""Multi-author Volume"".
9. A ""Flyer"" is disjoint with a ""Paper"".
10. A ""Flyer"" is disjoint with ""Proceedings"".
11. A ""Flyer"" is disjoint with a ""Programme Brochure"".
12. A ""Flyer"" is disjoint with a ""Review"".
13. A ""Flyer"" is disjoint with a ""Web Site"".The given subgraph can be described as follows:

There is a class (denoted by a blank node) which is a union of several types of publications. These types include:
1. Multi-author Volume
2. Programme Brochure
3. Web Site
4. Flyer

The relationships between these types are as follows:
- A Multi-author Volume is followed by a Programme Brochure.
- A Programme Brochure is followed by a Web Site.
- A Web Site is followed by a Flyer.
- A Flyer is the last item in this sequence.

Additionally, there is a property called ""publisherOf"" which has a range that includes this class of publications."
http://ekaw#Individual_Presentation,Target,Class,individual presentation,"In the context of a conference, an ""Individual Presentation"" refers to a session where a single presenter delivers a talk or presentation on a specific topic. This type of presentation typically involves the presenter sharing their research findings, insights, or expertise with the audience, often accompanied by visual aids such as slides. The session usually includes a question-and-answer segment where attendees can engage with the presenter to discuss the content further.","1. A ""Contributed Talk"" is a subclass of ""Individual Presentation"".
2. An ""Invited Talk"" is a subclass of ""Individual Presentation"".
3. A ""Tutorial"" is a subclass of ""Individual Presentation"".
4. The property ""paperPresentedAs"" has a range of ""Individual Presentation"".
5. The property ""presentationOfPaper"" has a domain of ""Individual Presentation"".
6. A ""Workshop"" is disjoint with ""Individual Presentation"".
7. An ""Individual Presentation"" is a subclass of ""Scientific Event"" and is disjoint with ""Workshop"".The class ""Session"" is a subclass of a restriction that specifies that it must have at least one event of type ""Individual Presentation""."
http://ekaw#Industrial_Paper,Target,Class,industrial paper,"In the context of a conference, an ""Industrial Paper"" refers to a type of paper or presentation that is typically authored by professionals from the industry rather than academia. These papers often focus on practical applications, case studies, innovations, and experiences from the industry, providing insights into real-world challenges and solutions. They aim to bridge the gap between theoretical research and practical implementation, offering valuable perspectives for both academic researchers and industry practitioners.","1. A Demo Paper is disjoint with an Industrial Paper.
2. A Poster Paper is disjoint with an Industrial Paper.
3. A Regular Paper is disjoint with an Industrial Paper.
4. A Workshop Paper is disjoint with an Industrial Paper.
5. An Industrial Paper is a subclass of a Paper.
6. An Industrial Paper is disjoint with a Demo Paper, a Poster Paper, a Regular Paper, and a Workshop Paper."
http://ekaw#Industrial_Session,Target,Class,industrial session,"In the context of a conference, an ""Industrial Session"" refers to a segment or series of presentations and discussions that focus on topics relevant to industry professionals. These sessions typically feature speakers from various companies and organizations who share insights, case studies, and advancements related to practical applications, technological innovations, and industry trends. The goal is to bridge the gap between academic research and real-world industrial practices, fostering collaboration and knowledge exchange between academia and industry.","The class ""Industrial Session"" is a subclass of the class ""Conference Session""."
http://ekaw#Invited_Speaker,Target,Class,invited speaker,"In the context of a conference, an ""Invited Speaker"" refers to an individual who has been specifically asked by the conference organizers to give a presentation or lecture. This person is typically recognized as an expert or a prominent figure in their field and is invited to share their knowledge, insights, or research findings with the conference attendees. Invited speakers often play a key role in attracting participants to the conference and enhancing its overall prestige and educational value.","The class ""Invited Speaker"" is a subclass of the class ""Presenter""."
http://ekaw#Invited_Talk,Target,Class,invited talk,"In the context of a conference, an ""Invited Talk"" refers to a presentation given by a speaker who has been specifically invited by the conference organizers due to their expertise, reputation, or significant contributions to the field. These talks are often a highlight of the conference and are typically delivered by well-known researchers, industry leaders, or subject matter experts. The invited speaker is usually given a prominent time slot and may cover cutting-edge research, emerging trends, or provide insights and overviews on specific topics of interest to the conference attendees.","1. A ""Conference"" is disjoint with an ""Invited Talk"".
2. A ""Contributed Talk"" is disjoint with an ""Invited Talk"".
3. A ""Session"" is disjoint with an ""Invited Talk"".
4. A ""Social Event"" is disjoint with an ""Invited Talk"".
5. A ""Track"" is disjoint with an ""Invited Talk"".
6. A ""Tutorial"" is disjoint with an ""Invited Talk"".
7. A ""Workshop"" is disjoint with an ""Invited Talk"".
8. An ""Invited Talk"" is a subclass of ""Individual Presentation"".
9. An ""Invited Talk"" is disjoint with a ""Conference"".
10. An ""Invited Talk"" is disjoint with a ""Contributed Talk"".
11. An ""Invited Talk"" is disjoint with a ""Session"".
12. An ""Invited Talk"" is disjoint with a ""Social Event"".
13. An ""Invited Talk"" is disjoint with a ""Track"".
14. An ""Invited Talk"" is disjoint with a ""Tutorial"".
15. An ""Invited Talk"" is disjoint with a ""Workshop""."
http://ekaw#Invited_Talk_Abstract,Target,Class,invited talk abstract,"In the context of a conference, an ""Invited Talk Abstract"" refers to a brief summary or overview of a presentation that has been specifically requested by the conference organizers. This abstract typically outlines the main topics, objectives, and key points that the invited speaker will cover during their talk. The purpose of the abstract is to provide attendees with a clear understanding of the content and relevance of the presentation, helping them decide whether to attend the session. Invited talks are usually given by experts or prominent figures in the field, and the abstract serves as a preview of the valuable insights and information they will share.","The class ""Invited_Talk_Abstract"" is a subclass of the class ""Abstract"".The given subgraph can be described in natural language as follows:

There are two restrictions defined on the property `volumeContainsPaper`. The first restriction specifies that all values from this property must belong to a class that is a union of `Conference_Paper` and `Invited_Talk_Abstract`. The second restriction specifies that all values from this property must belong to a class that is a union of `Accepted_Paper` and `Invited_Talk_Abstract`.

The class `Conference_Proceedings` is a subclass of the first restriction, and the class `Proceedings` is a subclass of the second restriction."
http://ekaw#Late-Registered_Participant,Target,Class,late registered participant,"In the context of a conference, a ""Late-Registered Participant"" refers to an individual who has registered to attend the conference after the official registration deadline has passed. This may involve different procedures, fees, or availability of certain conference materials or sessions compared to those who registered on time.","Sure, here are the triples verbalised into phrases:

1. ""Early-Registered Participant"" is disjoint with ""Late-Registered Participant"".
2. ""Late-Registered Participant"" is a subclass of ""Conference Participant"".
3. ""Late-Registered Participant"" is disjoint with ""Early-Registered Participant""."
http://ekaw#Location,Target,Class,location,"In the context of a conference, ""location"" refers to the physical place or venue where the conference is being held. This could be a convention center, hotel, university campus, or any other facility equipped to host such an event. The location is important for attendees to know so they can make travel arrangements and plan their visit accordingly.","Sure, here are the triples verbalised into phrases:

1. The property ""heldIn"" has a range of ""Location"".
2. The property ""locationOf"" has a domain of ""Location"".
3. ""Person"" is disjoint with ""Location"".
4. ""Location"" is disjoint with ""Person""."
http://ekaw#Multi-author_Volume,Target,Class,multi author volume,"In the context of a conference, a ""Multi-author Volume"" refers to a collection of written works or papers contributed by multiple authors. These volumes are typically compiled and edited to form a cohesive book or proceedings that are published as part of the conference's official documentation. Each paper or chapter within the volume is authored by different individuals or groups, often presenting research findings, reviews, or discussions relevant to the conference's theme or subject matter.","Sure, here are the triples verbalised into phrases:

1. ""Proceedings"" is a subclass of ""Multi-author Volume"".
2. ""Flyer"" is disjoint with ""Multi-author Volume"".
3. ""Paper"" is disjoint with ""Multi-author Volume"".
4. ""Programme Brochure"" is disjoint with ""Multi-author Volume"".
5. ""Review"" is disjoint with ""Multi-author Volume"".
6. ""Web Site"" is disjoint with ""Multi-author Volume"".
7. ""Multi-author Volume"" is a subclass of ""Document"".
8. ""Multi-author Volume"" is disjoint with ""Flyer"".
9. ""Multi-author Volume"" is disjoint with ""Paper"".
10. ""Multi-author Volume"" is disjoint with ""Programme Brochure"".
11. ""Multi-author Volume"" is disjoint with ""Review"".
12. ""Multi-author Volume"" is disjoint with ""Web Site"".The given subgraph describes a class hierarchy and relationships among different types of publications. Here is a natural language description of the subgraph:

1. There is a class denoted by a blank node (let's call it Class1) which is of type ""Class"".
2. Class1 is defined as a union of several types of publications.
3. The union includes:
   - A ""Multi-author Volume"".
   - A ""Programme Brochure"".
   - A ""Web Site"".
   - A ""Flyer"".
4. The ""Multi-author Volume"" is the first element in the union.
5. The ""Programme Brochure"" follows the ""Multi-author Volume"" in the union.
6. The ""Web Site"" follows the ""Programme Brochure"" in the union.
7. The ""Flyer"" follows the ""Web Site"" in the union.
8. The ""Flyer"" is the last element in the union, indicated by its rest being 'nil'.
9. The property ""publisherOf"" has a range that includes Class1.

In summary, Class1 is a union of various types of publications including multi-author volumes, programme brochures, web sites, and flyers, and the ""publisherOf"" property is associated with this class."
http://ekaw#Negative_Review,Target,Class,negative review,"In the context of a conference, a ""Negative Review"" refers to unfavorable feedback or criticism provided by attendees, speakers, or reviewers regarding various aspects of the event. This could include dissatisfaction with the organization, content, speakers, facilities, or overall experience. Negative reviews are important for organizers as they highlight areas that need improvement for future events.","Sure, here are the triples verbalised into phrases:

1. ""Neutral_Review"" is disjoint with ""Negative_Review"".
2. ""Positive_Review"" is disjoint with ""Negative_Review"".
3. ""Negative_Review"" is a subclass of ""Review"" and is disjoint with both ""Neutral_Review"" and ""Positive_Review""."
http://ekaw#Neutral_Review,Target,Class,neutral review,"In the context of a conference, a ""Neutral Review"" typically refers to an evaluation or assessment of a paper, presentation, or proposal that is neither particularly positive nor negative. It indicates that the reviewer found the submission to be average or satisfactory but not outstanding or particularly flawed. This type of review might highlight both strengths and weaknesses without a strong bias towards recommending acceptance or rejection.","Sure, here are the triples verbalised into phrases:

1. ""Negative_Review"" is disjoint with ""Neutral_Review"".
2. ""Positive_Review"" is disjoint with ""Neutral_Review"".
3. ""Neutral_Review"" is a subclass of ""Review"".
4. ""Neutral_Review"" is disjoint with ""Negative_Review"".
5. ""Neutral_Review"" is disjoint with ""Positive_Review""."
http://ekaw#OC_Chair,Target,Class,oc chair,"In the context of a conference, ""OC_Chair"" typically stands for ""Organizing Committee Chair."" This is the person who leads the organizing committee responsible for planning, coordinating, and executing the various aspects of the conference. The OC_Chair oversees tasks such as scheduling, logistics, speaker arrangements, and overall event management to ensure the conference runs smoothly.","The class ""OC_Chair"" is a subclass of the class ""OC_Member""."
http://ekaw#OC_Member,Target,Class,oc member,"In the context of a conference, ""OC_Member"" typically stands for ""Organizing Committee Member."" These are individuals who are part of the team responsible for planning, coordinating, and executing the various aspects of the conference. Their duties may include arranging speakers, managing logistics, handling registrations, and ensuring the overall smooth running of the event.","Sure, here are the triples verbalised into phrases:

1. ""OC_Chair"" is a subclass of ""OC_Member"".
2. ""OC_Member"" is a subclass of ""Conference_Participant""."
http://ekaw#Organisation,Target,Class,organization,"In the context of a conference, ""organisation"" refers to the planning, coordination, and management of the event. This includes tasks such as scheduling sessions, arranging speakers, securing venues, managing registrations, and ensuring that all logistical details are handled efficiently to ensure the smooth execution of the conference.","1. An Academic Institution is a subclass of an Organisation.
2. An Organising Agency is a subclass of an Organisation.
3. A Proceedings Publisher is a subclass of an Organisation.
4. The domain of ""publisherOf"" is an Organisation.
5. The domain of ""technicallyOrganises"" is an Organisation.
6. A Person is disjoint with an Organisation.
7. An Organisation is disjoint with a Person.The given subgraph can be described as follows:

There are two classes, each represented by a unique identifier. The first class, identified by '_:N95b6a148a33e462db5d2c56ee5f1286a', is a union of two lists. The first list, identified by '_:Nce81c4d7a1ad47ab93bba0bde53fe298', contains 'Organisation' as its first element and another list identified by '_:N61ca60bf5cb64fb1a88b2c1f14924003' as its rest. This second list contains 'Person' as its first element and 'nil' as its rest, indicating the end of the list.

The second class, identified by '_:N9acd012aaa7d4fb09356c3bc1f331dfd', is a union of another two lists. The first list, identified by '_:Naf2e35cb00b24f1badd20197ed89659c', contains 'Organisation' as its first element and another list identified by '_:N8b27dfffb3754021ab80b3cd9ac22423' as its rest. This second list contains 'Person' as its first element and 'nil' as its rest, indicating the end of the list.

Additionally, there are two properties: 'organises' and 'organisedBy'. The 'organises' property has a domain of the first class ('_:N95b6a148a33e462db5d2c56ee5f1286a'), and the 'organisedBy' property has a range of the second class ('_:N9acd012aaa7d4fb09356c3bc1f331dfd')."
http://ekaw#Organising_Agency,Target,Class,organizing agency,"In the context of a conference, the term ""Organising Agency"" refers to the entity or organization responsible for planning, coordinating, and executing the various aspects of the conference. This includes tasks such as selecting the venue, managing registrations, arranging speakers, handling logistics, marketing the event, and ensuring that the conference runs smoothly. The Organising Agency plays a crucial role in the overall success of the conference.","Sure, here are the triples verbalised into phrases:

1. ""Academic Institution"" is disjoint with ""Organising Agency.""
2. ""Organising Agency"" is a subclass of ""Organisation.""
3. ""Organising Agency"" is disjoint with ""Academic Institution.""

Note that the third phrase is essentially a repetition of the first one, as it conveys the same disjointness relationship."
http://ekaw#PC_Chair,Target,Class,pc chair,"In the context of a conference, ""PC_Chair"" stands for ""Program Committee Chair."" This individual is responsible for overseeing the program committee, which is tasked with organizing the conference's academic or professional program. The PC Chair's duties typically include coordinating the review process for submitted papers, selecting keynote speakers, scheduling sessions, and ensuring the overall quality and coherence of the conference program.","Sure, here are the triples verbalised into phrases:

1. ""Tutorial_Chair"" is disjoint with ""PC_Chair"".
2. ""Workshop_Chair"" is disjoint with ""PC_Chair"".
3. ""PC_Chair"" is a subclass of ""Conference_Participant"".
4. ""PC_Chair"" is a subclass of ""PC_Member"".
5. ""PC_Chair"" is disjoint with ""Tutorial_Chair"".
6. ""PC_Chair"" is disjoint with ""Workshop_Chair""."
http://ekaw#PC_Member,Target,Class,pc member,"In the context of a conference, ""PC_Member"" stands for ""Program Committee Member."" A Program Committee Member is typically responsible for reviewing submitted papers, providing feedback, and helping to decide which papers should be accepted for presentation at the conference. They play a crucial role in maintaining the quality and relevance of the conference content.","1. ""PC_Chair"" is a subclass of ""PC_Member"".
2. ""SC_Member"" is a subclass of ""PC_Member"".
3. ""Session_Chair"" is a subclass of ""PC_Member"".
4. ""Tutorial_Chair"" is a subclass of ""PC_Member"".
5. ""Workshop_Chair"" is a subclass of ""PC_Member"".
6. ""PC_Member"" is a subclass of ""Possible_Reviewer""."
http://ekaw#Paper,Target,Class,paper,"In the context of a conference, a ""paper"" typically refers to a written document that presents research findings, theories, or arguments on a specific topic. These papers are often submitted by researchers, scholars, or professionals and are reviewed by a committee before being accepted for presentation at the conference. The authors may then present their papers during sessions at the conference, where they can discuss their work and receive feedback from peers.","Sure, here are the triples verbalized into phrases:

1. A ""Camera_Ready_Paper"" is a subclass of ""Paper"".
2. A ""Conference_Paper"" is a subclass of ""Paper"".
3. A ""Demo_Paper"" is a subclass of ""Paper"".
4. An ""Industrial_Paper"" is a subclass of ""Paper"".
5. A ""Poster_Paper"" is a subclass of ""Paper"".
6. A ""Regular_Paper"" is a subclass of ""Paper"".
7. A ""Submitted_Paper"" is a subclass of ""Paper"".
8. A ""Workshop_Paper"" is a subclass of ""Paper"".
9. The property ""hasReview"" has a domain of ""Paper"".
10. The property ""hasReviewer"" has a domain of ""Paper"".
11. The property ""reviewOfPaper"" has a range of ""Paper"".
12. The property ""reviewerOfPaper"" has a range of ""Paper"".
13. A ""Flyer"" is disjoint with ""Paper"".
14. A ""Multi-author_Volume"" is disjoint with ""Paper"".
15. ""Proceedings"" is disjoint with ""Paper"".
16. A ""Programme_Brochure"" is disjoint with ""Paper"".
17. A ""Review"" is disjoint with ""Paper"".
18. A ""Web_Site"" is disjoint with ""Paper"".
19. A ""Paper"" is a subclass of ""Document"".
20. A ""Paper"" is disjoint with ""Flyer"", ""Multi-author_Volume"", ""Proceedings"", ""Programme_Brochure"", ""Review"", and ""Web_Site"".The given subgraph can be described in natural language as follows:

There are several classes and properties defined in the graph. 

1. There is a class represented by the identifier `_:N2d8ee42867db4ad5901b47fd3e7f781c`, which is a union of the class `_:N5120c3ccceda4a838207224fc81f28a8`. This class `_:N5120c3ccceda4a838207224fc81f28a8` contains the elements ""Abstract"" and ""Paper"".

2. Another class, `_:Nd7e2f002e3664e64a36c26740ddbc859`, is a union of the class `_:N83ea8612eed14e8b9e3b4e84f7bcdd7e`, which contains the element ""Paper"".

3. The class `_:N570421b4702c44b7809ab6047dcdbb19` is a union of the class `_:N6a20297cab554445a9c5bb997cb68b32`, which contains the elements ""Abstract"" and ""Paper"".

4. The class `_:N96e313c33de6495aa199a695b92c9e25` is a union of the class `_:N9ac989f86bc74a3d87a666e2c72ce46d`, which contains the elements ""Paper"" and ""Event"".

5. The class `_:N54f5974c2e2949229d86cf7daa61d9ad` contains the element ""Event"".

6. The property `presentationOfPaper` has a range of the class `_:N570421b4702c44b7809ab6047dcdbb19`.

7. The property `coversTopic` has a domain of the class `_:Nd7e2f002e3664e64a36c26740ddbc859`.

8. The property `paperPresentedAs` has a domain of the class `_:N2d8ee42867db4ad5901b47fd3e7f781c`.

9. The property `topicCoveredBy` has a range of the class `_:N96e313c33de6495aa199a695b92c9e25`.

In summary, the graph defines several classes and their unions, as well as properties that relate these classes to each other. The classes include ""Abstract"", ""Paper"", and ""Event"", and the properties define relationships such as presentation, coverage of topics, and the presentation format of papers."
http://ekaw#Paper_Author,Target,Class,paper author,"In the context of a conference, ""Paper_Author"" refers to the individual or group of individuals who have written and submitted a research paper or academic article to be presented at the conference. These authors are responsible for the content, research, and findings detailed in the paper.","The class ""Paper_Author"" is a subclass of the class ""Person""."
http://ekaw#Person,Target,Class,person,"In the context of a conference, a ""person"" typically refers to an individual who is attending or participating in the event. This could include speakers, attendees, organizers, panelists, or any other individuals involved in the conference activities.","1. An ""Agency_Staff_Member"" is a subclass of ""Person"".
2. A ""Conference_Participant"" is a subclass of ""Person"".
3. A ""Paper_Author"" is a subclass of ""Person"".
4. A ""Possible_Reviewer"" is a subclass of ""Person"".
5. A ""Student"" is a subclass of ""Person"".
6. The domain of ""authorOf"" is ""Person"".
7. The range of ""writtenBy"" is ""Person"".
8. ""Document"" is disjoint with ""Person"".
9. ""Event"" is disjoint with ""Person"".
10. ""Location"" is disjoint with ""Person"".
11. ""Organisation"" is disjoint with ""Person"".
12. ""Person"" is disjoint with ""Document"", ""Event"", ""Location"", and ""Organisation"".The given subgraph describes a structure involving classes, unions, and relationships between entities. Here is a natural language description of the subgraph:

1. There is a class that is a union of two entities: ""Organisation"" and another class.
2. The first entity in this union is ""Organisation"".
3. The second entity in this union is another class, which is also a union of ""Organisation"" and ""Person"".
4. The first entity in this second union is ""Organisation"".
5. The second entity in this second union is ""Person"".
6. The class that is a union of ""Organisation"" and ""Person"" is of type ""Class"".
7. The class that is a union of ""Organisation"" and another class is also of type ""Class"".
8. The relationship ""organises"" has a domain that is the class which is a union of ""Organisation"" and another class.
9. The relationship ""organisedBy"" has a range that is the class which is a union of ""Organisation"" and ""Person"".

In summary, the subgraph defines two classes that are unions of ""Organisation"" and ""Person"" in different configurations, and specifies the domains and ranges for the relationships ""organises"" and ""organisedBy""."
http://ekaw#Positive_Review,Target,Class,positive review,"In the context of a conference, a ""Positive Review"" refers to favorable feedback or evaluation given by attendees, speakers, or reviewers regarding various aspects of the conference. This could include praise for the quality of the presentations, the organization of the event, the relevance and impact of the topics discussed, the networking opportunities provided, and the overall experience. Positive reviews are often used to gauge the success of the conference and can influence future attendance and participation.","1. ""Negative_Review"" is disjoint with ""Positive_Review"".
2. ""Neutral_Review"" is disjoint with ""Positive_Review"".
3. ""Positive_Review"" is a subclass of ""Review"".
4. ""Positive_Review"" is disjoint with ""Negative_Review"".
5. ""Positive_Review"" is disjoint with ""Neutral_Review"".An ""Accepted Paper"" is a subclass of a restriction that specifies the following conditions: it must have at least one review, and at least one of these reviews must be a ""Positive Review""."
http://ekaw#Possible_Reviewer,Target,Class,possible reviewer,"In the context of a conference, a ""Possible_Reviewer"" refers to an individual who is being considered to review submissions, such as research papers or abstracts, for the conference. These individuals are typically experts in the relevant field or subject matter and are selected based on their knowledge, experience, and qualifications to provide an informed and unbiased evaluation of the submissions. The role of a reviewer is crucial in maintaining the quality and integrity of the conference proceedings.","Sure, here are the triples verbalised into phrases:

1. ""PC_Member"" is a subclass of ""Possible_Reviewer"".
2. The property ""hasReviewer"" has a range of ""Possible_Reviewer"".
3. The property ""reviewWrittenBy"" has a range of ""Possible_Reviewer"".
4. The property ""reviewerOfPaper"" has a domain of ""Possible_Reviewer"".
5. ""Possible_Reviewer"" is a subclass of ""Person""."
http://ekaw#Poster_Paper,Target,Class,poster paper,"In the context of a conference, a ""Poster Paper"" refers to a type of academic presentation where researchers display their work on a large poster. This format allows for visual representation of the research, including key points, data, and findings. During designated poster sessions, conference attendees can walk around, view the posters, and engage in one-on-one discussions with the authors. This format is often used to facilitate informal, interactive exchanges and to allow researchers to present their work in a more visual and accessible manner.","Sure, here are the triples verbalised into phrases:

1. ""Demo_Paper"" is disjoint with ""Poster_Paper"".
2. ""Industrial_Paper"" is disjoint with ""Poster_Paper"".
3. ""Regular_Paper"" is disjoint with ""Poster_Paper"".
4. ""Poster_Paper"" is a subclass of ""Paper"".
5. ""Poster_Paper"" is disjoint with ""Demo_Paper"".
6. ""Poster_Paper"" is disjoint with ""Industrial_Paper"".
7. ""Poster_Paper"" is disjoint with ""Regular_Paper""."
http://ekaw#Poster_Session,Target,Class,poster session,"In the context of a conference, a ""Poster Session"" is an event where researchers and presenters display their work on posters. These posters typically summarize research findings, methodologies, and conclusions in a visually engaging format. During the session, attendees can walk around, view the posters, and engage in discussions with the presenters, who are usually available to explain their work and answer questions. Poster sessions provide an interactive platform for networking, feedback, and knowledge exchange among participants.","Sure, here are the triples verbalised into phrases:

1. ""Demo_Session"" is disjoint with ""Poster_Session"".
2. ""Regular_Session"" is disjoint with ""Poster_Session"".
3. ""Poster_Session"" is a subclass of ""Session"".
4. ""Poster_Session"" is disjoint with ""Demo_Session"".
5. ""Poster_Session"" is disjoint with ""Regular_Session""."
http://ekaw#Presenter,Target,Class,presenter,"In the context of a conference, a ""Presenter"" is an individual who delivers a speech, lecture, or presentation to an audience. This person is responsible for sharing information, insights, research findings, or other relevant content related to the conference's theme or subject matter. The presenter typically uses visual aids, such as slides or videos, to enhance their presentation and engage the audience.","Sure, here are the triples verbalised into phrases:

1. ""Invited_Speaker"" is a subclass of ""Presenter"".
2. ""Presenter"" is a subclass of ""Conference_Participant""."
http://ekaw#Proceedings,Target,Class,proceedings,"In the context of a conference, ""proceedings"" refer to the official record of the events, presentations, discussions, and papers presented during the conference. These documents are often compiled and published as a collection, providing a comprehensive account of the contributions made by participants. Proceedings serve as a valuable resource for those who attended the conference as well as for others who are interested in the topics covered.","1. ""Conference_Proceedings"" is a subclass of ""Proceedings"".
2. ""Flyer"" is disjoint with ""Proceedings"".
3. ""Paper"" is disjoint with ""Proceedings"".
4. ""Programme_Brochure"" is disjoint with ""Proceedings"".
5. ""Review"" is disjoint with ""Proceedings"".
6. ""Web_Site"" is disjoint with ""Proceedings"".
7. ""Proceedings"" is a subclass of ""Multi-author_Volume"".
8. ""Proceedings"" is disjoint with ""Flyer"".
9. ""Proceedings"" is disjoint with ""Paper"".
10. ""Proceedings"" is disjoint with ""Programme_Brochure"".
11. ""Proceedings"" is disjoint with ""Review"".
12. ""Proceedings"" is disjoint with ""Web_Site"".The class ""Proceedings"" has two restrictions:

1. The first restriction specifies that ""Proceedings"" must have at least one instance of the property ""volumeContainsPaper"".
2. The second restriction specifies that all values of the property ""volumeContainsPaper"" for ""Proceedings"" must be either an ""Accepted_Paper"" or an ""Invited_Talk_Abstract""."
http://ekaw#Proceedings_Publisher,Target,Class,proceedings publisher,"In the context of a conference, ""Proceedings_Publisher"" refers to the entity or organization responsible for publishing the conference proceedings. Conference proceedings are a collection of academic papers presented at the conference. The publisher ensures that these papers are compiled, edited, and made available to the public, often in the form of a book, journal, or digital archive. The Proceedings_Publisher plays a crucial role in disseminating the research and findings shared during the conference to a wider audience.","The class ""Proceedings_Publisher"" is a subclass of the class ""Organisation""."
http://ekaw#Programme_Brochure,Target,Class,program brochure,"In the context of a conference, a ""Programme Brochure"" is a document or booklet that provides detailed information about the event. It typically includes the schedule of sessions, keynote speakers, workshop details, venue information, and other relevant details that attendees need to know. The brochure serves as a guide to help participants navigate the conference and make the most of the sessions and activities offered.","1. A ""Flyer"" is disjoint with a ""Programme_Brochure"".
2. A ""Multi-author_Volume"" is disjoint with a ""Programme_Brochure"".
3. A ""Paper"" is disjoint with a ""Programme_Brochure"".
4. ""Proceedings"" are disjoint with a ""Programme_Brochure"".
5. A ""Review"" is disjoint with a ""Programme_Brochure"".
6. A ""Web_Site"" is disjoint with a ""Programme_Brochure"".
7. A ""Programme_Brochure"" is a subclass of ""Document"".
8. A ""Programme_Brochure"" is disjoint with a ""Flyer"".
9. A ""Programme_Brochure"" is disjoint with a ""Multi-author_Volume"".
10. A ""Programme_Brochure"" is disjoint with a ""Paper"".
11. A ""Programme_Brochure"" is disjoint with ""Proceedings"".
12. A ""Programme_Brochure"" is disjoint with a ""Review"".
13. A ""Programme_Brochure"" is disjoint with a ""Web_Site"".The given subgraph can be described in natural language as follows:

There are several classes and lists defined in the graph. 

1. There is a class denoted by a blank node `_:N4150287d76804002908b0e86ccbf68ab`, which is a union of another list denoted by `_:Nc8cfe4ee613f403aa1ecb2d505abf055`. This list contains the first element `Programme_Brochure` and has a rest element `_:Nb76d9952f45c4f0fb05547fabfa8bdde`. The rest element `_:Nb76d9952f45c4f0fb05547fabfa8bdde` contains the first element `Web_Site` and has no further elements (rest is `nil`).

2. Another class is denoted by `_:N1078bc1bb95c445a9f666f7e2391c00f`, which is a union of a list denoted by `_:Nd4f39784165a42929c6e70496c923f55`. This list contains the first element `Multi-author_Volume` and has a rest element `_:N921ea340a15342289978796cc57435e2`. The rest element `_:N921ea340a15342289978796cc57435e2` contains the first element `Programme_Brochure` and has a rest element `_:Ncd1bd4250a9547928324bd0f6f9b2ee4`. The rest element `_:Ncd1bd4250a9547928324bd0f6f9b2ee4` contains the first element `Web_Site` and has a rest element `_:Nd0cd2eb30b0f4bb3b4d33b6315bb1593`. The rest element `_:Nd0cd2eb30b0f4bb3b4d33b6315bb1593` contains the first element `Flyer` and has no further elements (rest is `nil`).

3. There is a class denoted by `_:N1567e6f7943147eb881db8d4373d4544`, which is a union of a list denoted by `_:Nda4761c5cabb4fb0abf04be5a3945831`. This list contains the first element `Programme_Brochure` and has a rest element `_:Nd7dfd6edc06c44a59a2382a074c8da8d`. The rest element `_:Nd7dfd6edc06c44a59a2382a074c8da8d` contains the first element `Web_Site` and has no further elements (rest is `nil`).

4. The property `listsEvent` has a domain of the class denoted by `_:N4150287d76804002908b0e86ccbf68ab`.

5. The property `eventOnList` has a range of the class denoted by `_:N1567e6f7943147eb881db8d4373d4544`.

6. The property `publisherOf` has a range of the class denoted by `_:N1078bc1bb95c445a9f666f7e2391c00f`.

In summary, the graph defines several classes and their relationships through union lists, as well as properties with specified domains and ranges."
http://ekaw#Regular_Paper,Target,Class,regular paper,"In the context of a conference, a ""Regular Paper"" typically refers to a standard research paper that is submitted for consideration to be presented at the conference. These papers usually undergo a peer-review process where experts in the field evaluate the quality, originality, and significance of the research. If accepted, the authors are often invited to present their findings during the conference sessions, and the paper may be included in the conference proceedings. Regular Papers are distinct from other types of submissions such as short papers, posters, or workshop papers, which may have different requirements and review processes.","Sure, here are the triples verbalised into phrases:

1. A ""Demo_Paper"" is disjoint with a ""Regular_Paper"".
2. An ""Industrial_Paper"" is disjoint with a ""Regular_Paper"".
3. A ""Poster_Paper"" is disjoint with a ""Regular_Paper"".
4. A ""Regular_Paper"" is a subclass of ""Paper"".
5. A ""Regular_Paper"" is disjoint with a ""Demo_Paper"".
6. A ""Regular_Paper"" is disjoint with an ""Industrial_Paper"".
7. A ""Regular_Paper"" is disjoint with a ""Poster_Paper""."
http://ekaw#Regular_Session,Target,Class,regular session,"In the context of a conference, a ""Regular Session"" refers to a scheduled period during which presentations, discussions, or lectures on specific topics are conducted. These sessions are typically part of the main agenda and are designed to provide attendees with insights, knowledge, and updates related to the conference's theme or subject matter. Regular sessions are usually planned in advance and are a core component of the conference program.","Sure, here are the triples verbalised into phrases:

1. ""Demo_Session"" is disjoint with ""Regular_Session"".
2. ""Poster_Session"" is disjoint with ""Regular_Session"".
3. ""Regular_Session"" is a subclass of ""Session"".
4. ""Regular_Session"" is disjoint with ""Demo_Session"".
5. ""Regular_Session"" is disjoint with ""Poster_Session""."
http://ekaw#Rejected_Paper,Target,Class,rejected paper,"In the context of a conference, a ""Rejected_Paper"" refers to a research paper or academic submission that has been reviewed by the conference's peer review committee and has not been accepted for presentation or publication. This rejection could be due to various reasons such as the paper not meeting the conference's standards, relevance, originality, or quality criteria.","Sure, here are the triples verbalised into phrases:

1. ""Accepted_Paper"" is disjoint with ""Rejected_Paper"".
2. ""Rejected_Paper"" is a subclass of ""Evaluated_Paper"".
3. ""Rejected_Paper"" is disjoint with ""Accepted_Paper""."
http://ekaw#Research_Institute,Target,Class,research institute,"In the context of a conference, a ""Research Institute"" refers to an organization or establishment dedicated to conducting research in a specific field or a variety of disciplines. These institutes often participate in conferences to present their findings, collaborate with other researchers, and stay updated on the latest developments in their areas of expertise. They may also host or sponsor conferences to facilitate the exchange of knowledge and ideas within the research community.","The class ""Research Institute"" is a subclass of the class ""Academic Institution""."
http://ekaw#Research_Topic,Target,Class,research topic,"In the context of a conference, a ""Research Topic"" refers to a specific subject or area of study that is being investigated and discussed. It is the focal point around which research papers, presentations, and discussions are centered. Researchers and scholars present their findings, share insights, and engage in discussions related to this topic during the conference sessions. The research topic helps to organize the conference content and allows participants to focus on particular areas of interest within the broader field of study.","Sure, here are the triples verbalised into phrases:

1. The property ""coversTopic"" has a range of ""Research_Topic"".
2. The property ""topicCoveredBy"" has a domain of ""Research_Topic""."
http://ekaw#Review,Target,Class,review,"In the context of a conference, a ""review"" typically refers to the evaluation or assessment of submitted papers, presentations, or proposals by a panel of experts or peers. This process is crucial for maintaining the quality and relevance of the conference content. Reviewers provide feedback, suggest improvements, and recommend whether a submission should be accepted, revised, or rejected.","1. ""Negative_Review"" is a subclass of ""Review"".
2. ""Neutral_Review"" is a subclass of ""Review"".
3. ""Positive_Review"" is a subclass of ""Review"".
4. The range of ""hasReview"" is ""Review"".
5. The domain of ""reviewOfPaper"" is ""Review"".
6. The domain of ""reviewWrittenBy"" is ""Review"".
7. ""Flyer"" is disjoint with ""Review"".
8. ""Multi-author_Volume"" is disjoint with ""Review"".
9. ""Paper"" is disjoint with ""Review"".
10. ""Proceedings"" is disjoint with ""Review"".
11. ""Programme_Brochure"" is disjoint with ""Review"".
12. ""Web_Site"" is disjoint with ""Review"".
13. ""Review"" is a subclass of ""Document"".
14. ""Review"" is disjoint with ""Flyer"", ""Multi-author_Volume"", ""Paper"", ""Proceedings"", ""Programme_Brochure"", and ""Web_Site""."
http://ekaw#SC_Member,Target,Class,sc member,"In the context of a conference, ""SC_Member"" typically refers to a member of the Steering Committee. The Steering Committee is a group of individuals responsible for guiding and overseeing the planning, organization, and execution of the conference. They play a crucial role in decision-making processes, setting the agenda, and ensuring that the conference meets its objectives.","The class ""SC_Member"" is a subclass of the class ""PC_Member""."
http://ekaw#Scientific_Event,Target,Class,scientific event,"In the context of a conference, a ""Scientific_Event"" refers to a gathering or meeting where researchers, scientists, and professionals come together to present, discuss, and exchange knowledge about their latest findings, theories, and advancements in a specific field of science. This can include presentations, lectures, poster sessions, workshops, and panel discussions. The primary goal of such events is to foster collaboration, inspire new ideas, and advance the collective understanding of scientific topics.","Sure, here are the triples verbalised into phrases:

1. A Conference is a subclass of a Scientific Event.
2. An Individual Presentation is a subclass of a Scientific Event.
3. A Session is a subclass of a Scientific Event.
4. A Track is a subclass of a Scientific Event.
5. A Workshop is a subclass of a Scientific Event.
6. A Scientific Event is a subclass of an Event."
http://ekaw#Session,Target,Class,session,"In the context of a conference, a ""session"" refers to a specific period of time during which a particular topic, presentation, discussion, or set of activities takes place. Sessions are typically scheduled in advance and can include keynote speeches, panel discussions, workshops, or breakout groups. Each session is designed to focus on a specific subject matter or theme relevant to the overall conference agenda.","1. A ""Conference_Session"" is a subclass of ""Session"".
2. A ""Demo_Session"" is a subclass of ""Session"".
3. A ""Poster_Session"" is a subclass of ""Session"".
4. A ""Regular_Session"" is a subclass of ""Session"".
5. A ""Workshop_Session"" is a subclass of ""Session"".
6. A ""Conference"" is disjoint with ""Session"".
7. A ""Contributed_Talk"" is disjoint with ""Session"".
8. An ""Invited_Talk"" is disjoint with ""Session"".
9. A ""Track"" is disjoint with ""Session"".
10. A ""Tutorial"" is disjoint with ""Session"".
11. A ""Workshop"" is disjoint with ""Session"".
12. A ""Session"" is a subclass of ""Scientific_Event"".
13. A ""Session"" is disjoint with ""Conference"".
14. A ""Session"" is disjoint with ""Contributed_Talk"".
15. A ""Session"" is disjoint with ""Invited_Talk"".
16. A ""Session"" is disjoint with ""Track"".
17. A ""Session"" is disjoint with ""Tutorial"".
18. A ""Session"" is disjoint with ""Workshop"".The given subgraph describes a set of relationships and classifications involving sessions, events, and their components. Here is a natural language description of the subgraph:

1. **Session Classification**:
   - A ""Session"" is a subclass of two restrictions:
     - The first restriction specifies that a session must be part of an event, where the event can be either a ""Conference"" or a ""Track"".
     - The second restriction specifies that a session must have an event that is an ""Individual Presentation"".

2. **Event Classification**:
   - The class of events that a session can be part of is defined as a union of ""Conference"" and ""Track"".
   - The class of events that a session can have is defined as ""Individual Presentation"".

3. **Track and Conference**:
   - ""Track"" and ""Conference"" are both part of the union class that defines the possible events a session can be part of.

4. **Workshop**:
   - ""Workshop"" is mentioned as part of the union class that defines the possible events a session can be part of, but it is not directly connected to the session classification.

5. **Restrictions**:
   - There are two main restrictions:
     - One restriction involves the property ""partOfEvent"" and specifies that the values must be from a class that is a union of ""Conference"" and ""Track"".
     - Another restriction involves the property ""hasEvent"" and specifies that the values must be ""Individual Presentation"".

In summary, a session is defined as an event that must be part of either a conference or a track and must include an individual presentation."
http://ekaw#Session_Chair,Target,Class,session chair,"In the context of a conference, a ""Session Chair"" is an individual responsible for overseeing and managing a specific session or segment of the conference. Their duties typically include introducing speakers, ensuring that the session runs on schedule, facilitating discussions, and managing audience questions. The Session Chair plays a crucial role in maintaining the flow and timing of the session, ensuring that it proceeds smoothly and efficiently.","The class ""Session_Chair"" is a subclass of both ""Conference_Participant"" and ""PC_Member""."
http://ekaw#Social_Event,Target,Class,social event,"In the context of a conference, a ""Social Event"" refers to organized activities or gatherings designed to facilitate networking, relaxation, and informal interaction among attendees. These events can include dinners, cocktail parties, receptions, or other social gatherings that provide opportunities for participants to connect, share ideas, and build relationships outside the formal sessions of the conference.","1. ""Conference_Banquet"" is a subclass of ""Social_Event"".
2. ""Conference_Trip"" is a subclass of ""Social_Event"".
3. ""Conference"" is disjoint with ""Social_Event"".
4. ""Contributed_Talk"" is disjoint with ""Social_Event"".
5. ""Invited_Talk"" is disjoint with ""Social_Event"".
6. ""Track"" is disjoint with ""Social_Event"".
7. ""Tutorial"" is disjoint with ""Social_Event"".
8. ""Workshop"" is disjoint with ""Social_Event"".
9. ""Social_Event"" is a subclass of ""Event"".
10. ""Social_Event"" is disjoint with ""Conference"".
11. ""Social_Event"" is disjoint with ""Contributed_Talk"".
12. ""Social_Event"" is disjoint with ""Invited_Talk"".
13. ""Social_Event"" is disjoint with ""Track"".
14. ""Social_Event"" is disjoint with ""Tutorial"".
15. ""Social_Event"" is disjoint with ""Workshop""."
http://ekaw#Student,Target,Class,student,"In the context of a conference, a ""student"" typically refers to an individual who is currently enrolled in an educational institution, such as a school, college, or university, and is attending the conference to learn, gain knowledge, or engage in academic or professional development activities. Students at conferences may participate in workshops, presentations, and networking opportunities to enhance their understanding of the subject matter and to connect with experts and peers in their field of study.","The class ""Student"" is a subclass of the class ""Person""."
http://ekaw#Submitted_Paper,Target,Class,submitted paper,"In the context of a conference, a ""Submitted_Paper"" refers to a research paper or academic article that an author or group of authors has submitted to the conference organizers for consideration. The paper typically undergoes a review process where it is evaluated by experts in the field to determine its suitability for presentation at the conference. If accepted, the paper may be presented during the conference sessions and possibly included in the conference proceedings.","Sure, here are the triples verbalised into phrases:

1. ""Assigned_Paper"" is a subclass of ""Submitted_Paper"".
2. ""Camera_Ready_Paper"" is disjoint with ""Submitted_Paper"".
3. ""Submitted_Paper"" is a subclass of ""Paper"".
4. ""Submitted_Paper"" is disjoint with ""Camera_Ready_Paper""."
http://ekaw#Track,Target,Class,track,"In the context of a conference, a ""track"" refers to a specific thematic or subject area within the larger event. Conferences often have multiple tracks running concurrently, each focusing on a different topic or field of interest. Attendees can choose to follow a particular track that aligns with their interests or professional needs, attending sessions, workshops, and presentations that fall under that specific theme. For example, a technology conference might have separate tracks for software development, cybersecurity, artificial intelligence, and data science.","1. A ""Conference"" is disjoint with a ""Track"".
2. A ""Contributed Talk"" is disjoint with a ""Track"".
3. An ""Invited Talk"" is disjoint with a ""Track"".
4. A ""Session"" is disjoint with a ""Track"".
5. A ""Social Event"" is disjoint with a ""Track"".
6. A ""Tutorial"" is disjoint with a ""Track"".
7. A ""Workshop"" is disjoint with a ""Track"".
8. A ""Track"" is a subclass of a ""Scientific Event"".
9. A ""Track"" is disjoint with a ""Conference"".
10. A ""Track"" is disjoint with a ""Contributed Talk"".
11. A ""Track"" is disjoint with an ""Invited Talk"".
12. A ""Track"" is disjoint with a ""Session"".
13. A ""Track"" is disjoint with a ""Social Event"".
14. A ""Track"" is disjoint with a ""Tutorial"".
15. A ""Track"" is disjoint with a ""Workshop"".The given subgraph can be described in natural language as follows:

A ""Session"" is a subclass of a restriction that applies to the property ""partOfEvent"". This restriction specifies that the values for ""partOfEvent"" must be instances of a class that is defined as a union of ""Conference"", ""Track"", and ""Workshop""."
http://ekaw#Tutorial,Target,Class,tutorial,"In the context of a conference, a ""tutorial"" refers to a session or workshop designed to provide attendees with in-depth instruction on a specific topic or skill. These sessions are typically led by experts and are intended to be educational, offering participants the opportunity to learn new techniques, tools, or concepts in a more interactive and hands-on manner compared to standard presentations or lectures.","1. A ""Conference"" is disjoint with a ""Tutorial"".
2. A ""Contributed Talk"" is disjoint with a ""Tutorial"".
3. An ""Invited Talk"" is disjoint with a ""Tutorial"".
4. A ""Session"" is disjoint with a ""Tutorial"".
5. A ""Social Event"" is disjoint with a ""Tutorial"".
6. A ""Track"" is disjoint with a ""Tutorial"".
7. A ""Workshop"" is disjoint with a ""Tutorial"".
8. A ""Tutorial"" is a subclass of ""Individual Presentation"".
9. A ""Tutorial"" is disjoint with a ""Conference"".
10. A ""Tutorial"" is disjoint with a ""Contributed Talk"".
11. A ""Tutorial"" is disjoint with an ""Invited Talk"".
12. A ""Tutorial"" is disjoint with a ""Session"".
13. A ""Tutorial"" is disjoint with a ""Social Event"".
14. A ""Tutorial"" is disjoint with a ""Track"".
15. A ""Tutorial"" is disjoint with a ""Workshop""."
http://ekaw#Tutorial_Abstract,Target,Class,tutorial abstract,"In the context of a conference, a ""Tutorial_Abstract"" refers to a brief summary or overview of a tutorial session that will be presented at the event. This abstract typically includes key information such as the topic of the tutorial, the main points or skills that will be covered, the intended audience, and the qualifications of the presenter. The purpose of the Tutorial_Abstract is to provide potential attendees with enough information to decide whether the tutorial is relevant and beneficial for them to attend.","The class ""Tutorial_Abstract"" is a subclass of the class ""Abstract""."
http://ekaw#Tutorial_Chair,Target,Class,tutorial chair,"In the context of a conference, the ""Tutorial Chair"" is a person responsible for organizing and overseeing the tutorial sessions. These sessions are typically educational presentations or workshops designed to provide attendees with in-depth knowledge on specific topics related to the conference theme. The Tutorial Chair's duties may include selecting tutorial topics, recruiting and coordinating with presenters, scheduling sessions, and ensuring that the tutorials run smoothly.","Sure, here are the triples verbalised into phrases:

1. ""PC_Chair"" is disjoint with ""Tutorial_Chair"".
2. ""Tutorial_Chair"" is a subclass of ""Conference_Participant"".
3. ""Tutorial_Chair"" is a subclass of ""PC_Member"".
4. ""Tutorial_Chair"" is disjoint with ""PC_Chair""."
http://ekaw#University,Target,Class,university,"In the context of a conference, a ""university"" refers to an institution of higher education and research, which grants academic degrees in various fields. Universities provide a setting for scholars, researchers, and students to engage in advanced learning, share knowledge, and collaborate on academic and professional projects. At a conference, representatives from universities might present research findings, participate in discussions, and network with peers from other institutions.","The class ""University"" is a subclass of the class ""Academic Institution""."
http://ekaw#Web_Site,Target,Class,web site,"In the context of a conference, a ""Web_Site"" refers to an online platform or a collection of web pages that provide information about the conference. This can include details such as the conference schedule, speaker bios, registration information, venue details, and any other relevant updates or resources for attendees. The website serves as a central hub for all information related to the conference, making it easier for participants to access and stay informed.","1. A ""Flyer"" is disjoint with a ""Web_Site"".
2. A ""Multi-author_Volume"" is disjoint with a ""Web_Site"".
3. A ""Paper"" is disjoint with a ""Web_Site"".
4. ""Proceedings"" are disjoint with a ""Web_Site"".
5. A ""Programme_Brochure"" is disjoint with a ""Web_Site"".
6. A ""Review"" is disjoint with a ""Web_Site"".
7. A ""Web_Site"" is a subclass of ""Document"".
8. A ""Web_Site"" is disjoint with a ""Flyer"".
9. A ""Web_Site"" is disjoint with a ""Multi-author_Volume"".
10. A ""Web_Site"" is disjoint with a ""Paper"".
11. A ""Web_Site"" is disjoint with ""Proceedings"".
12. A ""Web_Site"" is disjoint with a ""Programme_Brochure"".
13. A ""Web_Site"" is disjoint with a ""Review"".The given subgraph can be described in natural language as follows:

There are several classes and lists defined in the subgraph. 

1. There is a class denoted by a blank node `_:N4150287d76804002908b0e86ccbf68ab`, which is a union of another list denoted by `_:Nc8cfe4ee613f403aa1ecb2d505abf055`. This list contains the first element `Programme_Brochure` and has a rest element `_:Nb76d9952f45c4f0fb05547fabfa8bdde`. The list `_:Nb76d9952f45c4f0fb05547fabfa8bdde` contains the first element `Web_Site` and has no further elements (rest is `nil`).

2. Another class is denoted by `_:N1078bc1bb95c445a9f666f7e2391c00f`, which is a union of a list denoted by `_:Nd4f39784165a42929c6e70496c923f55`. This list contains the first element `Multi-author_Volume` and has a rest element `_:N921ea340a15342289978796cc57435e2`. The list `_:N921ea340a15342289978796cc57435e2` contains the first element `Programme_Brochure` and has a rest element `_:Ncd1bd4250a9547928324bd0f6f9b2ee4`. The list `_:Ncd1bd4250a9547928324bd0f6f9b2ee4` contains the first element `Web_Site` and has a rest element `_:Nd0cd2eb30b0f4bb3b4d33b6315bb1593`. The list `_:Nd0cd2eb30b0f4bb3b4d33b6315bb1593` contains the first element `Flyer` and has no further elements (rest is `nil`).

3. There is another class denoted by `_:N1567e6f7943147eb881db8d4373d4544`, which is a union of a list denoted by `_:Nda4761c5cabb4fb0abf04be5a3945831`. This list contains the first element `Programme_Brochure` and has a rest element `_:Nd7dfd6edc06c44a59a2382a074c8da8d`. The list `_:Nd7dfd6edc06c44a59a2382a074c8da8d` contains the first element `Web_Site` and has no further elements (rest is `nil`).

4. The property `listsEvent` has a domain of the class denoted by `_:N4150287d76804002908b0e86ccbf68ab`.

5. The property `eventOnList` has a range of the class denoted by `_:N1567e6f7943147eb881db8d4373d4544`.

6. The property `publisherOf` has a range of the class denoted by `_:N1078bc1bb95c445a9f666f7e2391c00f`.

In summary, the subgraph describes a set of classes and lists, with specific elements and relationships between them, including properties that define domains and ranges for certain events and publishers."
http://ekaw#Workshop,Target,Class,workshop,"In the context of a conference, a workshop refers to a session where participants engage in interactive activities, discussions, and hands-on exercises to learn about a specific topic or develop particular skills. Unlike traditional lectures, workshops are typically more participatory and collaborative, allowing attendees to actively engage with the material and with each other.","1. A Conference is disjoint with a Workshop.
2. An Individual Presentation is disjoint with a Workshop.
3. An Invited Talk is disjoint with a Workshop.
4. A Session is disjoint with a Workshop.
5. A Social Event is disjoint with a Workshop.
6. A Track is disjoint with a Workshop.
7. A Tutorial is disjoint with a Workshop.
8. A Workshop is a subclass of a Scientific Event.
9. A Workshop is disjoint with a Conference.
10. A Workshop is disjoint with an Individual Presentation.
11. A Workshop is disjoint with an Invited Talk.
12. A Workshop is disjoint with a Session.
13. A Workshop is disjoint with a Social Event.
14. A Workshop is disjoint with a Track.
15. A Workshop is disjoint with a Tutorial.The given subgraph can be described in natural language as follows:

A ""Session"" is a subclass of two restrictions. The first restriction specifies that a ""Session"" must be part of an event that is either a ""Conference"" or a ""Workshop"". The second restriction specifies that a ""Session"" must be part of an event that belongs to a class which is a union of ""Conference"" and ""Track"".

To break it down further:
1. A ""Session"" is a subclass of a restriction where the property ""partOfEvent"" must have values from a class that is a union of ""Conference"" and ""Track"".
2. A ""Session"" is also a subclass of another restriction where the property ""partOfEvent"" must have values from a class that is a union of ""Conference"" and ""Workshop"".

Additionally, the class that is a union of ""Conference"" and ""Workshop"" is explicitly defined, as is the class that is a union of ""Conference"" and ""Track""."
http://ekaw#Workshop_Chair,Target,Class,workshop chair,"In the context of a conference, the term ""Workshop Chair"" refers to the individual responsible for organizing and overseeing a specific workshop within the conference. This role typically includes tasks such as selecting topics, coordinating with speakers or presenters, managing the workshop schedule, and ensuring that the workshop runs smoothly. The Workshop Chair plays a crucial role in ensuring that the workshop meets its objectives and provides value to the participants.","Sure, here are the triples verbalised into phrases:

1. ""PC_Chair"" is disjoint with ""Workshop_Chair"".
2. ""Workshop_Chair"" is a subclass of ""Conference_Participant"".
3. ""Workshop_Chair"" is a subclass of ""PC_Member"".
4. ""Workshop_Chair"" is disjoint with ""PC_Chair""."
http://ekaw#Workshop_Paper,Target,Class,workshop paper,"In the context of a conference, a ""Workshop Paper"" refers to a research paper that is submitted and presented as part of a workshop session within the conference. Workshops are typically smaller, more focused sessions that delve into specific topics or emerging areas of research. These papers often undergo a review process and are selected based on their relevance and quality. The goal of a workshop paper is to foster discussion, receive feedback, and collaborate with other researchers who have similar interests.","Sure, here are the triples verbalized into phrases:

1. ""Conference_Paper"" is disjoint with ""Workshop_Paper"".
2. ""Industrial_Paper"" is disjoint with ""Workshop_Paper"".
3. ""Workshop_Paper"" is a subclass of ""Paper"".
4. ""Workshop_Paper"" is disjoint with ""Conference_Paper"".
5. ""Workshop_Paper"" is disjoint with ""Industrial_Paper""."
http://ekaw#Workshop_Session,Target,Class,workshop session,"In the context of a conference, a ""Workshop_Session"" refers to a scheduled period during which participants engage in interactive, hands-on activities or discussions focused on a specific topic or skill. These sessions are typically designed to be more participatory and practical compared to traditional lecture-style presentations, allowing attendees to actively engage, practice new skills, and collaborate with others.","Sure, here are the triples verbalised into phrases:

1. ""Conference_Session"" is disjoint with ""Workshop_Session"".
2. ""Workshop_Session"" is a subclass of ""Session"".
3. ""Workshop_Session"" is disjoint with ""Conference_Session""."
http://ekaw#authorOf,Target,Property,author of,"In the context of a conference, ""authorOf"" typically refers to the individual or individuals who have written a paper, article, or presentation that is being presented or discussed at the conference. It denotes the creator(s) of the intellectual content being shared. For example, if a research paper is being presented at a conference, the ""authorOf"" the paper would be the person or people who conducted the research and wrote the paper.","The property ""authorOf"" has a domain of ""Person"" and a range of ""Document"". This means that ""authorOf"" is a relationship where a ""Person"" is the author of a ""Document""."
http://ekaw#coversTopic,Target,Property,covers topic,"In the context of a conference, ""coversTopic"" refers to the specific subjects or themes that a particular session, presentation, or discussion addresses. It indicates the range of topics that will be discussed or explored during that segment of the conference. For example, a session might cover topics such as ""emerging technologies in healthcare,"" ""sustainable business practices,"" or ""advancements in artificial intelligence.""","The property ""coversTopic"" has a range of ""Research_Topic"".The subgraph describes a class that is a union of two elements: ""Paper"" and ""Event"". This class is of type ""Class"". Additionally, the ""coversTopic"" property has a domain that includes this class."
http://ekaw#eventOnList,Target,Property,event on list,"In the context of a conference, ""eventOnList"" typically refers to an event that is scheduled and included in the official list or agenda of the conference. This could be a keynote speech, a panel discussion, a workshop, or any other type of session that is part of the conference program. The term indicates that the event is recognized and planned as part of the overall conference schedule.","The property ""eventOnList"" has a domain of ""Event"".The subgraph describes a class that is a union of two items: ""Programme Brochure"" and ""Web Site"". The class is referred to by a blank node identifier. The ""Programme Brochure"" is the first item in a list, followed by another blank node which contains ""Web Site"" as its first item and ends with ""nil"", indicating the end of the list. This class is the range of the property ""eventOnList""."
http://ekaw#hasEvent,Target,Property,has event,"In the context of a conference, ""hasEvent"" typically refers to the inclusion or occurrence of specific events within the overall schedule of the conference. These events can include keynote speeches, panel discussions, workshops, networking sessions, and other activities that are part of the conference program. Essentially, ""hasEvent"" indicates that the conference features various planned activities or sessions.","Sure, here are the triples verbalised into phrases:

1. The property ""hasEvent"" has a domain of ""Event"".
2. The property ""hasEvent"" has a range of ""Event"".
3. The property ""hasEvent"" is a subproperty of ""hasPart"".The class ""Session"" is a subclass of a restriction that specifies that it must have at least one event of type ""Individual Presentation""."
http://ekaw#hasPart,Target,Property,has part,"In the context of a conference, ""hasPart"" refers to the relationship between the conference as a whole and its individual components or segments. These parts can include various sessions, workshops, presentations, panels, or other events that collectively make up the entire conference. Essentially, ""hasPart"" indicates that the conference is composed of these smaller, constituent elements.","Sure, here are the triples verbalised into phrases:

1. The property ""hasEvent"" is a subproperty of the property ""hasPart"".
2. The property ""inverse_of_partOf_7"" is a subproperty of the property ""hasPart""."
http://ekaw#hasReview,Target,Property,has review,"In the context of a conference, ""hasReview"" typically refers to whether a submitted paper or abstract has undergone a review process. This process usually involves evaluation by experts or peers in the relevant field to assess the quality, validity, and significance of the work before it is accepted for presentation at the conference. If a submission ""hasReview,"" it means it has been reviewed and critiqued by reviewers.","The property ""hasReview"" has a domain of ""Paper"" and a range of ""Review"". This means that ""hasReview"" is a relationship where a ""Paper"" can have a ""Review"".The given subgraph can be described in natural language as follows:

An ""Evaluated Paper"" is a type of paper that has at least three reviews. Additionally, an ""Accepted Paper"" is a type of paper that has at least one review, and at least one of these reviews must be a positive review."
http://ekaw#hasReviewer,Target,Property,has reviewer,"In the context of a conference, ""hasReviewer"" typically refers to the assignment or association of a reviewer to a particular paper or submission. This means that a specific individual, the reviewer, is responsible for evaluating the quality, validity, and relevance of the submission to determine if it meets the standards and criteria set by the conference. The reviewer's feedback is crucial in the decision-making process regarding the acceptance or rejection of the submission.","The property ""hasReviewer"" is used to indicate a relationship where the subject is a ""Paper"" and the object is a ""Possible_Reviewer"".The class ""Assigned_Paper"" is a subclass of a restriction that specifies the following conditions: it is restricted by the property ""hasReviewer"" and must have a minimum cardinality of 3. This means that any instance of ""Assigned_Paper"" must have at least three reviewers."
http://ekaw#hasUpdatedVersion,Target,Property,has updated version,"In the context of a conference, ""hasUpdatedVersion"" likely refers to whether a newer or revised version of a document, presentation, schedule, or any other material related to the conference is available. This could indicate that the information has been updated to reflect the latest changes, corrections, or additions.","The property ""hasUpdatedVersion"" is defined with the following characteristics:
- The domain of ""hasUpdatedVersion"" is ""Document,"" meaning that it is a property that applies to instances of ""Document.""
- The range of ""hasUpdatedVersion"" is also ""Document,"" indicating that the value or target of this property is also an instance of ""Document.""

In simpler terms, ""hasUpdatedVersion"" is a property that links one document to another document, where the second document is an updated version of the first."
http://ekaw#heldIn,Target,Property,held in,"In the context of a conference, ""heldIn"" refers to the location or venue where the conference takes place. It indicates the specific place or city where the event is being conducted. For example, if a conference is ""held in"" New York, it means that New York is the location where the conference is occurring.","The property ""heldIn"" has a domain of ""Event"" and a range of ""Location"". This means that ""heldIn"" is a relationship where an ""Event"" is associated with a ""Location"". In other words, an event is held in a location."
http://ekaw#inverse_of_partOf_7,Target,Property,inverse of partof 7,"In the context of a conference, ""inverse_of_partOf_7"" likely refers to a relationship in a data model or ontology where an entity is related to another entity in a way that is the inverse of a ""partOf"" relationship. Specifically, if ""partOf_7"" indicates that an entity is a part of another entity (for example, a session being part of a conference), then ""inverse_of_partOf_7"" would indicate the reverse relationship (for example, the conference includes the session). Essentially, it means that if A is part of B, then B is the inverse of part of A.","The property ""inverse_of_partOf_7"" has a range of ""Event"" and is a subproperty of ""hasPart""."
http://ekaw#listsEvent,Target,Property,lists event,"In the context of a conference, ""listsEvent"" likely refers to a feature or function that compiles and displays a list of events associated with the conference. This could include sessions, workshops, keynote speeches, networking events, and other scheduled activities. The purpose of ""listsEvent"" is to provide attendees with an organized overview of what is happening during the conference, helping them plan their participation and manage their time effectively.","The property ""listsEvent"" has a range of ""Event"".The given subgraph describes a class that is associated with a union of two elements: ""Programme_Brochure"" and ""Web_Site"". This class is the domain of the property ""listsEvent"". The union is represented as a list where ""Programme_Brochure"" is the first element, followed by ""Web_Site"", and the list ends with ""nil""."
http://ekaw#locationOf,Target,Property,location of,"In the context of a conference, ""locationOf"" refers to the specific place or venue where the conference is being held. This could include details such as the name of the building, the address, the city, and any relevant room or hall within the venue where the conference activities are taking place.","The property ""locationOf"" has a domain of ""Location"" and a range of ""Event""."
http://ekaw#organisedBy,Target,Property,organized by,"In the context of a conference, ""organisedBy"" refers to the individual, group, or organization responsible for planning, coordinating, and executing the event. This entity handles various aspects such as scheduling, venue arrangements, speaker invitations, and overall management to ensure the conference runs smoothly.","Sure, here are the triples verbalised into phrases:

1. The property ""scientificallyOrganisedBy"" is a sub-property of ""organisedBy"".
2. The property ""technicallyOrganisedBy"" is a sub-property of ""organisedBy"".
3. The property ""organisedBy"" has a domain of ""Event"".The subgraph describes a class that is a union of two entities: Person and Organisation. The class is the range of the property ""organisedBy"". This means that anything that is organised by something must be either a Person or an Organisation."
http://ekaw#organises,Target,Property,organizes,"In the context of a conference, ""organises"" refers to the act of planning, coordinating, and managing the various aspects of the event. This includes tasks such as selecting the venue, scheduling sessions, arranging speakers, handling registrations, and ensuring that all logistical details are taken care of to ensure the conference runs smoothly.","Sure, here are the triples verbalised into phrases:

1. The property ""scientificallyOrganises"" is a subproperty of the property ""organises"".
2. The property ""technicallyOrganises"" is a subproperty of the property ""organises"".
3. The property ""organises"" has a range of ""Event"".The subgraph describes a class that is the union of two entities: an Organisation and a Person. The class is organized by a domain. The Organisation and Person are listed in a sequence where Organisation comes first, followed by Person, and there are no additional entities in the sequence."
http://ekaw#paperInVolume,Target,Property,paper in volume,"In the context of a conference, ""paperInVolume"" typically refers to a specific research paper or article that is included in the published proceedings of the conference. These proceedings are often compiled into a single volume or a series of volumes, which contain all the papers presented at the conference. Each ""paperInVolume"" is a contribution by one or more authors and is usually peer-reviewed before being accepted for inclusion in the conference proceedings.",Information is not available.
http://ekaw#paperPresentedAs,Target,Property,paper presented as,"In the context of a conference, ""paperPresentedAs"" refers to the format or manner in which a research paper is presented to the attendees. This could include various forms such as an oral presentation, a poster presentation, a workshop, or a panel discussion. It indicates how the research findings and content of the paper are shared with the conference participants.","The property ""paperPresentedAs"" has a range of ""Individual_Presentation"".The given subgraph can be described as follows:

There is a class that is defined as a union of two types: ""Abstract"" and ""Paper"". The ""Abstract"" type is the first element in this union, followed by the ""Paper"" type, which is the last element in the list. Additionally, there is a property called ""paperPresentedAs"" whose domain is this union class."
http://ekaw#partOf,Target,Property,part of,"In the context of a conference, ""partOf"" typically refers to a specific session, workshop, or event that is included within the larger framework of the conference. For example, a keynote speech, panel discussion, or breakout session can be considered ""partOf"" the overall conference. It signifies that these individual components are integral elements that collectively make up the entire conference program.","The property ""partOfEvent"" is a subproperty of the property ""partOf""."
http://ekaw#partOfEvent,Target,Property,part of event,"In the context of a conference, ""partOfEvent"" refers to a specific segment or component that is included within the larger event. This could be a session, workshop, keynote speech, panel discussion, or any other scheduled activity that is organized as a part of the overall conference program. Essentially, it denotes that the particular activity is an integral element of the conference.","The property ""partOfEvent"" has a domain of ""Event"", meaning it is used to describe a relationship where the subject is an event. It has a range of ""Event"", indicating that the object of this property is also an event. Additionally, ""partOfEvent"" is a subproperty of ""partOf"", which means that any relationship described by ""partOfEvent"" is also a type of ""partOf"" relationship.The provided subgraph describes a structure involving sessions, conferences, workshops, and tracks, along with their relationships and classifications. Here is a natural language description of the subgraph:

1. **Session** is a subclass of a restriction that involves the property **partOfEvent** and some values from an unnamed class.
2. **Conference_Session** is a subclass of a restriction that involves the property **partOfEvent** and some values from **Conference**.
3. There is a union class that includes **Conference** and **Workshop**.
4. **Session** is a subclass of another restriction that involves the property **partOfEvent** and all values from a union class.
5. The union class includes **Conference** and **Workshop**.
6. **Track** and **Workshop** are elements in a list structure, where **Track** is followed by **Workshop** and **Workshop** is followed by **nil**.
7. **Conference** and **Workshop** are elements in another list structure, where **Conference** is followed by **nil**.
8. **Session** is a subclass of a restriction that involves the property **partOfEvent** and some values from an unnamed class.
9. The unnamed class is a union of **Conference** and **Workshop**.

In summary, the subgraph defines a hierarchical structure where sessions are part of events, and these events can be conferences or workshops. Additionally, there are tracks and workshops listed in a sequence, and the concept of a conference session is specifically tied to being part of a conference."
http://ekaw#presentationOfPaper,Target,Property,presentation of paper,"In the context of a conference, ""presentation of paper"" refers to the act of delivering a talk or lecture where the author(s) of a research paper or academic article present their findings, methodologies, and conclusions to an audience. This typically involves summarizing the key points of the paper, often accompanied by visual aids such as slides, and may include a question-and-answer session to engage with the audience and address any queries or comments. The goal is to disseminate knowledge, foster discussion, and receive feedback from peers and experts in the field.","The property ""presentationOfPaper"" has a domain of ""Individual_Presentation"". This means that ""presentationOfPaper"" is an attribute or characteristic that is associated with instances of ""Individual_Presentation"".The given subgraph can be described in natural language as follows:

A ""Contributed Talk"" is a subclass that has two restrictions. The first restriction specifies that the ""Contributed Talk"" must have exactly one ""presentationOfPaper"". The second restriction specifies that the ""presentationOfPaper"" must be a ""Camera Ready Paper"".

Additionally, the ""presentationOfPaper"" property has a range that is a class defined as a union of ""Abstract"" and ""Paper"". This means that the ""presentationOfPaper"" can be either an ""Abstract"" or a ""Paper""."
http://ekaw#publisherOf,Target,Property,publisher of,"In the context of a conference, ""publisherOf"" refers to the entity or organization responsible for publishing the proceedings, papers, or any official documents associated with the conference. This could include academic papers, presentations, and other materials that are disseminated to the attendees or made available to the public.","The property ""publisherOf"" has a domain of ""Organisation"".The given subgraph can be described as follows:

There is a class (denoted by a blank node) which is a union of several types of publications. These types include:
1. Multi-author Volume
2. Programme Brochure
3. Web Site
4. Flyer

The union is structured as follows:
- The first element of the union is a Multi-author Volume.
- The rest of the union includes a Programme Brochure.
- The first element of the next part of the union is a Web Site.
- The rest of this part includes a Flyer.
- The rest of the Flyer part is nil, indicating the end of the list.

Additionally, there is a property 'publisherOf' which has a range that includes this class."
http://ekaw#referencedIn,Target,Property,referenced in,"In the context of a conference, ""referencedIn"" typically means that a particular work, paper, or presentation has been cited or mentioned in other works, papers, or presentations. It indicates that the content has been acknowledged or used as a reference by other researchers or speakers within the conference or related academic discussions.",Information is not available.
http://ekaw#references,Target,Property,references,"In the context of a conference, ""references"" typically refer to the list of sources or citations that a speaker or presenter uses to support the information, data, or claims made in their presentation. These references provide credibility to the content being presented and allow attendees to verify and further explore the sources of the information. They are often included in the presentation slides, handouts, or in a bibliography section of any accompanying papers or materials.",Information is not available.
http://ekaw#reviewOfPaper,Target,Property,review of paper,"In the context of a conference, ""reviewOfPaper"" refers to the evaluation process where experts in the field (often referred to as reviewers or referees) assess the quality, validity, and relevance of a research paper submitted for presentation at the conference. This review process typically involves checking the paper for originality, significance of the research, clarity of presentation, methodology, and adherence to the conference's guidelines. The feedback from the reviewers helps the conference organizers decide whether the paper should be accepted, requires revisions, or should be rejected.","The property ""reviewOfPaper"" has a domain of ""Review"" and a range of ""Paper"". This means that ""reviewOfPaper"" is a relationship where the subject is a ""Review"" and the object is a ""Paper"". In other words, ""reviewOfPaper"" connects a review to the paper it is reviewing."
http://ekaw#reviewWrittenBy,Target,Property,review written by,"In the context of a conference, ""reviewWrittenBy"" typically refers to the individual or group who has authored a review of a paper, presentation, or other submission. This review is usually part of the peer review process, where experts in the field evaluate the quality, relevance, and originality of the work submitted to the conference. The ""reviewWrittenBy"" attribute helps identify the reviewer(s) responsible for providing feedback and recommendations regarding the acceptance or rejection of the submission.","Sure, here are the triples verbalised into phrases:

1. The property ""reviewWrittenBy"" has a domain of ""Review"".
2. The property ""reviewWrittenBy"" has a range of ""Possible_Reviewer"".
3. The property ""reviewWrittenBy"" is a subproperty of ""writtenBy""."
http://ekaw#reviewerOfPaper,Target,Property,reviewer of paper,"In the context of a conference, ""reviewerOfPaper"" refers to an individual who is responsible for evaluating and providing feedback on a research paper that has been submitted for consideration. The reviewer assesses the paper's quality, originality, relevance, and adherence to the conference's standards and guidelines. Their evaluation helps determine whether the paper should be accepted, revised, or rejected for presentation at the conference.","The property ""reviewerOfPaper"" has a domain of ""Possible_Reviewer"" and a range of ""Paper"". This means that ""reviewerOfPaper"" is a relationship where the subject is a ""Possible_Reviewer"" and the object is a ""Paper""."
http://ekaw#scientificallyOrganisedBy,Target,Property,scientifically organized by,"In the context of a conference, ""scientificallyOrganisedBy"" refers to the entity or group responsible for the scientific planning and organization of the conference. This typically includes tasks such as selecting topics, inviting speakers, reviewing submitted papers, and ensuring the overall scientific quality and integrity of the conference program. This entity is often a committee of experts or a professional organization in the relevant field.","The property ""scientificallyOrganisedBy"" has a range of ""Academic_Institution"" and is a subproperty of ""organisedBy""."
http://ekaw#scientificallyOrganises,Target,Property,scientifically organizes,"In the context of a conference, ""scientifically organises"" refers to the process of planning and structuring the event in a manner that adheres to scientific principles and standards. This includes selecting relevant topics, inviting qualified speakers, ensuring the accuracy and reliability of the information presented, and facilitating discussions that advance scientific knowledge and understanding. The goal is to create a well-organized, informative, and credible event that contributes to the scientific community.","The property ""scientificallyOrganises"" has a domain of ""Academic_Institution"" and is a sub-property of ""organises""."
http://ekaw#technicallyOrganisedBy,Target,Property,technically organized by,"In the context of a conference, ""technicallyOrganisedBy"" refers to the entity or organization responsible for the technical aspects of organizing the event. This can include tasks such as setting up the conference infrastructure, managing technical equipment, handling online platforms for virtual conferences, and ensuring that all technical requirements are met for the smooth execution of the event. This entity may not necessarily be the main organizer but is specifically in charge of the technical logistics.","The property ""technicallyOrganisedBy"" is a subproperty of the property ""organisedBy""."
http://ekaw#technicallyOrganises,Target,Property,technically organizes,"In the context of a conference, ""technically organises"" refers to the responsibilities and tasks related to the technical aspects of planning and executing the event. This can include setting up and managing audio-visual equipment, ensuring internet connectivity, handling live streaming or virtual conference platforms, managing technical support for presenters and attendees, and troubleshooting any technical issues that arise during the conference. Essentially, it involves overseeing all the technical components to ensure the conference runs smoothly from a technological standpoint.","Sure, here are the triples verbalised into phrases:

1. The property ""technicallyOrganises"" has a domain of ""Organisation"".
2. The property ""technicallyOrganises"" is a sub-property of ""organises""."
http://ekaw#topicCoveredBy,Target,Property,topic covered by,"In the context of a conference, ""topicCoveredBy"" refers to the specific subject matter or themes that are addressed or discussed by a particular session, presentation, or speaker. It indicates the content or focus areas that will be covered during that part of the conference.","The property ""topicCoveredBy"" has a domain of ""Research_Topic"".The subgraph describes a class that is a union of two entities: ""Event"" and ""Paper."" This class is referred to as ""_:N96e313c33de6495aa199a695b92c9e25."" The union is represented by a list structure where the first element is ""Paper"" and the rest of the list contains ""Event,"" with the end of the list indicated by ""nil."" Additionally, there is a property ""topicCoveredBy"" that has a range defined by this class."
http://ekaw#updatedVersionOf,Target,Property,updated version of,"In the context of a conference, ""updatedVersionOf"" typically refers to a newer or revised edition of a document, presentation, or paper that was previously submitted or presented. This could include updates to research findings, additional data, corrections, or enhancements to the original content. For example, if a researcher presented a paper at last year's conference and has since made significant improvements or updates to their work, the new submission for this year's conference would be considered an ""updatedVersionOf"" the original paper.","The property ""updatedVersionOf"" has a domain of ""Document"" and a range of ""Document"". This means that ""updatedVersionOf"" is used to indicate that one document is an updated version of another document.A ""Camera Ready Paper"" is a subclass of a certain restriction. This restriction specifies that the ""Camera Ready Paper"" must be an updated version of an ""Accepted Paper."""
http://ekaw#volumeContainsPaper,Target,Property,volume contains paper,"In the context of a conference, ""volumeContainsPaper"" typically refers to whether a particular volume (such as a conference proceedings book or journal issue) includes a specific paper or set of papers. It indicates that the paper in question is part of the collection of works published in that volume.","The given subgraph describes a set of restrictions and class hierarchies related to conference proceedings and the types of papers they contain. Here is a natural language description of the subgraph:

1. **Conference Proceedings**:
   - Conference Proceedings are a subclass of a restriction that applies to the property `volumeContainsPaper`.
   - This restriction specifies that all values from `volumeContainsPaper` must be instances of a class that is a union of `Conference_Paper` and `Accepted_Paper`.

2. **Proceedings**:
   - Proceedings are a subclass of a restriction that applies to the property `volumeContainsPaper`.
   - This restriction specifies a minimum cardinality of 1 for the property `volumeContainsPaper`, meaning that each Proceedings must contain at least one paper.

3. **Union Classes**:
   - There is a class that is a union of `Accepted_Paper` and `Invited_Talk_Abstract`.
   - Another class is a union of `Conference_Paper` and `Invited_Talk_Abstract`.

4. **Restrictions**:
   - There are three restrictions related to the property `volumeContainsPaper`:
     - One restriction specifies that all values from `volumeContainsPaper` must be instances of a class that is a union of `Accepted_Paper` and `Invited_Talk_Abstract`.
     - Another restriction specifies that all values from `volumeContainsPaper` must be instances of a class that is a union of `Conference_Paper` and `Invited_Talk_Abstract`.
     - The third restriction specifies a minimum cardinality of 1 for the property `volumeContainsPaper`.

In summary, the subgraph defines the relationships and constraints on the types of papers that can be contained within conference proceedings and other related classes."
http://ekaw#writtenBy,Target,Property,written by,"In the context of a conference, ""writtenBy"" typically refers to the author or authors who have written a paper, article, or presentation that is being presented or discussed at the conference. It indicates the individuals responsible for the creation of the content.","Sure, here are the triples verbalized into phrases:

1. The property ""reviewWrittenBy"" is a subproperty of the property ""writtenBy"".
2. The property ""writtenBy"" has a domain of ""Document"".
3. The property ""writtenBy"" has a range of ""Person"".A ""Camera Ready Paper"" is a type of paper that must be written by a ""Conference Participant."""
