entity,source_or_target,entity_type,syntactic_matching,lexical_matching,semantic_matching
http://thesauri.dainst.org/_00c6c6be,Source,Class,caesarisch,"In digital humanities, “Caesarisch” typically refers to content or phenomena related to Julius Caesar—most often his Commentarii de Bello Gallico—such as:

- Texts written by Caesar (Latin originals, translations, editions)
- Caesar-centered corpora used for NLP/text mining
- “Caesarian” stylistic features (e.g., third-person narrative, concise military prose)
- Metadata, annotation, or project tags denoting Caesar-focused materials

So “Caesarisch” = pertaining to Julius Caesar (his texts, style, or related DH resources).","- “Caesarisch” has broader concept “Republikanische Zeit (Italien)”.
- “Caesarisch” exactly matches “AB4aqZMN0hvU”.
- “Republikanische Zeit (Italien)” has narrower concept “Caesarisch”."
http://thesauri.dainst.org/_0117de29,Source,Class,Пізньосередньовічний час,"In digital humanities, “Пізньосередньовічний час” (Ukrainian) refers to the Late Middle Ages—typically ca. 1300–1500 CE—used as a periodization label for organizing, annotating, and analyzing sources (texts, manuscripts, art, records) from that timeframe.","- “Пізньосередньовічний час” has broader concept “العصر الحديث”.
- “Пізньосередньовічний час” closely matches “9BnsptechbbG”.
- “العصر الحديث” has narrower concept “Пізньосередньовічний час”."
http://thesauri.dainst.org/_018b18d1,Source,Class,sp tarchaisch,"Spätarchaisch (German) means “Late Archaic.” In digital humanities—especially in classics, ancient history, or art history—it denotes the late phase of the Archaic period (e.g., in Greek culture roughly late 6th to early 5th century BCE), used as a temporal label for texts, artifacts, inscriptions, or stylistic features.","- “Spätarchaisch” is a broader concept’s narrower term of “archaisch.”
- “Spätarchaisch” has exact match “9WifOjJh4pwj.”
- “archaisch” has narrower term “Spätarchaisch.”"
http://thesauri.dainst.org/_01d26da1,Source,Class,klassik mesoamerika,"In Mesoamerican archaeology, “Klassik” (German for “Classic”) refers to the Classic period, typically ca. 250–900 CE. In digital humanities contexts, it denotes the temporal label used to tag, model, and analyze data (e.g., inscriptions, architecture, ceramics, settlement patterns) associated with this era of heightened urbanization, state formation, and artistic/writing florescence (e.g., Maya cities). It functions as a controlled vocabulary/periodization term for metadata, timelines, ontologies, and interoperable datasets.","- “Frühe Klassik (Mesoamerika)” is a broader concept of “Klassik (Mesoamerika)”.
- “Mesoamerikanische Chronologiesysteme” has narrower concept “Klassik (Mesoamerika)”.
- “Späte Klassik (Mesoamerika)” is a broader concept of “Klassik (Mesoamerika)”.
- “Klassik (Mesoamerika)” is a broader concept of “Mesoamerikanische Chronologiesysteme”.
- “Klassik (Mesoamerika)” exactly matches “5TbdTevJIQ5R”.
- “Klassik (Mesoamerika)” has narrower concepts “Frühe Klassik (Mesoamerika)” and “Späte Klassik (Mesoamerika)”."
http://thesauri.dainst.org/_02e30fc1,Source,Class,fr hchristlich,"Frühchristlich (German) means “Early Christian.” In digital humanities contexts, it typically refers to the period and cultural materials of early Christianity (roughly 1st–6th centuries CE), including texts, art, architecture, liturgy, and material culture from the earliest Christian communities.","- “Frühchristlich” has broader concept “العهد الإمبراطوري الروماني”.
- “Frühchristlich” has exact match “J316Dxjfexrl”.
- “العهد الإمبراطوري الروماني” has narrower concept “Frühchristlich”."
http://thesauri.dainst.org/_02ea2cca,Source,Class,endneolithikum,"In digital humanities (esp. archaeological/chronological metadata), “Endneolithikum” denotes the Late Neolithic: the final phase of the Neolithic period before the transition to the Bronze Age. It’s used as a controlled term for dating/classifying materials, typically ca. late 4th to 3rd millennium BCE in Central Europe (exact span varies by region/culture).","- “Endneolithikum” has broader concept “عصر حجري حديث”.
- “Endneolithikum” has exact match “82pxqmMCXADR”.
- “عصر حجري حديث” has narrower concept “Endneolithikum”."
http://thesauri.dainst.org/_03e5b59b,Source,Class,jungpal olithikum,"Jungpaläolithikum (Upper Paleolithic) refers to the final phase of the Paleolithic in Europe (ca. 50,000–10,000 BCE), characterized by anatomically modern humans, sophisticated stone and bone tool technologies, art (cave paintings, figurines), and complex symbolic behavior. In digital humanities, the term frames datasets, metadata, and analyses related to this period—e.g., classifying archaeological sites, artifacts, radiocarbon dates, and spatial/3D documentation of Upper Paleolithic contexts.","- Jungpaläolithikum is a broader concept’s member of Paläolithikum.
- Jungpaläolithikum has exact match GQgR0N8XCCIw.
- Paläolithikum has narrower concept Jungpaläolithikum."
http://thesauri.dainst.org/_04a1d2f4,Source,Class,sp thelladikum,"Späthelladikum (German for “Late Helladic”) refers to the Late Bronze Age phase of mainland Greece (ca. 1600–1050 BCE), associated with Mycenaean culture. In digital humanities, it’s used as a controlled chronological term for metadata, ontologies, and periodization (e.g., in gazetteers like PeriodO), enabling standardized tagging and interoperability of archaeological and historical datasets.","- Mykenische Zeit is broader concept: Späthelladikum.
- Späthelladisch I is broader concept: Späthelladikum.
- Späthelladisch II is broader concept: Späthelladikum.
- Späthelladisch III is broader concept: Späthelladikum.
- Ägäische und griechische Bronzezeitchronologie has narrower concept: Späthelladikum.
- Späthelladikum is a broader concept of: Ägäische und griechische Bronzezeitchronologie.
- Späthelladikum has exact match: p5YQVNoly66L.
- Späthelladikum has narrower concepts: Mykenische Zeit; Späthelladisch I; Späthelladisch II; Späthelladisch III."
http://thesauri.dainst.org/_04e3793d,Source,Class,erdgeschichte,"In digital humanities context, Erdgeschichte (German) means “Earth history” or “geology history”—the deep-time history of the Earth (formation, geological eras, fossils, climate/landscape changes). In DH, it might refer to digitized sources, datasets, or narratives about Earth’s geological past.","- “Chronologien” has narrower concept “Erdgeschichte”.
- “Erdgeschichte” has broader concept “Chronologien”.
- “Erdgeschichte” closely matches “TtvvUNEQlbBK”."
http://thesauri.dainst.org/_052dd27f,Source,Class,fr he und mittlere kaiserzeit eggers a b,"In digital humanities (especially archaeological artifact datasets), “Frühe und mittlere Kaiserzeit (Eggers A/B)” refers to the early and middle Roman Imperial period as defined by Hans Jürgen Eggers’ typological chronology. 

- Eggers A = Early Imperial (Frühe Kaiserzeit), roughly 1st century BCE–1st century CE.
- Eggers B = Middle Imperial (Mittlere Kaiserzeit), roughly 2nd–3rd century CE.

These labels are used to date and categorize finds (e.g., pottery, imports) according to Eggers’ standardized phases.","- Augusteisch is a broader concept of Frühe und mittlere Kaiserzeit (Eggers A/B). → Correction: Augusteisch has broader concept Frühe und mittlere Kaiserzeit (Eggers A/B).
- Claudisch has broader concept Frühe und mittlere Kaiserzeit (Eggers A/B).
- Flavisch has broader concept Frühe und mittlere Kaiserzeit (Eggers A/B).
- Hadrianisch has broader concept Frühe und mittlere Kaiserzeit (Eggers A/B).
- Iulisch-claudisch has broader concept Frühe und mittlere Kaiserzeit (Eggers A/B).
- Neronisch has broader concept Frühe und mittlere Kaiserzeit (Eggers A/B).
- Tiberisch has broader concept Frühe und mittlere Kaiserzeit (Eggers A/B).
- Trajanisch has broader concept Frühe und mittlere Kaiserzeit (Eggers A/B).
- العهد الإمبراطوري الروماني has narrower concept Frühe und mittlere Kaiserzeit (Eggers A/B).
- Frühe und mittlere Kaiserzeit (Eggers A/B) has broader concept العهد الإمبراطوري الروماني.
- Frühe und mittlere Kaiserzeit (Eggers A/B) has exact match xdr1qDRsVUiB.
- Frühe und mittlere Kaiserzeit (Eggers A/B) has narrower concepts Augusteisch, Claudisch, Flavisch, Hadrianisch, Iulisch-claudisch, Neronisch, Tiberisch, Trajanisch."
http://thesauri.dainst.org/_0530b8a9,Source,Class,العهد الإمبراطوري الروماني,"It refers to the Roman Imperial period—the era when Rome was ruled by emperors (from Augustus, 27 BCE, to the fall of the Western Empire in 476 CE). In digital humanities, it typically denotes the temporal scope for datasets, texts, inscriptions, or material culture tagged to the Roman Empire’s imperial era.","- Chronologien has narrower concept العهد الإمبراطوري الروماني.
- Frühchristlich has broader concept العهد الإمبراطوري الروماني.
- Frühe und mittlere Kaiserzeit (Eggers A/B) has broader concept العهد الإمبراطوري الروماني.
- Kaiserzeit-Spätantike has broader concept العهد الإمبراطوري الروماني.
- Limeszeitlich has broader concept العهد الإمبراطوري الروماني.
- Spätantike has broader concept العهد الإمبراطوري الروماني.
- Späte Kaiserzeit (Eggers C; ca. 150-375) has broader concept العهد الإمبراطوري الروماني.
- العهد الإمبراطوري الروماني has broader concept Chronologien.
- العهد الإمبراطوري الروماني has exact match bKl9jq6zJHQc.
- العهد الإمبراطوري الروماني has narrower concept Frühchristlich.
- العهد الإمبراطوري الروماني has narrower concept Frühe und mittlere Kaiserzeit (Eggers A/B).
- العهد الإمبراطوري الروماني has narrower concept Kaiserzeit-Spätantike.
- العهد الإمبراطوري الروماني has narrower concept Limeszeitlich.
- العهد الإمبراطوري الروماني has narrower concept Spätantike.
- العهد الإمبراطوري الروماني has narrower concept Späte Kaiserzeit (Eggers C; ca. 150-375).
- العهد الإمبراطوري الروماني is related to _b4e8ec9e."
http://thesauri.dainst.org/_05ab5433,Source,Class,mittelminoisch iii,"Mittelminoisch III (often abbreviated MM III) refers to the third subphase of the Middle Minoan period in Aegean (Minoan) archaeology/chronology. It denotes a relative date range on Crete (ca. early–mid 2nd millennium BCE) used to classify material culture (e.g., pottery styles, architectural phases) in digital humanities datasets, metadata, and typologies.","- “Mittelminoisch” has narrower concept “Mittelminoisch III”.
- “Mittelminoisch III” has broader concept “Mittelminoisch”.
- “Mittelminoisch III” exactly matches “JZCgQE9XVjgE”."
http://thesauri.dainst.org/_08be1174,Source,Class,fr hhellenismus,"In digital humanities contexts (e.g., archaeological or historical datasets), Frühhellenismus refers to the Early Hellenistic period—roughly late 4th to early 3rd century BCE—immediately following Alexander the Great. It denotes the initial phase of Hellenistic culture, art, politics, and material evidence used for periodization and metadata tagging.","- Frühhellenismus is a broader concept’s narrower term of Hellenistische Zeit.
- Frühhellenismus exactly matches oLo7AGjVIIno.
- Hellenistische Zeit has the narrower concept Frühhellenismus."
http://thesauri.dainst.org/_09106e2a,Source,Class,endbronzezeit,"Endbronzezeit is German for “Late Bronze Age,” referring to the final phase of the Bronze Age in Central Europe (roughly 1300–800 BCE), often used as a metadata or periodization term in digital humanities for classifying archaeological/historical datasets and sources.","- “Endbronzezeit” has broader concept “عصر البرونز”.
- “Endbronzezeit” exactly matches “OTQ9rrOzhVgl”.
- “عصر البرونز” has narrower concept “Endbronzezeit”."
http://thesauri.dainst.org/_0aa1995c,Source,Class,sp tgeometrisch,"In digital humanities (especially Aegean/Greek archaeology datasets), “Spätgeometrisch” is German for “Late Geometric,” referring to the Late Geometric period of ancient Greek art/ceramics, roughly 760–700 BCE, characterized by geometric motifs and developing figural decoration.","- Geometrische Zeit has narrower concept Spätgeometrisch.
- Spätgeometrisch I has broader concept Spätgeometrisch.
- Spätgeometrisch II has broader concept Spätgeometrisch.
- Spätgeometrisch has broader concept Geometrische Zeit.
- Spätgeometrisch has exact match xZiNqiEhIti7.
- Spätgeometrisch has narrower concepts Spätgeometrisch I and Spätgeometrisch II."
http://thesauri.dainst.org/_0bbbd3c7,Source,Class,mittelminoisch,"Mittelminoisch (German: “Middle Minoan”) refers to the Middle Minoan period of Bronze Age Crete in Aegean archaeology. In digital humanities, it typically appears as a chronological label in datasets, metadata, or ontologies (e.g., periodization vocabularies) to classify artifacts, texts, or sites dated to the Middle Minoan era (roughly c. 2000–1600 BCE).","- “Mittelminoisch I” is a narrower concept of “Mittelminoisch”.
- “Mittelminoisch II” is a narrower concept of “Mittelminoisch”.
- “Mittelminoisch III” is a narrower concept of “Mittelminoisch”.
- “Ägäische und griechische Bronzezeitchronologie” has the narrower concept “Mittelminoisch”.
- “Mittelminoisch” is a broader concept of “Ägäische und griechische Bronzezeitchronologie”.
- “Mittelminoisch” exactly matches “zxq5nBvtYLIB”.
- “Mittelminoisch” has the narrower concepts “Mittelminoisch I”, “Mittelminoisch II”, and “Mittelminoisch III”."
http://thesauri.dainst.org/_0bf473ff,Source,Class,d dalisch,"In digital humanities, Dädalisch (German, from “Daedalic”) typically refers to Daedalus-like: ingenious, artful, and intricately crafted. It’s used metaphorically for complex, cleverly designed digital models, tools, or interpretive frameworks.","- “Dädalisch” is a narrower concept of “Archaische Zeit.”
- “Archaische Zeit” is a broader concept of “Dädalisch.”
- “Dädalisch” exactly matches “btOUj5sA9qOu.”"
http://thesauri.dainst.org/_0c5dfe3d,Source,Class,wikingerzeit,"In digital humanities, “Wikingerzeit” is the German term for the Viking Age—the historical period (c. 8th–11th centuries) marked by Scandinavian expansion, trade, warfare, and cultural exchange—used as a temporal category/metadata label in datasets, corpora, and research indexing.","- “Frühmittelalter (5.-9. Jahrh.)” has narrower concept “Wikingerzeit.”
- “Wikingerzeit” has broader concept “Frühmittelalter (5.-9. Jahrh.).”"
http://thesauri.dainst.org/_0c62a372,Source,Class,protoattisch,"In digital humanities, protoattisch (Protoattic) refers to the earliest phase of the Attic dialect/culture in ancient Greece, especially seen in material like pottery and inscriptions from Athens and Attica ca. 700–600 BCE. In DH contexts, it typically labels language or artifact metadata (e.g., “Protoattic” inscriptions/ceramics) to distinguish this early Attic stage from later Classical Attic.","- Archaische Zeit has the narrower concept protoattisch.
- Frühprotoattisch has the broader concept protoattisch.
- Mittelprotoattisch has the broader concept protoattisch.
- Spätprotoattisch has the broader concept protoattisch.
- protoattisch has the broader concept Archaische Zeit.
- protoattisch has the exact match ULPiMrTyGdDe.
- protoattisch has the narrower concepts Frühprotoattisch, Mittelprotoattisch, and Spätprotoattisch."
http://thesauri.dainst.org/_0d861bbc,Source,Class,fr hmykenisch,"Frühmykenisch (German) means Early Mycenaean—referring to the earliest phase of Mycenaean Greek culture/material (roughly Middle to early Late Bronze Age, before the mature Palatial period). In digital humanities, it would tag or classify artifacts, texts, layers, or datasets as belonging to the Early Mycenaean period.","- “Frühmykenisch” is a broader concept under “Mykenische Zeit.”
- “Frühmykenisch” exactly matches “GsKbQWJIreF4.”
- “Mykenische Zeit” has the narrower concept “Frühmykenisch.”"
http://thesauri.dainst.org/_0e91e162,Source,Class,mittelbronzezeit ii,"Mittelbronzezeit II means “Middle Bronze Age II” in German chronology. In Central European archaeological periodization (often used in digital humanities datasets, gazetteers, and ontologies), it denotes the second subphase of the Middle Bronze Age. It typically follows Mittelbronzezeit I and precedes Spätbronzezeit (Late Bronze Age), and is used to tag/standardize temporal metadata for sites, artifacts, and layers in databases. Exact dates vary by region and schema, but in Central Europe it roughly corresponds to the middle part of the 2nd millennium BCE.","- “Mittelbronzezeit” has narrower concept “Mittelbronzezeit II”.
- “Mittelbronzezeit II” has broader concept “Mittelbronzezeit”.
- “Mittelbronzezeit II” exactly matches “dBASjNENfeXE”."
http://thesauri.dainst.org/_10e5d0f3,Source,Class,mittelhelladisch iii,"Mittelhelladisch III (often abbreviated MH III) refers to the third (latest) subphase of the Middle Helladic period in mainland Greece, dated roughly to the 17th–16th centuries BCE. In digital humanities contexts, it is a chronological label used for tagging, classifying, and annotating archaeological data (e.g., pottery, graves, settlements) within controlled vocabularies, gazetteers, or period ontologies (such as PeriodO or the Getty AAT/Chronology), enabling interoperable temporal referencing across datasets.","- “Mittelhelladikum” has narrower concept “Mittelhelladisch III”.
- “Mittelhelladisch III” has broader concept “Mittelhelladikum”.
- “Mittelhelladisch III” exactly matches “yGQ44sNcIiSj”."
http://thesauri.dainst.org/_10f31087,Source,Class,fr hhelladisch ii,"Frühhelladisch II (Early Helladic II) is an archaeological phase of the Early Bronze Age on the Greek mainland, roughly 2700–2200 BCE. In digital humanities contexts, it serves as a controlled chronological label (period term) used for metadata, annotation, and periodization in datasets, gazetteers, and ontologies (e.g., PeriodO), enabling consistent temporal referencing of artifacts, sites, and texts.","- “Frühhelladisch II” is a narrower concept of “Frühhelladikum.”
- “Frühhelladikum” is a broader concept of “Frühhelladisch II.”
- “Frühhelladisch II” exactly matches “iyzHautVtYVf.”"
http://thesauri.dainst.org/_11038b72,Source,Class,sp thelladisch iii a,"Späthelladisch III A (often abbreviated SH IIIA) is the German term for Late Helladic IIIA, a ceramic/chronological phase of the Mycenaean Bronze Age in mainland Greece, roughly ca. 1400–1300 BCE. In digital humanities, it typically appears as a controlled vocabulary value or period label in datasets, gazetteers, and ontologies (e.g., periodization fields in archaeological databases), used to standardize temporal tagging of finds, layers, and artifacts, especially pottery.","- “Späthelladisch III A” is a narrower concept of “Späthelladisch III”.
- “Späthelladisch III” is a broader concept of “Späthelladisch III A”.
- “Späthelladisch III A” exactly matches “yx1n7vIQXHYq”."
http://thesauri.dainst.org/_13f12706,Source,Class,neues reich,"In digital humanities contexts, “Neues Reich” typically refers to the German “New Kingdom” period in ancient Egypt (c. 1550–1070 BCE). It’s used as a periodization label in datasets, metadata, and scholarly discourse to denote that era.","- 18. Dynastie is a broader concept of Neues Reich.  
- 19. Dynastie is a broader concept of Neues Reich.  
- 20. Dynastie is a broader concept of Neues Reich.  
- Ägyptische Chronologiesysteme has narrower concept Neues Reich.  
- Neues Reich is a broader concept of Ägyptische Chronologiesysteme.  
- Neues Reich has exact match F3hs3ZaQbA9t.  
- Neues Reich has narrower concepts 18. Dynastie, 19. Dynastie, 20. Dynastie."
http://thesauri.dainst.org/_1447de36,Source,Class,makedonische eisenzeit,"In digital humanities, “Makedonische Eisenzeit” refers to the Iron Age of (ancient) Macedonia—i.e., the archaeological-historical period in the Macedonian region during the Iron Age. It’s a German term used in metadata, classifications, or scholarly descriptions to tag materials, sites, or findings from that period.","- “Makedonische Eisenzeit” is a narrower concept of “Eisenzeit (Mittelmeer)”.
- “Eisenzeit (Mittelmeer)” is a broader concept of “Makedonische Eisenzeit”.
- “Makedonische Eisenzeit” is related to “_a0db3097”."
http://thesauri.dainst.org/_14bf8f23,Source,Class,g ische und griechische bronzezeitchronologie,"It refers to the chronological frameworks (dating systems and periodization) used to order and compare the Aegean and Greek Bronze Age. In digital humanities, this typically means:

- Defining periods (e.g., Early/Middle/Late Bronze Age; Minoan/Mycenaean phases) with start–end dates.
- Mapping variant regional chronologies (e.g., Cretan/Minoan vs. Mainland/Heladic vs. Cycladic) and their correlations.
- Encoding these timelines in interoperable, machine-readable forms (e.g., period ontologies, SKOS, Linked Open Data) to align datasets, artifacts, and events across projects.

So, it’s about how we model, label, and reconcile the time periods of the Aegean/Greek Bronze Age for computational use.","- Frühhelladikum is broader concept: Ägäische und griechische Bronzezeitchronologie.
- Frühkykladisch is broader concept: Ägäische und griechische Bronzezeitchronologie.
- Frühminoisch is broader concept: Ägäische und griechische Bronzezeitchronologie.
- Mittelhelladikum is broader concept: Ägäische und griechische Bronzezeitchronologie.
- Mittelkykladisch is broader concept: Ägäische und griechische Bronzezeitchronologie.
- Mittelminoisch is broader concept: Ägäische und griechische Bronzezeitchronologie.
- Späthelladikum is broader concept: Ägäische und griechische Bronzezeitchronologie.
- Spätkykladisch is broader concept: Ägäische und griechische Bronzezeitchronologie.
- Spätminoisch is broader concept: Ägäische und griechische Bronzezeitchronologie.
- Subminoisch is broader concept: Ägäische und griechische Bronzezeitchronologie.
- Submykenisch is broader concept: Ägäische und griechische Bronzezeitchronologie.
- عصر البرونز has narrower concept: Ägäische und griechische Bronzezeitchronologie.
- Ägäische und griechische Bronzezeitchronologie is broader concept: عصر البرونز.
- Ägäische und griechische Bronzezeitchronologie exactly matches: 6MVbpzo5kstF.
- Ägäische und griechische Bronzezeitchronologie has narrower concept: Frühhelladikum.
- Ägäische und griechische Bronzezeitchronologie has narrower concept: Frühkykladisch.
- Ägäische und griechische Bronzezeitchronologie has narrower concept: Frühminoisch.
- Ägäische und griechische Bronzezeitchronologie has narrower concept: Mittelhelladikum.
- Ägäische und griechische Bronzezeitchronologie has narrower concept: Mittelkykladisch.
- Ägäische und griechische Bronzezeitchronologie has narrower concept: Mittelminoisch.
- Ägäische und griechische Bronzezeitchronologie has narrower concept: Späthelladikum.
- Ägäische und griechische Bronzezeitchronologie has narrower concept: Spätkykladisch.
- Ägäische und griechische Bronzezeitchronologie has narrower concept: Spätminoisch.
- Ägäische und griechische Bronzezeitchronologie has narrower concept: Subminoisch.
- Ägäische und griechische Bronzezeitchronologie has narrower concept: Submykenisch."
http://thesauri.dainst.org/_156ae356,Source,Class,jungneolithikum,"Jungneolithikum is the German term for the Late Neolithic period. In digital humanities contexts, it’s used as a chronological label in metadata, ontologies, or controlled vocabularies to denote artifacts, sites, or texts dated to the later phase of the Neolithic, typically after the Middle Neolithic and before the Chalcolithic/Bronze Age, with dates varying regionally (often roughly 3500–2000 BCE in Central Europe).","- “Jungneolithikum” has broader concept “عصر حجري حديث”.
- “Jungneolithikum” exactly matches “dRhXAx1RY4MS”.
- “عصر حجري حديث” has narrower concept “Jungneolithikum”."
http://thesauri.dainst.org/_15865b3e,Source,Class,fr hhelladisch iii,"Frühhelladisch III (often abbreviated FH III or EH III) is the German term for Early Helladic III, the third (latest) subphase of the Early Helladic period on the Greek mainland, roughly dated to ca. 2200–2000 BCE. In digital humanities, you’ll encounter it as a controlled chronological label in archaeological datasets, vocabularies, and ontologies (e.g., PeriodO, Getty AAT), used to tag, query, or align data about sites, layers, and artifacts from that time slice.","- “Frühhelladikum” has the narrower concept “Frühhelladisch III”.
- “Frühhelladisch III” has the broader concept “Frühhelladikum”.
- “Frühhelladisch III” exactly matches “NJgbKsWOvbSp”."
http://thesauri.dainst.org/_1591f7f8,Source,Class,hochmittelalter ca 900 1250,"In digital humanities, Hochmittelalter (ca. 900–1250) refers to the High Middle Ages—the period between the Early and Late Middle Ages in Europe. It’s used as a temporal category for organizing, annotating, and analyzing sources (texts, manuscripts, art, charters, datasets) produced or set in this timeframe, often characterized by monastic reform, feudal consolidation, the rise of towns, Romanesque to early Gothic art/architecture, and intensified Latin and vernacular literary production.","- “Hochmittelalter (ca. 900-1250)” is a broader concept within “Mittelalter (10.-15.Jahrhundert)”.
- “Hochmittelalter (ca. 900-1250)” exactly matches “LX5sP0qgXpoc”.
- “Mittelalter (10.-15.Jahrhundert)” has the narrower concept “Hochmittelalter (ca. 900-1250)”."
http://thesauri.dainst.org/_159e5ee6,Source,Class,mittelbronzezeit,"Mittelbronzezeit is German for “Middle Bronze Age.” In digital humanities contexts, it typically labels chronological metadata for artifacts, sites, or texts dated to the middle phase of the Bronze Age in Central Europe (roughly ca. 1700–1300 BCE, varying by regional chronology).","- “Mittelbronzezeit I” is broader concept’s narrower of “Mittelbronzezeit”.
- “Mittelbronzezeit II” is a narrower concept of “Mittelbronzezeit”.
- “Mittelbronzezeit III” is a narrower concept of “Mittelbronzezeit”.
- “عصر البرونز” has the narrower concept “Mittelbronzezeit”.
- “Mittelbronzezeit” is a broader concept of “عصر البرونز”.
- “Mittelbronzezeit” exactly matches “xwwG9nQva5bu”.
- “Mittelbronzezeit” has the narrower concepts “Mittelbronzezeit I”, “Mittelbronzezeit II”, and “Mittelbronzezeit III”."
http://thesauri.dainst.org/_15a0cfaa,Source,Class,rote periode,"In digital humanities, Rote Periode (German: “red period”) refers to the time span during which a website or digital resource remains openly accessible after an initial embargo has expired but before long-term archiving or takedown—often used in web archiving and periodization of born-digital sources to mark a phase of public availability for capture and analysis.","- “Rote Periode” is a narrower concept of “Frühbronzezeit.”
- “Frühbronzezeit” is a broader concept of “Rote Periode.”
- “Rote Periode” exactly matches “c2JQA4h7x0wH.”"
http://thesauri.dainst.org/_16fbdb83,Source,Class,klassische zeit griechenland,"In digital humanities, “Klassische Zeit (Griechenland)” refers to the Classical period of ancient Greece, typically ca. 5th–4th century BCE (roughly 480–323 BCE). It denotes the era of peak Greek cultural production—Athenian democracy, drama, philosophy, historiography, rhetoric, and the canonical art/architecture—used as a temporal metadata category for sources, texts, artifacts, and datasets.","- Eisenzeit (Mittelmeer) has narrower concept Klassische Zeit (Griechenland).
- Frühklassik (Griechenland) has broader concept Klassische Zeit (Griechenland).
- Hochklassik has broader concept Klassische Zeit (Griechenland).
- Spätklassik (Griechenland) has broader concept Klassische Zeit (Griechenland).
- Strenger Stil has broader concept Klassische Zeit (Griechenland).
- Klassische Zeit (Griechenland) has broader concept Eisenzeit (Mittelmeer).
- Klassische Zeit (Griechenland) has exact match PrbzOZMRjCBQ.
- Klassische Zeit (Griechenland) has narrower concept Frühklassik (Griechenland).
- Klassische Zeit (Griechenland) has narrower concept Hochklassik.
- Klassische Zeit (Griechenland) has narrower concept Spätklassik (Griechenland).
- Klassische Zeit (Griechenland) has narrower concept Strenger Stil."
http://thesauri.dainst.org/_18b641a4,Source,Class,sp te postklassik,"In digital humanities, Späte Postklassik (German for “late post-classical”) typically refers to the later phase of the Postclassical period in cultural or literary history—i.e., works and practices that follow the classical canon but precede distinctly modern formations. In DH contexts, it’s used to periodize and analyze texts, media, or cultural artifacts from this late post-classical stage, often involving:

- Temporal scope: the later segment of the broader Postklassik era (varies by discipline/region).
- Features: hybridization of classical forms with emerging vernaculars, genres, or media; transitional aesthetics.
- DH usage: metadata tagging, corpus segmentation, and comparative analyses across periods (e.g., stylometry, topic modeling) to distinguish late post-classical trends from earlier classical and later modern ones.","- “Späte Postklassik” is a narrower concept of “Postklassik.”
- “Postklassik” is a broader concept of “Späte Postklassik.”
- “Späte Postklassik” exactly matches “0D9x5aE7PFWa.”"
http://thesauri.dainst.org/_1972b041,Source,Class,soldatenkaiser,"Soldatenkaiser (German, “soldier-emperors”) refers to the Roman emperors of the 3rd century CE who rose to power through military acclamation rather than dynastic succession, often ruling briefly amid crisis. In digital humanities, the term might label entities in prosopographical datasets, ontologies, or text-mining projects about the Crisis of the Third Century, serving as a category for tagging, linking, and analyzing sources on these military rulers.","- “Gallienisch” is a broader concept of “Soldatenkaiser”. (broader)
- “Gordianisch” is a broader concept of “Soldatenkaiser”. (broader)
- “Späte Kaiserzeit (Eggers C; ca. 150-375)” has a narrower concept “Soldatenkaiser”. (narrower)
- “Soldatenkaiser” is a broader concept of “Späte Kaiserzeit (Eggers C; ca. 150-375)”. (broader)
- “Soldatenkaiser” exactly matches “6yOBUymxIvfH”. (exactMatch)
- “Soldatenkaiser” has the narrower concepts “Gallienisch” and “Gordianisch”. (narrower)"
http://thesauri.dainst.org/_19d1dd73,Source,Class,mittelassyrisch,"In digital humanities contexts, “mittelassyrisch” is German for “Middle Assyrian,” referring to the Middle Assyrian period/language of ancient Assyria (ca. 14th–10th centuries BCE). It typically labels texts, inscriptions, or linguistic features from that phase in Assyriology datasets, corpora, or metadata.","- “Assurzeitlich” has the narrower concept “mittelassyrisch.”
- “Mittelassyrisch” is a broader concept of “Assurzeitlich.” (inverse: it is narrower than “Assurzeitlich.”)
- “Mittelassyrisch” exactly matches “r1TkKvMfakse.”"
http://thesauri.dainst.org/_1b23b7aa,Source,Class,fr hprotokorinthisch,"Frühprotokorinthisch (German) refers to the Early Proto-Corinthian period/style in Greek material culture, typically ca. 720–690 BCE. In digital humanities contexts, it’s used as a controlled-term or metadata label to classify/annotate artifacts (e.g., pottery, iconography) from early Proto-Corinthian production, aiding chronological tagging, typology, and dataset interoperability.","- “Frühprotokorinthisch” is a broader concept’s narrower concept of “Protokorinthisch.”
- “Frühprotokorinthisch” exactly matches “1dswsl0r0Rj8.”
- “Protokorinthisch” has the narrower concept “Frühprotokorinthisch.”"
http://thesauri.dainst.org/_1b77d192,Source,Class,dritte zwischenzeit,"In digital humanities contexts dealing with ancient Egypt, “Dritte Zwischenzeit” is German for “Third Intermediate Period” (TIP). It denotes the era roughly ca. 1069–664 BCE, following the New Kingdom and preceding the Late Period, characterized by political fragmentation and regional rule (e.g., Libyan dynasties, Theban priesthood).","- “21. Dynastie” is broader concept’s narrower concept of “Dritte Zwischenzeit.” (i.e., “21. Dynastie” is a narrower concept of “Dritte Zwischenzeit.”)
- “22. Dynastie” is a narrower concept of “Dritte Zwischenzeit.”
- “Ägyptische Chronologiesysteme” has narrower concept “Dritte Zwischenzeit.”
- “Dritte Zwischenzeit” is a narrower concept of “Ägyptische Chronologiesysteme.”
- “Dritte Zwischenzeit” exactly matches “xr8AyLmFAcn7.”
- “Dritte Zwischenzeit” has narrower concepts “21. Dynastie” and “22. Dynastie.”"
http://thesauri.dainst.org/_1d587f1a,Source,Class,18 dynastie,"In digital humanities, “18. Dynastie” is German for “18th Dynasty,” referring to the Eighteenth Dynasty of ancient Egypt (ca. 1550–1292 BCE). In metadata, catalogs, or ontologies, it denotes the historical period/category for objects, texts, or data linked to that dynasty (e.g., tagging artifacts, inscriptions, prosopography entries).","- “18. Dynastie” is a broader concept within “Neues Reich.”
- “18. Dynastie” exactly matches “K5glD8hjpaZB.”
- “Neues Reich” has the narrower concept “18. Dynastie.”"
http://thesauri.dainst.org/_1d839342,Source,Class,mittelbyzantinisch,"Mittelbyzantinisch (German) means Middle Byzantine. In digital humanities, it typically labels the Middle Byzantine period/style (ca. 9th–12th centuries) for texts, artworks, manuscripts, or metadata describing Byzantine cultural production of that era.","- “Byzantinische Zeit” has the narrower concept “Mittelbyzantinisch”.
- “Mittelbyzantinisch” has the broader concept “Byzantinische Zeit”.
- “Mittelbyzantinisch” exactly matches “zPBCAaAerEYS”."
http://thesauri.dainst.org/_1de3178a,Source,Class,sp tgeometrisch i,"In digital humanities, “Spätgeometrisch I” refers to the first phase of the Late Geometric period (German: Spätgeometrisch) in Greek material culture chronology. It designates a stylistic/chronological subdivision (roughly late 8th century BCE) used to classify and date artifacts—especially pottery—based on geometric decoration and form.","- “Spätgeometrisch” has narrower concept “Spätgeometrisch I”.
- “Spätgeometrisch I” has broader concept “Spätgeometrisch”.
- “Spätgeometrisch I” exactly matches “t3dUCMX1JFth”."
http://thesauri.dainst.org/_1f3fc3df,Source,Class,gr ne periode,"In digital humanities, Grüne Periode (German: “Green Period”) refers to the brief window after a project’s funding ends but before its outputs deteriorate—when data, code, and websites still function but lack sustained maintenance. It highlights the vulnerability of DH projects to decay without long-term preservation, governance, or funding, and is used to argue for sustainable infrastructures and curation plans beyond grant cycles.","- “Grüne Periode” is a narrower concept of “Frühbronzezeit.”
- “Frühbronzezeit” is a broader concept of “Grüne Periode.”
- “Grüne Periode” exactly matches “tBRSdmqvPY66.”"
http://thesauri.dainst.org/_1f524e33,Source,Class,fr hbronzezeit,"Frühbronzezeit is the German term for the Early Bronze Age—the earliest phase of the Bronze Age, typically ca. 2300–1600 BCE in Central Europe. In digital humanities contexts, it’s used as a controlled chronological label (e.g., in metadata, gazetteers, ontologies, or periodization vocabularies) to tag and organize archaeological data, artifacts, sites, and texts from that timeframe.","- “Blaue Periode” is a broader concept of “Frühbronzezeit”. (broader)
- “Frühbronzezeit I” is a broader concept of “Frühbronzezeit”. (broader)
- “Frühbronzezeit II” is a broader concept of “Frühbronzezeit”. (broader)
- “Frühbronzezeit III” is a broader concept of “Frühbronzezeit”. (broader)
- “Grüne Periode” is a broader concept of “Frühbronzezeit”. (broader)
- “Rote Periode” is a broader concept of “Frühbronzezeit”. (broader)
- “عصر البرونز” has the narrower concept “Frühbronzezeit”. (narrower)
- “Frühbronzezeit” is a broader concept of “عصر البرونز”. (broader)
- “Frühbronzezeit” exactly matches “5xdcPsYrmHL0”. (exactMatch)
- “Frühbronzezeit” has the narrower concept “Blaue Periode”. (narrower)
- “Frühbronzezeit” has the narrower concept “Frühbronzezeit I”. (narrower)
- “Frühbronzezeit” has the narrower concept “Frühbronzezeit II”. (narrower)
- “Frühbronzezeit” has the narrower concept “Frühbronzezeit III”. (narrower)
- “Frühbronzezeit” has the narrower concept “Grüne Periode”. (narrower)
- “Frühbronzezeit” has the narrower concept “Rote Periode”. (narrower)"
http://thesauri.dainst.org/_23e77166,Source,Class,fr hbronzezeit i,"In digital humanities (esp. archaeological chronologies for Central Europe), “Frühbronzezeit I” means Early Bronze Age phase I—the earliest sub-phase of the Early Bronze Age in a given regional chronology. It denotes a specific time-slice and material-culture horizon used for periodization and data annotation (e.g., in databases, typologies, or GIS layers). Exact dates vary by region, but it precedes Early Bronze Age II and follows the Final Neolithic/Chalcolithic.","- “Frühbronzezeit” has narrower concept “Frühbronzezeit I”.
- “Frühbronzezeit I” has broader concept “Frühbronzezeit”.
- “Frühbronzezeit I” exactly matches “1MPTv1kamOGW”."
http://thesauri.dainst.org/_250cd16b,Source,Class,sp tbronzezeit iii a,"In digital humanities (e.g., archaeological datasets, gazetteers, thesauri), “Spätbronzezeit III A” denotes a chronological subphase within the Late Bronze Age (German: Spätbronzezeit), specifically the phase IIIA. It is used as a controlled term to tag or align artifacts, layers, or sites to a standardized time slice in typochronologies. Exact calendar dates vary by region and schema, but it typically refers to an advanced/late segment of the Late Bronze Age, before IIIB.","- “Spätbronzezeit III” has the narrower concept “Spätbronzezeit III A”.
- “Spätbronzezeit III A” has the broader concept “Spätbronzezeit III”."
http://thesauri.dainst.org/_26280e6c,Source,Class,fr harchaisch,"In digital humanities (especially Classics/Ancient Studies), “Früharchaisch” is German for “Early Archaic.” It denotes the earliest phase of the Archaic period in ancient Greek history/art/literature, roughly late 8th to early/mid-7th century BCE, preceding the “Hoch-/Mittelarchaisch” (Middle) and “Spätarchaisch” (Late Archaic) phases.","- “Früharchaisch” is a broader concept within “archaisch”.  
- “Früharchaisch” exactly matches “DNQC9CbQyUXp”.  
- “archaisch” has the narrower concept “Früharchaisch”."
http://thesauri.dainst.org/_26bca4bc,Source,Class,korinthisch,"In digital humanities context, “Korinthisch” is German for “Corinthian,” typically referring to the Corinthian order/style (e.g., in architectural metadata, iconography, or art-historical classification). It may tag features like Corinthian columns or Corinthian-capital motifs in datasets or ontologies.","- Archaische Zeit has narrower concept Korinthisch.
- Frühkorinthisch has broader concept Korinthisch.
- Mittelkorinthisch has broader concept Korinthisch.
- Spätkorinthisch has broader concept Korinthisch.
- Transitionsperiode has broader concept Korinthisch.
- Korinthisch has broader concept Archaische Zeit.
- Korinthisch has exact match tuUMtGhBqUDd.
- Korinthisch has narrower concepts Frühkorinthisch, Mittelkorinthisch, Spätkorinthisch, Transitionsperiode."
http://thesauri.dainst.org/_29137d7d,Source,Class,Голоцен,"In digital humanities context, “Голоцен” (Holocene) refers to the current geological epoch, beginning ~11,700 years ago after the last Ice Age—often used as a temporal frame for studying human cultural, environmental, and archaeological data (e.g., early agriculture, urbanization, climate-human interactions).","- “Chronologien” has narrower concept “Голоцен”.
- “Голоцен” has broader concept “Chronologien”.
- “Голоцен” exactly matches “uDnhWiMlThBu”."
http://thesauri.dainst.org/_29baa959,Source,Class,fr hhelladikum,"Frühhelladikum (Early Helladic) refers to the early Bronze Age period on mainland Greece, roughly 3100–2000 BCE, characterized archaeologically by emerging complex societies, fortified settlements, corridor houses (e.g., House of the Tiles), and distinctive pottery styles. In digital humanities, it functions as a temporal metadata term for annotating, classifying, and querying artifacts, sites, and texts associated with this period.","- Frühhelladisch I is a broader concept of Frühhelladikum.
- Frühhelladisch II is a broader concept of Frühhelladikum.
- Frühhelladisch III is a broader concept of Frühhelladikum.
- Ägäische und griechische Bronzezeitchronologie has the narrower concept Frühhelladikum.
- Frühhelladikum is a broader concept of Ägäische und griechische Bronzezeitchronologie.
- Frühhelladikum exactly matches iRlJvqohiuZR.
- Frühhelladikum has the narrower concepts Frühhelladisch I, Frühhelladisch II, and Frühhelladisch III."
http://thesauri.dainst.org/_2a5b1a25,Source,Class,fr hbronzezeit iii,"Frühbronzezeit III refers to the third phase of the Early Bronze Age in Central European chronological systems (German: Frühbronzezeit = Early Bronze Age). In digital humanities/archaeological data, it’s a period label used to date materials, sites, or contexts, typically following a tripartite scheme (I–III). Exact calendar dates vary by region and chronology used, but Fbz III generally marks the later segment of the Early Bronze Age before the Middle Bronze Age.","- “Frühbronzezeit III” is a narrower concept of “Frühbronzezeit.”
- “Frühbronzezeit” is a broader concept of “Frühbronzezeit III.”
- “Frühbronzezeit III” exactly matches “4RqSL9R1pIi8.”"
http://thesauri.dainst.org/_2b089ca4,Source,Class,العصر الحديث,"In digital humanities context, العصر الحديث refers to the Modern Era—roughly from the late 18th/early 19th century to the present—characterized by industrialization, nation-states, mass print culture, and later digital technologies, which shape sources, methods, and media studied.","- “Barock” has broader concept “العصر الحديث”.
- “Chronologien” has narrower concept “العصر الحديث”.
- “Пізньосередньовічний час” has broader concept “العصر الحديث”.
- “العصر الحديث” has broader concept “Chronologien”.
- “العصر الحديث” has exact match “D6K5MO2tx66Y”.
- “العصر الحديث” has narrower concept “Barock”.
- “العصر الحديث” has narrower concept “Пізньосередньовічний час”."
http://thesauri.dainst.org/_2b45060c,Source,Class,neronisch,"“Neronisch” (German) refers to the emperor Nero and, in a humanities context, denotes something “Neronian” or “of/like Nero.” In digital humanities, you’d most likely see it as:

- A descriptor for texts, motifs, or stylistic traits associated with Emperor Nero (e.g., “neronische Themen” = Neronian themes).
- A tag/keyword in corpora or metadata indicating content related to Nero, the Neronian period, or portrayals of Nero.","- “Neronisch” is a narrower concept of “Frühe und mittlere Kaiserzeit (Eggers A/B)”.
- “Frühe und mittlere Kaiserzeit (Eggers A/B)” is a broader concept of “Neronisch”.
- “Neronisch” exactly matches “oV2CxuQDUuuw”."
http://thesauri.dainst.org/_2b930717,Source,Class,sp tprotokorinthisch,"Spätprotokorinthisch (German for “Late Proto‑Corinthian”) refers to the last phase of the Proto‑Corinthian style of Greek pottery, dated roughly to ca. 660–640 BCE, just before the Early Corinthian period. In digital humanities contexts, it’s a controlled chronological/style label used to classify, annotate, and search artifacts (e.g., vases) in databases, ontologies, and linked open data (such as the Arachne database or Getty AAT), enabling consistent temporal/stylistic tagging and interoperability across collections.","- “Protokorinthisch” has narrower concept “Spätprotokorinthisch”.
- “Spätprotokorinthisch” has broader concept “Protokorinthisch”.
- “Spätprotokorinthisch” exactly matches “VhT7jH8m0E2H”."
http://thesauri.dainst.org/_2c5e6519,Source,Class,sp tantike,"Spätantike (German for “Late Antiquity”) refers to the period roughly from the 3rd to the 8th century CE marking the transition from the Roman Empire to the early medieval world. In digital humanities, it designates the temporal scope for projects, corpora, and analyses focused on late Roman/early Byzantine and post-Roman cultures—e.g., digitized texts (Latin, Greek, Coptic, Syriac), epigraphy, prosopography, and material culture datasets from this era.","- “Spätantike” has broader concept “العهد الإمبراطوري الروماني”.
- “Spätantike” exactly matches “ZJwhOGTXDXZX”.
- “العهد الإمبراطوري الروماني” has narrower concept “Spätantike”."
http://thesauri.dainst.org/_2e5fdad9,Source,Class,sp tbyzantinisch,"In digital humanities (especially art history, history, or philology), “Spätbyzantinisch” is German for “Late Byzantine,” referring to the Byzantine Empire’s late period, typically ca. 1204–1453. It denotes works, texts, art, architecture, or cultural phenomena from that phase.","- “Spätbyzantinisch” is a narrower concept of “Byzantinische Zeit.”
- “Byzantinische Zeit” is a broader concept of “Spätbyzantinisch.”
- “Spätbyzantinisch” exactly matches “YRwAU4tS7fvH.”"
http://thesauri.dainst.org/_2eaf48c6,Source,Class,j ngere eisenzeit mitteleuropa,"In Central European archaeology (digital humanities metadata/periodization), “Jüngere Eisenzeit (Mitteleuropa)” refers to the Late Iron Age of Central Europe, typically covering the La Tène period, roughly ca. 450/400 BCE to the Roman conquest/early 1st century BCE–1st century CE (regional end dates vary). It follows the Early Iron Age (Hallstatt) and is characterized by La Tène material culture.","- “Latènezeit” is a broader concept of “Jüngere Eisenzeit (Mitteleuropa)”.
- “عصر الحديد” has the narrower concept “Jüngere Eisenzeit (Mitteleuropa)”.
- “Jüngere Eisenzeit (Mitteleuropa)” is a broader concept of “عصر الحديد”.
- “Jüngere Eisenzeit (Mitteleuropa)” exactly matches “Ck8Cur4bQNE4”.
- “Jüngere Eisenzeit (Mitteleuropa)” has the narrower concept “Latènezeit”."
http://thesauri.dainst.org/_2ecdb440,Source,Class,fr hkykladisch ii,"Frühkykladisch II (German for “Early Cycladic II”) refers to the second phase of the Early Cycladic period in Aegean prehistory, dated roughly to ca. 2700–2300 BCE. In digital humanities contexts, it’s a chronological/typological label used in datasets, ontologies, and metadata to classify artifacts, contexts, and sites from the Cyclades during this specific sub-period.","- “Frühkykladisch” has narrower concept “Frühkykladisch II”.
- “Frühkykladisch II” has broader concept “Frühkykladisch”.
- “Frühkykladisch II” exactly matches “uCgHMWupo9is”."
http://thesauri.dainst.org/_2f305609,Source,Class,theodosianisch,"In digital humanities, “Theodosianisch” refers to things related to the Theodosian era or corpus—most often:

- The Theodosian Code (Codex Theodosianus), a late Roman legal compilation promulgated under Emperor Theodosius II (5th century).
- More broadly, materials, policies, or texts from the reigns of Theodosius I/II.

So “theodosianisch” typically labels sources, laws, or reforms associated with the Theodosian legal tradition or period.","- “Kaiserzeit-Spätantike” has narrower concept “Theodosianisch”.
- “Theodosianisch” has broader concept “Kaiserzeit-Spätantike”.
- “Theodosianisch” exactly matches “pKMb6nhYI3XY”."
http://thesauri.dainst.org/_2fabc8fc,Source,Class,neupalastzeitlich,"Neupalastzeitlich (German, “Neo-Palatial period”) refers to the phase of Minoan Crete characterized by the second generation of palatial centers (c. 1700–1450 BCE), marked by rebuilt/expanded palaces (e.g., Knossos, Phaistos), intensive administration, and rich material culture. In digital humanities, it functions as a controlled chronological label for annotating, classifying, or querying data (artifacts, texts, sites) tied to this specific Aegean Bronze Age period.","- “Neupalastzeitlich” is broader conceptually classified under “Spätminoisch.”
- “Spätminoisch” has the narrower concept “Neupalastzeitlich.”"
http://thesauri.dainst.org/_2fad7185,Source,Class,fr hprotoattisch,"Frühprotoattisch (German: “early Proto-Attic”) refers to the earliest phase of the Proto-Attic style in ancient Greek (Attic) pottery and vase painting, dated roughly to the early 7th century BCE (ca. 700–650 BCE). In digital humanities contexts, it’s used as a controlled term/period label to classify, annotate, and search cultural heritage objects (e.g., vases) from Attica that exhibit early Proto-Attic stylistic features.","- “Frühprotoattisch” is a broader concept’s member of “protoattisch”.
- “Frühprotoattisch” exactly matches “26NiMbkBZToa”.
- “protoattisch” has the narrower concept “Frühprotoattisch”."
http://thesauri.dainst.org/_2fe6f4ee,Source,Class,antoninisch,"In digital humanities, “Antoninisch” (German) refers to the Antonine era/style—i.e., relating to the Roman emperors of the Antonine dynasty (2nd century CE, especially Antoninus Pius and Marcus Aurelius). It’s used in metadata, typologies, or stylistic classifications (e.g., “antoninische Porträtkunst,” coinage, inscriptions) to denote objects, texts, or styles dated to or characteristic of that period.","- “Frühantoninisch” is a broader concept’s narrower term of “Antoninisch.” (Frühantoninisch is narrower than Antoninisch.)
- “Mittelantoninisch” is narrower than “Antoninisch.”
- “Spätantoninisch” is narrower than “Antoninisch.”
- “Späte Kaiserzeit (Eggers C; ca. 150-375)” has the narrower term “Antoninisch.” (Antoninisch is narrower than Späte Kaiserzeit…)
- “Antoninisch” is broader than “Frühantoninisch,” “Mittelantoninisch,” and “Spätantoninisch.”
- “Antoninisch” is narrower than “Späte Kaiserzeit (Eggers C; ca. 150-375).”
- “Antoninisch” exactly matches “dZ3ERUpZtmDy.”"
http://thesauri.dainst.org/_309adfca,Source,Class,mittelprotoattisch,"Mittelprotoattisch (German: “Middle Proto-Attic”) refers to a stylistic/chronological phase in early Attic (Athenian) vase painting and ceramics, roughly mid–7th to early–6th century BCE, situated between Proto-Attic and later Attic styles. In digital humanities contexts, it functions as a controlled chronological/style term used to tag, classify, and search artifacts (e.g., vases, sherds) in datasets, ontologies, and catalogues for provenance, dating, and stylistic analysis.","- “Mittelprotoattisch” is a broader concept’s member of “protoattisch”.
- “Mittelprotoattisch” exactly matches “UX8iNtl2shZA”.
- “protoattisch” has the narrower concept “Mittelprotoattisch”."
http://thesauri.dainst.org/_30ac6926,Source,Class,lat nezeit,"Latènezeit (La Tène period) refers to the second major phase of the European Iron Age (c. 450–1 BCE), named after the La Tène site on Lake Neuchâtel, Switzerland. In digital humanities, it serves as a chronological metadata term for classifying, annotating, and querying artifacts, texts, and archaeological data associated with Continental Celtic culture, art styles (e.g., curvilinear ornament), and settlement/ritual sites across Central and Western Europe.","- “Frühlatène (Lt A/B)” is a broader concept of “Latènezeit”.
- “Jüngere Eisenzeit (Mitteleuropa)” has a narrower concept “Latènezeit”.
- “Mittellatène (Lt C)” is a broader concept of “Latènezeit”.
- “Spätlatène (Lt D)” is a broader concept of “Latènezeit”.
- “Latènezeit” is a broader concept of “Jüngere Eisenzeit (Mitteleuropa)”.
- “Latènezeit” exactly matches “ILLDfhJB7HAf”.
- “Latènezeit” has narrower concepts “Frühlatène (Lt A/B)”, “Mittellatène (Lt C)”, and “Spätlatène (Lt D)”."
http://thesauri.dainst.org/_31983db9,Source,Class,sp tbronzezeit iii,"In digital humanities contexts (e.g., archaeological databases/ontologies), “Spätbronzezeit III” denotes a chronological sub-phase within the Late Bronze Age (German: Spätbronzezeit), specifically its third (and usually latest) subdivision. It is used to label/encode time periods for sites, layers, or artifacts, typically corresponding to the final part of the Late Bronze Age in a given regional chronology. Exact dates vary by region and scholarly system.","- “Spätbronzezeit” has narrower concept “Spätbronzezeit III”.
- “Spätbronzezeit III A” is a broader concept’s narrower term of “Spätbronzezeit III”.
- “Spätbronzezeit III B” is a broader concept’s narrower term of “Spätbronzezeit III”.
- “Spätbronzezeit III C” is a broader concept’s narrower term of “Spätbronzezeit III”.
- “Spätbronzezeit III” is broader than “Spätbronzezeit”.
- “Spätbronzezeit III” exactly matches “R8XKWCwpPeyQ”.
- “Spätbronzezeit III” has narrower concepts “Spätbronzezeit III A”, “Spätbronzezeit III B”, and “Spätbronzezeit III C”."
http://thesauri.dainst.org/_32eb2837,Source,Class,sp tminoisch i,"Spätminoisch I means “Late Minoan I,” a periodization label (in German) for the first phase of the Late Minoan era in Aegean prehistory (roughly 17th–16th centuries BCE), used in archaeology and digital humanities metadata/ontologies to denote time spans for Minoan artifacts, texts, and sites.","- “Spätminoisch” has narrower concept “Spätminoisch I”.
- “Spätminoisch I” has broader concept “Spätminoisch”.
- “Spätminoisch I” exactly matches “JNmyWFKQuClD”."
http://thesauri.dainst.org/_33028c7d,Source,Class,vordynastische zeit,"In Digital Humanities, “Vordynastische Zeit” refers to the Predynastic Period of ancient Egypt (before c. 3100 BCE), used as a temporal metadata/category label in datasets, ontologies, or project annotations to tag materials, events, or artifacts dating to Egypt’s pre-dynastic era.","- “Vordynastische Zeit” is a broader concept under “Ägyptische Chronologiesysteme.”
- “Vordynastische Zeit” exactly matches “2MhmBW03zUjy.”
- “Ägyptische Chronologiesysteme” has the narrower concept “Vordynastische Zeit.”"
http://thesauri.dainst.org/_332bca04,Source,Class,sp tbronzezeit iii c,"In digital humanities (especially in archaeology/ancient history metadata), “Spätbronzezeit III C” refers to the chronological phase “Late Bronze Age III C.” It denotes the final subphase of the Eastern Mediterranean Late Bronze to Early Iron transition (often c. 1200–1050 BCE), characterized by post-palatial cultural horizons (e.g., Aegean/Anatolian–Levantine contexts), changes in material culture (notably pottery styles), and widespread societal disruptions. It’s used as a period label for dating artifacts, layers, or sites in datasets and ontologies.","- “Spätbronzezeit III” has the narrower concept “Spätbronzezeit III C”.
- “Spätbronzezeit III C” has the broader concept “Spätbronzezeit III”."
http://thesauri.dainst.org/_344a3ee9,Source,Class,submykenisch,"Submykenisch (German: “Sub-Mycenaean”) refers to the transitional cultural phase in the Aegean (c. 1100–1050 BCE) that follows the collapse of the Mycenaean palatial system and precedes the Protogeometric period. In digital humanities, it is used as a chronological/typological label in datasets, ontologies, or metadata to classify artifacts, pottery styles, and contexts dating to this post-Mycenaean, pre-Geometric horizon.","- “Submykenisch” is a broader concept within “Ägäische und griechische Bronzezeitchronologie.”
- “Submykenisch” exactly matches “MgRh9wPyim8l.”
- “Ägäische und griechische Bronzezeitchronologie” has the narrower concept “Submykenisch.”"
http://thesauri.dainst.org/_35beea54,Source,Class,fr hminoisch,"Frühminoisch is the German term for Early Minoan (EM), referring to the earliest phase of Minoan civilization on Crete (ca. 3100–2100 BCE) in Aegean prehistory. In digital humanities, it would tag or classify data (artifacts, texts, layers) to this chronological period.","- “Frühminoisch I” is a narrower concept of “Frühminoisch”.
- “Frühminoisch II” is a narrower concept of “Frühminoisch”.
- “Frühminoisch III” is a narrower concept of “Frühminoisch”.
- “Ägäische und griechische Bronzezeitchronologie” has the narrower concept “Frühminoisch”.
- “Frühminoisch” is a broader concept of “Ägäische und griechische Bronzezeitchronologie”.
- “Frühminoisch” exactly matches “XppKhDh1DEcQ”.
- “Frühminoisch” has the narrower concepts “Frühminoisch I”, “Frühminoisch II”, and “Frühminoisch III”."
http://thesauri.dainst.org/_35ce17b8,Source,Class,assurzeitlich,"Assurzeitlich (German) refers to something dating to, pertaining to, or situated in the Assyrian period (the time of the ancient Assyrian empire). In digital humanities, it’s used as a temporal qualifier/tag for data, texts, artifacts, or features identified as belonging to the Assyrian era.","- “Vorderorientalische Chronologiesysteme” has narrower concept “Assurzeitlich”.
- “altassyrisch” has broader concept “Assurzeitlich”.
- “mittelassyrisch” has broader concept “Assurzeitlich”.
- “neuassyrisch” has broader concept “Assurzeitlich”.
- “Assurzeitlich” has broader concept “Vorderorientalische Chronologiesysteme”.
- “Assurzeitlich” has narrower concepts “altassyrisch”, “mittelassyrisch”, and “neuassyrisch”.
- “Assurzeitlich” is related to “_7e37f047”."
http://thesauri.dainst.org/_35d24b60,Source,Class,trajanisch,"In digital humanities, “Trajanisch” refers to anything written in the Trajanic script style—i.e., modeled on the Roman capital letterforms of Emperor Trajan’s era, best known from the inscription on Trajan’s Column. It typically denotes inscriptional Roman capitals (capitalis monumentalis) and, by extension, typefaces like “Trajan” used to emulate that classical epigraphic style.","- “Trajanisch” is a narrower concept of “Frühe und mittlere Kaiserzeit (Eggers A/B)”.
- “Frühe und mittlere Kaiserzeit (Eggers A/B)” is a broader concept of “Trajanisch”.
- “Trajanisch” exactly matches “9DshiEVPeqWQ”."
http://thesauri.dainst.org/_35d5239b,Source,Class,fr hminoisch i,"In digital humanities (especially Aegean archaeology metadata), “Frühminoisch I” (German for “Early Minoan I,” often abbreviated FM I or EM I) designates the earliest sub-phase of the Early Minoan period on Crete, roughly ca. 3300–2700 BCE (dates vary by chronology). It’s a temporal period label used for tagging, classifying, and searching cultural materials, contexts, or datasets from that phase.","- “Frühminoisch I” is a narrower concept of “Frühminoisch”.
- “Frühminoisch I” has the broader concept “Frühminoisch”.
- “Frühminoisch I” exactly matches “dfTUn6vsLnkI”."
http://thesauri.dainst.org/_363f4300,Source,Class,vendelzeit ca 550 800,"In digital humanities contexts, Vendelzeit (ca. 550–800 CE) denotes the Scandinavian Vendel Period—a phase between the Migration Period and the Viking Age—characterized archaeologically by elite boat graves, rich warrior gear, and distinctive art styles (e.g., helmet plates) centered around sites like Vendel and Valsgärde in Sweden. It’s a chronological-cultural label used for metadata, periodization, and comparative analysis in Northern European datasets.","- “Vendelzeit (ca. 550-800)” is a narrower concept of “Frühmittelalter (5.-9. Jahrh.).”
- “Frühmittelalter (5.-9. Jahrh.)” is a broader concept of “Vendelzeit (ca. 550-800).”"
http://thesauri.dainst.org/_3993f484,Source,Class,zweite zwischenzeit,"In Digital Humanities, “Zweite Zwischenzeit” refers to the Second Intermediate Period of ancient Egypt—roughly 17th–16th centuries BCE—used as a chronological label in datasets, ontologies, or metadata to tag texts, artifacts, or events from that historical phase.","- “13. Dynastie” is a broader concept of “Zweite Zwischenzeit”.
- “Ägyptische Chronologiesysteme” has the narrower concept “Zweite Zwischenzeit”.
- “Zweite Zwischenzeit” is a broader concept of “Ägyptische Chronologiesysteme”.
- “Zweite Zwischenzeit” exactly matches “7gdIEdl5e3A1”.
- “Zweite Zwischenzeit” has the narrower concept “13. Dynastie”."
http://thesauri.dainst.org/_3ab9c458,Source,Class,sp tkykladisch iii,"Spätkykladisch III means “Late Cycladic III,” the third (latest) phase of the Late Cycladic period in Aegean prehistory. In digital humanities contexts (e.g., metadata, ontologies, period vocabularies), it denotes a chronological period label used to tag or classify artifacts, sites, or texts from the Cyclades in the Late Bronze Age, roughly contemporaneous with Mycenaean Late Helladic III.","- “Spätkykladisch” has narrower concept “Spätkykladisch III”.
- “Spätkykladisch III” has broader concept “Spätkykladisch”.
- “Spätkykladisch III” exactly matches “uJLem3G3Yybz”."
http://thesauri.dainst.org/_3b9ed826,Source,Class,13 dynastie,"In digital humanities contexts dealing with historical data (especially German-language sources), “13. Dynastie” means the 13th Dynasty of ancient Egypt. It refers to a specific ruling line within the Middle Kingdom/Second Intermediate Period (c. 18th–17th centuries BCE), often represented as a data category or label in prosopographies, timelines, ontologies, or metadata for texts, inscriptions, and artifacts.","- “13. Dynastie” is broader concept’s child of “Zweite Zwischenzeit”.
- “13. Dynastie” exactly matches “VvHC6rBrUWBu”.
- “Zweite Zwischenzeit” has narrower concept “13. Dynastie”."
http://thesauri.dainst.org/_3bff2fb5,Source,Class,fr hgeometrisch,"Frühgeometrisch (German for “Early Geometric”) refers to the earliest phase of the Greek Geometric period in archaeology/art history (ca. 900–850 BCE), characterized by geometric motifs on pottery and material culture. In digital humanities, it would function as a controlled vocabulary term or metadata value for periodization when annotating, classifying, or linking cultural heritage objects/datasets to this specific chronological/style phase.","- “Frühgeometrisch” is a broader concept within “Geometrische Zeit.”
- “Frühgeometrisch” exactly matches “N6SA3aMUapJj.”
- “Geometrische Zeit” has the narrower concept “Frühgeometrisch.”"
http://thesauri.dainst.org/_3c38c1b2,Source,Class,altes reich,"In digital humanities, “Altes Reich” usually refers to the Holy Roman Empire (Old Empire) as a historical-political entity, especially in German-language scholarship. It denotes the pre-1806 imperial framework of Central Europe, distinguishing it from later German states (e.g., the Kaiserreich after 1871).","- “Altes Reich” has broader concept “Ägyptische Chronologiesysteme”.
- “Altes Reich” exactly matches “kyE7ihNsicSA”.
- “Ägyptische Chronologiesysteme” has narrower concept “Altes Reich”."
http://thesauri.dainst.org/_3daffa4b,Source,Class,fr hmesolithikum,"Frühmesolithikum is the German term for the Early Mesolithic, referring to the earliest phase of the Mesolithic period in Central/Northern Europe after the last Ice Age. In digital humanities, it typically appears as a chronological category in datasets, ontologies, or metadata for archaeological materials (e.g., sites, layers, tool typologies) dated roughly to the early Holocene, before the onset of Neolithic farming.","- “Frühmesolithikum” is broader term: “Mesolithikum”.
- “Frühmesolithikum” closely matches “w35tMjbQgMPE”.
- “Mesolithikum” has narrower term: “Frühmesolithikum”."
http://thesauri.dainst.org/_3fcae76d,Source,Class,mittelmykenisch,"Mittelmykenisch (German for “Middle Mycenaean”) refers to the middle phase of the Mycenaean period in the Aegean Bronze Age, typically aligned with the archaeological Middle Helladic III to early Late Helladic I–II transition. In digital humanities, it would tag or classify texts, artifacts, layers, or datasets as belonging to this chronological/cultural phase of Mycenaean Greece.","- “Mittelmykenisch” is a broader concept within “Mykenische Zeit”.
- “Mittelmykenisch” exactly matches “QzIwTNiIBEYT”.
- “Mykenische Zeit” has the narrower concept “Mittelmykenisch”."
http://thesauri.dainst.org/_4184afc2,Source,Class,hallstatt c,"In digital humanities contexts, “Hallstatt C” refers to a chronological phase label used in archaeological datasets, ontologies, and metadata to denote the early Iron Age sub-phase within the Hallstatt period (approx. 8th–7th century BCE, often c. 800–600 BCE, varying by region). It is used to standardize time-period tagging for artifacts, sites, and cultural materials in Europe, enabling temporal classification, querying, and cross-dataset interoperability.","- “Hallstatt C” has broader concept “Hallstattzeit (Mitteleuropa)”.
- “Hallstatt C” exactly matches “nMnCK9s5Cyyj”.
- “Hallstattzeit (Mitteleuropa)” has narrower concept “Hallstatt C”."
http://thesauri.dainst.org/_43717582,Source,Class,erste zwischenzeit,"In German Egyptology (common in digital humanities datasets), “Erste Zwischenzeit” means “First Intermediate Period,” the era between Egypt’s Old Kingdom and Middle Kingdom, roughly ca. 2181–2055 BCE.","- “10. Dynastie” is a broader concept’s member of “Erste Zwischenzeit”.
- “11. Dynastie” is a broader concept’s member of “Erste Zwischenzeit”.
- “Ägyptische Chronologiesysteme” has the narrower concept “Erste Zwischenzeit”.
- “Erste Zwischenzeit” has the broader concept “Ägyptische Chronologiesysteme”.
- “Erste Zwischenzeit” exactly matches “Sc8LD0jc4Et0”.
- “Erste Zwischenzeit” has the narrower concepts “10. Dynastie” and “11. Dynastie”."
http://thesauri.dainst.org/_437c9bf8,Source,Class,fr hkykladisch iii,"Frühkykladisch III (German for “Early Cycladic III,” often abbreviated FK III or EC III) refers to the latest subphase of the Early Cycladic period in Aegean prehistory (Cyclades, ca. early 3rd millennium BCE). In digital humanities, it is a periodization label used in metadata/ontologies to classify artifacts, contexts, or records by cultural-historical phase, aligned with chronological schemes (e.g., EC I–III).","- “Frühkykladisch III” is a narrower concept of “Frühkykladisch.”
- “Frühkykladisch” is a broader concept of “Frühkykladisch III.”
- “Frühkykladisch III” exactly matches “04fIvY4dbTOl.”"
http://thesauri.dainst.org/_43ffb745,Source,Class,10 dynastie,"In a digital humanities context, “10. Dynastie” is German for “10th Dynasty,” referring to the Tenth Dynasty of ancient Egypt. It denotes the dynastic period label used in chronology/metadata (e.g., in datasets, prosopographies, or timelines) to classify people, events, or objects to the Egyptian 10th Dynasty (First Intermediate Period, roughly c. 21st–20th century BCE).","- “10. Dynastie” is broader concept’s narrower concept of “Erste Zwischenzeit”.
- “10. Dynastie” has exact match “BoKhs7CE71XG”.
- “Erste Zwischenzeit” has narrower concept “10. Dynastie”."
http://thesauri.dainst.org/_465255e4,Source,Class,mittelkykladisch,"Mittelkykladisch is German for “Middle Cycladic,” referring to the Middle Bronze Age cultural phase in the Cyclades (Aegean) ca. 2000–1600 BCE. In digital humanities, it’s a period label used in metadata, ontologies, and datasets to classify artifacts, contexts, or sites from that phase.","- “Mittelkykladisch I” is broader term’s child of “Mittelkykladisch”.
- “Mittelkykladisch II” is broader term’s child of “Mittelkykladisch”.
- “Mittelkykladisch III” is broader term’s child of “Mittelkykladisch”.
- “Ägäische und griechische Bronzezeitchronologie” has narrower term “Mittelkykladisch”.
- “Mittelkykladisch” has broader term “Ägäische und griechische Bronzezeitchronologie”.
- “Mittelkykladisch” has exact match “Qw1VpTN3XVf9”.
- “Mittelkykladisch” has narrower terms “Mittelkykladisch I”, “Mittelkykladisch II”, and “Mittelkykladisch III”."
http://thesauri.dainst.org/_47b9fa08,Source,Class,early dynastic period,"In digital humanities, the “Early Dynastic period” typically refers to the earliest historical phase of ancient Mesopotamia (c. 2900–2350 BCE) or ancient Egypt (c. 3150–2686 BCE), depending on the dataset or project. It marks the emergence of city-states, writing, and state institutions documented in textual, archaeological, and material records. In DH contexts, it’s a controlled chronological label used to tag, model, and analyze sources (texts, artifacts, inscriptions) within temporal ontologies and databases.","- “Early dynastic period” has broader concept “عصر حجري حديث”.
- “Early dynastic period” exactly matches “4OPChMpYuess”.
- “عصر حجري حديث” has narrower concept “Early dynastic period”."
http://thesauri.dainst.org/_47fe49df,Source,Class,sp te kaiserzeit eggers c ca 150 375,"In digital humanities (especially archaeological typologies of Roman-period finds), “Späte Kaiserzeit (Eggers C; ca. 150–375)” refers to the Late Roman Imperial period as defined by Hans Jürgen Eggers’ chronology. “Eggers C” is his Phase C, dating roughly AD 150–375, used to classify and date artifacts (e.g., Roman imports in Barbaricum) within a standardized temporal framework.","- Antoninisch is broader concept’s narrower term of Späte Kaiserzeit (Eggers C; ca. 150-375).
- Severisch is broader concept’s narrower term of Späte Kaiserzeit (Eggers C; ca. 150-375).
- Soldatenkaiser is broader concept’s narrower term of Späte Kaiserzeit (Eggers C; ca. 150-375).
- العهد الإمبراطوري الروماني has narrower concept Späte Kaiserzeit (Eggers C; ca. 150-375).
- Späte Kaiserzeit (Eggers C; ca. 150-375) has broader concept العهد الإمبراطوري الروماني.
- Späte Kaiserzeit (Eggers C; ca. 150-375) has exact match vffxyHsXpjuF.
- Späte Kaiserzeit (Eggers C; ca. 150-375) has narrower concepts Antoninisch, Severisch, Soldatenkaiser."
http://thesauri.dainst.org/_4a2bfbe4,Source,Class,neuassyrisch,"In digital humanities/German scholarly context, neuassyrisch means Neo-Assyrian—i.e., the Neo-Assyrian period/language (ca. 911–609 BCE) and its texts, artifacts, or data.","- “Assurzeitlich” has the narrower concept “neuassyrisch”.
- “neuassyrisch” has the broader concept “Assurzeitlich”.
- “neuassyrisch” exactly matches “OrSh4W1a0Kdc”."
http://thesauri.dainst.org/_4b0d451a,Source,Class,pr histoire,"In digital humanities, “préhistoire” refers to the period before written records, studied through material traces (artifacts, images, sites). DH approaches involve digitizing, annotating, modeling, and analyzing prehistoric data—e.g., 3D scans of artifacts, GIS for sites, computational dating/typology, and image analysis of cave art—to reconstruct societies without texts.","- “Chronologien” has narrower concept “préhistoire”.
- “préhistoire” has broader concept “Chronologien”.
- “préhistoire” exactly matches “XLYbvLSSRb0t”."
http://thesauri.dainst.org/_4c6ab632,Source,Class,hocharchaisch,"In digital humanities, Hocharchaisch (“high-archaic”) refers to a deliberately archaizing register of German used in historical or literary texts—marked by older vocabulary, morphology, and syntax—to evoke an early/ancient style. It’s often annotated or modeled as a distinct linguistic variety in corpora for tasks like stylometric analysis, diachronic NLP, or text normalization.","- “Hocharchaisch” is broader conceptually related to “archaisch”.
- “Hocharchaisch” exactly matches “TUAgYbfZBVxQ”.
- “archaisch” has the narrower concept “Hocharchaisch”."
http://thesauri.dainst.org/_4c881de2,Source,Class,severisch,"In digital humanities, “Severisch” (German: Severisch) refers to the medieval/early modern Low German dialect of the Lower Rhine region around the city of Xanten and the diocese of St. Viktor (linked to Saint Severus/Severin). It’s used in linguistic and philological projects to classify texts, charters, or lexical items from that regional variety within the continuum of Middle/Low German dialects.","- “Severisch” is a broader concept’s narrower term of “Späte Kaiserzeit (Eggers C; ca. 150–375)”.
- “Severisch” exactly matches “49XD6itTpXJ8”.
- “Späte Kaiserzeit (Eggers C; ca. 150–375)” has the narrower term “Severisch”."
http://thesauri.dainst.org/_4c9b6f46,Source,Class,fr haugusteisch,"Frühaugusteisch (German for “early Augustan”) refers to the earliest phase of the Roman emperor Augustus’s reign and its cultural-historical horizon. In digital humanities, it typically labels texts, inscriptions, artifacts, or stylistic/linguistic features dated to the early Augustan period (roughly late 1st century BCE to early 1st century CE), used as a chronological and stylistic metadata category for analysis, annotation, or corpus segmentation.","- “Frühaugusteisch” is a narrower concept of “Augusteisch.”
- “Frühaugusteisch” has the broader concept “Augusteisch.”
- “Frühaugusteisch” exactly matches “jMI3kojyyYgk.”"
http://thesauri.dainst.org/_4d1096fb,Source,Class,عصر الحديد,"In digital humanities context, عصر الحديد refers to the Iron Age—the historical period marked by the widespread use of iron for tools and weapons, typically following the Bronze Age. In Near Eastern and Mediterranean chronologies relevant to Arabic sources, it roughly spans c. 1200–500 BCE (varying by region).","- Chronologien has narrower concept عصر الحديد.
- Eisenzeit (Mittelmeer) has broader concept عصر الحديد.
- Jüngere Eisenzeit (Mitteleuropa) has broader concept عصر الحديد.
- Ältere Eisenzeit (Mitteleuropa) has broader concept عصر الحديد.
- عصر الحديد has broader concept Chronologien.
- عصر الحديد has exact match cj6Qe6bcZgvi.
- عصر الحديد has narrower concept Eisenzeit (Mittelmeer).
- عصر الحديد has narrower concept Jüngere Eisenzeit (Mitteleuropa).
- عصر الحديد has narrower concept Ältere Eisenzeit (Mitteleuropa)."
http://thesauri.dainst.org/_4d1bfe78,Source,Class,vorr mische eisenzeit,"In digital humanities context, Vorrömische Eisenzeit refers to the “Pre-Roman Iron Age” in Northern/Central Europe—i.e., the Iron Age phase before Roman cultural/political influence. It typically spans c. 500/400 BCE to the beginning of the Roman Iron Age (varying by region), and is used as a chronological/cultural label in metadata, ontologies, and periodization schemas for archaeological and historical datasets.","- “Vorrömische Eisenzeit” is a narrower concept of “Eisenzeit (Mittelmeer)”.
- “Eisenzeit (Mittelmeer)” is a broader concept of “Vorrömische Eisenzeit”.
- “Vorrömische Eisenzeit” exactly matches “k6Gkl4yA7ZkK”."
http://thesauri.dainst.org/_4d56ea0c,Source,Class,gallienisch,"In digital humanities (especially German-language DH), “Gallienisch” informally refers to the French scholarly tradition—i.e., approaches, methods, and theoretical frameworks characteristic of French academia. It’s a tongue-in-cheek adjective (from “Gallien,” Gaul) used to contrast “French-style” DH with other national traditions.","- “Gallienisch” has broader concept “Soldatenkaiser”.
- “Gallienisch” exactly matches “sQi9AkYPgCmb”.
- “Soldatenkaiser” has narrower concept “Gallienisch”."
http://thesauri.dainst.org/_4de2566c,Source,Class,gordianisch,"In Digital Humanities, “gordianisch” (German) is used metaphorically to describe a problem or dataset that is extremely complex, tangled, or interdependent—like a “Gordian knot.” It implies that conventional, incremental methods may be impractical, and a bold, simplifying approach (a “Gordian” cut) might be needed to resolve it—for example, by reframing the research question, radically transforming data/modeling choices, or adopting a disruptive workflow.","- “Gordianisch” has broader concept “Soldatenkaiser”.
- “Gordianisch” exactly matches “qywedSO865yR”.
- “Soldatenkaiser” has narrower concept “Gordianisch”."
http://thesauri.dainst.org/_4e8937db,Source,Class,almohadisch ca 1147 1269,"In digital humanities metadata (e.g., for historical periods or place/people labels), “Almohadisch (ca. 1147–1269)” refers to the Almohad period—the era of the Almohad Caliphate, a Berber Muslim dynasty that ruled much of the Maghreb and al-Andalus roughly from 1147 to 1269. It’s a temporal-cultural tag used to classify or describe artifacts, texts, architecture, or datasets associated with that historical context.","- “Almohadisch (ca. 1147-1269)” is broader concept’s child of “Islamische Zeit”.
- “Almohadisch (ca. 1147-1269)” exactly matches “KIxYZg7Rzult”.
- “Islamische Zeit” has narrower concept “Almohadisch (ca. 1147-1269)”."
http://thesauri.dainst.org/_508b6b1e,Source,Class,sp thelladisch ii a,"Späthelladisch II A (often abbreviated SH II A) is the German term for Late Helladic IIA, a ceramic/chronological phase of the Mycenaean (Late Bronze Age) in mainland Greece, roughly ca. 1500–1450 BCE. In digital humanities contexts, it’s used as a controlled chronological label for classifying and annotating artifacts, contexts, or datasets tied to this specific Aegean ceramic phase.","- “Späthelladisch II A” is narrower than “Späthelladisch II”.
- “Späthelladisch II A” has broader concept “Späthelladisch II”.
- “Späthelladisch II A” exactly matches “x0W7jnTzMHTN”."
http://thesauri.dainst.org/_51b204da,Source,Class,22 dynastie,"In digital humanities, “22. Dynastie” refers to the Twenty-Second Dynasty of ancient Egypt (German: 22. Dynastie), a Libyan-origin ruling house in the Third Intermediate Period, roughly ca. 945–712 BCE (often starting with Shoshenq I). As a metadata term, it’s used to tag/structure datasets, texts, objects, or events associated with that dynastic period.","- “22. Dynastie” is broader term’s narrower concept of “Dritte Zwischenzeit”.  
- “22. Dynastie” has exact match “eY4hrsm2FVJs”.  
- “Dritte Zwischenzeit” has narrower concept “22. Dynastie”."
http://thesauri.dainst.org/_528bfae4,Source,Class,mittelkykladisch ii,"Mittelkykladisch II is the German term for Middle Cycladic II, a chronological sub-phase in the Middle Cycladic period of the Aegean Bronze Age (Cyclades). In digital humanities, it’s used as a controlled period label for dating/annotating artifacts, contexts, or layers, typically following German-language archaeological periodization (e.g., MC I–III).","- “Mittelkykladisch” has narrower concept “Mittelkykladisch II”.
- “Mittelkykladisch II” has broader concept “Mittelkykladisch”.
- “Mittelkykladisch II” exactly matches “VCDvDZLVcmFM”."
http://thesauri.dainst.org/_535c84ee,Source,Class,hochhellenismus,"In digital humanities, Hochhellenismus (German: “High Hellenism”) typically denotes the mature, late phase of Greek culture and literature under the Hellenistic period—often the 3rd–1st centuries BCE—characterized by highly learned, intertextual, and stylistically refined production (e.g., Alexandrian scholarship, Callimachean poetics). In DH contexts, it may label corpora, metadata tags, or analytical categories for texts/artifacts from this “high” Hellenistic cultural moment.","- “Hochhellenismus” is a narrower concept of “Hellenistische Zeit”.
- “Hellenistische Zeit” is a broader concept of “Hochhellenismus”.
- “Hochhellenismus” exactly matches “VhjnYVYpHnft”."
http://thesauri.dainst.org/_538757ef,Source,Class,mittelneolithikum,"In digital humanities (especially archaeological datasets and periodizations), Mittelneolithikum refers to the Middle Neolithic period in Central European prehistory. It denotes the middle phase of the Neolithic, typically characterized by established farming communities, refined pottery styles, and regional cultural groups, and is used as a chronological label in metadata, ontologies, and period taxonomies.","- “Mittelneolithikum” has broader concept “عصر حجري حديث”.
- “Mittelneolithikum” exactly matches “mPbxVLtLX1tZ”.
- “عصر حجري حديث” has narrower concept “Mittelneolithikum”."
http://thesauri.dainst.org/_543e4883,Source,Class,islamische zeit,"In digital humanities, “Islamische Zeit” (Islamic time) typically refers to time-reckoning and dating systems used in Islamic contexts, especially the Hijri calendar. Key aspects:
- Lunar Hijri calendar (AH), starting 622 CE (Hijra), 12 lunar months (~354 days).
- Variants: observational (Hijri) vs. calculated (Tabular Islamic calendar); regional practices may differ.
- Conversion issues: dates don’t map 1:1 to Gregorian; a Hijri date can straddle two Gregorian days; month starts depend on moon sighting.
- Metadata/annotation use: tagging texts, events, inscriptions, manuscripts with Hijri dates; normalizing/aligning to proleptic Gregorian for timelines.
- Periodization: may also denote Islamic historical periods (e.g., early Islam, Abbasid, Ottoman) in temporal ontologies.","- “Almohadisch (ca. 1147-1269)” is a broader concept of “Islamische Zeit”.
- “Almoravidisch (ca. 1046-1147)” is a broader concept of “Islamische Zeit”.
- “Chronologien” has the narrower concept “Islamische Zeit”.
- “Kalifal (ca. 929-1031)” is a broader concept of “Islamische Zeit”.
- “Nasridisch (ca. 1238-1492)” is a broader concept of “Islamische Zeit”.
- “Taifazeitlich (ca. 1009-1287)” is a broader concept of “Islamische Zeit”.
- “Islamische Zeit” has the broader concept “Chronologien”.
- “Islamische Zeit” has the exact match “vgvQiHhewSxD”.
- “Islamische Zeit” has the narrower concepts “Almohadisch (ca. 1147-1269)”, “Almoravidisch (ca. 1046-1147)”, “Kalifal (ca. 929-1031)”, “Nasridisch (ca. 1238-1492)”, and “Taifazeitlich (ca. 1009-1287)”."
http://thesauri.dainst.org/_564e6125,Source,Class,claudisch,"In digital humanities, Claudisch usually refers to the specialized Latin used by the Roman poet Claudian (late 4th–early 5th c.). It denotes Claudian’s distinctive vocabulary, stylistic features, and poetic Latin, often analyzed computationally (e.g., stylometry, lexicon studies) to distinguish his authorship or characterize “Claudianic” style.","- “Claudisch” is broader term matched exactly to “8eb3OwD5RJKs” and is a narrower concept of “Frühe und mittlere Kaiserzeit (Eggers A/B)”.
- “Frühe und mittlere Kaiserzeit (Eggers A/B)” has the narrower concept “Claudisch”."
http://thesauri.dainst.org/_58694b5f,Source,Class,sp tmittelalter ca 1250 1500,"In digital humanities, “Spätmittelalter” (ca. 1250–1500) denotes the Late Middle Ages in Europe—the period marked by intensified urbanization, vernacular literatures, scholastic and university culture, crises (plague, war), state formation, and pre-modern media shifts (manuscript proliferation, paper use, early print by the late 15th c.). In DH contexts, it frames datasets, corpora, and methods focused on late-medieval textuality, documentary practices, book cultures, and transitional media ecosystems leading into early print.","- “Spätmittelalter (ca. 1250-1500)” is a narrower concept of “Mittelalter (10.-15.Jahrhundert)”.
- “Spätmittelalter (ca. 1250-1500)” has the broader concept “Mittelalter (10.-15.Jahrhundert)”.
- “Spätmittelalter (ca. 1250-1500)” exactly matches “HEuRo8pOA6ic”."
http://thesauri.dainst.org/_59a790d9,Source,Class,proto historic period,"In digital humanities, the proto-historic period refers to the transitional phase between prehistory and history when a culture is not yet producing its own written records but is documented by contemporary literate societies, or has very limited/undeciphered writing. Researchers often integrate archaeological data, external textual references, and computational methods (e.g., GIS, epigraphy, network analysis) to reconstruct these societies.","- “Eisenzeit (Mittelmeer)” has narrower concept “Proto-historic period”.
- “Proto-historic period” has broader concept “Eisenzeit (Mittelmeer)”.
- “Proto-historic period” is related to “_8dcfed63”."
http://thesauri.dainst.org/_59f088dd,Source,Class,fr hdynastische zeit,"In digital humanities contexts, Frühdynastische Zeit refers to the Early Dynastic Period of ancient Mesopotamia (c. 2900–2350 BCE), when the first city-states (e.g., Ur, Uruk, Lagash) developed distinct political institutions and written records. It is a chronological/controlled-vocabulary term used to tag, classify, and reference sources, artifacts, or datasets to this period.","- “Frühdynastische Zeit” is a broader concept within “Ägyptische Chronologiesysteme.”
- “Frühdynastische Zeit” exactly matches “4OPChMpYuess.”
- “Ägyptische Chronologiesysteme” has the narrower concept “Frühdynastische Zeit.”"
http://thesauri.dainst.org/_5c27d530,Source,Class,sp taugusteisch,"In digital humanities, Spätaugusteisch (Late Augustan) refers to the late phase of the reign of the Roman emperor Augustus, typically ca. 10 BCE–14 CE. It is used as a chronological and stylistic label for texts, inscriptions, art, architecture, and material culture produced in the closing years of the Augustan period.","- “Spätaugusteisch” is a narrower concept of “Augusteisch”.
- “Spätaugusteisch” has broader concept “Augusteisch”.
- “Spätaugusteisch” exactly matches “z2IlJ6Ey2mDf”."
http://thesauri.dainst.org/_5d1ac0ba,Source,Class,hallstatt d,"In digital humanities, “Hallstatt D” typically labels the latest phase of the Hallstatt culture chronology (ca. 6th–early 5th century BCE) used in archaeological datasets, metadata, and typological ontologies. It denotes a specific time-slice (subphase D) within the Hallstatt period (Early Iron Age in Central Europe) for classifying and querying artifacts, sites, and features by period.","- “Hallstatt D” is a broader concept’s member of “Hallstattzeit (Mitteleuropa)”.
- “Hallstatt D” exactly matches “twBAY7HAdxJE”.
- “Hallstattzeit (Mitteleuropa)” has the narrower concept “Hallstatt D”."
http://thesauri.dainst.org/_5de157c8,Source,Class,fr hhelladisch i,"Frühhelladisch I (Early Helladic I) refers to the earliest phase of the Early Helladic period on the Greek mainland, roughly ca. 3200–2800 BCE. In digital humanities contexts, it’s a controlled chronological label used to tag, classify, and query archaeological data (e.g., artifacts, strata, sites) within temporal ontologies and databases.","- “Frühhelladikum” has the narrower concept “Frühhelladisch I”.
- “Frühhelladisch I” has the broader concept “Frühhelladikum”.
- “Frühhelladisch I” exactly matches “Stz3tTG89WH8”."
http://thesauri.dainst.org/_5e63c1ec,Source,Class,sp tklassik griechenland,"In digital humanities contexts, “Spätklassik (Griechenland)” refers to the Late Classical period of ancient Greece, roughly ca. 400–323 BCE. It designates a stylistic/chronological category used in metadata, ontologies, and cataloging (e.g., for artworks, inscriptions, texts), marking objects or sources created in the late phase of the Greek Classical era, up to Alexander the Great’s death.","- “Spätklassik (Griechenland)” is a narrower concept of “Klassische Zeit (Griechenland)”.
- “Spätklassik (Griechenland)” has broader concept “Klassische Zeit (Griechenland)”.
- “Spätklassik (Griechenland)” exactly matches “HTj6bkcY6oQU”."
http://thesauri.dainst.org/_5e82af1a,Source,Class,sp te republik,"In German-language scholarship on Roman history within digital humanities, “Späte Republik” refers to the Late Roman Republic, typically ca. 133–27 BCE, the period from the Gracchi to the rise of Augustus.","- “Republikanische Zeit (Italien)” has the narrower concept “Späte Republik”.
- “Späte Republik” has the broader concept “Republikanische Zeit (Italien)”.
- “Späte Republik” exactly matches “guwxK6sPgusr”."
http://thesauri.dainst.org/_620f720c,Source,Class,sp tprotoattisch,"Spätprotoattisch (German) means “Late Proto-Attic.” In digital humanities/classical studies, it refers to the late phase of the Proto-Attic dialect/language stage of Ancient Greek associated with Attica (pre-Classical Athens), often used in linguistic annotation, text cataloging, or metadata to date/locate inscriptions, texts, or linguistic features to the late Proto-Attic period.","- “Spätprotoattisch” is a broader concept’s member of “protoattisch”.
- “Spätprotoattisch” exactly matches “DcTIgIPDo7QE”.
- “protoattisch” has the narrower concept “Spätprotoattisch”."
http://thesauri.dainst.org/_624ef706,Source,Class,sp tneolithikum,"In digital humanities (esp. German archaeological scholarship), Spätneolithikum means the Late Neolithic period—the final phase of the Neolithic, typically characterized by fully developed agriculture, pottery traditions, polished stone tools, and often emerging regional cultures before the transition to the Bronze Age.","- “Spätneolithikum” has broader concept “عصر حجري حديث”.
- “Spätneolithikum” exactly matches “hakZia2wXSx7”.
- “عصر حجري حديث” has narrower concept “Spätneolithikum”."
http://thesauri.dainst.org/_62a09577,Source,Class,chronologien,"In digital humanities, “Chronologien” (German for “chronologies”) refers to structured temporal sequences of events, works, people, or sources. They are used to:

- Order data along a timeline (e.g., publications, historical events)
- Support temporal analysis (periodization, trends, synchronisms)
- Link time-stamped entities across datasets (interoperable metadata, TEI/IIIF/Linked Open Data)
- Enable visualizations (timelines) and time-based querying

So, Chronologien are formalized time frameworks that organize and analyze humanities data by when things happened.","- Byzantinische Zeit is a broader concept of Chronologien.
- Erdgeschichte is a broader concept of Chronologien.
- Frühmittelalter (5.-9. Jahrh.) is a broader concept of Chronologien.
- Islamische Zeit is a broader concept of Chronologien.
- Kupferzeit/Äneolithikum/Chalcolithikum is a broader concept of Chronologien.
- Mesoamerikanische Chronologiesysteme is a broader concept of Chronologien.
- Mesolithikum is a broader concept of Chronologien.
- Mittelalter (10.-15.Jahrhundert) is a broader concept of Chronologien.
- Paläolithikum is a broader concept of Chronologien.
- Spätrömische-/Völkerwanderungszeit (4.-6. Jh.) is a broader concept of Chronologien.
- Vorderorientalische Chronologiesysteme is a broader concept of Chronologien.
- iDAI.world Thesaurus is a narrower concept of Chronologien.
- prehistory is a broader concept of Chronologien.
- préhistoire is a broader concept of Chronologien.
- Ägyptische Chronologiesysteme is a broader concept of Chronologien.
- Голоцен is a broader concept of Chronologien.
- العصر الحديث is a broader concept of Chronologien.
- العهد الإمبراطوري الروماني is a broader concept of Chronologien.
- عصر البرونز is a broader concept of Chronologien.
- عصر الحديد is a broader concept of Chronologien.
- عصر حجري حديث is a broader concept of Chronologien.
- Chronologien is a broader concept of iDAI.world Thesaurus.
- Chronologien closely matches 000005.
- Chronologien has the narrower concepts: Byzantinische Zeit, Erdgeschichte, Frühmittelalter (5.-9. Jahrh.), Islamische Zeit, Kupferzeit/Äneolithikum/Chalcolithikum, Mesoamerikanische Chronologiesysteme, Mesolithikum, Mittelalter (10.-15.Jahrhundert), Paläolithikum, Spätrömische-/Völkerwanderungszeit (4.-6. Jh.), Vorderorientalische Chronologiesysteme, prehistory, préhistoire, Ägyptische Chronologiesysteme, Голоцен, العصر الحديث, العهد الإمبراطوري الروماني, عصر البرونز, عصر الحديد, عصر حجري حديث."
http://thesauri.dainst.org/_63048639,Source,Class,sp tzeit gypten,"In Egyptology, Spätzeit (Ägypten) refers to the Late Period of ancient Egypt, typically ca. 664–332 BCE (Dynasties 26–31), from the Saite Dynasty to the Persian and then Macedonian conquest. In digital humanities contexts, it functions as a controlled chronological label for metadata, annotation, and periodization in datasets covering Egyptian history.","- “Spätzeit (Ägypten)” is a broader concept within “Ägyptische Chronologiesysteme.”
- “Spätzeit (Ägypten)” has an exact match “FqwFQHufJoZo.”
- “Ägyptische Chronologiesysteme” has a narrower concept “Spätzeit (Ägypten).”"
http://thesauri.dainst.org/_64e2871b,Source,Class,fr hbyzantinisch,"Frühbyzantinisch (German) means Early Byzantine. In digital humanities contexts, it typically labels artifacts, texts, architecture, or datasets dated to the Early Byzantine period (roughly 4th–7th centuries CE).","- “Frühbyzantinisch” is a narrower concept of “Byzantinische Zeit”.
- “Byzantinische Zeit” is a broader concept of “Frühbyzantinisch”.
- “Frühbyzantinisch” exactly matches “bm6lARXTmbxy”."
http://thesauri.dainst.org/_660e2536,Source,Class,ptolem isch,"“ptolem äisch” (German: ptolemäisch) refers to something based on or relating to Ptolemy—typically:

- The Ptolemaic (geocentric) model of the cosmos (Almagest)  
- Ptolemaic geography (Gazetteer of coordinates, Geographia)  
- More broadly, artifacts, texts, or data tied to Ptolemaic frameworks

In digital humanities, it often means using, modeling, or analyzing sources, coordinates, cosmology, or nomenclature derived from Ptolemy’s works (e.g., converting Ptolemaic coordinates, aligning Ptolemaic place names with modern GIS).","- “ptolemäisch” is a broader concept within “Ägyptische Chronologiesysteme.”
- “Ägyptische Chronologiesysteme” has the narrower concept “ptolemäisch.”"
http://thesauri.dainst.org/_66a09ffb,Source,Class,sp tminoisch iii,"Spätminoisch III is German for “Late Minoan III,” a chronological phase of the Minoan (Aegean Bronze Age) culture on Crete, roughly ca. 1400–1100 BCE, used in archaeological periodization and metadata/ontologies in digital humanities.","- “Spätminoisch III” is a narrower concept of “Spätminoisch”.
- “Spätminoisch IIIA” is a broader concept of “Spätminoisch III”.
- “Spätminoisch IIIB” is a broader concept of “Spätminoisch III”.
- “Spätminoisch III” has an exact match “RXR0s7YdWZ2I”.
- “Spätminoisch III” has the narrower concepts “Spätminoisch IIIA” and “Spätminoisch IIIB”."
http://thesauri.dainst.org/_66c321be,Source,Class,fr hlat ne lt a b,"Frühlatène (Latène A/B) refers to the Early La Tène phases in European Iron Age chronology, roughly 5th–4th centuries BCE (La Tène A) and mid–4th to early 3rd centuries BCE (La Tène B). In digital humanities contexts—e.g., metadata, typologies, or controlled vocabularies for archaeological datasets—it denotes the early stylistic/chronological subdivisions of the La Tène culture, used to date artifacts, features, or sites (e.g., “period: Frühlatène (Lt A/B)”).","- “Frühlatène (Lt A/B)” is a broader concept within “Latènezeit.”  
- “Latènezeit” has the narrower concept “Frühlatène (Lt A/B).”"
http://thesauri.dainst.org/_697dc279,Source,Class,geometrische zeit,"In digital humanities, Geometrische Zeit (“geometric time”) refers to modeling time as a structured, spatialized system—treating temporal data like geometric objects that can be measured, segmented, ordered, and related. Instead of narrative or experiential time, it uses formal, often graph- or network-like representations (timelines, intervals, topologies) to encode events, durations, and relations (before/after, overlap, containment) for computational analysis, visualization, and querying.","- Eisenzeit (Mittelmeer) has narrower concept Geometrische Zeit.
- Frühgeometrisch has broader concept Geometrische Zeit.
- Mittelgeometrisch has broader concept Geometrische Zeit.
- Protogeometrisch has broader concept Geometrische Zeit.
- Spätgeometrisch has broader concept Geometrische Zeit.
- Subgeometrisch has broader concept Geometrische Zeit.
- Geometrische Zeit has broader concept Eisenzeit (Mittelmeer).
- Geometrische Zeit is exactly matched by KS6ZKg6yWtuo.
- Geometrische Zeit has narrower concepts Frühgeometrisch, Mittelgeometrisch, Protogeometrisch, Spätgeometrisch, Subgeometrisch."
http://thesauri.dainst.org/_6a167951,Source,Class,mittellat ne lt c,"Mittellatène (Lt C) refers to the Middle La Tène period in European Iron Age chronology, typically dated c. 3rd–2nd centuries BCE. In digital humanities/archaeological datasets, “Lt C” is a controlled chronological label used to tag, classify, and compare artifacts, features, or sites to this specific phase of the La Tène culture.","- Latènezeit has narrower concept Mittellatène (Lt C).
- Mittellatène (Lt C) has broader concept Latènezeit.
- Mittellatène (Lt C) exactly matches psg5rLnNl5Tl."
http://thesauri.dainst.org/_6ccb016a,Source,Class,19 dynastie,"In digital humanities context, “19. Dynastie” is German for “19th Dynasty,” referring to the Nineteenth Dynasty of ancient Egypt (ca. 1292–1189 BCE), a period classification used in metadata, catalogs, or ontologies to tag texts, inscriptions, artifacts, or historical events from that dynasty (e.g., reigns of Seti I, Ramesses II).","- “19. Dynastie” is a broader concept’s member of “Neues Reich”.
- “19. Dynastie” exactly matches “ErrEFhmvF5KZ”.
- “Neues Reich” has the narrower concept “19. Dynastie”."
http://thesauri.dainst.org/_6d2cb9ed,Source,Class,almoravidisch ca 1046 1147,"In digital humanities metadata, “Almoravidisch (ca. 1046–1147)” refers to the Almoravid period/culture associated with the Almoravid dynasty—an 11th–12th century Berber Islamic polity ruling parts of present-day Mauritania, Morocco, Western Sahara, and al-Andalus (southern Iberia). It’s typically used as a historical-cultural label (period/style) for classifying texts, art, architecture, or artifacts from or relating to that dynasty and timeframe.","- “Almoravidisch (ca. 1046-1147)” is a broader concept within “Islamische Zeit.”
- “Almoravidisch (ca. 1046-1147)” exactly matches “BoXTuKGr9z2j.”
- “Islamische Zeit” has the narrower concept “Almoravidisch (ca. 1046-1147).”"
http://thesauri.dainst.org/_6d528ffb,Source,Class,sp te kupferzeit,"“Späte Kupferzeit” is German for “Late Copper Age,” i.e., the late phase of the Chalcolithic period. In digital humanities contexts, it’s used as a chronological label in metadata/ontologies for cultural-historical datasets, marking resources dated to the late stage of the Copper Age.","- “Späte Kupferzeit” is a narrower concept of “Kupferzeit/Äneolithikum/Chalcolithikum.”
- “Kupferzeit/Äneolithikum/Chalcolithikum” is a broader concept of “Späte Kupferzeit.”
- “Späte Kupferzeit” exactly matches “ZsrsKebRTr5l.”"
http://thesauri.dainst.org/_6ed78875,Source,Class,mittelbronzezeit iii,"Mittelbronzezeit III refers to the third (late) phase of the Middle Bronze Age in Central European archaeological periodization, especially in German-speaking scholarship. It designates a specific chronological subdivision used in typology, dating, and database metadata (e.g., for artifacts, features, and sites) within digital humanities projects. The exact date range varies by regional chronology, but it follows Mittelbronzezeit I–II and precedes Spätbronzezeit (Late Bronze Age).","- “Mittelbronzezeit III” is a narrower concept of “Mittelbronzezeit”.
- “Mittelbronzezeit” is a broader concept of “Mittelbronzezeit III”.
- “Mittelbronzezeit III” has exact match “kO7RoGucFeua”."
http://thesauri.dainst.org/_6f82bef2,Source,Class,alt fr hneolithikum,"In digital humanities (esp. archaeological/chronological metadata), Alt-/Frühneolithikum refers to the Early Neolithic period in Central Europe. It denotes the earliest phase of the Neolithic, marked by the first farming communities (e.g., Linearbandkeramik/LBK), sedentary settlement, pottery, and domesticated plants/animals. It is used as a controlled temporal label for classifying sites, finds, or texts to the early Neolithic timeframe (region-specific, roughly 6th–5th millennium BCE in Central Europe).","- “Alt-/Frühneolithikum” is a broader concept of “عصر حجري حديث”.
- “Alt-/Frühneolithikum” exactly matches “idAZ4U9HvPxa”.
- “عصر حجري حديث” has the narrower concept “Alt-/Frühneolithikum”."
http://thesauri.dainst.org/_711f44b8,Source,Class,orientalisierend,"In digital humanities, orientalisierend (German) refers to “orientalizing” perspectives or practices—i.e., representing the “Orient” (broadly, the Middle East/Asia) through stereotyped, exoticizing, or colonial frames. It signals that data, methods, metadata, or interpretations reproduce power-laden Western biases (e.g., reductive categories, othering narratives) rather than reflecting situated, local knowledge.","- “Archaische Zeit” has the narrower concept “orientalisierend”.
- “orientalisierend” has the broader concept “Archaische Zeit”.
- “orientalisierend” exactly matches “8LhTuI6fZQws”."
http://thesauri.dainst.org/_71ecbe1e,Source,Class,11 dynastie,"In digital humanities, “11. Dynastie” refers to the 11th Dynasty of ancient Egypt. It is typically used as a standardized period label (often in German-language datasets or metadata) to tag or organize texts, objects, or records dated to that dynasty (c. early Middle Kingdom, ca. 21st–20th century BCE).","- “11. Dynastie” has broader concept “Erste Zwischenzeit”.
- “11. Dynastie” exactly matches “WLJ19LhwAkIo”.
- “11. Dynastie” exactly matches “broudvUfTXoF”.
- “Erste Zwischenzeit” has narrower concept “11. Dynastie”."
http://thesauri.dainst.org/_7222aeae,Source,Class,sp tbronzezeit ii,"In digital humanities (especially linked data/period vocabularies), “Spätbronzezeit II” refers to the Late Bronze Age, phase II. It denotes the second sub-phase of the Late Bronze Age in a given regional chronology (e.g., Central Europe), used as a period label for dating and annotating objects, sites, or texts. Exact calendar years vary by region/schema, so datasets often link it to controlled vocabularies (e.g., PeriodO) rather than a single absolute date range.","- “Spätbronzezeit II” is a narrower term of “Spätbronzezeit.”
- “Spätbronzezeit” is a broader term of “Spätbronzezeit II.”
- “Spätbronzezeit II” has an exact match “u2z7NXpKV7xO.”"
http://thesauri.dainst.org/_72e32915,Source,Class,iulisch claudisch,"In digital humanities, “iulisch-claudisch” (German: julisch-claudisch; English: Julio-Claudian) refers to the Julio-Claudian dynasty—the first Roman imperial house (27 BCE–68 CE) spanning emperors Augustus through Nero. It’s used to tag, classify, or discuss texts, inscriptions, artifacts, or metadata associated with that period/dynasty.","- “Iulisch-claudisch” is a narrower concept of “Frühe und mittlere Kaiserzeit (Eggers A/B)”.
- “Iulisch-claudisch” has broader concept “Frühe und mittlere Kaiserzeit (Eggers A/B)”.
- “Iulisch-claudisch” exactly matches “9NcJMGJLmoxO”."
http://thesauri.dainst.org/_74591782,Source,Class,sp tmykenisch,"Spätmykenisch (German for “Late Mycenaean”) refers to the later phases of the Mycenaean Greek period/language (typically LH III A–C, ca. 14th–12th c. BCE). In digital humanities, it usually denotes:

- The chronological/linguistic tag for Mycenaean Greek texts (e.g., Linear B inscriptions) from the late LH stages.
- A metadata label in corpora, lexica, or ontologies to distinguish late-phase Mycenaean forms, scripts, or archaeological contexts.","- “Mykenische Zeit” has narrower concept “Spätmykenisch”.
- “Spätmykenisch” has broader concept “Mykenische Zeit”.
- “Spätmykenisch” exactly matches “WPszl3HskK0u”."
http://thesauri.dainst.org/_752978ae,Source,Class,protokorinthisch,"Protokorinthisch (German: “Proto-Corinthian”) refers to the earliest phase of Corinthian pottery and related artistic style in ancient Greece, roughly ca. 720–620 BCE. In digital humanities, the term is used as a controlled descriptor/classification for artifacts, images, or datasets tied to this style/period (e.g., in metadata, ontologies, or vocabularies for ceramic typology and chronology).","- Archaische Zeit has narrower concept Protokorinthisch.
- Frühprotokorinthisch has broader concept Protokorinthisch.
- Mittelprotokorinthisch has broader concept Protokorinthisch.
- Spätprotokorinthisch has broader concept Protokorinthisch.
- Protokorinthisch has broader concept Archaische Zeit.
- Protokorinthisch has exact match t2YcrGGxWIpE.
- Protokorinthisch has narrower concepts Frühprotokorinthisch, Mittelprotokorinthisch, Spätprotokorinthisch."
http://thesauri.dainst.org/_753a8a67,Source,Class,oberes jung pleistoz n,"In digital humanities contexts (e.g., metadata, cataloging, periodization), “Oberes/Jung-Pleistozän” refers to the Upper (Late) Pleistocene epoch—a geological time slice roughly spanning about 126,000 to 11,700 years before present. It encompasses the last glacial cycle and precedes the Holocene. “Oberes” and “Jung-” are German terms meaning “upper” and “late/young,” respectively; both denote the same late subdivision of the Pleistocene used for temporal tagging of archaeological, paleoenvironmental, or geological data.","- “Oberes/Jung-Pleistozän” is broader term: “Paläolithikum”.
- “Oberes/Jung-Pleistozän” exactly matches “WfcyjOQ6cXQU”.
- “Paläolithikum” has narrower term: “Oberes/Jung-Pleistozän”."
http://thesauri.dainst.org/_756633c7,Source,Class,mittelalter 10 15 jahrhundert,"In digital humanities, “Mittelalter (10.–15. Jahrhundert)” refers to the European Middle Ages, specifically the High and Late Middle Ages (ca. 900/1000–1500 CE). In DH contexts, it frames the temporal scope for sources and methods: digitization, encoding (e.g., TEI) of manuscripts and charters, paleography/handwriting recognition (HTR), text mining of Latin/vernacular corpora, prosopography and networks, spatial analysis of medieval places, and linked open data for ontologies of persons, works, and institutions from that period.","- Chronologien has narrower concept Mittelalter (10.-15.Jahrhundert).
- Deutsch (mittelalterlich) has broader concept Mittelalter (10.-15.Jahrhundert).
- Hochmittelalter (ca. 900-1250) has broader concept Mittelalter (10.-15.Jahrhundert).
- Portugiesisch (mittelalterlich) has broader concept Mittelalter (10.-15.Jahrhundert).
- Romanik has broader concept Mittelalter (10.-15.Jahrhundert).
- Spanisch (mittelalterlich) has broader concept Mittelalter (10.-15.Jahrhundert).
- Spätmittelalter (ca. 1250-1500) has broader concept Mittelalter (10.-15.Jahrhundert).
- Mittelalter (10.-15.Jahrhundert) has broader concept Chronologien.
- Mittelalter (10.-15.Jahrhundert) has exact match iOasO0VSiqjj.
- Mittelalter (10.-15.Jahrhundert) has narrower concepts Deutsch (mittelalterlich), Hochmittelalter (ca. 900-1250), Portugiesisch (mittelalterlich), Romanik, Spanisch (mittelalterlich), Spätmittelalter (ca. 1250-1500)."
http://thesauri.dainst.org/_7739f460,Source,Class,sp thelladisch ii,"Späthelladisch II refers to the Late Helladic II phase—a chronological subperiod of the Mycenaean (Late Bronze Age) in mainland Greece. In German archaeological literature, “Späthelladisch” = Late Helladic; “II” denotes the second stage, roughly corresponding to LH II (ca. 15th century BCE), situated between LH I and LH III in Aegean ceramic/stratigraphic chronology.","- “Späthelladikum” has narrower concept “Späthelladisch II”.
- “Späthelladisch II A” has broader concept “Späthelladisch II”.
- “Späthelladisch II B” has broader concept “Späthelladisch II”.
- “Späthelladisch II” has broader concept “Späthelladikum”.
- “Späthelladisch II” has exact match “zcRkHEsRRgdg”.
- “Späthelladisch II” has narrower concepts “Späthelladisch II A” and “Späthelladisch II B”."
http://thesauri.dainst.org/_7a2de26b,Source,Class,sp thelladisch i,"In digital humanities (especially Aegean archaeology), “Späthelladisch I” is the German term for “Late Helladic I” (LH I), the earliest phase of the Mycenaean (Late Bronze Age) period on the Greek mainland, roughly ca. 1700/1600–1500 BCE. It denotes a chronological-cultural phase used in typologies of pottery, material culture, and site stratigraphy.","- “Späthelladikum” has narrower concept “Späthelladisch I”.
- “Späthelladisch I” has broader concept “Späthelladikum”.
- “Späthelladisch I” exactly matches “OL8qJDLvVEDB”."
http://thesauri.dainst.org/_7a9606cb,Source,Class,fr hminoisch ii,"Frühminoisch II (FM II) is the German term for Early Minoan II, a chronological phase in the Early Bronze Age of Crete (roughly c. 2700–2200 BCE). In digital humanities contexts, it’s used as a controlled chronological label for classifying, annotating, and querying artifacts, sites, or texts within Minoan archaeology datasets.","- “Frühminoisch II” is a narrower concept of “Frühminoisch”.
- “Frühminoisch” is a broader concept of “Frühminoisch II”.
- “Frühminoisch II” has an exact match “2a2aZLHCm8G2”."
http://thesauri.dainst.org/_7ca60c0f,Source,Class,taifazeitlich ca 1009 1287,"Taifazeitlich (ca. 1009–1287) refers to the historical period of the Taifas in al-Andalus—the fragmented Muslim principalities that emerged after the collapse of the Caliphate of Córdoba. In digital humanities, it typically serves as a temporal tag or periodization label for metadata, dating texts, inscriptions, manuscripts, or events to the Taifa era (from the first taifa formations around 1009 to the consolidation under Almohad/Marinid pressures by the late 13th century).","- “Islamische Zeit” has the narrower concept “Taifazeitlich (ca. 1009-1287)”.
- “Taifazeitlich (ca. 1009-1287)” has the broader concept “Islamische Zeit”.
- “Taifazeitlich (ca. 1009-1287)” exactly matches “fWgyEHizyP7N”."
http://thesauri.dainst.org/_8580e715,Source,Class,transitionsperiode,"In digital humanities, Transitionsperiode (German: “transition period”) refers to the phase in which cultural, textual, or media systems shift from one dominant regime to another—e.g., from manuscript to print, print to digital, or analog to born-digital practices. It highlights hybrid practices, overlapping standards, and methodological challenges (data modeling, interoperability, preservation) that arise while older and newer forms coexist.","- “Korinthisch” has the narrower concept “Transitionsperiode.”
- “Transitionsperiode” has the broader concept “Korinthisch.”"
http://thesauri.dainst.org/_8764115d,Source,Class,mittleres pleistoz n,"“Mittleres Pleistozän” is German for “Middle Pleistocene,” a geochronological interval within the Pleistocene epoch. In digital humanities context, it’s a controlled temporal term used to tag, index, or annotate data (e.g., archaeological finds, paleoenvironmental texts) dated roughly to ca. 781,000–126,000 years ago, aiding standardized temporal metadata and interoperability across datasets.","- “Mittleres Pleistozän” is a broader concept of “Paläolithikum.”
- “Mittleres Pleistozän” exactly matches “X0UXTeCpLffF.”
- “Paläolithikum” has the narrower concept “Mittleres Pleistozän.”"
http://thesauri.dainst.org/_8bb3692d,Source,Class,mittelpal olithikum,"Mittelpaläolithikum (German) = Middle Paleolithic. In digital humanities contexts, it denotes the archaeological period (~300,000–40,000 years ago, region-dependent) associated with Neanderthals and Mousterian tool industries, used as a temporal metadata category for datasets, texts, and material culture records.","- “Mittelpaläolithikum” is a broader concept: “Paläolithikum”.
- “Mittelpaläolithikum” has exact match “xLzvZTbW943d”.
- “Paläolithikum” has narrower concept “Mittelpaläolithikum”."
http://thesauri.dainst.org/_8bca4bf1,Source,Class,عصر البرونز,في سياق الإنسانيات الرقمية، “عصر البرونز” يشير إلى الحقبة التاريخية التي استُخدم فيها البرونز (سبيكة النحاس والقصدير) على نطاق واسع لصناعة الأدوات والأسلحة، تقريباً بين 3300–1200 قبل الميلاد باختلاف المناطق. في الدراسات الرقمية قد يظهر كمصطلح تصنيفي/زمني لوسم البيانات، فهرسة القطع الأثرية والنصوص، وبناء جداول زمنية ومجموعات بيانات عن الثقافة المادية، الشبكات التجارية، والتحولات الاجتماعية في تلك الفترة.,"- “Atlantische Bronzezeitchronologie” is a broader concept of “عصر البرونز”.
- “Chronologien” has a narrower concept “عصر البرونز”.
- “Endbronzezeit” is a broader concept of “عصر البرونز”.
- “Frühbronzezeit” is a broader concept of “عصر البرونز”.
- “Mittelbronzezeit” is a broader concept of “عصر البرونز”.
- “Mitteleuropäische Bronzezeitchronologie” is a broader concept of “عصر البرونز”.
- “Nordische Bronzezeitchronologie” is a broader concept of “عصر البرونز”.
- “Spätbronzezeit” is a broader concept of “عصر البرونز”.
- “Süddeutsche Bronzezeitchronologie” is a broader concept of “عصر البرونز”.
- “Ägäische und griechische Bronzezeitchronologie” is a broader concept of “عصر البرونز”.
- “عصر البرونز” is a broader concept of “Chronologien”.
- “عصر البرونز” exactly matches “2ui42h06LVTe”.
- “عصر البرونز” has the narrower concepts: “Atlantische Bronzezeitchronologie”, “Endbronzezeit”, “Frühbronzezeit”, “Mittelbronzezeit”, “Mitteleuropäische Bronzezeitchronologie”, “Nordische Bronzezeitchronologie”, “Spätbronzezeit”, “Süddeutsche Bronzezeitchronologie”, “Ägäische und griechische Bronzezeitchronologie”."
http://thesauri.dainst.org/_8c9435db,Source,Class,strenger stil,"In digital humanities, Strenger Stil refers to the “strict style” of bibliographic citation developed by the Regesta Imperii. It’s a highly standardized, rule-bound citation and metadata format for medieval/early modern sources, ensuring consistency and machine-readability across catalogs and digital corpora.","- “Klassische Zeit (Griechenland)” has narrower concept “Strenger Stil”.
- “Strenger Stil” has broader concept “Klassische Zeit (Griechenland)”.
- “Strenger Stil” exactly matches “PrchHJvl7mmh”."
http://thesauri.dainst.org/_8cea85d5,Source,Class,fr hklassik griechenland,"In digital humanities contexts about ancient Greece, “Frühklassik (Griechenland)” refers to the Early Classical period of Greek art/history, roughly ca. 480–450 BCE. It marks the transition from the Archaic to the High Classical era, characterized by the “Severe Style” in sculpture, developments after the Persian Wars, and early classical forms in architecture and material culture.","- “Frühklassik (Griechenland)” is a broader concept’s narrower concept of “Klassische Zeit (Griechenland)”.
- “Frühklassik (Griechenland)” has exact match “a1VBFNGjKxm8”.
- “Klassische Zeit (Griechenland)” has the narrower concept “Frühklassik (Griechenland)”."
http://thesauri.dainst.org/_8df2a580,Source,Class,mittelminoisch i,"In digital humanities contexts, “Mittelminoisch I” (often abbreviated MM I) refers to the archaeological-chronological phase “Middle Minoan I” in Cretan prehistory. It designates an early part of the Middle Minoan period (ca. early 2nd millennium BCE), used for dating and classifying Minoan material (e.g., pottery, architecture, texts/artifacts) in datasets, metadata, and typological corpora.","- “Mittelminoisch” has narrower concept “Mittelminoisch I”.
- “Mittelminoisch I” has broader concept “Mittelminoisch”.
- “Mittelminoisch I” is an exact match of “QF8tX4skBvvd”."
http://thesauri.dainst.org/_8f53616c,Source,Class,mittelkorinthisch,"In digital humanities (esp. Greek epigraphy/ceramics dating), Mittelkorinthisch refers to the “Middle Corinthian” phase/style in the Corinthian chronological sequence, typically ca. 600–575 BCE, used to date and classify artifacts (e.g., pottery) and inscriptions by stylistic/typological features.","- “Mittelkorinthisch” is a narrower concept of “Korinthisch.”
- “Korinthisch” is a broader concept of “Mittelkorinthisch.”
- “Mittelkorinthisch” exactly matches “pLfbpBgYgvsn.”"
http://thesauri.dainst.org/_90580fc5,Source,Class,hochklassik,"In German literary and cultural history, Hochklassik (“High Classicism”) refers to the late 18th–early 19th century apex of German Classicism, centered on Weimar figures like Goethe and Schiller. In digital humanities contexts, it typically denotes the corpus, periodization, and stylistic/ideological features of this era used for tasks such as text encoding (TEI), metadata tagging, corpus curation, stylometry, and comparative analysis (e.g., distinguishing Hochklassik from Sturm und Drang or Romanticism).","- “Hochklassik” has broader concept “Klassische Zeit (Griechenland)”.
- “Hochklassik” exactly matches “Vl1dOcKKkpeh”.
- “Klassische Zeit (Griechenland)” has narrower concept “Hochklassik”."
http://thesauri.dainst.org/_93f1b1d1,Source,Class,byzantinische zeit,"In digital humanities, Byzantinische Zeit typically refers to a time-encoding or periodization standard used for Byzantine chronology—i.e., dates and time spans associated with the Byzantine Empire. It may denote:

- A chronological schema (period labels and boundaries) for Byzantine history.
- A dating system used in Byzantine sources (e.g., the “Byzantine era” anno mundi calendar starting 5509/5508 BCE), which DH projects may normalize or map to ISO dates.
- A controlled vocabulary/ontology term (e.g., in metadata or TEI/Linked Open Data) marking objects, texts, or events as belonging to the Byzantine period.

If you’re seeing it in a dataset or interface, it likely tags or structures temporal metadata specific to Byzantine studies.","- Chronologien has narrower concept Byzantinische Zeit.
- Frühbyzantinisch has broader concept Byzantinische Zeit.
- Mittelbyzantinisch has broader concept Byzantinische Zeit.
- Spätbyzantinisch has broader concept Byzantinische Zeit.
- Byzantinische Zeit has broader concept Chronologien.
- Byzantinische Zeit has exact match 4tXbZcNrMS7E.
- Byzantinische Zeit has narrower concepts Frühbyzantinisch, Mittelbyzantinisch, Spätbyzantinisch."
http://thesauri.dainst.org/_94623b1e,Source,Class,hadrianisch,"In digital humanities, “Hadrianisch” refers to something pertaining to the Roman emperor Hadrian (reigned 117–138 CE). It’s used to label texts, inscriptions, architecture, coins, or stylistic/chronological phases associated with Hadrian’s reign (e.g., “hadrianische Bauphase,” “hadrianische Münzen”).","- “Frühe und mittlere Kaiserzeit (Eggers A/B)” has narrower concept “Hadrianisch”.
- “Hadrianisch” has broader concept “Frühe und mittlere Kaiserzeit (Eggers A/B)”.
- “Hadrianisch” exactly matches “RwGmBmSWvZHL”."
http://thesauri.dainst.org/_95226d66,Source,Class,mitteleurop ische bronzezeitchronologie,"Mitteleuropäische Bronzezeitchronologie means “Central European Bronze Age chronology.” In digital humanities, it refers to the chronological frameworks (phase schemes, relative/absolute dates) used to date and classify Central European Bronze Age materials—e.g., cultural phases like Únětice, Tumulus, Urnfield—often encoded or linked in datasets, ontologies, or authority vocabularies for interoperable archaeological timelines.","- “Mitteleuropäische Bronzezeitchronologie” has broader concept “عصر البرونز”.
- “Mitteleuropäische Bronzezeitchronologie” exactly matches “rYh7ggsMyaSj”.
- “عصر البرونز” has narrower concept “Mitteleuropäische Bronzezeitchronologie”."
http://thesauri.dainst.org/_956ee7ae,Source,Class,barock,"In digital humanities, Barock (Baroque) refers to the 17th–early 18th-century cultural-historical period characterized by complexity, ornamentation, theatricality, and affect—used as a category for analyzing texts, music, art, architecture, and metadata. In DH contexts it often means:
- A temporal label for datasets/corpora (e.g., Baroque literature, music).
- A stylistic feature set (e.g., elaborate syntax, conceits, counterpoint) used in computational stylistics.
- A metadata/tagging term for periodization in digital archives and ontologies.","- “Barock” has broader concept “العصر الحديث”.
- “العصر الحديث” has narrower concept “Barock”."
http://thesauri.dainst.org/_95e9c3a6,Source,Class,sp thelladisch ii b,"Späthelladisch II B (often abbreviated SH II B or LH II B) is a period label in Aegean prehistory used by archaeologists to date material culture in mainland Greece. In English it corresponds to Late Helladic II B, a sub-phase of the Late Bronze Age (Mycenaean) chronology, typically placed in the 15th century BCE. In digital humanities, it functions as a controlled chronological term for annotating, classifying, and interoperating datasets (e.g., pottery typologies, site phases) within standardized period ontologies.","- “Späthelladisch II B” is a narrower concept of “Späthelladisch II.”
- “Späthelladisch II B” has the broader concept “Späthelladisch II.”
- “Späthelladisch II B” exactly matches “klDq1lC0bTnc.”"
http://thesauri.dainst.org/_95ee29c7,Source,Class,fr he republik,"In German-speaking digital humanities, Frühe Republik typically refers to the Early Republic period of the United States (ca. 1780s–1820s), i.e., the early decades after independence and the adoption of the Constitution. It’s used as a temporal metadata label or research category for texts, events, and cultural artifacts from that era.","- “Frühe Republik” ist eine Oberkategorie von “Republikanische Zeit (Italien)”.
- “Republikanische Zeit (Italien)” hat die Unterkategorie “Frühe Republik”."
http://thesauri.dainst.org/_9632eade,Source,Class,sp tminoisch,"Spätminoisch (German) means “Late Minoan.” In Aegean archaeology/digital humanities, it refers to the late phase of the Minoan civilization on Crete, typically subdivided as LM I–III (ca. 1600–1100 BCE), used as a chronological label in datasets, metadata, and controlled vocabularies.","- Neupalastzeitlich is broader concept: Spätminoisch. (Neupalastzeitlich ⟶ broader ⟶ Spätminoisch)
- Spätminoisch I is broader concept: Spätminoisch. (Spätminoisch I ⟶ broader ⟶ Spätminoisch)
- Spätminoisch II is broader concept: Spätminoisch. (Spätminoisch II ⟶ broader ⟶ Spätminoisch)
- Spätminoisch III is broader concept: Spätminoisch. (Spätminoisch III ⟶ broader ⟶ Spätminoisch)
- Ägäische und griechische Bronzezeitchronologie has narrower concept: Spätminoisch. (Ägäische und griechische Bronzezeitchronologie ⟶ narrower ⟶ Spätminoisch)
- Spätminoisch is broader concept of: Ägäische und griechische Bronzezeitchronologie. (Spätminoisch ⟶ broader ⟶ Ägäische und griechische Bronzezeitchronologie)
- Spätminoisch exactly matches TzYaAe8cBbB5. (Spätminoisch ⟶ exactMatch ⟶ TzYaAe8cBbB5)
- Spätminoisch has narrower concepts: Neupalastzeitlich; Spätminoisch I; Spätminoisch II; Spätminoisch III. (Spätminoisch ⟶ narrower ⟶ Neupalastzeitlich, Spätminoisch I, Spätminoisch II, Spätminoisch III)"
http://thesauri.dainst.org/_98088a30,Source,Class,fr hantoninisch,"Frühantoninisch (German) means “early Antonine,” referring to the early phase of the Antonine period of the Roman Empire (roughly the early reigns of Antoninus Pius and Marcus Aurelius, mid-2nd century CE). In digital humanities, it would tag or classify artifacts, texts, inscriptions, or stylistic features dated to that early Antonine timeframe.","- “Frühantoninisch” is a narrower concept of “Antoninisch”.
- “Frühantoninisch” has the broader concept “Antoninisch”.
- “Frühantoninisch” exactly matches “1dH5kfYOFE5T”."
http://thesauri.dainst.org/_983742ff,Source,Class,kalifal ca 929 1031,"In digital humanities, “Kalifal (ca. 929–1031)” typically refers to the Caliphal period of al-Andalus (Islamic Spain), when Córdoba was a caliphate under the Umayyads. It marks the era from the proclamation of the Caliphate of Córdoba (929) to its collapse (1031), often used as a chronological tag for texts, artifacts, or datasets from that timeframe.","- “Islamische Zeit” has the narrower concept “Kalifal (ca. 929-1031)”.
- “Kalifal (ca. 929-1031)” has the broader concept “Islamische Zeit”.
- “Kalifal (ca. 929-1031)” exactly matches “s3QvtV8yVrm3”."
http://thesauri.dainst.org/_984a381b,Source,Class,hellenistische zeit,"In digital humanities, “Hellenistische Zeit” refers to the Hellenistic period of antiquity (ca. 323–31 BCE), used as a chronological metadata category for describing, annotating, or querying cultural artifacts, texts, inscriptions, and archaeological data produced in Greek-influenced regions after Alexander the Great up to the Roman conquest.","- Eisenzeit (Mittelmeer) has narrower concept Hellenistische Zeit.
- Frühhellenismus has broader concept Hellenistische Zeit.
- Hochhellenismus has broader concept Hellenistische Zeit.
- Späthellenismus has broader concept Hellenistische Zeit.
- Hellenistische Zeit has broader concept Eisenzeit (Mittelmeer).
- Hellenistische Zeit has exact match HeJZ8bH8nDbC.
- Hellenistische Zeit has narrower concepts Frühhellenismus, Hochhellenismus, Späthellenismus."
http://thesauri.dainst.org/_9855ea50,Source,Class,nasridisch ca 1238 1492,"Nasridisch refers to the Nasrid period/culture of the Emirate of Granada (ca. 1238–1492), the last Muslim dynasty in Iberia. In digital humanities contexts, it typically denotes metadata categories for texts, art, architecture, or material culture produced under the Nasrid dynasty.","- “Nasridisch (ca. 1238-1492)” is a narrower concept of “Islamische Zeit”.
- “Islamische Zeit” has the narrower concept “Nasridisch (ca. 1238-1492)”.
- “Nasridisch (ca. 1238-1492)” has the broader concept “Islamische Zeit”.
- “Nasridisch (ca. 1238-1492)” exactly matches “0A3tbJhiGWK9”."
http://thesauri.dainst.org/_98ccb2bd,Source,Class,fr hmittelalter 5 9 jahrh,"In Digital Humanities metadata, “Frühmittelalter (5.–9. Jh.)” denotes the Early Middle Ages period, i.e., ca. 400–900 CE. It’s a chronological label used for classifying/annotating sources, datasets, or projects that concern Europe’s early medieval era.","- Burgwallzeit is a broader concept of Frühmittelalter (5.-9. Jahrh.).
- Chronologien has the narrower concept Frühmittelalter (5.-9. Jahrh.).
- Karolingerzeit (ca. 639-937) is a broader concept of Frühmittelalter (5.-9. Jahrh.).
- Merowingerzeit (ca. 457-754) is a broader concept of Frühmittelalter (5.-9. Jahrh.).
- Präromanik is a broader concept of Frühmittelalter (5.-9. Jahrh.).
- Vendelzeit (ca. 550-800) is a broader concept of Frühmittelalter (5.-9. Jahrh.).
- Westgotenzeitlich (ca. 418-711) is a broader concept of Frühmittelalter (5.-9. Jahrh.).
- Wikingerzeit is a broader concept of Frühmittelalter (5.-9. Jahrh.).
- Frühmittelalter (5.-9. Jahrh.) is a broader concept of Chronologien.
- Frühmittelalter (5.-9. Jahrh.) has exact match PxKgPEek0BXT.
- Frühmittelalter (5.-9. Jahrh.) has the narrower concepts: Burgwallzeit; Karolingerzeit (ca. 639-937); Merowingerzeit (ca. 457-754); Präromanik; Vendelzeit (ca. 550-800); Westgotenzeitlich (ca. 418-711); Wikingerzeit."
http://thesauri.dainst.org/_99aa4cc9,Source,Class,unteres alt pleistoz n,"In digital humanities metadata (e.g., for dating artifacts, texts, or sites), “Unteres/Alt-Pleistozän” is German for “Lower/Early Pleistocene.” It denotes the earliest subdivision of the Pleistocene epoch, roughly ca. 2.58 million–0.78 million years ago, used to indicate very ancient (prehistoric) temporal attribution in datasets, records, or controlled vocabularies.","- “Unteres/Alt-Pleistozän” is a narrower concept of “Paläolithikum.”
- “Paläolithikum” is a broader concept of “Unteres/Alt-Pleistozän.”
- “Unteres/Alt-Pleistozän” exactly matches “BK4TjCxqSeAW.”"
http://thesauri.dainst.org/_9a3aad1b,Source,Class,eisenzeit mittelmeer,"In digital humanities datasets about the ancient Mediterranean, “Eisenzeit (Mittelmeer)” refers to the Iron Age in the Mediterranean region—the period when iron became the dominant material for tools and weapons, following the Late Bronze Age. Chronologically it typically spans ca. 1200–600 BCE (varying by subregion), and is used as a standardized temporal category for annotating, classifying, and querying cultural-historical data (artifacts, texts, sites) in Mediterranean contexts.","- Archaische Zeit is broader concept of Eisenzeit (Mittelmeer).
- Geometrische Zeit is broader concept of Eisenzeit (Mittelmeer).
- Hellenistische Zeit is broader concept of Eisenzeit (Mittelmeer).
- Klassische Zeit (Griechenland) is broader concept of Eisenzeit (Mittelmeer).
- Makedonische Eisenzeit is broader concept of Eisenzeit (Mittelmeer).
- Numidisch (Nordafrika) is broader concept of Eisenzeit (Mittelmeer).
- Proto-historic period is broader concept of Eisenzeit (Mittelmeer).
- Punisch (Nordafrika) is broader concept of Eisenzeit (Mittelmeer).
- Republikanische Zeit (Italien) is broader concept of Eisenzeit (Mittelmeer).
- Vorrömische Eisenzeit is broader concept of Eisenzeit (Mittelmeer).
- عصر الحديد has narrower concept Eisenzeit (Mittelmeer).
- Eisenzeit (Mittelmeer) is broader concept of عصر الحديد.
- Eisenzeit (Mittelmeer) has exact match yCRDTtFQlIl8.
- Eisenzeit (Mittelmeer) has narrower concept Archaische Zeit.
- Eisenzeit (Mittelmeer) has narrower concept Geometrische Zeit.
- Eisenzeit (Mittelmeer) has narrower concept Hellenistische Zeit.
- Eisenzeit (Mittelmeer) has narrower concept Klassische Zeit (Griechenland).
- Eisenzeit (Mittelmeer) has narrower concept Makedonische Eisenzeit.
- Eisenzeit (Mittelmeer) has narrower concept Numidisch (Nordafrika).
- Eisenzeit (Mittelmeer) has narrower concept Proto-historic period.
- Eisenzeit (Mittelmeer) has narrower concept Punisch (Nordafrika).
- Eisenzeit (Mittelmeer) has narrower concept Republikanische Zeit (Italien).
- Eisenzeit (Mittelmeer) has narrower concept Vorrömische Eisenzeit."
http://thesauri.dainst.org/_9b63da10,Source,Class,mittleres reich,"In digital humanities—especially in Egyptological contexts—“Mittleres Reich” is German for “Middle Kingdom,” referring to the period of ancient Egyptian history roughly ca. 2055–1650 BCE (Dynasties 11–12, sometimes early 13).","- “12. Dynastie” ist eine Unterkategorie von “Mittleres Reich”.
- “Ägyptische Chronologiesysteme” hat die Unterkategorie “Mittleres Reich”.
- “Mittleres Reich” ist eine Unterkategorie von “Ägyptische Chronologiesysteme”.
- “Mittleres Reich” entspricht exakt “Jlsf3BMnNTFR”.
- “Mittleres Reich” hat die Unterkategorie “12. Dynastie”."
http://thesauri.dainst.org/_9cdb7430,Source,Class,mittelaugusteisch,"In digital humanities, Mittelaugusteisch (German) refers to the “mid-Augustan” period/style—i.e., the middle phase of the reign of the Roman emperor Augustus. It’s used as a chronological or stylistic label (e.g., for texts, inscriptions, or artworks) to denote dating or features characteristic of the mid-Augustan era.","- “Mittelaugusteisch” is a narrower concept of “Augusteisch”.
- “Mittelaugusteisch” has the broader concept “Augusteisch”.
- “Mittelaugusteisch” has exact match “arV6Jb9hcKdv”."
http://thesauri.dainst.org/_9db89720,Source,Class,sp tantoninisch,"Spätantoninisch (German) means “late Antonine,” referring to the later phase of the Antonine period of the Roman Empire. In digital humanities, it would label or tag artifacts, texts, inscriptions, or datasets dated to the late reigns of the Antonine emperors (roughly the later 2nd century CE, e.g., Marcus Aurelius to Commodus).","- “Spätantoninisch” is a narrower concept of “Antoninisch.”
- “Spätantoninisch” has the broader concept “Antoninisch.”
- “Spätantoninisch” exactly matches “cGrUW4bfFGlv.”"
http://thesauri.dainst.org/_9f153557,Source,Class,mittelhelladikum,"Mittelhelladikum (German for “Middle Helladic”) refers to the Middle Bronze Age period in mainland Greece, roughly ca. 2000–1550 BCE. In digital humanities, it’s a chronological label used for annotating, classifying, and querying datasets (texts, artifacts, sites) tied to this specific cultural-historical phase.","- “Mittelhelladisch I” is a broader concept of “Mittelhelladikum”.
- “Mittelhelladisch II” is a broader concept of “Mittelhelladikum”.
- “Mittelhelladisch III” is a broader concept of “Mittelhelladikum”.
- “Ägäische und griechische Bronzezeitchronologie” has the narrower concept “Mittelhelladikum”.
- “Mittelhelladikum” is a broader concept of “Ägäische und griechische Bronzezeitchronologie”.
- “Mittelhelladikum” exactly matches “bYKyvXtxx2PU”.
- “Mittelhelladikum” has the narrower concepts “Mittelhelladisch I”, “Mittelhelladisch II”, and “Mittelhelladisch III”."
http://thesauri.dainst.org/_9f3d13a7,Source,Class,subgeometrisch,"In digital humanities, “subgeometrisch” (German: “sub-geometric”) typically describes growth or complexity that increases slower than any geometric (exponential) rate. Practically, it means:

- Less than exponential growth/structure (e.g., subgeometric scaling in data, networks, or algorithmic complexity).
- Often used to contrast with geometric/exponential models when analyzing corpus growth, network expansion, or computational cost, indicating more moderate, slower-than-exponential behavior.","- “Geometrische Zeit” has the narrower concept “Subgeometrisch”.
- “Subgeometrisch” has the broader concept “Geometrische Zeit”.
- “Subgeometrisch” exactly matches “prnj9UnMaWZF”."
http://thesauri.dainst.org/_9f5980e9,Source,Class,flavisch,"“Flavisch” refers to Father Roberto Busa’s early digital encoding scheme (also called the Busa Code) used in mid-20th-century humanities computing. It mapped Latin characters and textual features to numeric codes for processing texts (e.g., the Index Thomisticus) on early computers, enabling lemmatization, morphological tagging, and concordance generation.","- “Flavisch” is a broader concept within “Frühe und mittlere Kaiserzeit (Eggers A/B)”.
- “Flavisch” exactly matches “mlZjTl5TmrHV”.
- “Frühe und mittlere Kaiserzeit (Eggers A/B)” has the narrower concept “Flavisch”."
http://thesauri.dainst.org/_a0be179c,Source,Class,prehistory,"In digital humanities, “prehistory” refers to the span of human past before written records, studied through material, environmental, and biological evidence—and, specifically, through the digitization, computational analysis, and visualization of such data (e.g., 3D models of artifacts, GIS mapping of sites, radiocarbon datasets, and computational archaeometry).","- “Chronologien” has narrower concept “prehistory”.
- “prehistory” has broader concept “Chronologien”.
- “prehistory” has close match “XLYbvLSSRb0t”.
- “prehistory” has close match “n1Mzx7HYIwEu”."
http://thesauri.dainst.org/_a119d03a,Source,Class,subarchaische zeit,"In digital humanities (and classical studies), Subarchaische Zeit refers to the “sub-Archaic period” of ancient Greek culture—typically the transitional phase bridging the Late Geometric/Early Orientalizing era and the full Archaic period. It denotes early, pre-Archaic developments (e.g., in art, epigraphy, language) that precede but lead into the Archaic age.","- “Subarchaische Zeit” is broader concept’s narrower term of “archaisch.” → “Subarchaische Zeit” has broader concept “archaisch.”
- “archaisch” has narrower concept “Subarchaische Zeit.”"
http://thesauri.dainst.org/_a160e7a2,Source,Class,punisch nordafrika,"In digital humanities metadata, “Punisch (Nordafrika)” refers to the Punic language of North Africa—the Carthaginian variety of Phoenician used in ancient Carthage and its territories (roughly present-day Tunisia and surrounding regions). It’s a Semitic language, attested in inscriptions and texts from the first millennium BCE into Late Antiquity.","- “Punisch (Nordafrika)” is a narrower concept of “Eisenzeit (Mittelmeer)”.
- “Eisenzeit (Mittelmeer)” is a broader concept of “Punisch (Nordafrika)”.
- “Punisch (Nordafrika)” exactly matches “mZ09zLL1wqE5”."
http://thesauri.dainst.org/_a3a71072,Source,Class,karolingerzeit ca 639 937,"In digital humanities metadata and periodization, “Karolingerzeit (ca. 639–937)” denotes the Carolingian period—a historical era associated with the rise, rule, and cultural influence of the Carolingian dynasty in early medieval Europe. It typically spans from early pre-Carolingian roots (post-Merovingian transition) through the dynasty’s political and cultural peak (Charlemagne and successors) to its decline and fragmentation. The dates 639–937 reflect a broader, data-oriented range used in some corpora/ontologies to standardize temporal tagging of texts, artifacts, and manuscripts linked to Carolingian governance, reform (e.g., script, liturgy, education), and associated cultural production.","- “Frühmittelalter (5.-9. Jahrh.)” has narrower concept “Karolingerzeit (ca. 639-937)”.
- “Karolingerzeit (ca. 639-937)” has broader concept “Frühmittelalter (5.-9. Jahrh.)”.
- “Karolingerzeit (ca. 639-937)” exactly matches “3LyPnx8sQUEZ”."
http://thesauri.dainst.org/_a3fdb1f0,Source,Class,deutsch mittelalterlich,"In digital humanities metadata and cataloging, “Deutsch (mittelalterlich)” denotes the language of a text as Medieval German—i.e., historical stages of German used roughly from the High to Late Middle Ages (e.g., Althochdeutsch/Old High German or Mittelhochdeutsch/Middle High German), distinct from Modern German. It signals non‑modern orthography, vocabulary, and grammar for purposes like encoding, search, and linguistic analysis.","- “Deutsch (mittelalterlich)” is a broader concept’s narrower term of “Mittelalter (10.-15.Jahrhundert)”.
- “Mittelalter (10.-15.Jahrhundert)” has the narrower concept “Deutsch (mittelalterlich)”."
http://thesauri.dainst.org/_a41c44b3,Source,Class,epipal olithikum,"Epipaläolithikum (Epipaleolithic) refers to the transitional period at the end of the Paleolithic and before the Neolithic, roughly spanning the Late Glacial to early Holocene. In digital humanities, it denotes a chronological-cultural label used to classify and analyze datasets (sites, lithic assemblages, radiocarbon dates, mobility patterns) that show continuity from Paleolithic hunter-gatherers with emerging microlithic technologies but before fully developed agriculture.","- “Epipaläolithikum” is broader term’s narrower concept of “Paläolithikum.” (Epipaläolithikum skos:broader Paläolithikum)
- “Epipaläolithikum” exactly matches “zesdaTksSJux.” (Epipaläolithikum skos:exactMatch zesdaTksSJux)
- “Paläolithikum” has the narrower concept “Epipaläolithikum.” (Paläolithikum skos:narrower Epipaläolithikum)"
http://thesauri.dainst.org/_a4276388,Source,Class,sp tbronzezeit,"Spätbronzezeit is German for “Late Bronze Age,” referring (in Central European archaeology) to the final phase of the Bronze Age, roughly ca. 1300–800 BCE, depending on regional chronology. In digital humanities contexts, it’s used as a controlled temporal label for datasets, ontologies, or metadata describing artifacts, sites, or texts from that period.","- “Spätbronzezeit I” is a broader concept of “Spätbronzezeit”. → Correction: “Spätbronzezeit I” is a narrower concept of “Spätbronzezeit”.
- “Spätbronzezeit II” is a narrower concept of “Spätbronzezeit”.
- “Spätbronzezeit III” is a narrower concept of “Spätbronzezeit”.
- “عصر البرونز” has the narrower concept “Spätbronzezeit”. → “Spätbronzezeit” is a narrower concept of “عصر البرونز”.
- “Spätbronzezeit” is a broader concept of “عصر البرونز”. → Correction: “Spätbronzezeit” is a narrower concept of “عصر البرونز”.
- “Spätbronzezeit” has exact match “nkYyjaEHAXbG”.
- “Spätbronzezeit” has the narrower concepts “Spätbronzezeit I”, “Spätbronzezeit II”, and “Spätbronzezeit III”."
http://thesauri.dainst.org/_a4be3392,Source,Class,sp tminoisch iiia,"Spätminoisch IIIA is the German term for Late Minoan IIIA, a ceramic-chronological phase on Crete dated roughly to the 14th century BCE (c. 1400–1300 BCE). In digital humanities, it typically serves as a controlled vocabulary/periodization label used for annotating, classifying, and linking archaeological data (e.g., pottery typologies, site phases, stratigraphic records) in databases, ontologies, and gazetteers (such as PeriodO), enabling temporal interoperability across datasets.","- “Spätminoisch IIIA” is a narrower concept of “Spätminoisch III”.
- “Spätminoisch III” is a broader concept of “Spätminoisch IIIA”.
- “Spätminoisch IIIA” exactly matches “msJg9laKGzWb”."
http://thesauri.dainst.org/_a4c97475,Source,Class,archaisch,"In digital humanities, archaisch (German) means archaic: language, forms, or features that are old-fashioned or from an earlier historical stage. It often refers to older spellings, vocabulary, or stylistic features preserved in texts or datasets (e.g., Early New High German forms) that differ from contemporary usage.","- Archaische Zeit has narrower concept archaisch.
- Früharchaisch has broader concept archaisch.
- Hocharchaisch has broader concept archaisch.
- Spätarchaisch has broader concept archaisch.
- Subarchaische Zeit has broader concept archaisch.
- archaisch has broader concept Archaische Zeit.
- archaisch has exact match LJmbpIwxIzRZ.
- archaisch has narrower concept Früharchaisch.
- archaisch has narrower concept Hocharchaisch.
- archaisch has narrower concept Spätarchaisch.
- archaisch has narrower concept Subarchaische Zeit."
http://thesauri.dainst.org/_a671d80c,Source,Class,subminoisch,"In digital humanities (esp. Aegean studies), “Subminoisch” (German: Subminoisch; English: Sub-Minoan) denotes the cultural/ceramic phase in Crete immediately after the collapse of the Minoan palatial system—roughly the Late Bronze to Early Iron Age transition (ca. 12th–11th c. BCE). It’s used as a chronological label for material culture (e.g., pottery style) that follows Late Minoan IIIC and precedes Protogeometric, marking postpalatial, early Iron Age Crete.","- “Subminoisch” is broader concept: “Ägäische und griechische Bronzezeitchronologie”.
- “Subminoisch” exactly matches “oUJ4bczBkP9N”.
- “Ägäische und griechische Bronzezeitchronologie” has narrower concept: “Subminoisch”."
http://thesauri.dainst.org/_a793b6be,Source,Class,sp te pr klassik,"In digital humanities, “Späte Präklassik” (German for “Late Preclassic”) refers to the late phase of the Preclassic period in Mesoamerican chronology, roughly ca. 300 BCE–250 CE (dates vary by region). It’s used in metadata, typologies, or periodization schemas to label cultural-historical time spans for artifacts, texts, sites, or datasets.","- “Präklassik” has narrower concept “Späte Präklassik”.
- “Späte Präklassik” has broader concept “Präklassik”.
- “Späte Präklassik” exactly matches “wafW4XIgwRsN”."
http://thesauri.dainst.org/_a828586d,Source,Class,sp tkykladisch,"Spätkykladisch (German for “Late Cycladic”) refers to the Late Bronze Age phase of Cycladic culture in the Aegean (ca. 1700/1600–1100 BCE). In digital humanities, it’s used as a controlled term or period label for classifying, annotating, and searching cultural heritage data (e.g., artifacts, sites) from the Cyclades in this timeframe, often aligned with period thesauri like PeriodO or Getty AAT.","- “Spätkykladisch I” is a narrower concept of “Spätkykladisch”.
- “Spätkykladisch II” is a narrower concept of “Spätkykladisch”.
- “Spätkykladisch III” is a narrower concept of “Spätkykladisch”.
- “Spätkykladisch” is a broader concept of “Spätkykladisch I”.
- “Spätkykladisch” is a broader concept of “Spätkykladisch II”.
- “Spätkykladisch” is a broader concept of “Spätkykladisch III”.
- “Spätkykladisch” is a narrower concept of “Ägäische und griechische Bronzezeitchronologie”.
- “Ägäische und griechische Bronzezeitchronologie” is a broader concept of “Spätkykladisch”.
- “Spätkykladisch” exactly matches “buIBWaKedpJT”."
http://thesauri.dainst.org/_a91d7f99,Source,Class,konstantinisch,"In digital humanities contexts, “konstantinisch” (German) typically refers to the era, policies, or cultural-political framework associated with the Roman Emperor Constantine the Great (early 4th century CE). It can denote:

- The Constantinian period (e.g., sources, inscriptions, architecture from Constantine’s reign).
- The “Constantinian shift” in late antiquity (e.g., Christianization of the Roman Empire, church–state relations).
- Stylistic or textual features linked to Constantine’s administration or propaganda in datasets, corpora, or metadata.","- “Kaiserzeit-Spätantike” has narrower concept “Konstantinisch”.
- “Konstantinisch” has broader concept “Kaiserzeit-Spätantike”.
- “Konstantinisch” exactly matches “aGQT7LqXvOyt”."
http://thesauri.dainst.org/_a952843c,Source,Class,s ddeutsche bronzezeitchronologie,"“Süddeutsche Bronzezeitchronologie” means “South German Bronze Age chronology.” In digital humanities context, it refers to a chronological framework (periodization and dating system) used to classify and align South German Bronze Age archaeological phases (e.g., Early/Middle/Late Bronze Age, regional phases like Singen, Adlerberg, Hügelgräber/Urnfield) for data annotation, interoperability, and temporal normalization across datasets.","- “Süddeutsche Bronzezeitchronologie” has broader concept “عصر البرونز”.
- “Süddeutsche Bronzezeitchronologie” closely matches “xwwG9nQva5bu”.
- “عصر البرونز” has narrower concept “Süddeutsche Bronzezeitchronologie”."
http://thesauri.dainst.org/_aa025995,Source,Class,sp tgeometrisch ii,"In digital humanities contexts dealing with ancient chronology (especially Aegean/Greek archaeology), “Spätgeometrisch II” refers to the Late Geometric II phase, a subperiod of the Late Geometric era. It typically dates to roughly the later 8th century BCE (often ca. 750–700 BCE) and is used to classify and tag material (e.g., pottery styles, funerary practices, settlement data) in datasets and ontologies for more precise temporal attribution within the Greek Geometric period.","- “Spätgeometrisch” has narrower concept “Spätgeometrisch II”.
- “Spätgeometrisch II” has broader concept “Spätgeometrisch”.
- “Spätgeometrisch II” exactly matches “a0IZrpI32aQG”."
http://thesauri.dainst.org/_aa1ebf15,Source,Class,romanik,"In digital humanities, “Romanik” refers to the Romanesque period/style (German: Romanik) and is used to tag, describe, or analyze medieval cultural artifacts—especially architecture, sculpture, manuscripts, and visual motifs—from roughly the 10th–12th centuries in Europe. It typically denotes features like rounded arches, massive walls, and characteristic iconography, applied in metadata, ontologies, and computational analyses of medieval sources.","- “Mittelalter (10.-15.Jahrhundert)” has narrower concept “Romanik”.
- “Romanik” has broader concept “Mittelalter (10.-15.Jahrhundert)”."
http://thesauri.dainst.org/_aa86a011,Source,Class,nordische bronzezeitchronologie,"“Nordische Bronzezeitchronologie” means the chronological framework (periodization and dating system) of the Nordic Bronze Age. In digital humanities, it refers to the standardized timeline and phase scheme (e.g., Montelius periods I–VI and later refinements) used to date and compare Nordic Bronze Age artifacts, sites, and datasets across projects, enabling interoperable metadata, temporal normalization, and cross-regional analyses.","- “Nordische Bronzezeitchronologie” is a broader concept’s subordinate of “عصر البرونز.”
- “عصر البرونز” has the narrower concept “Nordische Bronzezeitchronologie.”"
http://thesauri.dainst.org/_aaea5f8d,Source,Class,partherzeitlich,"Partherzeitlich (German) means “from the Parthian period” or “Parthian-era.” In digital humanities contexts, it’s typically a temporal descriptor tagging objects, texts, or data associated with the Parthian Empire (ca. 247 BCE–224 CE).","- “Partherzeitlich” is a broader concept under “Vorderorientalische Chronologiesysteme.”
- “Partherzeitlich” exactly matches “EBJIZW5V24qE.”
- “Vorderorientalische Chronologiesysteme” has the narrower concept “Partherzeitlich.”"
http://thesauri.dainst.org/_ab5d802a,Source,Class,mittelbronzezeit i,"In digital humanities contexts (e.g., metadata, periodization in archaeological datasets), “Mittelbronzezeit I” refers to the first sub-phase of the Middle Bronze Age in Central Europe. It is a chronological label used to tag or classify materials, sites, or events dated to the early part of the Middle Bronze Age, typically following the Early Bronze Age and preceding Mittelbronzezeit II. Exact calendar dates vary by regional chronology, but it generally falls in the mid–2nd millennium BCE.","- “Mittelbronzezeit” has narrower concept “Mittelbronzezeit I”.
- “Mittelbronzezeit I” has broader concept “Mittelbronzezeit”.
- “Mittelbronzezeit I” exactly matches “gZ9VmVBthDLi”."
http://thesauri.dainst.org/_ac343261,Source,Class,mesoamerikanische chronologiesysteme,"In digital humanities, “Mesoamerikanische Chronologiesysteme” refers to the chronological frameworks used to date and periodize cultures in ancient Mesoamerica (e.g., Olmec, Maya, Zapotec, Aztec). It encompasses:

- Indigenous time-reckoning systems (e.g., the 260-day ritual calendar Tzolk’in/Tonalpohualli, the 365-day Haab’/Xiuhpohualli, Calendar Round, and Long Count).
- Archaeological-historical periodization (e.g., Preclassic/Formative, Classic, Postclassic).
- Methods for aligning these systems with absolute dates (correlations, epigraphy, astronomical markers).

In DH, it involves modeling, encoding, and interoperating these calendars and periods for data annotation, timeline alignment, and cross-cultural temporal analysis.","- Chronologien has narrower concept Mesoamerikanische Chronologiesysteme.
- Klassik (Mesoamerika) is a broader concept of Mesoamerikanische Chronologiesysteme. [Note: per SKOS, this likely means “Klassik (Mesoamerika) is narrower than Mesoamerikanische Chronologiesysteme,” but following the given triple.]
- Postklassik is a broader concept of Mesoamerikanische Chronologiesysteme. [Same note as above.]
- Präklassik is a broader concept of Mesoamerikanische Chronologiesysteme. [Same note as above.]
- Mesoamerikanische Chronologiesysteme is a broader concept of Chronologien.
- Mesoamerikanische Chronologiesysteme has narrower concepts: Klassik (Mesoamerika), Postklassik, Präklassik."
http://thesauri.dainst.org/_ac69823e,Source,Class,12 dynastie,"In digital humanities contexts dealing with historical data (esp. Egyptology), “12. Dynastie” is German for “12th Dynasty.” It refers to the Twelfth Dynasty of ancient Egypt (Middle Kingdom), typically dated ca. 1991–1802 BCE, including rulers like Amenemhat I–IV and Senusret I–III.","- “12. Dynastie” is a broader concept’s member: it is narrower than “Mittleres Reich.”
- “Mittleres Reich” has the narrower concept “12. Dynastie.”
- “12. Dynastie” exactly matches “Xit8ctn0NzTi.”"
http://thesauri.dainst.org/_acc90782,Source,Class,ltere eisenzeit mitteleuropa,"In Central European archaeology (digital humanities context), “Ältere Eisenzeit (Mitteleuropa)” refers to the Early Iron Age in Central Europe, i.e., the Hallstatt period (approx. 800–450 BCE). It denotes the earlier phase of the Iron Age characterized by the spread of iron metallurgy, Hallstatt cultural complexes, and associated material culture, burial practices, and settlements in Central Europe.","- “Hallstattzeit (Mitteleuropa)” is a broader concept of “Ältere Eisenzeit (Mitteleuropa)”.
- “عصر الحديد” is a narrower concept of “Ältere Eisenzeit (Mitteleuropa)”.
- “Ältere Eisenzeit (Mitteleuropa)” is a broader concept of “عصر الحديد”.
- “Ältere Eisenzeit (Mitteleuropa)” has the exact match “NtKPKClkMids”.
- “Ältere Eisenzeit (Mitteleuropa)” is a narrower concept of “Hallstattzeit (Mitteleuropa)”."
http://thesauri.dainst.org/_ad752793,Source,Class,mittlere pr klassik,"In digital humanities—especially Mesoamerican archaeology and epigraphy—“Mittlere Präklassik” is the German term for the Middle Preclassic period. It denotes the middle phase of the Preclassic (Formative) era in Mesoamerica, roughly ca. 1000–400 BCE (sometimes 900–400 BCE), preceding the Late Preclassic and Classic periods.","- “Mittlere Präklassik” is a broader concept’s member of “Präklassik.”
- “Mittlere Präklassik” exactly matches “3tC72fM1MbsA.”
- “Präklassik” has the narrower concept “Mittlere Präklassik.”"
http://thesauri.dainst.org/_ad8a599b,Source,Class,sp tminoisch ii,"Spätminoisch II means “Late Minoan II,” a period designation in Aegean archaeology. In digital humanities, it’s used as a controlled chronological label (German-language variant) for tagging/annotating artifacts, texts, or datasets dated to the Late Minoan II phase (ca. 15th century BCE) in Crete/Minoan culture.","- “Spätminoisch” has the narrower concept “Spätminoisch II”.
- “Spätminoisch II” has the broader concept “Spätminoisch”.
- “Spätminoisch II” exactly matches “XAYO4pZCUL4U”."
http://thesauri.dainst.org/_ae84536e,Source,Class,atlantische bronzezeitchronologie,"In digital humanities, “Atlantische Bronzezeitchronologie” refers to the chronological framework (dating/periodization) of the Atlantic Bronze Age—i.e., how scholars define and date the phases of the Bronze Age in the Atlantic façade of Europe (Iberia, France, British Isles, Ireland, Atlantic façade), often integrating typologies (metalwork, pottery), radiocarbon datasets, and regional cross-dating. It’s the timeline model used to align and compare Atlantic Bronze Age developments across regions and datasets.","- “Atlantische Bronzezeitchronologie” is a broader concept’s member of “عصر البرونز”. (broader)
- “Atlantische Bronzezeitchronologie” closely matches “nkYyjaEHAXbG”. (closeMatch)
- “عصر البرونز” has a narrower concept “Atlantische Bronzezeitchronologie”. (narrower)"
http://thesauri.dainst.org/_af14464c,Source,Class,sp tminoisch iiib,"Spätminoisch IIIB is the German term for Late Minoan IIIB, a ceramic/archaeological phase in the Aegean Bronze Age chronology of Crete. In digital humanities contexts, it’s a controlled chronological label used to tag, classify, and align data (e.g., artifacts, layers, texts) to the period roughly corresponding to LM IIIB (ca. 13th century BCE, after LM IIIA and before LM IIIC).","- “Spätminoisch III” has narrower concept “Spätminoisch IIIB”.
- “Spätminoisch IIIB” has broader concept “Spätminoisch III”.
- “Spätminoisch IIIB” exactly matches “KS9ovjSjXKXy”."
http://thesauri.dainst.org/_af443381,Source,Class,sp tkorinthisch,"In digital humanities (especially epigraphy/ceramics/archaeology), “Spätkorinthisch” is German for “Late Corinthian.” It denotes the late phase of the Corinthian style—most commonly:
- Late Corinthian vase-painting/ceramic production (ca. late 6th century BCE)
- Late Corinthian letterforms/epigraphic style in Greek inscriptions associated with Corinth

So, it labels materials or stylistic features from the late (final) Corinthian period.","- “Spätkorinthisch” is a narrower concept of “Korinthisch”.
- “Korinthisch” is a broader concept of “Spätkorinthisch”.
- “Spätkorinthisch” exactly matches “HEi1VjffUt9Y”."
http://thesauri.dainst.org/_afaf4e77,Source,Class,sp thelladisch iii b,"Späthelladisch III B (often abbreviated SH IIIB) is a chronological phase in Aegean prehistory used in German-language scholarship for the Late Helladic (Mycenaean) period. It corresponds to the later part of the Late Bronze Age on the Greek mainland, roughly ca. 1300–1190 BCE, and is identified archaeologically by specific pottery styles and material culture. In digital humanities, it functions as a controlled chronological label for annotating, classifying, and linking Mycenaean-era data (e.g., ceramic typologies, site phases, texts) within databases and ontologies.","- “Späthelladisch III” has narrower concept “Späthelladisch III B”.
- “Späthelladisch III B” has broader concept “Späthelladisch III”.
- “Späthelladisch III B” exactly matches “EViLMBCtCniv”."
http://thesauri.dainst.org/_afbdde2e,Source,Class,mittelmesolithikum,"In digital humanities (especially German-language archaeological datasets), Mittelmesolithikum refers to the “Middle Mesolithic,” i.e., the middle phase of the Mesolithic period. It denotes a chronological subdivision used to classify sites, assemblages, or records dated to the mid-Mesolithic timeframe.","- “Mesolithikum” has narrower concept “Mittelmesolithikum”.
- “Mittelmesolithikum” has broader concept “Mesolithikum”.
- “Mittelmesolithikum” closely matches “w35tMjbQgMPE”."
http://thesauri.dainst.org/_b34a7579,Source,Class,sp tmesolithikum,"Spätmesolithikum is German for “Late Mesolithic,” referring to the final phase of the Mesolithic period. In digital humanities contexts, it typically labels/annotates archaeological data, texts, or metadata concerning late Mesolithic cultures, sites, layers, or artifacts (e.g., chronology tags, controlled vocabularies, or temporal facets in databases).","- “Spätmesolithikum” is a narrower concept of “Mesolithikum.”
- “Mesolithikum” is a broader concept of “Spätmesolithikum.”
- “Spätmesolithikum” closely matches “w35tMjbQgMPE.”"
http://thesauri.dainst.org/_b47933d2,Source,Class,fr he postklassik,"In digital humanities, Frühe Postklassik (Early Postclassical) refers to the early phase of the Postclassical period in medieval German literature and culture—roughly late 13th to early 14th century—following the Hochklassik (High Classical) of Middle High German courtly literature. It denotes shifting literary forms, language use, and manuscript practices (e.g., didactic, devotional, and pragmatic texts; compilation culture), and is used in periodization for corpora, metadata, and analysis.","- “Frühe Postklassik” is a broader concept under “Postklassik.”
- “Frühe Postklassik” exactly matches “V1XId0iis1dc.”
- “Postklassik” has the narrower concept “Frühe Postklassik.”"
http://thesauri.dainst.org/_b48d8836,Source,Class,pr romanik,"Präromanik (German: “pre-Romanesque”) refers to the early medieval architectural and artistic styles in Europe that precede and lead into the Romanesque period, roughly 8th–10th centuries. In digital humanities, it would tag or categorize artifacts, buildings, manuscripts, or datasets from this transitional phase, aiding periodization, metadata, and comparative analysis.","- “Präromanik” is a narrower concept of “Frühmittelalter (5.-9. Jahrh.).”
- “Frühmittelalter (5.-9. Jahrh.)” is a broader concept of “Präromanik.”"
http://thesauri.dainst.org/_b607d747,Source,Class,fr hkykladisch,"Frühkykladisch (German) means Early Cycladic—the earliest phase of the Cycladic culture in the Aegean Bronze Age, roughly ca. 3200–2000 BCE. In digital humanities contexts, it’s used as a period label/metadata term for classifying artifacts, sites, or records from the Early Cycladic period.","- “Frühkykladisch I” is a narrower concept of “Frühkykladisch”.
- “Frühkykladisch II” is a narrower concept of “Frühkykladisch”.
- “Frühkykladisch III” is a narrower concept of “Frühkykladisch”.
- “Ägäische und griechische Bronzezeitchronologie” has the narrower concept “Frühkykladisch”.
- “Frühkykladisch” is a broader concept within “Ägäische und griechische Bronzezeitchronologie”.
- “Frühkykladisch” exactly matches “SYprFxSH81qc”.
- “Frühkykladisch” has the narrower concepts “Frühkykladisch I”, “Frühkykladisch II”, and “Frühkykladisch III”."
http://thesauri.dainst.org/_b69f4c21,Source,Class,sp thelladisch iii c,"Späthelladisch III C (often abbreviated SH IIIC) is the German term for Late Helladic IIIC, a ceramic/cultural phase of the Mycenaean (Late Bronze Age) in Greece, roughly ca. 1200–1050 BCE. In digital humanities contexts, it’s used as a controlled chronological label for classifying artifacts, layers, or datasets (e.g., pottery typologies, stratigraphic phases) within the Late Helladic sequence: IIIA, IIIB, IIIC, with IIIC being the final post-palatial phase.","- “Späthelladisch III” has narrower concept “Späthelladisch III C”.
- “Späthelladisch III C” has broader concept “Späthelladisch III”.
- “Späthelladisch III C” exactly matches “NpJJpC5tk3xR”."
http://thesauri.dainst.org/_b72252ed,Source,Class,fr hminoisch iii,"Frühminoisch III (FM III) is German for Early Minoan III, the third (latest) subphase of the Early Minoan period in Aegean prehistory, roughly c. 2300–2000 BCE on Crete. In digital humanities contexts, it is a chronological label used in datasets, ontologies, or controlled vocabularies (e.g., periodization schemas) to tag or classify artifacts, sites, or layers to this specific time slice.","- “Frühminoisch” has the narrower concept “Frühminoisch III”.
- “Frühminoisch III” has the broader concept “Frühminoisch”.
- “Frühminoisch III” exactly matches “ua9dJy4zAkO5”."
http://thesauri.dainst.org/_b9892df7,Source,Class,archaische zeit,"In digital humanities (especially classical studies and art history), “Archaische Zeit” refers to the Archaic period of ancient Greece, roughly ca. 700–480 BCE. It denotes the era preceding the Classical period, used as a metadata/periodization label for texts, artifacts, and datasets.","- “Dädalisch” is a broader concept of “Archaische Zeit”.
- “Eisenzeit (Mittelmeer)” has the narrower concept “Archaische Zeit”.
- “Korinthisch” is a broader concept of “Archaische Zeit”.
- “Protokorinthisch” is a broader concept of “Archaische Zeit”.
- “archaisch” is a broader concept of “Archaische Zeit”.
- “orientalisierend” is a broader concept of “Archaische Zeit”.
- “protoattisch” is a broader concept of “Archaische Zeit”.
- “Archaische Zeit” is a broader concept of “Eisenzeit (Mittelmeer)”.
- “Archaische Zeit” exactly matches “EfFq8qCFODK8”.
- “Archaische Zeit” has the narrower concepts “Dädalisch”, “Korinthisch”, “Protokorinthisch”, “archaisch”, “orientalisierend”, and “protoattisch”."
http://thesauri.dainst.org/_b9fce3db,Source,Class,altpal olithikum,"Altpaläolithikum (German for “Lower Paleolithic”) refers to the earliest phase of the Paleolithic period, characterized by the first stone tool traditions (e.g., Oldowan, Acheulean) and early humans (e.g., Homo habilis, Homo erectus). In digital humanities, it typically labels data, artifacts, sites, or periods in metadata/ontologies for temporal classification of archaeological resources.","- “Altpaläolithikum” is a broader term’s narrower concept of “Paläolithikum”.
- “Altpaläolithikum” has exact match “rjdGNAvZHqfJ”.
- “Paläolithikum” has narrower term “Altpaläolithikum”."
http://thesauri.dainst.org/_ba0c5b5d,Source,Class,fr he v lkerwanderungszeit eggers d 375 478 a d,"In digital humanities, “Frühe Völkerwanderungszeit (Eggers D, 375–478 A.D.)” refers to a standardized chronological phase used in typologies and datasets (after Hans Jürgen Eggers’s system) for classifying and dating archaeological finds from the Early Migration Period in Europe. It denotes the interval ca. 375–478 CE—beginning with the Hunnic incursions/Visigothic movements and ending around the fall of the Western Roman Empire—used as a controlled temporal label to harmonize metadata, enable comparative analyses, and align artifact types, burial assemblages, and sites across corpora.","- “Frühe Völkerwanderungszeit (Eggers D, 375-478 A.D.)” is broader concept’s child of “Spätrömische-/Völkerwanderungszeit (4.-6. Jh.)”.
- “Frühe Völkerwanderungszeit (Eggers D, 375-478 A.D.)” exactly matches “iFLvMfRgpJQC”.
- “Spätrömische-/Völkerwanderungszeit (4.-6. Jh.)” has the narrower concept “Frühe Völkerwanderungszeit (Eggers D, 375-478 A.D.)”."
http://thesauri.dainst.org/_bcf23a5f,Source,Class,21 dynastie,"In digital humanities—especially when dealing with German-language sources—“21. Dynastie” means “21st Dynasty,” referring to the Twenty-First Dynasty of ancient Egypt (c. 1069–945 BCE). It’s a period label used in metadata, ontologies, timelines, or annotations to tag or classify materials related to that historical dynasty.","- “21. Dynastie” is broader concept’s child of “Dritte Zwischenzeit.”
- “21. Dynastie” has exact match “OFsMQ9Oq5H.”
- “Dritte Zwischenzeit” has narrower concept “21. Dynastie.”"
http://thesauri.dainst.org/_bd4a24d9,Source,Class,altbabylonisch,"In digital humanities (Assyriology), altbabylonisch is German for “Old Babylonian.” It refers to the Old Babylonian period/language of Mesopotamia (ca. 2000–1600 BCE) and the corresponding cuneiform texts.","- “Babylonzeitlich” has the narrower concept “altbabylonisch”.
- “altbabylonisch” has the broader concept “Babylonzeitlich”."
http://thesauri.dainst.org/_be7e353d,Source,Class,neubabylonisch,"In digital humanities (often in German-language scholarship), “neubabylonisch” means “Neo-Babylonian” — referring to the Neo-Babylonian period, language, or texts (c. 7th–6th century BCE, e.g., the Nabopolassar–Nebuchadnezzar II era).","- “Babylonzeitlich” has the narrower concept “neubabylonisch”.
- “neubabylonisch” has the broader concept “Babylonzeitlich”."
http://thesauri.dainst.org/_bec3156d,Source,Class,sp tbronzezeit i,"In digital humanities (e.g., periodization in datasets/ontologies), “Spätbronzezeit I” means “Late Bronze Age I”: the first phase/subperiod of the Late Bronze Age in Central European chronology (German-language scholarship). It is a temporal label used to tag or classify objects, texts, or events to the early part of the Late Bronze Age. Exact dates vary by region/schema.","- “Spätbronzezeit” has narrower concept “Spätbronzezeit I”.
- “Spätbronzezeit I” has broader concept “Spätbronzezeit”.
- “Spätbronzezeit I” exactly matches “finueUGhBvH3”."
http://thesauri.dainst.org/_c0a8d632,Source,Class,merowingerzeit ca 457 754,"In digital humanities timelines for early medieval Europe, “Merowingerzeit (ca. 457–754)” denotes the Merovingian period: the era of the Merovingian dynasty ruling the Frankish kingdoms in Western and Central Europe, from the late 5th century (post–fall of the Western Roman Empire) to just before the Carolingian takeover (Pepin the Short, 751–754). It’s used as a chronological label for dating artifacts, texts, sites, and cultural layers in DH datasets and ontologies.","- “Merowingerzeit (ca. 457-754)” is a narrower concept within “Frühmittelalter (5.-9. Jahrh.)”.
- “Frühmittelalter (5.-9. Jahrh.)” is a broader concept than “Merowingerzeit (ca. 457-754)”.
- “Merowingerzeit (ca. 457-754)” exactly matches “zEOoWDgH38YP”."
http://thesauri.dainst.org/_c1210d5a,Source,Class,hallstatt a urnenfelderzeit,"In digital humanities datasets on European prehistory, “Hallstatt A = Urnenfelderzeit” indicates a period correlation: the earliest Hallstatt phase (Hallstatt A, ca. 12th–10th centuries BCE) is equivalent to the Urnfield period (Urnenfelderzeit). It flags that classifications using the Hallstatt scheme map Hallstatt A onto the broader Urnfield cultural horizon (characterized by cremation burials in urnfields) for cross-dataset harmonization.","- “Hallstatt A = Urnenfelderzeit” is a broader concept within “Hallstattzeit (Mitteleuropa)”.
- “Hallstatt A = Urnenfelderzeit” exactly matches “d0e0jcKURWql”.
- “Hallstattzeit (Mitteleuropa)” has the narrower concept “Hallstatt A = Urnenfelderzeit”."
http://thesauri.dainst.org/_c16cfd07,Source,Class,20 dynastie,"In digital humanities (especially in metadata, catalogs, or prosopographic datasets), “20. Dynastie” is German for “20th Dynasty,” referring to the Twentieth Dynasty of ancient Egypt (c. 1186–1069 BCE). It’s a period label used to tag or classify objects, texts, people, or events to that historical timeframe (e.g., Ramses III–XI).","- “20. Dynastie” is a broader concept’s child of “Neues Reich”.
- “20. Dynastie” exactly matches “fScI2wBCROZ3”.
- “Neues Reich” has the narrower concept “20. Dynastie”."
http://thesauri.dainst.org/_c26d8599,Source,Class,kupferzeit neolithikum chalcolithikum,"In digital humanities (DH), these terms label a specific archaeological period used to tag, model, and analyze cultural data:

- Kupferzeit / Äneolithikum / Chalcolithikum: all refer to the Copper Age, the transitional period between the Neolithic (Stone Age) and the Bronze Age, characterized by the first use of copper (often alongside stone), prior to widespread bronze metallurgy.

In DH contexts, you’ll see them as controlled-vocabulary labels or ontology concepts (e.g., periodization fields in metadata, SKOS concepts in gazetteers/chronologies) to standardize temporal tagging across datasets.","- Chronologien has narrower concept Kupferzeit/Äneolithikum/Chalcolithikum.
- Frühe Kupferzeit has broader concept Kupferzeit/Äneolithikum/Chalcolithikum.
- Späte Kupferzeit has broader concept Kupferzeit/Äneolithikum/Chalcolithikum.
- Kupferzeit/Äneolithikum/Chalcolithikum has broader concept Chronologien.
- Kupferzeit/Äneolithikum/Chalcolithikum has exact match 6zl7BCdHCwSo.
- Kupferzeit/Äneolithikum/Chalcolithikum has narrower concept Frühe Kupferzeit.
- Kupferzeit/Äneolithikum/Chalcolithikum has narrower concept Späte Kupferzeit."
http://thesauri.dainst.org/_c2d1bd0c,Source,Class,preceramic neolithic,"In digital humanities contexts, “Preceramic Neolithic” refers to the earliest phases of the Neolithic period before the widespread adoption of pottery. It denotes societies that had begun farming, herding, and building permanent or semi-permanent settlements, but did not yet manufacture ceramic vessels. In datasets, texts, or ontologies, it typically tags sites, layers, or cultures (e.g., PPNA/PPNB in the Near East) characterized by agriculture, ground-stone tools, architecture, and figurines, but lacking fired clay pottery.","- “Preceramic neolithic” is a broader concept of “عصر حجري حديث”.
- “Preceramic neolithic” closely matches “dRhXAx1RY4MS”.
- “عصر حجري حديث” is a narrower concept of “Preceramic neolithic”."
http://thesauri.dainst.org/_c332e252,Source,Class,hallstattzeit mitteleuropa,"Hallstattzeit (Mitteleuropa) refers to the Central European Hallstatt period, the early Iron Age dated roughly ca. 800–450 BCE, named after the Hallstatt site in Austria. In digital humanities contexts, it’s a temporal-cultural classification used for metadata, ontologies, and periodization in datasets (e.g., tagging artifacts, sites, texts) to standardize chronology across Central European archaeological resources.","- “Hallstatt A = Urnenfelderzeit” is a broader term of “Hallstattzeit (Mitteleuropa)”.
- “Hallstatt B” is a broader term of “Hallstattzeit (Mitteleuropa)”.
- “Hallstatt C” is a broader term of “Hallstattzeit (Mitteleuropa)”.
- “Hallstatt D” is a broader term of “Hallstattzeit (Mitteleuropa)”.
- “Ältere Eisenzeit (Mitteleuropa)” has the narrower term “Hallstattzeit (Mitteleuropa)”.
- “Hallstattzeit (Mitteleuropa)” is a broader term of “Ältere Eisenzeit (Mitteleuropa)”; exactly matches “QZnA5emObLP0”; has the narrower terms “Hallstatt A = Urnenfelderzeit”, “Hallstatt B”, “Hallstatt C”, and “Hallstatt D”."
http://thesauri.dainst.org/_c3cd8e28,Source,Class,sp te v lkerwanderungszeit eggers e 478 568 a d,"In digital humanities, “Späte Völkerwanderungszeit (Eggers E, 478–568 A.D.)” refers to a chronological phase label from the Eggers typology used to date and classify archaeological/historical materials in early medieval Europe. Specifically:
- Späte Völkerwanderungszeit = Late Migration Period
- Eggers phase E = the sub-phase designation
- 478–568 A.D. = its calibrated time span

It marks the late stage of population movements and cultural transitions between late antiquity and the early Middle Ages, used for metadata, periodization, and comparative analysis in datasets.","- “Späte Völkerwanderungszeit (Eggers E, 478-568 A.D.)” is a broader concept’s child of “Spätrömische-/Völkerwanderungszeit (4.-6. Jh.)”.
- “Spätrömische-/Völkerwanderungszeit (4.-6. Jh.)” has the narrower concept “Späte Völkerwanderungszeit (Eggers E, 478-568 A.D.)”."
http://thesauri.dainst.org/_c4e2f4e4,Source,Class,hethiterzeit,"Hethiterzeit is German for “Hittite period.” In digital humanities contexts, it denotes the historical era of the Hittite civilization in Anatolia (roughly ca. 1600–1180 BCE), used as a temporal label for datasets, texts, or metadata related to Hittite history, language, and culture.","- Hethiterzeit is a broader concept of Vorderorientalische Chronologiesysteme.
- Hethiterzeit is related to _e86ecab2.
- Vorderorientalische Chronologiesysteme has the narrower concept Hethiterzeit."
http://thesauri.dainst.org/_c58fc467,Source,Class,mykenische zeit,"In digital humanities (esp. Aegean/Bronze Age studies), “Mykenische Zeit” is German for “Mycenaean period”: the Late Bronze Age phase of Greek history (roughly 16th–12th centuries BCE) associated with the Mycenaean palatial culture (Linear B, palaces like Mycenae, Pylos).","- “Frühmykenisch” is a broader term within “Mykenische Zeit.”
- “Mittelmykenisch” is a broader term within “Mykenische Zeit.”
- “Späthelladikum” has the narrower term “Mykenische Zeit.”
- “Spätmykenisch” is a broader term within “Mykenische Zeit.”
- “Mykenische Zeit” is a broader term within “Späthelladikum,” has the exact match “SrMCt6943bDu,” and has the narrower terms “Frühmykenisch,” “Mittelmykenisch,” and “Spätmykenisch.”"
http://thesauri.dainst.org/_c6622738,Source,Class,sp thellenismus,"In digital humanities, Späthellenismus (“Late Hellenism”) typically refers to the late Hellenistic cultural-historical period (roughly 2nd–1st century BCE into early Imperial era) characterized by the diffusion, hybridization, and transformation of Greek culture across the Mediterranean and Near East. In DH contexts, it frames the temporal/cultural scope for data modeling, text corpora, prosopography, and material culture analysis focused on this late phase of Hellenistic influence and its transitions toward Roman imperial culture.","- “Hellenistische Zeit” has narrower concept “Späthellenismus”.
- “Späthellenismus” has broader concept “Hellenistische Zeit”.
- “Späthellenismus” exactly matches “GPfXEkROD7LY”."
http://thesauri.dainst.org/_c7fa2564,Source,Class,mittlere republik,"In German-language scholarship on Roman history (common in digital humanities datasets/metadata), “Mittlere Republik” means the Middle Roman Republic. It typically refers to the period roughly from the aftermath of the Second Punic War to the Gracchan reforms (ca. 200–133 BCE; sometimes c. 264–133 BCE), distinguishing it from the Early and Late Roman Republic in periodization and tagging.","- “Mittlere Republik” is a broader concept’s narrower term of “Republikanische Zeit (Italien).”
- “Republikanische Zeit (Italien)” has the narrower concept “Mittlere Republik.”"
http://thesauri.dainst.org/_c87265a4,Source,Class,postklassik,"In digital humanities, “Postklassik” (post-classical) refers to approaches that move beyond the “classical” phase of DH focused on digitization and text encoding toward more reflexive, theory-informed, and critical practices. Key aspects:
- Emphasis on interpretation, cultural theory, and critique (e.g., postcolonial, feminist, decolonial DH)
- Attention to infrastructures, power, ethics, and data politics
- Multimodal, born-digital, and experimental methods beyond canonical text analysis
- Interdisciplinary, participatory, and community-oriented scholarship

In short, Postklassik denotes a shift from tool-centered, corpus-focused “classical” DH to critical, socially aware, and methodologically plural digital humanities.","- “Frühe Postklassik” is a broader concept of “Postklassik”.
- “Mesoamerikanische Chronologiesysteme” has a narrower concept “Postklassik”.
- “Späte Postklassik” is a broader concept of “Postklassik”.
- “Postklassik” is a broader concept of “Mesoamerikanische Chronologiesysteme”.
- “Postklassik” has exact match “qXUDw9QTvW9q”.
- “Postklassik” has narrower concepts “Frühe Postklassik” and “Späte Postklassik”."
http://thesauri.dainst.org/_c9db2f0d,Source,Class,blaue periode,"In digital humanities, Blaue Periode (German for “Blue Period”) commonly denotes a phase in which projects or scholarship emphasize experimental, exploratory, and often visually driven methods—prioritizing prototypes, data visualization, and aesthetic inquiry—analogous to an artist’s stylistic “period.” It signals a temporally bounded, stylistically cohesive phase of DH work rather than a fixed methodology.","- “Blaue Periode” is a broader concept’s narrower term of “Frühbronzezeit.”
- “Blaue Periode” exactly matches “D5rxuutHby8I.”
- “Frühbronzezeit” has the narrower concept “Blaue Periode.”"
http://thesauri.dainst.org/_ca4a76d9,Source,Class,achaemenidenzeitlich,"“Achaemenidenzeitlich” (German) means “from the Achaemenid period” or “Achaemenid-era.” In digital humanities contexts, it labels data (artifacts, texts, sites, layers) dated to the Persian Achaemenid Empire (ca. 550–330 BCE).","- “Achaemenidenzeitlich” is a broader concept within “Vorderorientalische Chronologiesysteme.”
- “Achaemenidenzeitlich” exactly matches “ADQcmtJbp7ZD.”
- “Vorderorientalische Chronologiesysteme” has the narrower concept “Achaemenidenzeitlich.”"
http://thesauri.dainst.org/_ca89c6a9,Source,Class,sp tr mische v lkerwanderungszeit 4 6 jh,"Spätrömische-/Völkerwanderungszeit (4.–6. Jh.) refers to the Late Roman and Migration Period (4th–6th centuries CE). In digital humanities contexts, it typically denotes the chronological metadata category for sources, artifacts, texts, or datasets relating to:

- Late Roman Empire transformations (administration, military, religion)
- Migrations and settlements of Germanic and other groups (Goths, Vandals, Lombards, etc.)
- Transition from Roman to early medieval cultural, linguistic, and material patterns

Used for tagging, periodization, and interoperability in databases, ontologies, and timelines.","- Chronologien has narrower concept Spätrömische-/Völkerwanderungszeit (4.-6. Jh.).
- Frühe Völkerwanderungszeit (Eggers D, 375-478 A.D.) has broader concept Spätrömische-/Völkerwanderungszeit (4.-6. Jh.).
- Späte Völkerwanderungszeit (Eggers E, 478-568 A.D.) has broader concept Spätrömische-/Völkerwanderungszeit (4.-6. Jh.).
- Spätrömische-/Völkerwanderungszeit (4.-6. Jh.) has broader concept Chronologien.
- Spätrömische-/Völkerwanderungszeit (4.-6. Jh.) has exact match R9CDDZhGY5qH.
- Spätrömische-/Völkerwanderungszeit (4.-6. Jh.) has narrower concept Frühe Völkerwanderungszeit (Eggers D, 375-478 A.D.).
- Spätrömische-/Völkerwanderungszeit (4.-6. Jh.) has narrower concept Späte Völkerwanderungszeit (Eggers E, 478-568 A.D.)."
http://thesauri.dainst.org/_cadb286c,Source,Class,hallstatt b,"In digital humanities, “Hallstatt B” typically refers to a chronological sub-phase (B) within the Hallstatt cultural period of Central European prehistory, used as a controlled term in archaeological datasets, ontologies, or metadata. It denotes an early Iron Age phase (often dated roughly to the 12th–10th centuries BCE, depending on regional chronology) and is employed for consistent tagging, classification, and temporal alignment of artifacts, sites, and texts across digital corpora.","- “Hallstatt B” is a broader concept’s member of “Hallstattzeit (Mitteleuropa)”.
- “Hallstatt B” exactly matches “nNig5S41Ul8N”.
- “Hallstattzeit (Mitteleuropa)” has the narrower concept “Hallstatt B”."
http://thesauri.dainst.org/_cbba060c,Source,Class,numidisch nordafrika,"In a digital humanities context, “Numidisch (Nordafrika)” refers to the Numidian language(s) of ancient North Africa—i.e., the ancient Berber (Amazigh) varieties associated with Numidia (in present-day Algeria/Tunisia). It typically denotes the language label used for texts, inscriptions, or metadata relating to ancient Numidian/Libyco-Berber epigraphy and linguistic resources from North Africa.","- “Numidisch (Nordafrika)” is a narrower concept of “Eisenzeit (Mittelmeer)”.
- “Eisenzeit (Mittelmeer)” is a broader concept of “Numidisch (Nordafrika)”.
- “Numidisch (Nordafrika)” exactly matches “HbbUyw91azfP”.
- “Numidisch (Nordafrika)” is related to “_2cb91aa3”."
http://thesauri.dainst.org/_cc22e013,Source,Class,protogeometrisch,"In digital humanities (esp. classical/archaeological data), “Protogeometrisch” refers to the Protogeometric period/style in early Greek material culture (ca. 1050–900 BCE), marked by pottery with precise geometric motifs (concentric circles, semicircles, meanders) produced with the fast wheel and compass. It denotes a chronological/stylistic tag used in metadata, typologies, and classification of artifacts, contexts, or datasets.","- “Geometrische Zeit” has narrower concept “Protogeometrisch”.
- “Protogeometrisch” has broader concept “Geometrische Zeit”.
- “Protogeometrisch” exactly matches “1hcdKZcfnuXi”."
http://thesauri.dainst.org/_cc383c1d,Source,Class,mittelprotokorinthisch,"“Mittelprotokorinthisch” (German) refers to Middle Proto-Corinthian, i.e., the middle phase of the Proto-Corinthian style in ancient Greek (Corinthian) pottery and iconography, roughly late 8th to early 7th century BCE. 

In digital humanities, it would be used as a controlled term/classification for dating, describing, or annotating artifacts (e.g., vases) within datasets, catalogues, or ontologies to indicate their stylistic/chronological period.","- “Mittelprotokorinthisch” is a broader concept of “Protokorinthisch”.  
- “Mittelprotokorinthisch” has an exact match “SJRFUONx4sgo”.  
- “Protokorinthisch” has a narrower concept “Mittelprotokorinthisch”."
http://thesauri.dainst.org/_cc98a25d,Source,Class,portugiesisch mittelalterlich,"In digital humanities context, “Portugiesisch (mittelalterlich)” means Medieval Portuguese—the historical stage of the Portuguese language used roughly from the 12th to 16th centuries. It denotes texts, linguistic features, and sources from that period (e.g., manuscripts, charters, poetry) as distinct from modern Portuguese.","- “Mittelalter (10.-15.Jahrhundert)” has narrower term “Portugiesisch (mittelalterlich)”.
- “Portugiesisch (mittelalterlich)” has broader term “Mittelalter (10.-15.Jahrhundert)”."
http://thesauri.dainst.org/_cc9b1b79,Source,Class,limeszeitlich,"Limeszeitlich (German) in digital humanities refers to “border-temporal” or “chronologically bounded” segmentation—i.e., assigning or analyzing data within defined temporal boundaries (time thresholds). It’s used when modeling, annotating, or querying sources by discrete time slices or period limits (e.g., before/after a cutoff date, within a period boundary), often to handle uncertainty, normalization, or comparative periodization across datasets.","- “Limeszeitlich” is a broader concept’s subordinate of “العهد الإمبراطوري الروماني”.  
- “العهد الإمبراطوري الروماني” has the narrower concept “Limeszeitlich”."
http://thesauri.dainst.org/_ccc4d1d5,Source,Class,sp tlat ne lt d,"Spätlatène (Lt D) refers to the Late La Tène period— the final phase of the La Tène (Celtic Iron Age) cultural chronology in Central Europe, typically c. 150/120–30/0 BCE. In digital humanities contexts, “Lt D” is a standardized period code used in datasets, ontologies, and metadata (e.g., archaeological databases, periodization thesauri) to tag or align cultural-historical dates for Celtic material culture and sites.","- Latènezeit has the narrower concept Spätlatène (Lt D).
- Spätlatène (Lt D) has the broader concept Latènezeit.
- Spätlatène (Lt D) exactly matches cifdEhN8plBC."
http://thesauri.dainst.org/_cd6327b4,Source,Class,kaiserzeit sp tantike,"In digital humanities, “Kaiserzeit–Spätantike” typically labels a historical span in the Greco‑Roman world covering:

- Kaiserzeit: the Roman Imperial period (early Empire/High Empire), roughly 1st century BCE/CE to 3rd century CE.
- Spätantike: Late Antiquity, roughly 3rd/4th to 6th/7th century CE.

Used together (often with a hyphen), it marks resources, texts, or datasets that span from the Roman Imperial era into Late Antiquity.","- “Konstantinisch” is a broader concept’s narrower concept of “Kaiserzeit-Spätantike”.
- “Tetrarchisch” is a narrower concept of “Kaiserzeit-Spätantike”.
- “Theodosianisch” is a narrower concept of “Kaiserzeit-Spätantike”.
- “العهد الإمبراطوري الروماني” has the narrower concept “Kaiserzeit-Spätantike”.
- “Kaiserzeit-Spätantike” has the broader concept “العهد الإمبراطوري الروماني”.
- “Kaiserzeit-Spätantike” exactly matches “sTAli5CHCKzd”.
- “Kaiserzeit-Spätantike” has the narrower concepts “Konstantinisch”, “Tetrarchisch”, and “Theodosianisch”."
http://thesauri.dainst.org/_cf8d34b3,Source,Class,sp tbronzezeit iii b,"In digital humanities contexts (e.g., metadata, periodization vocabularies), “Spätbronzezeit III B” refers to a chronological sub-phase of the Central European Late Bronze Age: the late stage, subdivision III, subphase B. It’s used to tag or classify artifacts, layers, or texts to a specific late Bronze Age time slice in typological/chronological systems (often aligning roughly with Reinecke’s Late Bronze Age phases).","- “Spätbronzezeit III” has the narrower concept “Spätbronzezeit III B”.
- “Spätbronzezeit III B” has the broader concept “Spätbronzezeit III”."
http://thesauri.dainst.org/_d0bd09aa,Source,Class,vorderorientalische chronologiesysteme,"“Vorderorientalische Chronologiesysteme” (German) means “Ancient Near Eastern chronological systems.” In digital humanities, it refers to the frameworks and datasets used to date and align historical events, reigns, and periods in the Ancient Near East (e.g., Mesopotamia, Anatolia, Levant, Egypt), often involving competing schemes (e.g., High/ Middle/ Low Chronology) and their implementation in digital formats for analysis, interoperability, and timeline alignment.","- Achaemenidenzeitlich is a broader concept of Vorderorientalische Chronologiesysteme.
- Assurzeitlich is a broader concept of Vorderorientalische Chronologiesysteme.
- Babylonzeitlich is a broader concept of Vorderorientalische Chronologiesysteme.
- Chronologien has the narrower concept Vorderorientalische Chronologiesysteme.
- Hethiterzeit is a broader concept of Vorderorientalische Chronologiesysteme.
- Partherzeitlich is a broader concept of Vorderorientalische Chronologiesysteme.
- Sassanidenzeitlich is a broader concept of Vorderorientalische Chronologiesysteme.
- Vorderorientalische Chronologiesysteme has the broader concept Chronologien.
- Vorderorientalische Chronologiesysteme has the narrower concepts Achaemenidenzeitlich, Assurzeitlich, Babylonzeitlich, Hethiterzeit, Partherzeitlich, Sassanidenzeitlich."
http://thesauri.dainst.org/_d0f38906,Source,Class,mittelkykladisch i,"In digital humanities (and archaeology), “Mittelkykladisch I” is the German term for the early phase of the Middle Cycladic period (Middle Cycladic I) in Aegean prehistory. It denotes a chronological subdivision used for dating Cycladic material culture (e.g., pottery, settlement layers) in the Bronze Age Aegean.","- “Mittelkykladisch” has narrower concept “Mittelkykladisch I”.
- “Mittelkykladisch I” has broader concept “Mittelkykladisch”.
- “Mittelkykladisch I” exactly matches “cC3rtOjSxzJW”."
http://thesauri.dainst.org/_d58c7357,Source,Class,babylonzeitlich,"In digital humanities (especially German-language projects), “Babylonzeitlich” refers to the temporal scope “Babylonian-period” data—i.e., materials dated to the Babylonian era. It’s used as a time qualifier (zeitlich) indicating that an object, text, inscription, or dataset pertains to the period of Babylon (often the Neo-Babylonian period, ca. 7th–6th c. BCE), within temporal ontologies, metadata tags, or filters.","- “Vorderorientalische Chronologiesysteme” has narrower concept “Babylonzeitlich”.
- “altbabylonisch” has broader concept “Babylonzeitlich”.
- “neubabylonisch” has broader concept “Babylonzeitlich”.
- “Babylonzeitlich” has broader concept “Vorderorientalische Chronologiesysteme”.
- “Babylonzeitlich” has narrower concepts “altbabylonisch” and “neubabylonisch”."
http://thesauri.dainst.org/_d5d756a7,Source,Class,fr hkykladisch i,"Frühkykladisch I (German for “Early Cycladic I”) refers to the earliest phase of the Early Cycladic period in Aegean prehistory, roughly ca. 3200–2800 BCE, used in archaeological periodization (often abbreviated FK I; equivalent to EC I). It designates material culture phases in the Cyclades (e.g., pottery, figurines, settlement patterns) and is a standard chronological label in digital humanities metadata, ontologies, and datasets for Aegean archaeology.","- “Frühkykladisch” has narrower concept “Frühkykladisch I”.
- “Frühkykladisch I” has broader concept “Frühkykladisch”.
- “Frühkykladisch I” exactly matches “h7fGt5vRdvlj”."
http://thesauri.dainst.org/_d729a2fd,Source,Class,mittelhelladisch ii,"Mittelhelladisch II (often abbreviated MH II) refers to the second phase of the Middle Helladic period in mainland Greece, roughly c. 2000–1600 BCE, with MH II typically dated c. 1900/1800–1700/1675 BCE. In digital humanities contexts, it serves as a controlled chronological label for classifying and annotating archaeological data (e.g., pottery typologies, settlement layers, burials) within standardized period vocabularies and ontologies.","- “Mittelhelladikum” has narrower concept “Mittelhelladisch II”.
- “Mittelhelladisch II” has broader concept “Mittelhelladikum”.
- “Mittelhelladisch II” exactly matches “MFwpooY3aOYj”."
http://thesauri.dainst.org/_d8bf23e6,Source,Class,sp tkykladisch i,"“Spätkykladisch I” is the German term for “Late Cycladic I,” a chronological phase in Aegean archaeology (Cyclades) within the Late Bronze Age, roughly contemporaneous with Minoan LM I and early Mycenaean LH I. In digital humanities contexts, it serves as a periodization label used in metadata, ontologies, and controlled vocabularies for annotating, dating, and linking archaeological objects, contexts, and texts to this specific time span.","- “Spätkykladisch I” is a narrower concept of “Spätkykladisch”.
- “Spätkykladisch” is a broader concept of “Spätkykladisch I”.
- “Spätkykladisch I” has exact match “8eWzLtKWBYY6”."
http://thesauri.dainst.org/_d8d7c9b9,Source,Class,gyptische chronologiesysteme,"“Ägyptische Chronologiesysteme” means “Egyptian chronological systems.” In digital humanities, it refers to the models, schemas, and datasets used to represent and align the various timelines of ancient Egypt (e.g., regnal years, dynastic periods, king lists, absolute/relative dates), including their uncertainties and variant reconstructions, for computational analysis, interoperability, and temporal reasoning.","- Altes Reich is broader than Ägyptische Chronologiesysteme.
- Chronologien has narrower concept Ägyptische Chronologiesysteme.
- Dritte Zwischenzeit is broader than Ägyptische Chronologiesysteme.
- Erste Zwischenzeit is broader than Ägyptische Chronologiesysteme.
- Frühdynastische Zeit is broader than Ägyptische Chronologiesysteme.
- Mittleres Reich is broader than Ägyptische Chronologiesysteme.
- Neues Reich is broader than Ägyptische Chronologiesysteme.
- Spätzeit (Ägypten) is broader than Ägyptische Chronologiesysteme.
- Vordynastische Zeit is broader than Ägyptische Chronologiesysteme.
- Zweite Zwischenzeit is broader than Ägyptische Chronologiesysteme.
- ptolemäisch is broader than Ägyptische Chronologiesysteme.
- Ägyptische Chronologiesysteme is broader than Chronologien.
- Ägyptische Chronologiesysteme has narrower concepts: Altes Reich; Dritte Zwischenzeit; Erste Zwischenzeit; Frühdynastische Zeit; Mittleres Reich; Neues Reich; Spätzeit (Ägypten); Vordynastische Zeit; Zweite Zwischenzeit; ptolemäisch."
http://thesauri.dainst.org/_d9539381,Source,Class,fr hkorinthisch,"In digital humanities, “Frühkorinthisch” (German for “Early Corinthian”) typically refers to the Early Corinthian period/style in ancient Greek material culture, especially pottery. It denotes ceramics produced in Corinth (and influenced regions) roughly ca. 620–590 BCE, characterized by fine, often miniature vessels with added-color decoration and dense animal friezes. It’s used as a chronological/typological label in datasets, cataloging, and ontology terms for classifying artifacts.","- “Frühkorinthisch” is a broader concept of “Korinthisch”. (skos:broader)
- “Frühkorinthisch” exactly matches “bkIcGgMg2K1z”. (skos:exactMatch)
- “Korinthisch” has the narrower concept “Frühkorinthisch”. (skos:narrower)"
http://thesauri.dainst.org/_da2a0a82,Source,Class,pr klassik,"In German-language art history and archaeology, Präklassik (Preclassical) refers to the period immediately preceding the Classical era. In digital humanities contexts, it typically denotes metadata/time-period tagging for works, artifacts, or texts dated to the pre-Classical phase—for example:
- Greek art/history: the Archaic period (ca. 8th–early 5th c. BCE) before Classical Greece.
- Roman context: pre-Classical Latin/early Republican phases.
- More generally: any corpus segment labeled “pre-Classical” relative to a tradition’s canonical Classical period.

Usage varies by domain, so projects define Präklassik in their controlled vocabularies/ontologies to ensure consistent temporal classification.","- “Frühe Präklassik” is a broader concept of “Präklassik”.
- “Mesoamerikanische Chronologiesysteme” has narrower concept “Präklassik”.
- “Mittlere Präklassik” is a broader concept of “Präklassik”.
- “Späte Präklassik” is a broader concept of “Präklassik”.
- “Präklassik” is a broader concept of “Mesoamerikanische Chronologiesysteme”.
- “Präklassik” has exact match “fsvcVnAEmT33”.
- “Präklassik” has narrower concepts “Frühe Präklassik”, “Mittlere Präklassik”, and “Späte Präklassik”."
http://thesauri.dainst.org/_dac3529c,Source,Class,pal olithikum,"Paläolithikum means the Paleolithic (Old Stone Age): the earliest period of human prehistory characterized by hunter-gatherer lifeways and stone tool technologies. In digital humanities, it typically refers to datasets, metadata, and computational analyses concerning Paleolithic archaeology (e.g., lithic typologies, site coordinates, radiocarbon dates, GIS layers, 3D models of artifacts/caves).","- Altpaläolithikum is a broader concept of Paläolithikum.
- Chronologien has a narrower concept Paläolithikum.
- Epipaläolithikum is a broader concept of Paläolithikum.
- Jungpaläolithikum is a broader concept of Paläolithikum.
- Mittelpaläolithikum is a broader concept of Paläolithikum.
- Mittleres Pleistozän is a broader concept of Paläolithikum.
- Oberes/Jung-Pleistozän is a broader concept of Paläolithikum.
- Spät-/Endpaläolithikum is a broader concept of Paläolithikum.
- Unteres/Alt-Pleistozän is a broader concept of Paläolithikum.
- Paläolithikum is a broader concept of Chronologien.
- Paläolithikum has exact match DRh5u7hRWe3y.
- Paläolithikum has the narrower concepts: Altpaläolithikum, Epipaläolithikum, Jungpaläolithikum, Mittelpaläolithikum, Mittleres Pleistozän, Oberes/Jung-Pleistozän, Spät-/Endpaläolithikum, Unteres/Alt-Pleistozän."
http://thesauri.dainst.org/_db88afb6,Source,Class,fr he pr klassik,"In digital humanities (e.g., periodization in classical studies/archaeology), “Frühe Präklassik” refers to the Early Preclassical period—the early phase preceding the Classical era. It typically designates the earliest stages of a culture’s development before its “classical” (mature/canonical) period, used in timelines, metadata, or ontologies to tag artifacts, texts, or sites accordingly.","- “Frühe Präklassik” is a broader concept’s member of “Präklassik”.
- “Frühe Präklassik” exactly matches “bgSeDad3z4Gx”.
- “Präklassik” has the narrower concept “Frühe Präklassik”."
http://thesauri.dainst.org/_dcceb2f5,Source,Class,mittelhelladisch i,"Mittelhelladisch I (German for “Middle Helladic I”) refers to the earliest subphase of the Middle Helladic period in mainland Greece, roughly early Middle Bronze Age (ca. 2000–1900 BCE, dates vary by chronology). In digital humanities contexts, it’s a controlled chronological label used in metadata/ontologies (e.g., periodization in archaeological databases) to tag artifacts, layers, or sites to this specific temporal phase.","- “Mittelhelladikum” has narrower concept “Mittelhelladisch I”.
- “Mittelhelladisch I” has broader concept “Mittelhelladikum”.
- “Mittelhelladisch I” exactly matches “dBVyjDtlj9ct”."
http://thesauri.dainst.org/_df14e061,Source,Class,fr hbronzezeit ii,"Frühbronzezeit II refers to the Early Bronze Age, phase II, in Central European archaeological periodization. In digital humanities contexts (e.g., metadata, thesauri like PeriodO or Getty AAT), it designates a specific sub-phase of the Early Bronze Age used to tag, normalize, and align temporal data for archaeological datasets. Exact dates vary by region (often early 3rd to early 2nd millennium BCE); “II” marks the second chronological subdivision within the Early Bronze Age sequence.","- “Frühbronzezeit II” is narrower than “Frühbronzezeit”.
- “Frühbronzezeit” is broader than “Frühbronzezeit II”.
- “Frühbronzezeit II” exactly matches “QOOtrS0O93on”."
http://thesauri.dainst.org/_e0c7b3ab,Source,Class,spanisch mittelalterlich,"In digital humanities metadata, “Spanisch (mittelalterlich)” typically denotes the language of a text as medieval Spanish (i.e., Old or Middle Spanish, roughly 12th–15th centuries), distinguishing it from modern Spanish for purposes like cataloging, annotation, and NLP processing.","- “Spanisch (mittelalterlich)” is a narrower concept of “Mittelalter (10.-15.Jahrhundert)”.
- “Mittelalter (10.-15.Jahrhundert)” is a broader concept of “Spanisch (mittelalterlich)”."
http://thesauri.dainst.org/_e121a211,Source,Class,sp thelladisch iii,"Späthelladisch III (often abbreviated SH III or LH III) is the German term for Late Helladic III, the final phase of the Mycenaean (Late Bronze Age) period in mainland Greece, roughly ca. 1400–1050 BCE. In digital humanities contexts, it’s a chronological period label used to annotate, classify, and query datasets (e.g., artifacts, strata, texts) according to this specific archaeological timeframe.","- “Späthelladikum” has narrower concept “Späthelladisch III”.
- “Späthelladisch III A” has broader concept “Späthelladisch III”.
- “Späthelladisch III B” has broader concept “Späthelladisch III”.
- “Späthelladisch III C” has broader concept “Späthelladisch III”.
- “Späthelladisch III” has broader concept “Späthelladikum”.
- “Späthelladisch III” has exact match “7Ul9CgiYiZAH”.
- “Späthelladisch III” has narrower concepts “Späthelladisch III A”, “Späthelladisch III B”, and “Späthelladisch III C”."
http://thesauri.dainst.org/_e28254e7,Source,Class,tetrarchisch,"In digital humanities, “tetrarchisch” (German) usually refers to something relating to the Roman Tetrarchy—Diocletian’s four‑ruler system (two Augusti and two Caesares, c. 293–313 CE). In DH contexts, it might describe data, artifacts, inscriptions, prosopography, or administrative divisions categorized or analyzed as belonging to the Tetrarchic period or system.","- “Kaiserzeit-Spätantike” has narrower concept “Tetrarchisch”.
- “Tetrarchisch” has broader concept “Kaiserzeit-Spätantike”.
- “Tetrarchisch” is an exact match of “lt6m2UCO2MHS”."
http://thesauri.dainst.org/_e4e31039,Source,Class,altassyrisch,"Altassyrisch (German) means Old Assyrian—the earliest phase of the Assyrian language (an Akkadian dialect), ca. early 2nd millennium BCE. In digital humanities, it typically refers to language/period labels for texts, corpora, or metadata (e.g., Old Assyrian cuneiform documents from Kanesh/Kültepe).","- “altassyrisch” is a narrower concept of “Assurzeitlich”.
- “Assurzeitlich” has the narrower concept “altassyrisch”.
- “altassyrisch” has the exact match “avB95dexBEF6”."
http://thesauri.dainst.org/_e616464d,Source,Class,endmesolithikum,"In digital humanities, Endmesolithikum refers to the terminal (late) phase of the Mesolithic period in archaeological periodization. It marks the final hunter-gatherer stage before the onset of the Neolithic, often used as a controlled vocabulary term or temporal tag in datasets, ontologies, and metadata to standardize dating and facilitate comparison of sites, artifacts, and cultural layers.","- “Endmesolithikum” is a broader concept’s narrower term of “Mesolithikum”.
- “Endmesolithikum” has a close match “w35tMjbQgMPE”.
- “Mesolithikum” has a narrower concept “Endmesolithikum”."
http://thesauri.dainst.org/_eb573a4a,Source,Class,sassanidenzeitlich,"“Sassanidenzeitlich” (German) means “from the Sasanian period” or “Sasanian-era.” In digital humanities contexts, it labels objects, texts, sites, or data associated with the Sasanian Empire (ca. 224–651 CE) in Iran and adjacent regions.","- “Sassanidenzeitlich” is a broader concept of “Vorderorientalische Chronologiesysteme”.
- “Sassanidenzeitlich” has the exact match “Wih73RUYmvpW”.
- “Sassanidenzeitlich” is related to “_6354f0c2”.
- “Vorderorientalische Chronologiesysteme” has the narrower concept “Sassanidenzeitlich”."
http://thesauri.dainst.org/_ed0828c5,Source,Class,republikanische zeit italien,"In digital humanities metadata about ancient Italy, “Republikanische Zeit (Italien)” denotes the Roman Republican period—i.e., the era of the Roman Republic, conventionally dated ca. 509–27 BCE. It’s used as a temporal classification for objects, texts, sites, or datasets associated with that period in the Italian (Roman) context.","- “Caesarisch” is a broader concept of “Republikanische Zeit (Italien)”.
- “Eisenzeit (Mittelmeer)” has a narrower concept “Republikanische Zeit (Italien)”.
- “Frühe Republik” is a broader concept of “Republikanische Zeit (Italien)”.
- “Mittlere Republik” is a broader concept of “Republikanische Zeit (Italien)”.
- “Späte Republik” is a broader concept of “Republikanische Zeit (Italien)”.
- “Republikanische Zeit (Italien)” is a broader concept of “Eisenzeit (Mittelmeer)”.
- “Republikanische Zeit (Italien)” has exact match “EjdISVTsTkyh”.
- “Republikanische Zeit (Italien)” has narrower concepts “Caesarisch”, “Frühe Republik”, “Mittlere Republik”, “Späte Republik”."
http://thesauri.dainst.org/_eee85fa3,Source,Class,sp t endpal olithikum,"In German archaeological periodization (often used in digital humanities datasets), Spätpaläolithikum/Endpaläolithikum means “Late/Terminal Paleolithic.” It denotes the final phase of the Paleolithic in Europe, after the Upper Paleolithic and just before the Mesolithic/Neolithic transition. It is associated with post-LGM hunter-gatherer cultures (e.g., Federmesser, Hamburgian, Ahrensburgian), microlithization trends, and shifting subsistence as late glacial environments changed.","- “Spät-/Endpaläolithikum” is a narrower concept of “Paläolithikum.”
- “Paläolithikum” is a broader concept of “Spät-/Endpaläolithikum.”
- “Spät-/Endpaläolithikum” exactly matches “el422Pl4bQ3g.”"
http://thesauri.dainst.org/_eef15fc7,Source,Class,عصر حجري حديث,"“عصر حجري حديث” = the Neolithic (New Stone Age). In digital humanities contexts, it labels data or research concerning the Neolithic period—e.g., metadata tags, temporal categorization, or ontologies for prehistoric cultural phases.","- “Alt-/Frühneolithikum” is a broader concept of “عصر حجري حديث”.
- “Chronologien” has a narrower concept “عصر حجري حديث”.
- “Early dynastic period” is a broader concept of “عصر حجري حديث”.
- “Endneolithikum” is a broader concept of “عصر حجري حديث”.
- “Jungneolithikum” is a broader concept of “عصر حجري حديث”.
- “Mittelneolithikum” is a broader concept of “عصر حجري حديث”.
- “Preceramic neolithic” is a broader concept of “عصر حجري حديث”.
- “Spätneolithikum” is a broader concept of “عصر حجري حديث”.
- “عصر حجري حديث” is a broader concept of “Chronologien”.
- “عصر حجري حديث” has exact match “szXcCUvcKfez”.
- “عصر حجري حديث” has narrower concepts “Alt-/Frühneolithikum”, “Early dynastic period”, “Endneolithikum”, “Jungneolithikum”, “Mittelneolithikum”, “Preceramic neolithic”, “Spätneolithikum”."
http://thesauri.dainst.org/_ef5cdbc4,Source,Class,mesolithikum,"In digital humanities, “Mesolithikum” (Mesolithic) refers to the archaeological period between the Paleolithic and Neolithic, typically ca. 10,000–5,000 BCE in Europe, characterized by hunter-gatherer societies, microlithic stone tools, and transitional post-glacial lifeways. In DH contexts, it commonly appears as a controlled vocabulary term or temporal tag for datasets, metadata, and typologies related to this period.","- Chronologien has narrower concept Mesolithikum.
- Endmesolithikum has broader concept Mesolithikum.
- Frühmesolithikum has broader concept Mesolithikum.
- Mittelmesolithikum has broader concept Mesolithikum.
- Spätmesolithikum has broader concept Mesolithikum.
- Mesolithikum has broader concept Chronologien.
- Mesolithikum has exact match w35tMjbQgMPE.
- Mesolithikum has narrower concepts Endmesolithikum, Frühmesolithikum, Mittelmesolithikum, Spätmesolithikum."
http://thesauri.dainst.org/_efb49bfd,Source,Class,augusteisch,"In digital humanities (especially classical studies), “augusteisch” (German) refers to the Augustan period/style—i.e., relating to the reign of Emperor Augustus (27 BCE–14 CE). It denotes texts, language features, art, or cultural phenomena characteristic of that era (e.g., “augusteische Dichtung” = Augustan poetry).","- Frühaugusteisch is a broader term of Augusteisch.
- Frühe und mittlere Kaiserzeit (Eggers A/B) has the narrower term Augusteisch.
- Mittelaugusteisch is a broader term of Augusteisch.
- Spätaugusteisch is a broader term of Augusteisch.
- Augusteisch is a broader term of Frühe und mittlere Kaiserzeit (Eggers A/B).
- Augusteisch exactly matches izNtpADTHEE3.
- Augusteisch has the narrower terms Frühaugusteisch, Mittelaugusteisch, and Spätaugusteisch."
http://thesauri.dainst.org/_f30cc6be,Source,Class,westgotenzeitlich ca 418 711,"“Westgotenzeitlich (ca. 418–711)” refers to the Visigothic period in the Iberian Peninsula, roughly from the establishment of the Visigothic Kingdom in Gaul/Iberia (after 418) to its end with the Umayyad conquest (711). In digital humanities metadata or classification, it designates objects, texts, inscriptions, or cultural artifacts dated to or associated with the Visigothic era.","- “Frühmittelalter (5.-9. Jahrh.)” has narrower concept “Westgotenzeitlich (ca. 418-711)”.
- “Westgotenzeitlich (ca. 418-711)” is a broader concept of “Frühmittelalter (5.-9. Jahrh.)”.
- “Westgotenzeitlich (ca. 418-711)” exactly matches “PxHYcYatz5YJ”."
http://thesauri.dainst.org/_f9010334,Source,Class,mittelminoisch ii,"In digital humanities (and Aegean archaeology), “Mittelminoisch II” (often abbreviated MM II) denotes the Middle Minoan II phase in the Bronze Age chronology of Crete, roughly c. 1900–1700 BCE. It’s a period label used to date and classify artifacts, strata, and texts in datasets, ontologies, and metadata.","- “Mittelminoisch” has narrower concept “Mittelminoisch II”.
- “Mittelminoisch II” has broader concept “Mittelminoisch”.
- “Mittelminoisch II” exactly matches “lxGOZ7D3D8xb”."
http://thesauri.dainst.org/_fa319636,Source,Class,sp tkykladisch ii,"Spätkykladisch II is the German term for Late Cycladic II, a chronological phase in Aegean archaeology (Cyclades) within the Late Bronze Age. In digital humanities contexts, it’s a controlled vocabulary/period label used to tag, classify, and date artifacts, contexts, or records to the LC II phase (roughly contemporaneous with LM II on Crete and LH II on the Greek mainland).","- “Spätkykladisch” has narrower concept “Spätkykladisch II”.
- “Spätkykladisch II” has broader concept “Spätkykladisch”.
- “Spätkykladisch II” exactly matches “GtwzyoVCgKRA”."
http://thesauri.dainst.org/_fae7b079,Source,Class,mittelkykladisch iii,"In Aegean archaeology (often referenced in digital humanities datasets), “Mittelkykladisch III” (German for “Middle Cycladic III”) denotes the latest subphase of the Middle Cycladic period in the Cyclades, roughly the later 2nd millennium BCE before the full onset of the Late Cycladic (Mycenaean-influenced) era. It’s a chronological label used to typologically date sites, strata, and artifacts in databases, ontologies, and controlled vocabularies (e.g., periodization fields, metadata tags).","- “Mittelkykladisch” has narrower concept “Mittelkykladisch III”.
- “Mittelkykladisch III” has broader concept “Mittelkykladisch”.
- “Mittelkykladisch III” exactly matches “DYFqZtUSNkYn”."
http://thesauri.dainst.org/_fb4481a0,Source,Class,sp te klassik mesoamerika,"In Mesoamerican chronology, “Späte Klassik” (German for “Late Classic”) refers to the period roughly ca. 600–900 CE. In digital humanities contexts, it designates the temporal metadata category used to tag, analyze, and compare cultural materials (e.g., inscriptions, architecture, ceramics, iconography) from Mesoamerica dating to this Late Classic phase.","- “Späte Klassik (Mesoamerika)” is a narrower concept of “Klassik (Mesoamerika)”.
- “Späte Klassik (Mesoamerika)” has the broader concept “Klassik (Mesoamerika)”.
- “Späte Klassik (Mesoamerika)” exactly matches “NpdoKWvQj8tg”."
http://thesauri.dainst.org/_fbbf4a72,Source,Class,mittelantoninisch,"In German art-historical/numismatic periodization (commonly used in digital humanities datasets), “Mittelantoninisch” means “Middle Antonine.” It designates the mid-Antonine phase of the Roman Empire—roughly the reigns after Antoninus Pius into Marcus Aurelius/Lucius Verus—used to date artifacts (e.g., coins, inscriptions) to the middle part of the Antonine period.","- “Mittelantoninisch” is a narrower concept of “Antoninisch”.
- “Antoninisch” is a broader concept of “Mittelantoninisch”.
- “Mittelantoninisch” exactly matches “MKDQdW5LKYHo”."
http://thesauri.dainst.org/_fcc3853f,Source,Class,fr he kupferzeit,"In digital humanities, “Frühe Kupferzeit” refers to the Early Copper Age (also called Early Chalcolithic): the earliest phase of the Copper Age when copper tools and ornaments begin to appear alongside Neolithic traditions. It denotes a chronological-cultural period used in archaeological datasets, metadata, and period ontologies.","- “Frühe Kupferzeit” has broader concept “Kupferzeit/Äneolithikum/Chalcolithikum”.
- “Frühe Kupferzeit” exactly matches “hR0EbFBBI74M”.
- “Kupferzeit/Äneolithikum/Chalcolithikum” has narrower concept “Frühe Kupferzeit”."
http://thesauri.dainst.org/_fda62c4b,Source,Class,burgwallzeit,"In German-speaking archaeology (esp. in Slavic and medieval studies), Burgwallzeit denotes the period characterized by the construction and use of Slavic fortified settlements (Burgwälle)—earthen/wooden ring forts—roughly from the Early Middle Ages (c. 8th/9th century) into the High Middle Ages, varying regionally in Central and Eastern Europe. In digital humanities contexts, it’s used as a periodization label for datasets, gazetteers, or ontologies describing sites, material culture, and settlement patterns associated with these Slavic fortifications.","- “Burgwallzeit” is broader term: “Frühmittelalter (5.-9. Jahrh.)”.
- “Frühmittelalter (5.-9. Jahrh.)” has narrower term: “Burgwallzeit”."
http://thesauri.dainst.org/_fe470a76,Source,Class,mittelgeometrisch,"In digital humanities (especially stylometry and authorship attribution), Mittelgeometrisch refers to the geometric mean (German: mittelgeometrisch = geometric mean). It’s often used to aggregate ratios or multiplicative measures—e.g., combining feature frequencies or distances—because it dampens the influence of extremes compared to the arithmetic mean.","- “Geometrische Zeit” has narrower concept “Mittelgeometrisch”.
- “Mittelgeometrisch” has broader concept “Geometrische Zeit”.
- “Mittelgeometrisch” exactly matches “975UZkuCi5Dh”."
http://thesauri.dainst.org/_fe65f286,Source,Class,idai world thesaurus,"The iDAI.world Thesaurus is a unified, controlled vocabulary for archaeology and related fields, consolidating thesauri from the German Archaeological Institute’s libraries and projects. It indexes subject terms for holdings in the Rome, Madrid, Eurasia departments and the Romano-Germanic Commission, offers access via general facets with ancient and modern terms, and is structured according to DARIAH-EU’s BackBone Thesaurus.","- “Chronologien” has broader concept “iDAI.world Thesaurus”.
- “iDAI.world Thesaurus” has narrower concept “Chronologien”.
- “iDAI.world Thesaurus” is a top concept of “scheme”."
http://thesauri.dainst.org/_feb4fbdf,Source,Class,tiberisch,"In digital humanities/German studies, “Tiberisch” (English: Tiberian) refers to the Tiberian vocalization/tradition of Biblical Hebrew—the Masoretic system from Tiberias (c. 8th–10th c.) that standardizes Hebrew consonants with vowel points and cantillation. It’s used in encoding, transcription, and analysis of Hebrew texts (e.g., Tiberian Hebrew orthography, Tiberian pointing).","- “Tiberisch” is a narrower concept of “Frühe und mittlere Kaiserzeit (Eggers A/B)”.
- “Tiberisch” has the broader concept “Frühe und mittlere Kaiserzeit (Eggers A/B)”.
- “Tiberisch” exactly matches “dRof7D6qNh6d”."
http://thesauri.dainst.org/_fee37850,Source,Class,fr he klassik mesoamerika,"In Mesoamerican archaeology, “Frühe Klassik” (German for “Early Classic”) refers to the Early Classic period, typically dated ca. 250–600 CE. In digital humanities contexts, it’s used as a controlled temporal label for annotating, cataloging, and analyzing cultural materials (e.g., artifacts, inscriptions, sites) from that timeframe across Mesoamerica (notably Maya, Teotihuacan influence), enabling consistent periodization in datasets and metadata.","- “Frühe Klassik (Mesoamerika)” has broader concept “Klassik (Mesoamerika)”.
- “Frühe Klassik (Mesoamerika)” has exact match “am9piOfiXCjF”.
- “Klassik (Mesoamerika)” has narrower concept “Frühe Klassik (Mesoamerika)”."
https://isl.ics.forth.gr/parthenos_vocabularies/Concept/7084,Target,Class,periods,"In digital humanities, “Periods” are standardized time spans used to tag, organize, and compare cultural or historical data (e.g., artworks, texts, events) across datasets. They provide shared temporal labels—often with names, dates, places, and sources—so researchers can align resources chronologically and interpret them consistently. (7084)","- 20th Century is broader term of Periods.
- Age of Liberty is broader term of Periods.
- Age of enlightenment is broader term of Periods.
- Akrotiri is broader term of Periods.
- Antiquity is broader term of Periods.
- Archaic is broader term of Periods.
- Archaic (Cypro-Archaic) I is broader term of Periods.
- Archaic (Cypro-Archaic) II is broader term of Periods.
- Archaic Illyrian is broader term of Periods.
- Battle Axe culture is broader term of Periods.
- Beaker culture is broader term of Periods.
- Bronze age is broader term of Periods.
- Central Medieval is broader term of Periods.
- Chalcolithic is broader term of Periods.
- Chalcolithifc is broader term of Periods.
- Classic IIllyrian is broader term of Periods.
- Classic illyrian is broader term of Periods.
- Classical is broader term of Periods.
- Classical (Cypro-Classical) I is broader term of Periods.
- Classical (Cypro-Classical) II is broader term of Periods.
- Contemporary is broader term of Periods.
- Copper Age is broader term of Periods.
- Developed Medieval is broader term of Periods.
- Early Bronze age is broader term of Periods.
- Early Byzantine is broader term of Periods.
- Early Copper Age is broader term of Periods.
- Early Empire is broader term of Periods.
- Early Eneolithic is broader term of Periods.
- Early Geometric is broader term of Periods.
- Early Imperial is broader term of Periods.
- Early Iron age is broader term of Periods.
- Early Medieval is broader term of Periods.
- Early Medieval A is broader term of Periods.
- Early Medieval B is broader term of Periods.
- Early Medieval C is broader term of Periods.
- Early Medieval D is broader term of Periods.
- Early Mesolithic is broader term of Periods.
- Early Modern Age is broader term of Periods.
- Early Modern period is broader term of Periods.
- Early Neolithic A is broader term of Periods.
- Early Neolithic B is broader term of Periods.
- Early Paleolithic is broader term of Periods.
- Early Roman is broader term of Periods.
- Early Roman A is broader term of Periods.
- Early Roman Age is broader term of Periods.
- Early Roman B is broader term of Periods.
- Early Upper Paleolithic is broader term of Periods.
- Early Vasa is broader term of Periods.
- Early modern is broader term of Periods.
- Elizabethan is broader term of Periods.
- EpiPaleolithic is broader term of Periods.
- Ertebølle culture is broader term of Periods.
- Final Bronze age is broader term of Periods.
- Final La Tène is broader term of Periods.
- Folkunga Dynasty is broader term of Periods.
- Funnelbeaker culture is broader term of Periods.
- Geometric is broader term of Periods.
- Geometric (Cypro-Geometric) I is broader term of Periods.
- Geometric (Cypro-Geometric) II is broader term of Periods.
- Geometric (Cypro-Geometric) III is broader term of Periods.
- Georgian is broader term of Periods.
- Hallstatt A is broader term of Periods.
- Hallstatt B is broader term of Periods.
- Hallstatt C is broader term of Periods.
- Hallstatt D is broader term of Periods.
- Hallstatt Iron Age is broader term of Periods.
- Hellenistic I is broader term of Periods.
- Hellenistic II is broader term of Periods.
- High Medieval is broader term of Periods.
- Historic is broader term of Periods.
- Historic time is broader term of Periods.
- Hohenstaufen is broader term of Periods.
- Hungarian Conquest Period is broader term of Periods.
- Illlyrian is broader term of Periods.
- Imperial is broader term of Periods.
- Iron age is broader term of Periods.
- Kalmar union is broader term of Periods.
- Karolinska Dynasty is broader term of Periods.
- Kongemose culture is broader term of Periods.
- La Tène is broader term of Periods.
- La Tène A is broader term of Periods.
- La Tène B is broader term of Periods.
- La Tène C is broader term of Periods.
- La Tène D is broader term of Periods.
- La Tène I is broader term of Periods.
- La Tène II is broader term of Periods.
- La Tène III is broader term of Periods.
- Late Antique is broader term of Periods.
- Late Antiquity is broader term of Periods.
- Late Archaic is broader term of Periods.
- Late Bronze age is broader term of Periods.
- Late Byzantine is broader term of Periods.
- Late Copper Age is broader term of Periods.
- Late Empire is broader term of Periods.
- Late Eneolithic is broader term of Periods.
- Late Geometric is broader term of Periods.
- Late Imperial is broader term of Periods.
- Late Iron age is broader term of Periods.
- Late Medieval is broader term of Periods.
- Late Medieval A is broader term of Periods.
- Late Medieval B is broader term of Periods.
- Late Mesolithic is broader term of Periods.
- Late Modern Age is broader term of Periods.
- Late Modern period is broader term of Periods.
- Late Neolithic A is broader term of Periods.
- Late Neolithic B is broader term of Periods.
- Late Palaeolithic is broader term of Periods.
- Late Paleolithic is broader term of Periods.
- Late Paleolithic A is broader term of Periods.
- Late Paleolithic B is broader term of Periods.
- Late Roman is broader term of Periods.
- Late Roman A is broader term of Periods.
- Late Roman Age is broader term of Periods.
- Late Roman B is broader term of Periods.
- Late Upper Paleolithic is broader term of Periods.
- Late Vasa is broader term of Periods.
- Lower Eneolithic is broader term of Periods.
- Lower Neolithic is broader term of Periods.
- Lower Palaeolithic is broader term of Periods.
- Maglemosian culture is broader term of Periods.
- Mid Imperial is broader term of Periods.
- Middle Bronze age is broader term of Periods.
- Middle Bronze age A is broader term of Periods.
- Middle Bronze age B is broader term of Periods.
- Middle Byzantine is broader term of Periods.
- Middle Copper Age is broader term of Periods.
- Middle Eneolithic is broader term of Periods.
- Middle Geometric is broader term of Periods.
- Middle Iron Age is broader term of Periods.
- Middle Iron age is broader term of Periods.
- Middle Mesolithic is broader term of Periods.
- Middle Minoan is broader term of Periods.
- Middle Modern period is broader term of Periods.
- Middle Neolithic A is broader term of Periods.
- Middle Neolithic B is broader term of Periods.
- Middle Palaeolithic is broader term of Periods.
- Middle Paleolithic is broader term of Periods.
- Middle Roman is broader term of Periods.
- Middle Roman A is broader term of Periods.
- Middle Roman B is broader term of Periods.
- Middle Upper Paleolithic is broader term of Periods.
- Migration Period is broader term of Periods.
- Migrations is broader term of Periods.
- Modern is broader term of Periods.
- Modern Age is broader term of Periods.
- Modern period is broader term of Periods.
- Muslim is broader term of Periods.
- Neolitic is broader term of Periods.
- New Stone Age is broader term of Periods.
- Orientalizing is broader term of Periods.
- Palaeolithic is broader term of Periods.
- Pitted Ware culture is broader term of Periods.
- Post Medieval is broader term of Periods.
- Post Roman is broader term of Periods.
- Post-Medieval is broader term of Periods.
- Pre-Roman Iron Age is broader term of Periods.
- Prehistory is broader term of Periods.
- Proto-Neolithic is broader term of Periods.
- ProtoPaleolithic is broader term of Periods.
- Protogeometric is broader term of Periods.
- Protohistory is broader term of Periods.
- Renaissance is broader term of Periods.
- Republican is broader term of Periods.
- Roman is broader term of Periods.
- Roman Empire is broader term of Periods.
- Roman I is broader term of Periods.
- Roman II is broader term of Periods.
- Roman Imperial is broader term of Periods.
- Roman Iron Age is broader term of Periods.
- Roman Republican is broader term of Periods.
- Roman antiquity is broader term of Periods.
- Stone age is broader term of Periods.
- Stuart is broader term of Periods.
- Sub-Minoan is broader term of Periods.
- Submycenaean is broader term of Periods.
- Swedish Empire is broader term of Periods.
- Transition from Eneolithic to Bronze Age is broader term of Periods.
- Transitional is broader term of Periods.
- Upper Eneolithic is broader term of Periods.
- Upper Neolithic is broader term of Periods.
- Upper Palaeolithic is broader term of Periods.
- Urnfield period is broader term of Periods.
- Vasa Dynasty is broader term of Periods.
- Vendel Period is broader term of Periods.
- Venetian is broader term of Periods.
- Victorian is broader term of Periods.
- Viking Period is broader term of Periods.
- high Middle Ages is broader term of Periods.
- metal age is broader term of Periods.
- proto-Villanovan is broader term of Periods.
- second world war is broader term of Periods.
- Árpádian Age is broader term of Periods.
- Periods has narrower terms: 20th Century, 7150, Age of Liberty, Age of enlightenment, Akrotiri, Antiquity, Archaic, Archaic (Cypro-Archaic) I, Archaic (Cypro-Archaic) II, Archaic Illyrian, Battle Axe culture, Beaker culture, Bronze age, Central Medieval, Chalcolithic, Chalcolithifc, Classic IIllyrian, Classic illyrian, Classical, Classical (Cypro-Classical) I, Classical (Cypro-Classical) II, Contemporary, Copper Age, Developed Medieval, Early Bronze age, Early Byzantine, Early Copper Age, Early Empire, Early Eneolithic, Early Geometric, Early Imperial, Early Iron age, Early Medieval, Early Medieval A, Early Medieval B, Early Medieval C, Early Medieval D, Early Mesolithic, Early Modern Age, Early Modern period, Early Neolithic A, Early Neolithic B, Early Paleolithic, Early Roman, Early Roman A, Early Roman Age, Early Roman B, Early Upper Paleolithic, Early Vasa, Early modern, Elizabethan, EpiPaleolithic, Ertebølle culture, Final Bronze age, Final La Tène, Folkunga Dynasty, Funnelbeaker culture, Geometric, Geometric (Cypro-Geometric) I, Geometric (Cypro-Geometric) II, Geometric (Cypro-Geometric) III, Georgian, Hallstatt A, Hallstatt B, Hallstatt C, Hallstatt D, Hallstatt Iron Age, Hellenistic I, Hellenistic II, High Medieval, Historic, Historic time, Hohenstaufen, Hungarian Conquest Period, Illlyrian, Imperial, Iron age, Kalmar union, Karolinska Dynasty, Kongemose culture, La Tène, La Tène A, La Tène B, La Tène C, La Tène D, La Tène I, La Tène II, La Tène III, Late Antique, Late Antiquity, Late Archaic, Late Bronze age, Late Byzantine, Late Copper Age, Late Empire, Late Eneolithic, Late Geometric, Late Imperial, Late Iron age, Late Medieval, Late Medieval A, Late Medieval B, Late Mesolithic, Late Modern Age, Late Modern period, Late Neolithic A, Late Neolithic B, Late Palaeolithic, Late Paleolithic, Late Paleolithic A, Late Paleolithic B, Late Roman, Late Roman A, Late Roman Age, Late Roman B, Late Upper Paleolithic, Late Vasa, Lower Eneolithic, Lower Neolithic, Lower Palaeolithic, Maglemosian culture, Mid Imperial, Middle Bronze age, Middle Bronze age A, Middle Bronze age B, Middle Byzantine, Middle Copper Age, Middle Eneolithic, Middle Geometric, Middle Iron Age, Middle Iron age, Middle Mesolithic, Middle Minoan, Middle Modern period, Middle Neolithic A, Middle Neolithic B, Middle Palaeolithic, Middle Paleolithic, Middle Roman, Middle Roman A, Middle Roman B, Middle Upper Paleolithic, Migration Period, Migrations, Modern, Modern Age, Modern period, Muslim, Neolitic, New Stone Age, Orientalizing, Palaeolithic, Pitted Ware culture, Post Medieval, Post Roman, Post-Medieval, Pre-Roman Iron Age, Prehistory, Proto-Neolithic, ProtoPaleolithic, Protogeometric, Protohistory, Renaissance, Republican, Roman, Roman Empire, Roman I, Roman II, Roman Imperial, Roman Iron Age, Roman Republican, Roman antiquity, Stone age, Stuart, Sub-Minoan, Submycenaean, Swedish Empire, Transition from Eneolithic to Bronze Age, Transitional, Upper Eneolithic, Upper Neolithic, Upper Palaeolithic, Urnfield period, Vasa Dynasty, Vendel Period, Venetian, Victorian, Viking Period, high Middle Ages, metal age, proto-Villanovan, second world war, Árpádian Age.
- Periods is a top concept of PARTHENOS."
https://isl.ics.forth.gr/parthenos_vocabularies/Concept/7085,Target,Class,middle bronze age b,"In digital humanities periodization (Historic England/FISH/PeriodO style), “Middle Bronze Age B” is the later subphase of the Middle Bronze Age in Britain, following Middle Bronze Age A. It typically corresponds to the Taunton–Penard metalworking tradition and Deverel–Rimbury ceramics horizon, roughly c. 1500–1300/1200 BCE, used to refine chronology in datasets (extra info code 7085 likely a period thesaurus ID).","- “Middle Bronze age B” is a broader concept’s member of “Periods.”
- “Periods” has the narrower concept “Middle Bronze age B.”"
https://isl.ics.forth.gr/parthenos_vocabularies/Concept/7086,Target,Class,middle bronze age a,"Middle Bronze Age A (MBA A) is a chronological sub-phase within the Middle Bronze Age used in archaeological periodization, typically designating the earlier portion of the Middle Bronze sequence in a given regional chronology. In digital humanities contexts, it functions as a controlled temporal label (e.g., a period concept in gazetteers/ontologies) to standardize dating of sites, layers, or artifacts. The code 7086 likely serves as an internal identifier for this period in a dataset or authority (e.g., a period ID).","- “Middle Bronze age A” is a broader concept’s member of “Periods”.
- “Periods” has the narrower concept “Middle Bronze age A”."
https://isl.ics.forth.gr/parthenos_vocabularies/Concept/7087,Target,Class,late empire,"In digital humanities, “Late Empire” typically refers to the later phase of the Roman Empire—roughly the 3rd to 5th centuries CE (often from the Crisis of the Third Century through the fall of the Western Empire in 476 CE, and sometimes extending into the 6th century in the East). It denotes the period marked by administrative reforms, Christianization, shifting borders, and transformation of imperial structures—used as a temporal tag for texts, artifacts, and datasets from or about this era.","- “Late Empire” is a broader concept’s narrower term of “Periods.”
- “Periods” has the narrower concept “Late Empire.”"
https://isl.ics.forth.gr/parthenos_vocabularies/Concept/7088,Target,Class,folkunga dynasty,"The Folkunga Dynasty (also called the House of Bjelbo) was a medieval Swedish royal house that provided several kings of Sweden, notably from the mid-13th to the early 14th century. In digital humanities contexts, it typically refers to the dynastic lineage and its associated networks—persons, places, documents, and events—used as entities for prosopographical study, metadata tagging, and temporal-spatial analysis of Scandinavian medieval sources. Extra Info 7088 may serve as an identifier or record key for this dynasty within a dataset or digital archive.","- “Folkunga Dynasty” is a broader concept’s member under “Periods.”
- “Periods” has the narrower concept “Folkunga Dynasty.”"
https://isl.ics.forth.gr/parthenos_vocabularies/Concept/7089,Target,Class,republican,"In digital humanities, “Republican” typically refers to the era of the Roman Republic (before 27 BCE) or to texts, artifacts, and political culture associated with republican forms of government (res publica), emphasizing civic participation, mixed constitutions, and rule of law. It can also denote metadata tags or analytical categories used to classify sources related to Republican Rome or republican political thought in datasets and digital projects. Extra Info 7089 acknowledged.","- “Periods” has the narrower concept “Republican.”
- “Republican” has the broader concept “Periods.”"
https://isl.ics.forth.gr/parthenos_vocabularies/Concept/7090,Target,Class,age of enlightenment,"In digital humanities context, the Age of Enlightenment refers to the 17th–18th century intellectual movement in Europe emphasizing reason, empirical inquiry, individual rights, secularism, and the critique of authority. For digital humanities, it’s a key historical framework and corpus: scholars analyze Enlightenment texts, networks, and circulation of ideas using computational methods (e.g., text mining, metadata, prosopography), to study how knowledge, print culture, and public spheres formed and spread. 7090","- “Age of enlightenment” has broader concept “Periods”.
- “Periods” has narrower concept “Age of enlightenment”."
https://isl.ics.forth.gr/parthenos_vocabularies/Concept/7091,Target,Class,late imperial,"In digital humanities, “Late Imperial” typically refers to the late phase of a historical empire, used as a temporal tag for sources, datasets, or analyses. Most commonly it denotes:

- Late Roman Empire: roughly 3rd–5th centuries CE.
- Late Imperial China: late Qing period, roughly 17th–early 20th century.
- Late Imperial Russia: late Romanov era, roughly 19th–early 20th century.

Projects use it to categorize materials from the concluding stage of a given empire’s rule, focusing on transitional social, political, and cultural dynamics prior to collapse or transformation. The specific dates depend on the empire and project metadata conventions (e.g., code 7091).","- “Late Imperial” is a broader concept’s narrower term of “Periods”.
- “Periods” has the narrower concept “Late Imperial”."
https://isl.ics.forth.gr/parthenos_vocabularies/Concept/7092,Target,Class,post medieval,"In digital humanities, “Post-Medieval” typically denotes the historical period immediately after the Middle Ages, roughly the 16th–18th centuries (c. 1500–1800), encompassing the Renaissance, Reformation, and early modern era. It’s used as a metadata/chronological category for classifying texts, artifacts, and datasets from this timeframe. (Ref: code 7092)","- Periods has narrower concept Post Medieval.
- Post Medieval has broader concept Periods."
https://isl.ics.forth.gr/parthenos_vocabularies/Concept/7093,Target,Class,vasa dynasty,"The Vasa Dynasty refers to the ruling royal house of Sweden (1523–1654) and, through a branch, Poland-Lithuania (1587–1668). Founded by Gustav Vasa, it led Sweden’s break from the Kalmar Union, centralization of the state, Lutheran Reformation, and Sweden’s rise as a great power. In digital humanities context (7093), it denotes the historical entity/metadata tag for this royal lineage and its period, used for categorizing sources, events, and prosopographical data.","- Periods has narrower concept Vasa Dynasty.
- Vasa Dynasty has broader concept Periods."
https://isl.ics.forth.gr/parthenos_vocabularies/Concept/7094,Target,Class,middle byzantine,"In digital humanities, “Middle Byzantine” refers to the middle period of the Byzantine Empire, typically ca. 843–1204 CE, used as a temporal classification for texts, artworks, material culture, and datasets. It often anchors metadata, ontologies, or corpora segmentation to denote works produced between the end of Iconoclasm (Restoration of Images, 843) and the Fourth Crusade’s sack of Constantinople (1204). The code 7094 here can serve as an internal identifier for this period label in a project’s controlled vocabulary or authority file.","- “Middle Byzantine” has broader concept “Periods”.
- “Periods” has narrower concept “Middle Byzantine”."
https://isl.ics.forth.gr/parthenos_vocabularies/Concept/7095,Target,Class,roman iron age,"In digital humanities contexts, “Roman Iron Age” refers to the period in Northern Europe (especially Scandinavia) roughly 0–400 CE when local Iron Age societies were influenced by the Roman Empire through trade, goods, and cultural contact, despite not being under Roman rule. It’s used as a chronological-cultural label in datasets, metadata, and analyses to classify artifacts, sites, and texts from that era. (Ref. code: 7095)","- Periods has narrower concept Roman Iron Age.
- Roman Iron Age has broader concept Periods."
https://isl.ics.forth.gr/parthenos_vocabularies/Concept/7096,Target,Class,post roman,"In digital humanities, “Post Roman” typically refers to the period after the end of Roman rule—i.e., the post-Roman era—focusing on transitions and developments following the collapse of the Western Roman Empire (often c. 5th century onward). It’s used to classify texts, artifacts, or datasets dating from or concerning this post-imperial period. The code/identifier 7096 likely tags this category within a project or database.","- “Periods” has narrower concept “Post Roman”.
- “Post Roman” has broader concept “Periods”."
https://isl.ics.forth.gr/parthenos_vocabularies/Concept/7097,Target,Class,developed medieval,"In digital humanities metadata (e.g., periodization or faceted vocabularies), “Developed Medieval” denotes the later, more mature phase of the medieval period—characterized by consolidated institutions, expanded literacy and manuscript production, and robust cultural, legal, and administrative systems. It distinguishes this phase from earlier/formation stages (“Early” or “High” Medieval) for classification, tagging, or temporal scoping of digital resources. The code 7097 identifies this specific period label within the given schema.","- “Developed Medieval” is a broader concept’s member of “Periods.” → “Developed Medieval” is narrower than “Periods.”
- “Periods” has the narrower concept “Developed Medieval.” → “Periods” is broader than “Developed Medieval.”"
https://isl.ics.forth.gr/parthenos_vocabularies/Concept/7098,Target,Class,early neolithic a,"Early Neolithic A (ENA) refers to the earliest phase of the Neolithic period in a given region, marked by the first adoption of agriculture, sedentary settlements, and early pottery/ground-stone technologies. In digital humanities contexts, “Early Neolithic A” is typically a controlled chronological label used to tag, date, and compare archaeological data (e.g., sites, layers, artifacts) to this initial farming horizon. The extra code 7098 likely serves as an internal identifier for this period in a database or ontology.","- “Early Neolithic A” is a broader concept within “Periods.”  
- “Periods” has the narrower concept “Early Neolithic A.”"
https://isl.ics.forth.gr/parthenos_vocabularies/Concept/7099,Target,Class,middle minoan,"Middle Minoan refers to the middle phase of the Minoan civilization on Crete, typically dated c. 2000–1600 BCE, characterized by the rise and flourishing of the first palatial centers (e.g., Knossos, Phaistos), advanced pottery styles (e.g., Kamares ware), and complex administrative and artistic developments. In digital humanities, “Middle Minoan” functions as a temporal metadata tag or controlled-vocabulary term (e.g., period identifier 7099) to classify and query artifacts, texts, and sites within this specific chronological horizon.","- Middle Minoan is a broader concept’s member under Periods.
- Periods has the narrower concept Middle Minoan."
https://isl.ics.forth.gr/parthenos_vocabularies/Concept/7100,Target,Class,early neolithic b,"Early Neolithic B (ENB) refers to a sub-phase of the Early Neolithic period in the Near East/Anatolia-Levant chronological frameworks. It designates communities with established farming, herding, and settled village life following the initial adoption of agriculture (Early Neolithic A). The “B” phase typically features more developed architecture, tools, and social organization than “A.”

In digital humanities terms, “7100” likely encodes a date (ca. 7100 BCE) used as a temporal tag/normalization anchor for ENB in datasets or ontologies, situating ENB around 7100 BCE.","- Early Neolithic B is a broader concept’s member of Periods.
- Periods has the narrower concept Early Neolithic B."
https://isl.ics.forth.gr/parthenos_vocabularies/Concept/7101,Target,Class,rp dian age,"In digital humanities contexts, “Árpádian Age” refers to the historical period in medieval Hungary ruled by the Árpád dynasty, typically from the Hungarian conquest of the Carpathian Basin (late 9th century, c. 895) to the end of the dynasty in 1301. It encompasses early state formation, Christianization under King Stephen I, and the political, legal, and cultural developments of the Kingdom of Hungary up to 1301.","- Periods has narrower concept Árpádian Age.
- Árpádian Age has broader concept Periods."
https://isl.ics.forth.gr/parthenos_vocabularies/Concept/7102,Target,Class,upper eneolithic,"In digital humanities contexts dealing with archaeological chronology, “Upper Eneolithic” refers to the later phase of the Eneolithic (Chalcolithic or Copper Age), typically marking the advanced stage of societies transitioning from Neolithic stone technologies to broader use of copper metallurgy, along with increasing social complexity and regional cultural differentiation. The extra code 7102 likely denotes an internal taxonomy or period identifier for this late Eneolithic phase in a specific dataset or ontology.","- Periods has narrower concept Upper Eneolithic.
- Upper Eneolithic has broader concept Periods."
https://isl.ics.forth.gr/parthenos_vocabularies/Concept/7103,Target,Class,late paleolithic,"In digital humanities context, “Late Paleolithic” refers to the final phase of the Paleolithic (Old Stone Age), roughly 50,000–12,000 years ago (often aligned with the Upper Paleolithic in Eurasia). It’s used as a temporal category for modeling, annotating, and analyzing cultural data (e.g., lithic industries, portable art, cave art, hunter-gatherer sites) in datasets, ontologies, and timelines—such as tagging records, standardizing periods, or aligning metadata (ID: 7103) across projects.","- “Late Paleolithic” is a broader concept under “Periods.”  
- “Periods” has the narrower concept “Late Paleolithic.”"
https://isl.ics.forth.gr/parthenos_vocabularies/Concept/7104,Target,Class,central medieval,"In digital humanities periodization, “Central Medieval” refers to the central (or high) phase of the medieval era—typically the High Middle Ages—often used as a time-slice label for datasets, metadata, or project scopes. It generally denotes the period between the Early and Late Middle Ages (roughly 11th–13th centuries), though exact bounds vary by project. The code “7104” likely serves as an internal or taxonomy identifier for this period in your system.","- “Central Medieval” is a broader concept’s narrower term of “Periods”.
- “Periods” has the narrower concept “Central Medieval”."
https://isl.ics.forth.gr/parthenos_vocabularies/Concept/7105,Target,Class,late antique,"In digital humanities, “Late Antique” refers to the historical period roughly from the 3rd to the 8th century CE (often c. 250–750), marking the transition from the Roman Empire to early medieval societies. In DH contexts, it frames the temporal scope for sources, datasets, and analyses—e.g., late Roman/early Byzantine texts, material culture, and administrative records—while emphasizing processes of transformation (religion, language, governance, urbanism) rather than abrupt decline.","- “Late Antique” is a broader concept’s member of “Periods.” (Late Antique skos:broader Periods)
- “Periods” has the narrower concept “Late Antique.” (Periods skos:narrower Late Antique)"
https://isl.ics.forth.gr/parthenos_vocabularies/Concept/7106,Target,Class,victorian,"In digital humanities, “Victorian” refers to the period and culture of the United Kingdom during Queen Victoria’s reign (1837–1901), often used to categorize, analyze, and digitally curate texts, images, data, and media from or about that era—e.g., Victorian literature, newspapers, social history, and material culture. 7106","- “Victorian” is a narrower concept of “Periods.”
- “Periods” is a broader concept of “Victorian.”"
https://isl.ics.forth.gr/parthenos_vocabularies/Concept/7107,Target,Class,prehistory,"In digital humanities, “Prehistory” refers to the period of human past before written records, studied through material, environmental, and computational evidence (e.g., artifacts, sites, bioarchaeological data), with DH methods like GIS, 3D modeling, databases, and quantitative analyses used to reconstruct and interpret human lifeways. 7107","- “Periods” has narrower concept “Prehistory.”
- “Prehistory” has broader concept “Periods.”"
https://isl.ics.forth.gr/parthenos_vocabularies/Concept/7108,Target,Class,final la t ne,"In digital humanities contexts, “Final La Tène” refers to the last phase of the La Tène cultural period (Late Iron Age Europe), typically c. 150–50 BCE (varying regionally), marked by late Celtic material culture (e.g., distinctive metalwork, weaponry, and settlement forms) just before or during Roman expansion. The code 7108 likely denotes a controlled-vocabulary or thesaurus identifier for this period in a database.","- “Final La Tène” is a broader concept’s member of “Periods.” → “Final La Tène” has broader “Periods.”
- “Periods” has the narrower concept “Final La Tène.”"
https://isl.ics.forth.gr/parthenos_vocabularies/Concept/7109,Target,Class,archaic cypro archaic ii,"Archaic (Cypro-Archaic) II refers to the later phase of the Cypro-Archaic period in Cyprus, roughly ca. 600–475 BCE, used in digital humanities metadata/classification (e.g., periodization codes like 7109) to tag or index cultural-historical dates of Cypriot artifacts, sites, or texts.","- “Archaic (Cypro-Archaic) II” is a broader concept’s member: it falls under “Periods.”
- “Periods” has the narrower concept “Archaic (Cypro-Archaic) II.”"
https://isl.ics.forth.gr/parthenos_vocabularies/Concept/7110,Target,Class,new stone age,"In digital humanities, “New Stone Age” refers to the Neolithic period—when humans shifted from hunter‑gathering to settled agriculture, domestication, pottery, and polished stone tools. (Code: 7110)","- “New Stone Age” is a broader concept’s narrower term of “Periods.”
- “Periods” has the narrower concept “New Stone Age.”"
https://isl.ics.forth.gr/parthenos_vocabularies/Concept/7111,Target,Class,early modern age,"In digital humanities, the “Early Modern Age” typically refers to the period ca. 1500–1800, encompassing the Renaissance through the Enlightenment. It’s used as a metadata/periodization label for sources, texts, and datasets from this era—covering transformations in print culture, science, religion, empire, and global exchange. The code 7111 here can serve as an internal tag or identifier for this period in your project’s schema.","- “Early Modern Age” is a broader concept’s narrower term of “Periods.” (Early Modern Age has broader Periods)
- “Periods” has the narrower concept “Early Modern Age.”"
https://isl.ics.forth.gr/parthenos_vocabularies/Concept/7112,Target,Class,late iron age,"In digital humanities, “Late Iron Age” refers to the final phase of the Iron Age in a given region, used as a chronological tag for datasets, texts, or artifacts. It typically denotes the period just before the adoption of historical-era writing or Romanization (often c. 2nd–1st centuries BCE in much of Europe), but the exact dates vary by region. The label helps standardize metadata, timelines, and comparative analyses across sources. 7112","- “Late Iron age” is a broader concept of “Periods”. → “Late Iron age” has broader “Periods”.
- “Periods” is a narrower concept of “Late Iron age”. → “Periods” has narrower “Late Iron age”."
https://isl.ics.forth.gr/parthenos_vocabularies/Concept/7113,Target,Class,battle ax culture,"In digital humanities terms, “Battle Axe culture” refers to a prehistoric archaeological culture (ca. 2800–2300 BCE) in Scandinavia and parts of northern Europe, named for its characteristic boat-shaped stone battle axes found in graves. It’s the Nordic variant of the Corded Ware complex, identified through material culture (grave goods, pottery, burial practices) and studied via digitized site records, typological databases, GIS-mapped distributions, and archaeogenetic datasets. The code 7113 can denote a catalog or ontology identifier linking to this culture in a digital registry or dataset.","- “Battle Axe culture” has broader concept “Periods”.
- “Periods” has narrower concept “Battle Axe culture”."
https://isl.ics.forth.gr/parthenos_vocabularies/Concept/7114,Target,Class,early bronze age,"In digital humanities, “Early Bronze Age” refers to the earliest phase of the Bronze Age in a given region, marked by the first widespread use of bronze (copper alloyed with tin/arsenic) for tools, weapons, and ornaments, along with shifts in settlement, trade, and social complexity. Chronology is region-specific; researchers use context-rich, metadata-driven periodization (e.g., controlled vocabularies, period thesauri) to link “Early Bronze Age” to precise date ranges and cultural assemblages in datasets. The extra code 7114 can serve as a project-specific identifier to standardize this period label across digital records.","- “Early Bronze age” is a broader concept’s narrower term of “Periods.”
- “Periods” has the narrower concept “Early Bronze age.”"
https://isl.ics.forth.gr/parthenos_vocabularies/Concept/7115,Target,Class,late eneolithic,"In digital humanities contexts dealing with archaeological chronology, “Late Eneolithic” refers to the later phase of the Eneolithic (Copper Age), the period marked by widespread use of copper alongside stone tools, preceding the Early Bronze Age. The “Late” qualifier narrows it to the final stage of this Copper Age sequence. (Ref. code: 7115)","- “Late Eneolithic” is a broader concept’s narrower term of “Periods.”
- “Periods” has the narrower concept “Late Eneolithic.”"
https://isl.ics.forth.gr/parthenos_vocabularies/Concept/7116,Target,Class,early eneolithic,"Early Eneolithic: the earliest phase of the Eneolithic (Chalcolithic/Copper Age), marking the initial adoption of copper alongside stone tools, preceding the Middle/Late Eneolithic. In digital humanities (ID 7116), it serves as a periodization label for classifying and annotating cultural materials and datasets dated to the earliest copper-using phase.","- “Early Eneolithic” is a broader concept under “Periods.”
- “Periods” has the narrower concept “Early Eneolithic.”"
https://isl.ics.forth.gr/parthenos_vocabularies/Concept/7117,Target,Class,late vasa,"In digital humanities, “Late Vasa” refers to the late period of Sweden’s Vasa dynasty—typically the mid- to late-17th century—used as a temporal tag or metadata category for texts, artifacts, or datasets associated with the reigns after Gustavus Adolphus, notably Queen Christina and Charles X/XI. The code 7117 likely denotes this period in a project’s controlled vocabulary or classification scheme.","- “Late Vasa” is a broader concept’s member of “Periods.” → “Late Vasa” has broader “Periods.”
- “Periods” has the narrower concept “Late Vasa.”"
https://isl.ics.forth.gr/parthenos_vocabularies/Concept/7118,Target,Class,geometric,"In digital humanities, “geometric” typically refers to representing or analyzing cultural data using spatial forms (points, lines, polygons) and measurable properties (shape, size, position). It involves geometry-based models or visualizations (e.g., maps, network layouts, spatial patterns) to study texts, artifacts, or social connections. 7118","- Geometric is a broader concept under Periods.
- Periods has the narrower concept Geometric."
https://isl.ics.forth.gr/parthenos_vocabularies/Concept/7119,Target,Class,late roman a,"Late Roman A (LRA) refers to a standardized typology of Late Roman amphorae—specifically the “Late Roman Amphora 1 (LRA 1)” class—widely used in digital humanities, archaeology, and ceramic studies for data cataloging and interoperability. In datasets (e.g., with identifiers like 7119), “Late Roman A” typically denotes a ceramic transport amphora type from the Late Roman/Early Byzantine period (ca. 4th–7th centuries CE), commonly associated with eastern Mediterranean production (notably Cyprus/Levant) and used mainly for transporting wine and other liquids.","- “Late Roman A” is a broader concept’s member of “Periods.” (i.e., Late Roman A is a narrower term under Periods.)
- “Periods” has the narrower concept “Late Roman A.”"
https://isl.ics.forth.gr/parthenos_vocabularies/Concept/7120,Target,Class,late roman b,"Late Roman B (LRB) is a class of Late Roman fine tableware—specifically thin-walled red-slipped bowls and dishes—produced mainly in the eastern Mediterranean (notably Cyrenaica/North Africa) and widely traded across the Roman world in the 4th–6th centuries CE. In digital humanities/ceramic datasets (e.g., typologies, gazetteers), “Late Roman B” is a standardized ware category used for cataloging, interoperability, and chronological/spatial analysis. The extra code “7120” likely serves as a dataset-specific identifier for this ware type.","- “Late Roman B” is a broader concept’s member of “Periods.”
- “Periods” has the narrower concept “Late Roman B.”"
https://isl.ics.forth.gr/parthenos_vocabularies/Concept/7121,Target,Class,classic illyrian,"In digital humanities, “Classic Illyrian” typically refers to the standardized South Slavic literary language codified in the 19th century by the Illyrian movement (centered in Croatia), which drew on the Shtokavian dialect as a common “Illyrian” language. In metadata, corpora, or classification schemes (e.g., code 7121), it denotes texts or linguistic resources aligned with that Illyrian/early-standard Croatian-Serbian tradition rather than ancient Illyrian (the extinct Indo-European language).","- “Classic illyrian” is a broader concept’s member: it falls under “Periods.”
- “Periods” has the narrower concept “Classic illyrian.”"
https://isl.ics.forth.gr/parthenos_vocabularies/Concept/7122,Target,Class,late modern period,"In digital humanities, the “Late Modern period” typically refers to the phase of modern history from roughly the late 18th century to the present, characterized by industrialization, global capitalism, nation-states, mass media, and later digital technologies. It’s the era in which modernity’s social, cultural, and technological transformations intensify, providing abundant digitizable sources (print culture, archives, audiovisual media, born-digital data) for computational analysis.","- “Late Modern period” is a broader concept’s member of “Periods.” (Late Modern period has broader: Periods)
- “Periods” has the narrower concept “Late Modern period.”"
https://isl.ics.forth.gr/parthenos_vocabularies/Concept/7123,Target,Class,roman imperial,"In digital humanities, “Roman Imperial” typically refers to materials, data, or periods associated with the Roman Empire era (from Augustus, 27 BCE, through the later imperial period), as opposed to Roman Republican or Late Antique. It’s used as a temporal-cultural classification tag for texts, inscriptions, artifacts, sites, or datasets. The extra code 7123 likely denotes an internal project/category ID for this period label.","- Periods has the narrower concept Roman Imperial.
- Roman Imperial has the broader concept Periods."
https://isl.ics.forth.gr/parthenos_vocabularies/Concept/7124,Target,Class,early upper paleolithic,"In digital humanities, “Early Upper Paleolithic” refers to the earliest phase of the Upper Paleolithic period—roughly 50,000–30,000 years ago (regionally variable)—marked by the emergence of modern human behaviors in material culture. It is characterized by:

- Advanced stone tool industries (e.g., Aurignacian, Initial Upper Paleolithic), blade and bladelet production.
- New technologies (bone, antler, ivory tools), personal ornaments, and symbolic artifacts.
- Early figurative art and musical instruments.
- Wider social networks and long-distance raw material movement.

In DH contexts, the term frames datasets, typologies, and chronologies for analyzing artifacts, sites, and cultural transitions associated with this phase. The “7124” project code/identifier can tag or filter related records within a database or workflow.","- “Early Upper Paleolithic” has broader concept “Periods”.
- “Periods” has narrower concept “Early Upper Paleolithic”."
https://isl.ics.forth.gr/parthenos_vocabularies/Concept/7125,Target,Class,epi paleolithic,"In digital humanities, “Epipaleolithic” refers to the cultural period at the end of the Paleolithic, transitional into the Mesolithic/Neolithic, characterized by microlithic stone industries and shifting subsistence after the Last Glacial Maximum. (ID: 7125)","- EpiPaleolithic is a broader term within Periods.  
- Periods has the narrower term EpiPaleolithic."
https://isl.ics.forth.gr/parthenos_vocabularies/Concept/7126,Target,Class,20th century,"In digital humanities, “20th century” refers to the period from 1900 to 1999 CE used as a temporal category for organizing, analyzing, and interpreting cultural, historical, and digital corpora (texts, images, media) produced or set within those years. It frames metadata, periodization, and comparative analysis across events like modernism, world wars, decolonization, and the rise of mass media and computing. Extra Info ref: 7126.","- “20th Century” is a broader concept’s member of “Periods.” → “20th Century” is a more specific period within “Periods.”
- “Periods” has narrower concept “20th Century.” → “Periods” includes the narrower concept “20th Century.”"
https://isl.ics.forth.gr/parthenos_vocabularies/Concept/7127,Target,Class,late medieval b,"In the given digital humanities context, “Late Medieval B” likely refers to a specific sub-period label within a periodization scheme for medieval materials—e.g., a controlled vocabulary or timeline where the Late Medieval era is subdivided into segments (A, B, etc.). “Late Medieval B” would denote the second subdivision of the Late Medieval period. The code “7127” appears to be its internal identifier in that system.","- “Late Medieval B” is a broader concept’s narrower concept of “Periods.”
- “Periods” has the narrower concept “Late Medieval B.”"
https://isl.ics.forth.gr/parthenos_vocabularies/Concept/7128,Target,Class,late medieval a,"In digital humanities metadata and periodization schemes, “Late Medieval A” typically denotes the first sub-phase of the Late Medieval period within a given classification system. Based on code 7128, it likely refers to a controlled vocabulary or timeline where:

- “Late Medieval” = the broader period (often c. 1300–1500 CE, depending on the scheme).
- “A” = the earlier sub-division within that Late Medieval span (e.g., Late Medieval A vs. Late Medieval B).

Thus, “Late Medieval A (7128)” identifies the earlier segment of the Late Medieval era in that specific DH taxonomy.","- “Late Medieval A” is a broader concept of “Periods”.
- “Periods” has the narrower concept “Late Medieval A”."
https://isl.ics.forth.gr/parthenos_vocabularies/Concept/7129,Target,Class,late upper paleolithic,"In digital humanities, “Late Upper Paleolithic” refers to the final phase of the Upper Paleolithic period (roughly 20,000–10,000 years ago, varying by region), characterized by advanced stone and bone tool industries, symbolic artifacts (art, ornaments), and complex hunter-gatherer lifeways. In datasets or project metadata (e.g., code 7129), it denotes temporal categorization for resources, sites, or artifacts from this specific late Upper Paleolithic timeframe.","- “Late Upper Paleolithic” is a broader concept’s member under “Periods.”
- “Periods” has the narrower concept “Late Upper Paleolithic.”"
https://isl.ics.forth.gr/parthenos_vocabularies/Concept/7130,Target,Class,renaissance,"In digital humanities, “Renaissance” refers to the European period (c. 14th–17th centuries) marked by a rebirth of classical learning, arts, and human-centered inquiry—often studied through digitized texts, artworks, archives, and computational methods to analyze its culture, networks, and knowledge production (e.g., 1300–1600/1700; Extra Info: 7130).","- Periods has narrower concept Renaissance.
- Renaissance has broader concept Periods."
https://isl.ics.forth.gr/parthenos_vocabularies/Concept/7131,Target,Class,viking period,"In digital humanities, “Viking Period” refers to the historical era (roughly late 8th to mid-11th century CE) associated with Scandinavian expansion, trade, raiding, settlement, and cultural exchange, used as a temporal category for organizing, annotating, and analyzing sources (texts, artifacts, places) related to Norse activity. 7131 indicates the specific controlled term or identifier used to tag this period in a dataset or ontology.","- “Viking Period” is a narrower concept of “Periods”.
- “Periods” is a broader concept of “Viking Period”."
https://isl.ics.forth.gr/parthenos_vocabularies/Concept/7132,Target,Class,late modern age,"In digital humanities, “Late Modern Age” typically refers to the historical period from the late 18th/early 19th century to the present, marked by industrialization, globalization, mass media, and digital transformation. It’s used as a temporal framework for studying how technologies, infrastructures, and information systems—from print capitalism to the internet—shape culture, knowledge production, and archival practices. (Code: 7132)","- “Late Modern Age” is a broader concept’s narrower term of “Periods.”
- “Periods” has the narrower concept “Late Modern Age.”"
https://isl.ics.forth.gr/parthenos_vocabularies/Concept/7133,Target,Class,imperial,"In digital humanities, “Imperial” typically refers to structures, archives, or perspectives tied to empires—especially how imperial power shaped knowledge production, metadata, classification systems, and cultural records. It signals attention to colonial/imperial contexts in data, algorithms, and collections, and the critique or recovery of voices marginalized by imperial frameworks.","- “Imperial” is a broader concept’s narrower term under “Periods.”
- “Periods” has the narrower concept “Imperial.”"
https://isl.ics.forth.gr/parthenos_vocabularies/Concept/7134,Target,Class,age of liberty,"In digital humanities, “Age of Liberty” typically refers to Sweden’s period from 1718–1772 marked by curtailed royal power, strengthened parliamentary rule (Riksdag), expanded press freedom (notably the 1766 Freedom of the Press Act), and vibrant public discourse—often studied as an early case of constitutionalism, information freedom, and participatory politics. 7134","- “Age of Liberty” is a broader concept’s member of “Periods”. → “Age of Liberty” is a more specific period within “Periods.”
- “Periods” has the narrower concept “Age of Liberty.” → “Periods” includes the narrower concept “Age of Liberty.”"
https://isl.ics.forth.gr/parthenos_vocabularies/Concept/7135,Target,Class,final bronze age,"In digital humanities, “Final Bronze Age” refers to the last phase of the Bronze Age in a given cultural-historical chronology, marking the transition toward the Iron Age. It denotes the terminal period of bronze-based technologies, material culture, and socio-economic patterns before widespread iron adoption. The code “7135” can function as a controlled-vocabulary or authority identifier (e.g., in a thesaurus/ontology) for this period label to standardize tagging, retrieval, and interoperability across datasets.","- “Final Bronze age” is a broader concept’s member of “Periods.” → “Final Bronze age” is a narrower term of “Periods.”
- “Periods” has the narrower concept “Final Bronze age.”"
https://isl.ics.forth.gr/parthenos_vocabularies/Concept/7136,Target,Class,iron age,"In digital humanities, “Iron Age” refers to the historical period characterized by the widespread use of iron for tools and weapons, typically following the Bronze Age. It’s used as a temporal metadata category for tagging, analyzing, and comparing cultural, archaeological, and textual materials dated to this era (chronology varies by region, roughly 1200–500 BCE in the Mediterranean, later in Northern Europe). The extra code 7136 can serve as an internal identifier for this period in a dataset or ontology.","- “Iron age” is a broader concept’s narrower term of “Periods” → “Iron age” is a narrower term of “Periods.”
- “Periods” has the narrower concept “Iron age” → “Periods” has narrower term “Iron age.”"
https://isl.ics.forth.gr/parthenos_vocabularies/Concept/7137,Target,Class,early iron age,"In digital humanities, “Early Iron Age” refers to the earliest phase of human societies that adopted iron metallurgy, typically following the Late Bronze Age. It’s a chronological-cultural label used to tag, classify, and analyze data (texts, artifacts, sites) dated to the initial spread of iron use for tools and weapons. Chronology varies by region (roughly 12th–6th centuries BCE in much of the Mediterranean/Near East; later in parts of Europe and elsewhere). The code 7137 can serve as a controlled-term or identifier linked to this period in a dataset or ontology.","- “Early Iron age” has broader concept “Periods”.
- “Periods” has narrower concept “Early Iron age”."
https://isl.ics.forth.gr/parthenos_vocabularies/Concept/7138,Target,Class,early roman age,"In digital humanities periodization, “Early Roman Age” typically refers to the early phase of Roman civilization—from the founding/kingdom and early Republic through Rome’s initial expansion—often roughly the 8th–3rd centuries BCE (c. 753–300 BCE). It marks the formative institutions, culture, and early political structures before the Middle/Late Republican and Imperial periods. 7138 likely denotes an internal code or dataset ID for this period.","- “Early Roman Age” is a broader concept of “Periods”.
- “Periods” has a narrower concept “Early Roman Age”."
https://isl.ics.forth.gr/parthenos_vocabularies/Concept/7139,Target,Class,upper paleolithic,"The Upper Palaeolithic is the final phase of the Paleolithic (Old Stone Age), roughly 50,000–10,000 years ago, marked by modern Homo sapiens, advanced stone and bone tools, art (cave paintings, portable art), symbolic behavior, and wider social networks. In digital humanities contexts, it often frames datasets and analyses of early human culture, material remains, and symbolism from this period. 7139","- Periods has narrower concept Upper Palaeolithic.
- Upper Palaeolithic has broader concept Periods."
https://isl.ics.forth.gr/parthenos_vocabularies/Concept/7140,Target,Class,orientalizing,"In digital humanities, “Orientalizing” refers to representing, categorizing, or interpreting people, cultures, and texts from the “Orient” (broadly, the Middle East, North Africa, and Asia) through Western-centric assumptions, stereotypes, or power-laden frames. It highlights how digital projects, datasets, metadata, interfaces, and algorithms can reproduce Orientalist biases—e.g., exoticizing labels, reductive taxonomies, or asymmetrical authority—unless critically designed to include contextualized vocabularies, community perspectives, and reflexive metadata practices.","- “Orientalizing” is a broader concept’s member of “Periods”. → “Orientalizing” is a narrower concept of “Periods”.
- “Periods” has the narrower concept “Orientalizing”."
https://isl.ics.forth.gr/parthenos_vocabularies/Concept/7141,Target,Class,karolinska dynasty,"In the context of digital humanities, “Karolinska Dynasty” refers to the line of Swedish monarchs named Karl (Charles)—notably Karl XI and Karl XII—whose reigns (late 17th to early 18th century) shaped Sweden’s “Carolean” era. In digital humanities projects, the term typically anchors metadata, ontologies, or corpora related to this period’s political, military, and cultural records (e.g., Carolean wars, administrative reforms, court culture), enabling periodization, entity linking, and thematic analysis across digitized sources.

Extra info 7141: used as an internal identifier or code for this term in a dataset or taxonomy.","- “Karolinska Dynasty” is a broader concept’s narrower term of “Periods.”
- “Periods” has the narrower concept “Karolinska Dynasty.”"
https://isl.ics.forth.gr/parthenos_vocabularies/Concept/7142,Target,Class,modern,"In digital humanities, “Modern” typically refers to the period from roughly the late 19th century to the mid-20th century (c. 1880–1945), associated with modernist culture, industrialization, and early mass media—distinct from “Early Modern” and “Contemporary.” It frames sources, methods, and themes (e.g., print culture, early cinema, radio, modernist literature) studied with digital tools. 7142 indicates the specific coding/category used for this period in your schema.","- “Modern” is a broader concept’s child of “Periods.” → “Modern” is a narrower concept of “Periods.”
- “Periods” has a narrower concept “Modern.”"
https://isl.ics.forth.gr/parthenos_vocabularies/Concept/7143,Target,Class,early vasa,"Early Vasa refers to the initial period of the Vasa (Vasa/Vasaätten) dynasty’s rule in Sweden, beginning with Gustav Vasa’s rise (1520s) through his early successors. In digital humanities, it typically denotes the early 16th-century Swedish state-building phase under the Vasa kings, used as a temporal tag or metadata category for texts, records, and cultural artifacts from roughly the 1520s–mid-16th century. 7143 likely serves as an internal code/identifier for this period in a dataset or ontology.","- “Early Vasa” is a broader concept’s member of “Periods.”  
- “Periods” has the narrower concept “Early Vasa.”"
https://isl.ics.forth.gr/parthenos_vocabularies/Concept/7144,Target,Class,proto paleolithic,"ProtoPaleolithic: A proposed earliest phase of human (or hominin) tool use and cultural activity that precedes the conventional Lower Paleolithic; in digital humanities contexts, it may denote the hypothesized or modeled pre-Oldowan horizon used in typologies, datasets, or ontologies to categorize the most rudimentary, pre-lithic or ultra-early lithic behaviors (e.g., percussive or opportunistic tool use) in timelines and controlled vocabularies.","- “Periods” has narrower concept “ProtoPaleolithic”.
- “ProtoPaleolithic” has broader concept “Periods”."
https://isl.ics.forth.gr/parthenos_vocabularies/Concept/7145,Target,Class,migration period,"In digital humanities, “Migration Period” typically refers to the era of large-scale population movements in Europe (c. 4th–8th centuries CE) and, in DH contexts, to how this period is studied using digital methods—e.g., digitized texts and inscriptions, GIS mapping of migrations, computational analysis of material culture, and network models of peoples and routes. The extra code 7145 likely tags this period/theme within a project or dataset.","- “Migration Period” has broader concept “Periods”.
- “Periods” has narrower concept “Migration Period”."
https://isl.ics.forth.gr/parthenos_vocabularies/Concept/7146,Target,Class,sub minoan,"In digital humanities (ID 7146), “Sub-Minoan” refers to the archaeological-cultural phase in Crete immediately following the end of the Late Minoan (LM) III period, roughly 12th–11th centuries BCE. It denotes material culture (especially pottery styles) that is transitional from Minoan to Early Iron Age/Protogeometric traditions, marking post-palatial, post-Mycenaean continuity and change on Crete.","- Periods has narrower concept Sub-Minoan.
- Sub-Minoan has broader concept Periods."
https://isl.ics.forth.gr/parthenos_vocabularies/Concept/7147,Target,Class,late geometric,"In digital humanities contexts dealing with ancient material culture, “Late Geometric” refers to the final phase of the Greek Geometric period, roughly late 8th century BCE (c. 760–700 BCE). It is characterized by dense linear/geometric decoration on pottery (meanders, triangles, concentric motifs), larger figural scenes (funerary processions, battles), and standardized vase shapes, often used as chronological/typological markers in datasets and cataloging. The code 7147 likely denotes this period in a controlled vocabulary or ontology entry.","- “Late Geometric” is a broader concept’s member of “Periods”.
- “Periods” has narrower concept “Late Geometric”."
https://isl.ics.forth.gr/parthenos_vocabularies/Concept/7148,Target,Class,lower neolithic,"In digital humanities contexts that periodize prehistory, “Lower Neolithic” refers to the earliest phase of the Neolithic era within a given regional sequence—i.e., the initial stage when farming, domestication, and sedentary settlements begin to appear, preceding “Middle” and “Upper/Late” Neolithic phases. The exact dates and traits vary by region, so “Lower Neolithic” is a relative, not universal, chronological label.","- Lower Neolithic is a broader concept under Periods.
- Periods has the narrower concept Lower Neolithic."
https://isl.ics.forth.gr/parthenos_vocabularies/Concept/7149,Target,Class,hellenistic i,"In this digital humanities context (ref. 7149), “Hellenistic I” denotes the first chronological sub-phase of the Hellenistic period used in a dataset/ontology for periodization. It typically marks the earlier Hellenistic era (post-Alexander, late 4th–3rd century BCE) as a distinct phase for tagging, classification, or analysis.","- “Hellenistic I” is a broader concept’s member of “Periods.”
- “Periods” has the narrower concept “Hellenistic I.”"
https://isl.ics.forth.gr/parthenos_vocabularies/Concept/7151,Target,Class,geometric cypro geometric iii,"Geometric (Cypro-Geometric) III refers to the third and latest phase of the Cypro-Geometric period in Cyprus, typically dated to the 8th century BCE (c. 850–750 BCE). In digital humanities contexts (e.g., classification, metadata, or typologies), it denotes a chronological/cultural label used to tag artifacts, pottery styles, or contexts from this phase. “7151” likely serves as an internal or controlled-vocabulary identifier for this period within a database or ontology.","- “Geometric (Cypro-Geometric) III” is a broader concept’s member of “Periods.”
- “Periods” has the narrower concept “Geometric (Cypro-Geometric) III.”"
https://isl.ics.forth.gr/parthenos_vocabularies/Concept/7152,Target,Class,early copper age,"Early Copper Age: The earliest phase of the Copper Age (Chalcolithic), when human societies first began using copper tools and ornaments alongside stone, marking a transition from the Neolithic toward more complex metallurgy and social organization. In digital humanities contexts, it denotes a chronological tag/category for datasets, texts, or artifacts dated to this initial copper-using period. Extra Info 7152: code/identifier for this period within a specific DH taxonomy or dataset.","- Early Copper Age is a broader concept’s member: it is narrower than Periods.
- Periods has a narrower concept: Early Copper Age."
https://isl.ics.forth.gr/parthenos_vocabularies/Concept/7153,Target,Class,early roman a,"In digital humanities, “Early Roman A” refers to the earliest phase of Roman (uppercase) inscriptional lettering, typically seen in Republican-era Latin epigraphy. It denotes an early stylistic form of the capital letter A used in stone inscriptions—characterized by wide stance, straight uprights, and a crossbar that can vary in height—used as a paleographic/typographic category for dating, classifying, and encoding letterforms in datasets (e.g., script typologies, epigraphic corpora). ID 7153 likely indexes this style variant in a controlled vocabulary or database.","- “Early Roman A” is a broader concept’s member of “Periods.” → “Early Roman A is a more specific period within Periods.”
- “Periods” has the narrower concept “Early Roman A.” → “Periods includes the narrower period Early Roman A.”"
https://isl.ics.forth.gr/parthenos_vocabularies/Concept/7154,Target,Class,late mesolithic,"In digital humanities contexts, “Late Mesolithic” refers to the latter phase of the Mesolithic (Middle Stone Age), typically characterized by hunter-gatherer societies using microlithic stone tools before the adoption of agriculture. “7154” likely denotes a project code, classification ID, or dataset entry linked to this period within a digital humanities database or catalog.","- “Late Mesolithic” is a broader concept within “Periods.”  
- “Periods” has the narrower concept “Late Mesolithic.”"
https://isl.ics.forth.gr/parthenos_vocabularies/Concept/7155,Target,Class,early roman b,"Early Roman B is a ceramic ware/classification used in digital humanities and archaeology to denote an early phase of Roman-period pottery (typically tableware) characterized by specific fabric, form, and surface treatments that distinguish it from later Roman B types. It is used as a controlled term/authority label (ID: 7155) in datasets to standardize references to this early Roman B pottery phase for cataloging, analysis, and interoperability across collections.","- “Early Roman B” is a broader concept’s member: it has broader “Periods.”
- “Periods” has the narrower concept “Early Roman B.”"
https://isl.ics.forth.gr/parthenos_vocabularies/Concept/7156,Target,Class,akrotiri,"Akrotiri: a prehistoric Aegean Bronze Age settlement on Santorini (Thera), famed for its well-preserved frescoes and urban layout; often studied in digital humanities for archaeological data modeling, 3D reconstruction, and cultural heritage analysis. Extra Information: 7156.","- “Akrotiri” has a broader concept: “Periods”.
- “Periods” has a narrower concept: “Akrotiri”."
https://isl.ics.forth.gr/parthenos_vocabularies/Concept/7157,Target,Class,metal age,"In digital humanities, “Metal Age” typically refers to the broad prehistoric periods defined by widespread use of metals—Bronze Age and Iron Age—used as temporal categories for organizing, annotating, and analyzing cultural-historical data (e.g., artifacts, texts, sites) in datasets and ontologies. It denotes epochs marked by metallurgical technologies rather than a specific event or culture.","- “Periods” has narrower concept “metal age”.
- “metal age” has broader concept “Periods”."
https://isl.ics.forth.gr/parthenos_vocabularies/Concept/7158,Target,Class,hungarian conquest period,"In digital humanities, “Hungarian Conquest Period” refers to the historical era (late 9th–early 10th century, c. 895–907 CE) when the Magyar tribes entered and took control of the Carpathian Basin, establishing the foundations of medieval Hungary. In datasets or metadata (e.g., code 7158), it denotes this specific temporal-cultural phase for tagging texts, artifacts, or events.","- “Hungarian Conquest Period” is a broader concept’s narrower term of “Periods.”  
- “Periods” has the narrower concept “Hungarian Conquest Period.”"
https://isl.ics.forth.gr/parthenos_vocabularies/Concept/7159,Target,Class,proto villanovan,"Proto-Villanovan refers to the Early Iron Age culture in Italy (c. 1100–900 BCE) characterized by cremation burials in biconical urns and simple, geometric material culture. In digital humanities, it denotes a classification tag or ontology term used to describe artifacts, sites, or datasets from this cultural horizon in pre-Roman Italy. 7159 likely serves as an internal identifier/code for this term in a database or controlled vocabulary.","- “Periods” has narrower concept “proto-Villanovan.”
- “proto-Villanovan” has broader concept “Periods.”"
https://isl.ics.forth.gr/parthenos_vocabularies/Concept/7160,Target,Class,illlyrian,"In digital humanities, “Illyrian” typically refers to:
- The ancient Indo-European peoples (and their languages) of the western Balkans (Adriatic coast, roughly modern Albania, Croatia, Bosnia and Herzegovina, Montenegro).
- Related linguistic/cultural labels used in historical sources and in modern metadata/taxonomies for tagging texts, inscriptions, onomastics, and archaeological records.

It may denote:
- Illyrian languages (poorly attested ancient languages).
- Illyria/Illyricum as Roman provincial regions.
- The 19th‑century “Illyrian movement” (South Slavic cultural/national revival), when relevant to metadata or corpora.

Use “Illyrian” carefully with temporal and regional qualifiers in datasets to avoid conflating ancient Illyrians with later South Slavic identities.","- “Illlyrian” is a broader concept’s member of “Periods.” → “Illlyrian” is a narrower term of “Periods.”
- “Periods” has the narrower concept “Illlyrian.”"
https://isl.ics.forth.gr/parthenos_vocabularies/Concept/7161,Target,Class,hallstatt a,"In digital humanities context, “Hallstatt A” refers to the earliest phase of the Hallstatt culture (Early Iron Age cultural sequence in Central Europe). Chronologically, Hallstatt A corresponds to the Late Bronze Age (often c. 12th–10th centuries BCE, varying by regional chronology) and precedes Hallstatt B–D. It designates a typological/chronological horizon used in archaeological datasets, classifications, and metadata (e.g., for artifact typologies, burial practices, and settlement phases).

Extra Information 7161: Identifier/code likely referencing a controlled-vocabulary or authority entry for “Hallstatt A” within a digital humanities dataset.","- “Hallstatt A” is broader term related to “Periods.”  
- “Periods” has the narrower term “Hallstatt A.”"
https://isl.ics.forth.gr/parthenos_vocabularies/Concept/7162,Target,Class,hallstatt b,"In digital humanities datasets on European prehistory, “Hallstatt B” denotes the second subphase of the Early Hallstatt period (Hallstatt culture) in Central Europe, roughly the later 11th–10th centuries BCE. It follows Hallstatt A and precedes Hallstatt C, and is used as a chronological/typological label for artifacts, burials, and sites in metadata and controlled vocabularies. The extra code 7162 likely refers to its identifier in a specific DH catalog or ontology.","- “Hallstatt B” is a broader concept of “Periods”. → “Hallstatt B” has broader “Periods”.
- “Periods” has narrower “Hallstatt B”."
https://isl.ics.forth.gr/parthenos_vocabularies/Concept/7163,Target,Class,la t ne,"La Tène refers to the later Iron Age cultural phase in Europe (c. 450–1 BCE), named after the archaeological site of La Tène on Lake Neuchâtel in Switzerland, characterized by distinctive Celtic art and material culture.","- “La Tène” has broader concept “Periods”.
- “Periods” has narrower concept “La Tène”."
https://isl.ics.forth.gr/parthenos_vocabularies/Concept/7164,Target,Class,hallstatt c,"In digital humanities contexts, “Hallstatt C” refers to a chronological and cultural phase within the Hallstatt period (Early Iron Age in Central Europe), specifically the middle phase dated roughly to the 8th–7th centuries BCE. It is used as a standardized period label in datasets, ontologies, and metadata to classify and tag archaeological materials, sites, and cultural phenomena associated with that phase. The “C” denotes a subdivision in the traditional Hallstatt sequence (A–D).","- “Hallstatt C” has broader concept “Periods”.
- “Periods” has narrower concept “Hallstatt C”."
https://isl.ics.forth.gr/parthenos_vocabularies/Concept/7165,Target,Class,hallstatt d,"In digital humanities contexts dealing with European prehistory, “Hallstatt D” refers to the late phase (phase D) of the Hallstatt culture, the final stage of the Early Iron Age in Central Europe, roughly 6th century BCE (ca. 620–450 BCE, depending on region). It designates a chronological/typological horizon used to classify artifacts, graves, and sites, often encoded as “Hallstatt D” (or Ha D) in datasets like 7165-series records.","- “Hallstatt D” is a broader concept’s member of “Periods.”
- “Periods” has the narrower concept “Hallstatt D.”"
https://isl.ics.forth.gr/parthenos_vocabularies/Concept/7166,Target,Class,proto neolithic,"Proto-Neolithic refers to transitional cultures and periods that precede and lead into the Neolithic, marked by early adoption of practices associated with sedentism and food production (e.g., experimentation with plant/animal management, semi-sedentary settlements, ground stone tools) but before full agricultural economies and permanent village life. In digital humanities contexts, it denotes a classification for tagging, modeling, or analyzing cultural data representing these pre-Neolithic transitional phases.","- Periods has narrower concept Proto-Neolithic.
- Proto-Neolithic has broader concept Periods."
https://isl.ics.forth.gr/parthenos_vocabularies/Concept/7167,Target,Class,late paleolithic b,"In digital humanities periodization schemas, “Late Paleolithic B” refers to the later sub-phase of the Late Paleolithic (Upper Paleolithic), typically marking the terminal Upper Paleolithic just before the Epipaleolithic/Mesolithic. It designates cultural-chronological units characterized by highly refined blade and microlithic technologies and often correlates with post-LGM reoccupation/expansion phases in Europe and Western Eurasia. The “B” distinguishes this later segment from an earlier “A” sub-phase within the Late Paleolithic sequence.","- “Late Paleolithic B” is a broader concept’s member of “Periods.”  
- “Periods” has the narrower concept “Late Paleolithic B.”"
https://isl.ics.forth.gr/parthenos_vocabularies/Concept/7168,Target,Class,mid imperial,"In digital humanities periodization, “Mid Imperial” typically denotes the middle phase of an empire’s imperial era—used as a time-slice label for organizing data, texts, or artifacts. It marks a span after an initial/early consolidation phase and before late/decline phases, serving as a categorical temporal tag rather than a precise year range. The exact dates depend on the empire or cultural tradition defined in the project’s controlled vocabulary (e.g., Roman, Chinese, or other “imperial” contexts).","- “Mid Imperial” is a broader concept’s narrower term of “Periods.”
- “Periods” has the narrower concept “Mid Imperial.”"
https://isl.ics.forth.gr/parthenos_vocabularies/Concept/7169,Target,Class,middle copper age,"In digital humanities/archaeological periodization, “Middle Copper Age” refers to the middle phase of the Copper Age (Chalcolithic), the transitional era between the Neolithic and the Bronze Age characterized by the widespread introduction and routine use of native copper alongside stone tools. It denotes a subdivision within the Copper Age sequence (Early–Middle–Late) used for dating, typology, and cultural attribution in datasets, gazetteers, and ontologies. The specific date range varies by region and authority; “7169” likely serves as an internal or ontology identifier for this period in your dataset.","- “Middle Copper Age” is broader concept’s child of “Periods”.
- “Periods” has the narrower concept “Middle Copper Age”."
https://isl.ics.forth.gr/parthenos_vocabularies/Concept/7170,Target,Class,pre roman iron age,"In digital humanities, “Pre-Roman Iron Age” refers to the archaeological period in Northern Europe (especially Scandinavia and parts of Central/Eastern Europe) before Roman cultural and political influence became significant. It spans the early Iron Age phases roughly c. 500/400 BCE to the beginning of the Roman Iron Age (around the turn of the era). It is used as a chronological label for classifying artifacts, sites, and datasets that predate sustained Roman contact. 7170 likely denotes a controlled vocabulary or code identifying this period in a metadata schema.","- Periods has narrower concept Pre-Roman Iron Age.
- Pre-Roman Iron Age has broader concept Periods."
https://isl.ics.forth.gr/parthenos_vocabularies/Concept/7171,Target,Class,late bronze age,"In digital humanities, “Late Bronze Age” refers to the final phase of the Bronze Age in a given region, characterized by advanced bronze metallurgy, complex trade networks, palatial/urban societies, and rich textual/archaeological records used for computational and data-driven analysis. Chronology is region-specific (often c. 1600–1200 BCE in the eastern Mediterranean). The code 7171 can serve as a project/tag identifier to standardize references to this period across datasets.","- “Late Bronze age” is a broader concept within “Periods.” (broader)
- “Periods” has the narrower concept “Late Bronze age.” (narrower)"
https://isl.ics.forth.gr/parthenos_vocabularies/Concept/7172,Target,Class,early byzantine,"In digital humanities, “Early Byzantine” refers to the initial phase of the Byzantine (Eastern Roman) cultural-historical period, typically ca. 4th–7th centuries CE (from Constantine/late Roman transformation through the era before or around the 7th-century crises and iconoclasm). It denotes the time frame used to classify and analyze texts, art, architecture, and material culture in datasets, metadata, and research workflows. Extra info 7172: use this period label to tag or filter relevant records.","- “Early Byzantine” has broader concept “Periods”.
- “Periods” has narrower concept “Early Byzantine”."
https://isl.ics.forth.gr/parthenos_vocabularies/Concept/7173,Target,Class,late paleolithic a,"In digital humanities datasets that periodize prehistory, “Late Paleolithic A” refers to the earlier subphase of the Late Paleolithic period within a given regional or project-specific chronology. It typically denotes the first segment of the Late Paleolithic (before “Late Paleolithic B”), used to tag, classify, or filter records (e.g., sites, artifacts, texts, or images) to that time slice. The code 7173 likely serves as the project’s internal identifier for this period label.","- “Late Paleolithic A” is a broader concept within “Periods.”  
- “Periods” has the narrower concept “Late Paleolithic A.”"
https://isl.ics.forth.gr/parthenos_vocabularies/Concept/7174,Target,Class,archaic cypro archaic i,"Archaic (Cypro-Archaic) I refers to the first phase of the Cypro-Archaic period in Cyprus, typically dated ca. 750–600 BCE. In digital humanities metadata (e.g., periodization vocabularies), the code 7174 likely identifies this period for tagging, classification, or interoperability across datasets.","- “Archaic (Cypro-Archaic) I” is a broader concept’s member: it is narrower than “Periods.”
- “Periods” has a more specific concept: “Archaic (Cypro-Archaic) I.”"
https://isl.ics.forth.gr/parthenos_vocabularies/Concept/7175,Target,Class,venetian,"In a digital humanities context, “Venetian” typically refers to anything related to Venice or its historical Republic—language, texts, records, art, printing, or cultural artifacts originating from or associated with Venice. It can denote:
- The Venetian language (a Romance language distinct from standard Italian)
- People from Venice
- Materials, styles, or data tied to Venice’s cultural, political, or economic history (e.g., Venetian archives, print culture, maps).

Extra info 7175 acknowledged.","- “Periods” has the narrower concept “Venetian.”
- “Venetian” has the broader concept “Periods.”"
https://isl.ics.forth.gr/parthenos_vocabularies/Concept/7176,Target,Class,late roman age,"In digital humanities, “Late Roman Age” typically refers to the later phase of the Roman Empire—roughly the 3rd to 5th centuries CE (often extending into the 6th in the East)—characterized by imperial reorganization (Diocletian/Constantine), Christianization, shifting frontiers, and transformation of Roman institutions. It’s used as a temporal category for tagging, periodization, and analysis of texts, artifacts, and datasets from this transitional era. (Ref: 7176)","- “Late Roman Age” is a broader concept’s narrower term of “Periods.”
- “Periods” has the narrower concept “Late Roman Age.”"
https://isl.ics.forth.gr/parthenos_vocabularies/Concept/7177,Target,Class,pitted ware culture,"The Pitted Ware culture was a Middle Neolithic hunter-gatherer-seal-hunter culture (c. 3300–2300 BCE) in coastal Scandinavia and the Baltic, named for its pottery decorated with small pit impressions. In digital humanities contexts, it denotes an archaeological-cultural complex identifiable through material signatures (notably pitted ceramics) used in datasets, typologies, and spatial analyses of Neolithic societies. Code: 7177.","- “Pitted Ware culture” is a narrower concept of “Periods”.
- “Periods” has the narrower concept “Pitted Ware culture”.
- “Pitted Ware culture” has the broader concept “Periods”."
https://isl.ics.forth.gr/parthenos_vocabularies/Concept/7178,Target,Class,migrations,"In digital humanities, “Migrations” refers to the movement and transformation of people, texts, data, or cultural artifacts across time, space, and media—and the methods used to trace, model, and analyze those movements. This can include:

- Human migrations: mapping and analyzing population flows and diasporas.
- Textual/data migrations: transferring collections between formats/platforms (e.g., digitization, database/platform migration) to ensure preservation and accessibility.
- Cultural migrations: tracking how ideas, genres, or artifacts circulate and change across regions and languages.

“7178” likely denotes a project ID or catalog reference associated with a specific migration-focused dataset or initiative.","- “Migrations” is broader conceptually than “Periods.” → Incorrect per triple; correct verbalization: “Migrations” has broader concept “Periods.”
- “Periods” has narrower concept “Migrations.”"
https://isl.ics.forth.gr/parthenos_vocabularies/Concept/7179,Target,Class,roman empire,"In digital humanities, “Roman Empire” typically refers to the historical polity (27 BCE–476 CE in the West, to 1453 in the East) as a dataset and research domain: texts (Latin/Greek corpora), inscriptions, papyri, prosopographies, places, and material culture encoded, linked, and analyzed computationally (e.g., TEI-encoded texts, epigraphic databases, GIS of Roman places). It denotes both the historical entity and the digital representations/ontologies used to study its people, institutions, geography, and culture at scale. Extra Information ID: 7179","- Periods has narrower concept Roman Empire.
- Roman Empire has broader concept Periods."
https://isl.ics.forth.gr/parthenos_vocabularies/Concept/7180,Target,Class,historic,"In digital humanities, “historic” refers to anything belonging to or originating in the past that carries recognized significance—events, artifacts, texts, data, or practices considered important for understanding cultural, social, or intellectual history. It contrasts with “historical” (relating to the study of history in general). “Historic” marks items as notably significant within curated datasets, metadata, or interpretive frameworks.","- “Historic” is a broader concept’s member of “Periods.” → “Historic” has broader concept “Periods.”
- “Periods” has a narrower concept “Historic.”"
https://isl.ics.forth.gr/parthenos_vocabularies/Concept/7181,Target,Class,elizabethan,"In digital humanities, “Elizabethan” refers to texts, culture, and artifacts from the reign of Queen Elizabeth I of England (1558–1603). It typically denotes the period’s literature, drama (e.g., Shakespeare, Marlowe), language usage, and historical context as metadata or analytical categories in projects and datasets. Extra Info 7181 acknowledged.","- “Elizabethan” is a broader concept’s narrower term under “Periods.”
- “Periods” has the narrower concept “Elizabethan.”"
https://isl.ics.forth.gr/parthenos_vocabularies/Concept/7182,Target,Class,middle roman b,"Middle Roman B is a Roman coarseware pottery fabric and typological phase used in digital humanities/archaeology datasets (often in typologies like the PRS or related corpora). It denotes a mid–Imperial Roman ceramic fabric/group (“B” variant) dated roughly to the middle Roman period, with specific fabric traits (e.g., temper, color, firing) used for classification and interoperability in databases. Identifier 7182 likely refers to its controlled vocabulary/authority entry in a DH system.","- “Middle Roman B” is a broader concept’s member: it has the broader concept “Periods.”
- “Periods” has the narrower concept “Middle Roman B.”"
https://isl.ics.forth.gr/parthenos_vocabularies/Concept/7183,Target,Class,hellenistic ii,"In this digital humanities context (ref. 7183), “Hellenistic II” denotes the second chronological subdivision of the Hellenistic period used in dataset/metadata schemas—typically the mid-phase following “Hellenistic I” and preceding “Hellenistic III.” It’s a controlled time period label for classification and indexing, not a stylistic term.","- “Hellenistic II” is a broader concept’s member of “Periods”.
- “Periods” has a narrower concept “Hellenistic II”."
https://isl.ics.forth.gr/parthenos_vocabularies/Concept/7184,Target,Class,paleolithic,"In digital humanities context, “Palaeolithic” refers to the earliest period of human prehistory characterized by stone tool use—literally “Old Stone Age.” It spans from the first known stone tools (c. 3.3–2.6 million years ago) to the advent of agriculture (c. 10,000 BCE), and is a key temporal category for organizing and analyzing archaeological and cultural datasets.","- “Palaeolithic” is a broader concept’s narrower term of “Periods.”
- “Periods” has the narrower concept “Palaeolithic.”"
https://isl.ics.forth.gr/parthenos_vocabularies/Concept/7185,Target,Class,hohenstaufen,"In digital humanities contexts, “Hohenstaufen” refers to the medieval German royal and imperial dynasty (12th–13th centuries) that ruled the Holy Roman Empire—also called the Staufer—associated with emperors like Frederick I Barbarossa and Frederick II.","- Hohenstaufen has broader concept Periods.
- Periods has narrower concept Hohenstaufen."
https://isl.ics.forth.gr/parthenos_vocabularies/Concept/7186,Target,Class,middle roman a,"Middle Roman A is a glyph classification used in medieval Latin paleography to denote the “two-compartment” (double-lobed) form of the lowercase letter a characteristic of Middle Roman (Caroline/early Gothic transition) scripts. In digital humanities contexts (e.g., script taxonomies, TEI or script annotation), it identifies this specific historical letterform for transcription, classification, or training datasets. The code 7186 likely refers to its identifier in a script/character catalog or dataset index.","- “Middle Roman A” is a broader concept’s member of “Periods.”
- “Periods” has the narrower concept “Middle Roman A.”"
https://isl.ics.forth.gr/parthenos_vocabularies/Concept/7187,Target,Class,roman antiquity,"In digital humanities, “Roman antiquity” refers to the study of the Roman world—from the Roman Republic through the Roman Empire—using computational and digitized methods and sources. It encompasses Roman history, literature, language (Latin and related epigraphy), art, archaeology, law, religion, and daily life, analyzed via digital corpora, GIS mapping, 3D reconstructions, databases, and computational text/image analysis. The “7187” identifier can denote a project ID, dataset, or classification code within a digital humanities framework tied to Roman antiquity resources or research.","- Periods has narrower concept Roman antiquity.
- Roman antiquity has broader concept Periods."
https://isl.ics.forth.gr/parthenos_vocabularies/Concept/7188,Target,Class,classical,"In digital humanities, “Classical” typically refers to the languages, texts, cultures, and material heritage of the ancient Greco-Roman world (and often adjacent traditions like classical Latin and Ancient Greek), as studied and analyzed using digital methods and tools.","- “Classical” is broader term of “Periods.” → Incorrect (broader points to a more general concept)
- “Classical” is a narrower term of “Periods.”
- “Periods” has narrower term “Classical.”
- “Periods” is a broader term of “Classical.”"
https://isl.ics.forth.gr/parthenos_vocabularies/Concept/7189,Target,Class,late medieval,"In digital humanities periodization, “Late Medieval” typically refers to the later phase of the European Middle Ages, roughly the 14th–15th centuries (c. 1300–1500). It’s used as a temporal tag or metadata category for sources, events, and cultural productions from that span, often bridging into the early Renaissance. The code 7189 can serve as an internal project identifier for this period label.","- “Late Medieval” is a broader concept’s narrower term of “Periods”.
- “Periods” has narrower concept “Late Medieval”."
https://isl.ics.forth.gr/parthenos_vocabularies/Concept/7190,Target,Class,early mesolithic,"Early Mesolithic: the earliest phase of the Mesolithic (Middle Stone Age), marked by post-glacial hunter-gatherer cultures using microlithic stone tools, typically dated to around the early 7th millennium BCE in many European chronologies—here indicated by the code/reference “7190.”","- “Early Mesolithic” is a broader concept’s member of “Periods.”
- “Periods” has the narrower concept “Early Mesolithic.”"
https://isl.ics.forth.gr/parthenos_vocabularies/Concept/7191,Target,Class,geometric cypro geometric ii,"Geometric (Cypro-Geometric) II refers to the second phase of the Cypro-Geometric period in Cyprus’s archaeological chronology. In digital humanities/metadata terms (e.g., periodization vocabularies), it designates a cultural-historical time slice on Cyprus characterized by Geometric-style material culture (notably pottery) and is used for tagging/annotating objects, sites, or texts to that date range. 

Extra Information 7191: identifier/code likely referencing this period entry in a controlled vocabulary or database (e.g., a period authority ID).","- “Geometric (Cypro-Geometric) II” is a broader concept’s member of “Periods.”
- “Periods” has the narrower concept “Geometric (Cypro-Geometric) II.”"
https://isl.ics.forth.gr/parthenos_vocabularies/Concept/7192,Target,Class,early modern,"In digital humanities, “Early modern” typically refers to the period c. 1500–1800, covering the Renaissance through the Enlightenment, marked by print culture’s rise, global exploration/colonialism, Reformation, and early scientific inquiry. It’s a temporal category used to scope texts, archives, and datasets from this era.","- “Early modern” is broader term’s child of “Periods” → “Early modern” has broader concept “Periods”.
- “Periods” has narrower concept “Early modern”."
https://isl.ics.forth.gr/parthenos_vocabularies/Concept/7193,Target,Class,middle iron age,"In digital humanities, “Middle Iron Age” typically refers to the middle phase of the Iron Age within a given region’s chronological framework, used as a metadata/periodization label to tag, query, and compare cultural materials (artifacts, texts, sites). Because Iron Age chronologies are region-specific, “Middle Iron Age” denotes the intermediate sub-period between an Early and a Late Iron Age for that region (e.g., in parts of Europe roughly mid–1st millennium BCE; in sub-Saharan Africa, often later), and is used to standardize temporal references in datasets, ontologies, and controlled vocabularies. The code 7193 can serve as an internal identifier for this period in a database or ontology.","- “Middle Iron age” is a broader concept’s narrower term of “Periods.”
- “Periods” has the narrower concept “Middle Iron age.”"
https://isl.ics.forth.gr/parthenos_vocabularies/Concept/7194,Target,Class,middle geometric,"In digital humanities, “Middle Geometric” typically refers to the middle phase of the Greek Geometric period (ca. 850–760 BCE) used as a metadata term for classifying and annotating artifacts, artworks, or texts. It denotes a stylistic/chronological category characterized by geometric motifs (meanders, concentric circles) and increasingly complex vase decoration, used for indexing, dating, and interoperable data tagging in cultural heritage datasets. The extra code “7194” likely serves as an internal or authority identifier for this term in a controlled vocabulary or ontology.","- “Middle Geometric” is a broader concept’s member: it is narrower than “Periods.”
- “Periods” has a narrower concept: “Middle Geometric.”"
https://isl.ics.forth.gr/parthenos_vocabularies/Concept/7195,Target,Class,lower eneolithic,"In digital humanities contexts—especially when tagging or periodizing archaeological data—“Lower Eneolithic” refers to the earliest phase of the Eneolithic (Chalcolithic or Copper Age), the transitional period between the Neolithic and the Bronze Age marked by the first use of copper alongside stone tools. It denotes the lower/earliest sub-phase within the Eneolithic sequence, useful for finer chronological classification (e.g., Lower, Middle, Upper Eneolithic). The extra code 7195 likely serves as an internal period identifier in your dataset or ontology.","- “Lower Eneolithic” is a broader concept’s narrower term of “Periods.”
- “Periods” has the narrower concept “Lower Eneolithic.”"
https://isl.ics.forth.gr/parthenos_vocabularies/Concept/7196,Target,Class,middle upper paleolithic,"In digital humanities, “Middle Upper Paleolithic” refers to the mid-phase of the Upper Paleolithic period in human prehistory, typically dated roughly to ca. 35,000–28,000 years before present (regional ranges vary). It denotes a cultural-chronological subdivision used to categorize archaeological materials (e.g., tool industries like Gravettian in parts of Europe), stratigraphic layers, and associated human behaviors/artifacts within datasets, ontologies, and metadata schemas. The identifier 7196 likely serves as a controlled-vocabulary or authority ID for this term in a DH database or thesaurus.","- “Middle Upper Paleolithic” is a broader concept within “Periods.”
- “Periods” has the narrower concept “Middle Upper Paleolithic.”"
https://isl.ics.forth.gr/parthenos_vocabularies/Concept/7197,Target,Class,muslim,"In digital humanities usage, “Muslim” refers to a person who follows Islam—i.e., someone who submits to God (Allah) and identifies with Islamic belief and practice. In data/metadata contexts (e.g., code 7197), it is a religious identity label used for classification, tagging, or analysis of texts, people, or communities associated with Islam.","- “Muslim” is a broader concept’s member: “Muslim” is a narrower concept of “Periods.”
- “Periods” has a narrower concept: “Muslim.”"
https://isl.ics.forth.gr/parthenos_vocabularies/Concept/7198,Target,Class,maglemosian culture,"In digital humanities context, “Maglemosian culture” refers to an early Mesolithic archaeological culture (c. 9000–6000 BCE) of northern Europe—named after the Danish site Maglemose—characterized by microlithic stone tools, bone/antler implements, and wetland/lakeshore settlements. It’s a classification used in datasets, ontologies, and metadata to tag/describe Mesolithic materials and sites. Code 7198 likely serves as an internal identifier for this cultural term.","- “Maglemosian culture” is a broader concept’s member of “Periods” (i.e., it falls under “Periods”).
- “Periods” has the narrower concept “Maglemosian culture.”"
https://isl.ics.forth.gr/parthenos_vocabularies/Concept/7199,Target,Class,late copper age,"In digital humanities, “Late Copper Age” refers to the final phase of the Copper Age (Chalcolithic), when copper use is widespread but before the adoption of bronze. Chronologically it varies by region (often c. 3500–2500 BCE in much of Eurasia). In data terms (e.g., code 7199), it’s a period label used to tag or classify cultural materials, sites, or records to that terminal Chalcolithic timeframe.","- Late Copper Age is a broader concept’s member of Periods.
- Periods has the narrower concept Late Copper Age."
https://isl.ics.forth.gr/parthenos_vocabularies/Concept/7200,Target,Class,middle bronze age,"In digital humanities terms, “Middle Bronze Age” refers to the middle phase of the Bronze Age cultural-historical period, used as a metadata category for dating and contextualizing artifacts, texts, sites, and datasets. It typically denotes ca. 2000–1550 BCE in the Near East/Eastern Mediterranean (regional ranges vary) and is used for temporal tagging, periodization, and comparative analysis in DH projects. 

7200: If this is a project code or time-slice identifier, map it to the Middle Bronze Age period in your schema so records tagged “7200” resolve to Middle Bronze Age in queries and visualizations.","- “Middle Bronze age” is a broader concept’s member of “Periods.” (Middle Bronze age broader Periods)
- “Periods” has narrower concept “Middle Bronze age.” (Periods narrower Middle Bronze age)"
https://isl.ics.forth.gr/parthenos_vocabularies/Concept/7201,Target,Class,late paleolithic,"In digital humanities contexts, “Late Palaeolithic” refers to the final phase of the Paleolithic (Old Stone Age), roughly 50,000–10,000 years ago (dates vary by region), characterized by modern Homo sapiens, advanced stone tool industries (e.g., blade technologies, microliths), portable and cave art, and complex symbolic/ritual behavior—often used as a chronological and cultural tag in datasets, metadata, and computational analyses of archaeological materials.","- “Late Palaeolithic” is a broader concept within “Periods.”  
- “Periods” has the narrower concept “Late Palaeolithic.”"
https://isl.ics.forth.gr/parthenos_vocabularies/Concept/7202,Target,Class,transition from eneolithic to bronze age,"In digital humanities, “Transition from Eneolithic to Bronze Age” refers to the period and process—often modeled, annotated, or dated in datasets—when societies shifted from the Copper Age (Eneolithic/Chalcolithic), marked by limited copper use and stone tools, to the Bronze Age, characterized by widespread bronze metallurgy (copper alloyed with tin/arsenic), new technologies, social complexity, and changing settlement/economic patterns. 

Using 7202 as a code/identifier, it likely denotes a controlled-vocabulary term or numeric key in a database/ontology that tags records (sites, layers, artifacts, texts) as belonging to this transitional phase.","- Periods has narrower concept Transition from Eneolithic to Bronze Age.
- Transition from Eneolithic to Bronze Age has broader concept Periods."
https://isl.ics.forth.gr/parthenos_vocabularies/Concept/7203,Target,Class,funnelbeaker culture,"The Funnelbeaker culture (TRB, from German Trichterbecherkultur) was a Neolithic archaeological culture in northern-central Europe (c. 4000–2700 BCE), named for its characteristic funnel-shaped pottery beakers. It is associated with early farming communities, megalithic tombs, polished stone tools, and mixed agro-pastoral economies across regions of modern Denmark, northern Germany, the Netherlands, and southern Scandinavia. In digital humanities contexts (ref. 7203), it denotes the cultural-historical dataset/category used to tag, analyze, and compare material remains (pottery typologies, megalithic structures, settlement patterns) within computational or GIS-based studies of European prehistory.","- “Funnelbeaker culture” is broader concept’s member of “Periods.” (i.e., Funnelbeaker culture has broader concept Periods.)
- “Periods” has the narrower concept “Funnelbeaker culture.”"
https://isl.ics.forth.gr/parthenos_vocabularies/Concept/7204,Target,Class,middle neolithic b,"Middle Neolithic B refers to a sub-phase within the Middle Neolithic period, used in archaeological periodization to denote a later stage of the Middle Neolithic characterized by specific cultural assemblages (e.g., pottery styles, lithics), settlement patterns, and sometimes early agricultural practices. In digital humanities context (ID 7204), it functions as a controlled-vocabulary term or timespan label for annotating, indexing, and comparing datasets about Neolithic materials and sites, enabling consistent temporal tagging and interoperability across collections.","- “Middle Neolithic B” is a broader concept’s member of “Periods.”
- “Periods” has the narrower concept “Middle Neolithic B.”"
https://isl.ics.forth.gr/parthenos_vocabularies/Concept/7205,Target,Class,middle neolithic a,"Middle Neolithic A refers to the earlier subphase of the Middle Neolithic period in archaeological periodization. In digital humanities contexts (e.g., ontologies, controlled vocabularies, or datasets), it typically denotes a standardized temporal category used to tag or classify cultural materials, sites, or events dated to the first part of the Middle Neolithic. The “A” distinguishes it from a subsequent “B” subphase, aiding finer-grained temporal annotation and interoperability across datasets. The code 7205 likely serves as its internal identifier in the referenced digital humanities system.","- “Middle Neolithic A” is a broader concept’s member of “Periods.”
- “Periods” has the narrower concept “Middle Neolithic A.”"
https://isl.ics.forth.gr/parthenos_vocabularies/Concept/7206,Target,Class,chalcolithifc,"Chalcolithic refers to the Copper Age, a prehistoric period marked by the first use of copper tools alongside stone tools, bridging the Neolithic and Bronze Age. In digital humanities, it would tag or categorize artifacts, texts, or datasets related to this Copper Age context. 7206 likely serves as an internal or dataset identifier.","- Chalcolithifc is a broader concept’s member under Periods.
- Periods has the narrower concept Chalcolithifc."
https://isl.ics.forth.gr/parthenos_vocabularies/Concept/7207,Target,Class,chalcolithic,"Chalcolithic: The transitional period between the Neolithic and the Bronze Age marked by the first use of copper (chalco-) alongside stone tools, often associated with early metallurgy and changing social/technological practices. In digital humanities, it typically tags/frames datasets, texts, or artifacts dated to this copper–stone phase. Extra info ref: 7207.","- Chalcolithic is a broader concept’s narrower term of Periods.  
- Periods has the narrower concept Chalcolithic."
https://isl.ics.forth.gr/parthenos_vocabularies/Concept/7208,Target,Class,submycenaean,"Submycenaean refers to the transitional cultural phase in ancient Greece between the collapse of the Mycenaean (Late Bronze Age) palatial system and the beginning of the Protogeometric period (Early Iron Age), roughly 12th–11th century BCE. In digital humanities, it typically denotes a classification used in datasets, typologies, or metadata for artifacts (e.g., pottery styles) and stratigraphic layers associated with this brief post-Mycenaean phase. Code 7208 can serve as an internal identifier for this period/category in a digital corpus.","- “Periods” has narrower concept “Submycenaean”.
- “Submycenaean” has broader concept “Periods”."
https://isl.ics.forth.gr/parthenos_vocabularies/Concept/7209,Target,Class,roman ii,"In digital humanities, “Roman II” typically refers to the uppercase Roman numeral II used as a subdivision or section label (e.g., “Part II”), often encoded distinctly from lowercase (ii) and from Arabic numerals (2). In text encoding (e.g., TEI), it’s treated as a literal Roman numeral token for structural hierarchy rather than a numeric value.

Extra info 7209: if this is an internal code, it likely links to the Roman numeral “II” designation for item/section 7209’s second part or volume.","- “Periods” has narrower concept “Roman II”.
- “Roman II” has broader concept “Periods”."
https://isl.ics.forth.gr/parthenos_vocabularies/Concept/7210,Target,Class,archaic illyrian,"In digital humanities, “Archaic Illyrian” typically refers to the earliest attested phase of the Illyrian language(s) and onomastic material (names, glosses, ethnonyms) from the western Balkans, roughly before the Hellenistic period, accessed through fragmentary epigraphy, classical sources, and archaeological context. It denotes a data category/time-slice (e.g., period code 7210) used to tag and analyze linguistic and cultural artifacts—names, toponyms, inscriptions—linked to early Illyrian-speaking communities prior to later linguistic influences and standardizations.","- Archaic Illyrian is a broader concept under Periods.
- Periods has the narrower concept Archaic Illyrian."
https://isl.ics.forth.gr/parthenos_vocabularies/Concept/7211,Target,Class,early paleolithic,"In digital humanities contexts, “Early Paleolithic” refers to the earliest phase of the Paleolithic (Old Stone Age), marked by the first stone tool traditions (e.g., Oldowan, early Acheulean), roughly from about 3.3 million to ~300–250 thousand years ago, depending on regional chronology. It denotes the period of earliest hominin technologies and behaviors before the Middle Paleolithic.","- Early Paleolithic is a broader concept’s member of Periods.
- Periods has the narrower concept Early Paleolithic."
https://isl.ics.forth.gr/parthenos_vocabularies/Concept/7212,Target,Class,vendel period,"In digital humanities, “Vendel Period” refers to the Scandinavian (especially Swedish) era ca. 550–790 CE, named after rich boat graves at Vendel. It precedes the Viking Age and is characterized by elite warrior culture, ornate metalwork (helmet and shield fittings), and boat burials—often used as temporal metadata for tagging, classifying, or interpreting early medieval Nordic texts, artifacts, and datasets. (Ref. code: 7212)","- “Vendel Period” is a narrower concept of “Periods”.
- “Periods” has the narrower concept “Vendel Period”.
- “Vendel Period” has the broader concept “Periods”.
- “Periods” is a broader concept of “Vendel Period”."
https://isl.ics.forth.gr/parthenos_vocabularies/Concept/7213,Target,Class,hallstatt iron age,"In digital humanities, “Hallstatt Iron Age” refers to the early Iron Age cultural phase in central Europe (ca. 800–450 BCE), defined archaeologically by the Hallstatt culture (rich burials, fortified settlements, characteristic metalwork). In data/metadata contexts (e.g., controlled vocabularies, periodization schemas), it denotes this specific time-span and cultural horizon for tagging, aligning, or comparing artifacts, sites, and texts—often keyed with an internal identifier (e.g., 7213) for consistent reference.","- “Hallstatt Iron Age” is a broader concept’s member of “Periods”.
- “Periods” has the narrower concept “Hallstatt Iron Age”."
https://isl.ics.forth.gr/parthenos_vocabularies/Concept/7214,Target,Class,modern age,"In digital humanities, the “Modern Age” typically refers to the period from the late 19th to the late 20th century, marked by industrialization, mass media, and the rise of computational and information technologies that set the stage for digital methods in humanities research. 7214","- “Modern Age” is a broader concept’s narrower term of “Periods”.  
- “Periods” has the narrower concept “Modern Age”."
https://isl.ics.forth.gr/parthenos_vocabularies/Concept/7215,Target,Class,lower paleolithic,"The Lower Palaeolithic is the earliest phase of the Paleolithic (Old Stone Age), roughly 3.3 million to about 300,000 years ago, marked by the first stone tools (Oldowan, then Acheulean) and hominin species like Homo habilis and Homo erectus. In digital humanities context, it frames datasets, annotations, and analyses concerning early human material culture, technology, and sites from this period. 7215","- Lower Palaeolithic has broader term Periods.
- Periods has narrower term Lower Palaeolithic."
https://isl.ics.forth.gr/parthenos_vocabularies/Concept/7216,Target,Class,protogeometric,"In digital humanities, “Protogeometric” refers to the early Greek cultural-artistic phase (c. 1050–900 BCE) characterized by geometric motifs on pottery, used as a chronological/metadata term for classifying, tagging, or analyzing artifacts and datasets from that period. (Ref: 7216)","- Periods has narrower concept Protogeometric.
- Protogeometric has broader concept Periods."
https://isl.ics.forth.gr/parthenos_vocabularies/Concept/7217,Target,Class,georgian,"In digital humanities, “Georgian” typically refers to the Georgian language/script and related cultural-textual materials from Georgia (the country), i.e., resources in the Mkhedruli script, metadata standards or corpora tagged as Georgian, and computational work (OCR, NLP, encoding) for Georgian texts.","- Georgian is broader concept of Periods. → Incorrect per triples. Correct: Georgian has broader concept Periods.
- Periods has narrower concept Georgian."
https://isl.ics.forth.gr/parthenos_vocabularies/Concept/7218,Target,Class,la t ne iii,"In digital humanities contexts dealing with archaeological periodization, “La Tène III” denotes the late phase of the La Tène culture (Late Iron Age in Europe), typically the final sub-period before Roman conquest/assimilation. It follows La Tène I (early) and La Tène II (middle) and is characterized by late Celtic material culture and stylistic developments. The code “7218” can be used as the internal reference/identifier for this term in your dataset.","- “La Tène III” is a broader concept’s member of “Periods.” → “La Tène III” has broader “Periods.”
- “Periods” has the narrower concept “La Tène III.”"
https://isl.ics.forth.gr/parthenos_vocabularies/Concept/7219,Target,Class,bronze age,"In digital humanities, “Bronze Age” refers to the historical period characterized by the widespread use of bronze (an alloy of copper and tin) for tools, weapons, and art, typically following the Neolithic and preceding the Iron Age. In datasets or projects (e.g., tagged as 7219), it denotes a cultural-chronological category used to organize, analyze, and compare archaeological and textual evidence from roughly 3300–1200 BCE (varying by region).","- “Bronze age” is a broader concept of “Periods”. → Incorrect per SKOS; broader means the first is more specific. Correct verbalization:
- “Bronze age” has broader concept “Periods”.
- “Periods” has narrower concept “Bronze age”."
https://isl.ics.forth.gr/parthenos_vocabularies/Concept/7220,Target,Class,middle iron age,"In digital humanities datasets, “Middle Iron Age” typically denotes the mid-phase of the Iron Age within a given regional chronological scheme. It marks the period between the Early and Late Iron Age, characterized by mature iron metallurgy, evolving settlement patterns, and distinctive material culture. Its absolute dates vary by region (e.g., in much of Europe roughly mid–1st millennium BCE; in Britain often c. 400–100 BCE), so metadata or the project’s controlled vocabulary should be consulted for the specific date range. The code “7220” likely identifies this period in the project’s taxonomy or authority file.","- “Middle Iron Age” has broader concept “Periods”.
- “Periods” has narrower concept “Middle Iron Age”."
https://isl.ics.forth.gr/parthenos_vocabularies/Concept/7221,Target,Class,middle paleolithic,"In digital humanities context, “Middle Palaeolithic” refers to the archaeological period roughly 300,000–40,000 years ago (varying regionally), characterized by Neanderthals and early Homo sapiens, and by stone-tool industries such as the Mousterian (Levallois flake technology). It denotes a cultural-technological phase used for tagging, classifying, and analyzing datasets (e.g., artifacts, sites, texts/metadata) with the temporal code 7221.","- “Middle Palaeolithic” is broader term’s narrower concept of “Periods.” → “Middle Palaeolithic” is a narrower term of “Periods.”
- “Periods” has the narrower concept “Middle Palaeolithic.” → “Periods” has “Middle Palaeolithic” as a narrower term."
https://isl.ics.forth.gr/parthenos_vocabularies/Concept/7222,Target,Class,high middle ages,"In digital humanities contexts, the “High Middle Ages” refers to the central phase of the medieval period in Europe, roughly c. 1000–1300 CE, marked by population growth, urbanization, the rise of universities, Romanesque to early Gothic culture, intensified manuscript production, and expanding Latin and vernacular literacies—key for DH datasets on texts, metadata, and cultural networks. (Ref: 7222)","- Periods has narrower concept high Middle Ages.
- High Middle Ages has broader concept Periods."
https://isl.ics.forth.gr/parthenos_vocabularies/Concept/7223,Target,Class,modern period,"In digital humanities, the “Modern period” typically refers to the era from the late 18th or early 19th century through the 20th century (often c. 1800–2000), marked by industrialization, nation-states, mass print culture, and later digital media—distinct from the Medieval and Early Modern periods. It’s a working temporal category for organizing texts, data, and cultural artifacts in projects and corpora (e.g., modern literature, newspapers, archives). The code 7223 can tag or scope datasets to this period.","- “Modern period” is a broader concept’s narrower term of “Periods.”
- “Periods” has the narrower concept “Modern period.”"
https://isl.ics.forth.gr/parthenos_vocabularies/Concept/7224,Target,Class,roman,"In digital humanities, “Roman” typically refers to the Latin script (as opposed to, e.g., Cyrillic or Arabic) and to upright (non-italic) type in typography. It can denote texts encoded or displayed in the Roman/Latin alphabet and the standard, non-italic font style used in digital editions and metadata.","- “Periods” has narrower concept “Roman”.
- “Roman” has broader concept “Periods”."
https://isl.ics.forth.gr/parthenos_vocabularies/Concept/7225,Target,Class,early empire,"In digital humanities, “Early Empire” typically refers to the early phase of the Roman Empire—roughly from Augustus’s reign (27 BCE) through the first two centuries CE (often up to the Severan dynasty). It’s used as a periodization tag for texts, artifacts, and datasets pertaining to this timeframe. The extra code 7225 likely serves as an internal identifier for this period within a project or database.","- “Early Empire” is a broader concept’s narrower term of “Periods.”
- “Periods” has the narrower concept “Early Empire.”"
https://isl.ics.forth.gr/parthenos_vocabularies/Concept/7226,Target,Class,middle mesolithic,"In digital humanities context, “Middle Mesolithic” refers to the middle phase of the Mesolithic (Middle Stone Age) in Europe, typically characterized by microlithic stone tool traditions, hunter-gatherer lifeways, and postglacial environmental adaptation between the Early and Late Mesolithic. It serves as a temporal category for classifying and analyzing archaeological data (e.g., artifacts, sites, radiocarbon dates) in datasets and ontologies. 7226 likely denotes an internal code or identifier for this term in the given dataset or taxonomy.","- “Middle Mesolithic” is a broader concept under “Periods.”
- “Periods” has the narrower concept “Middle Mesolithic.”"
https://isl.ics.forth.gr/parthenos_vocabularies/Concept/7227,Target,Class,middle roman,"In digital humanities, “Middle Roman” typically refers to the Middle Roman cursive/script stage of Latin paleography—an intermediate phase between Old Roman cursive and later medieval scripts. It denotes the handwriting forms used roughly from the late 3rd/4th century to around the 7th/8th century, characterized by more regularized letterforms than Old Roman cursive and serving as a bridge toward Carolingian and other medieval scripts.

Extra info 7227 likely points to an internal catalog/identifier for this script stage.","- “Middle Roman” is a broader concept’s narrower term of “Periods”.
- “Periods” has the narrower concept “Middle Roman”."
https://isl.ics.forth.gr/parthenos_vocabularies/Concept/7228,Target,Class,kalmar union,"The Kalmar Union was a political union (1397–1523) uniting the kingdoms of Denmark, Norway (including Iceland, Greenland, Faroe Islands), and Sweden (including Finland) under a single monarch, while each realm kept its own laws and institutions. In digital humanities contexts, it often appears as a historical metadata tag or entity linking term for late medieval Scandinavian political structures, timelines, and prosopographical or geospatial datasets. Reference ID: 7228.","- “Kalmar union” is a broader concept of “Periods.” → “Kalmar union” is a kind of “Periods.”
- “Periods” has the narrower concept “Kalmar union.” → “Kalmar union” is a subcategory of “Periods.”"
https://isl.ics.forth.gr/parthenos_vocabularies/Concept/7229,Target,Class,late neolithic b,"Late Neolithic B refers to the later subphase of the Neolithic period in a given regional chronology, typically following Late Neolithic A. In digital humanities contexts, it’s a controlled chronological label used to tag, organize, and compare cultural materials, sites, or datasets dated to that specific late Neolithic subphase. The “B” distinguishes it from earlier subphases (e.g., “A”) within the Late Neolithic. The code 7229 likely serves as an internal or authority identifier for this period in a database or ontology.","- “Late Neolithic B” is a broader concept’s member under “Periods.”
- “Periods” has the narrower concept “Late Neolithic B.”"
https://isl.ics.forth.gr/parthenos_vocabularies/Concept/7230,Target,Class,late neolithic a,"In digital humanities datasets that periodize prehistory, “Late Neolithic A” typically denotes the earlier sub-phase of the Late Neolithic period within a given regional chronology. It marks a distinct cultural-chronological stage characterized by specific material culture (e.g., pottery styles, lithics, settlement patterns) that precedes “Late Neolithic B.”

Using the extra information “7230,” Late Neolithic A corresponds to the period code 7230 in the dataset/schema you’re referencing, serving as a controlled value for tagging or querying records tied to that sub-phase.","- “Late Neolithic A” is a broader concept’s member of “Periods.”
- “Periods” has the narrower concept “Late Neolithic A.”"
https://isl.ics.forth.gr/parthenos_vocabularies/Concept/7231,Target,Class,urnfield period,In digital humanities context 7231: The Urnfield period refers to the Late Bronze Age cultural horizon in central and western Europe (c. 1300–750 BCE) characterized by cremation burials with ashes placed in urns and grouped in flat cemeteries (“urnfields”).,"- “Periods” has narrower concept “Urnfield period”.
- “Urnfield period” has broader concept “Periods”."
https://isl.ics.forth.gr/parthenos_vocabularies/Concept/7232,Target,Class,transitional,"In digital humanities, “Transitional” typically refers to works, projects, or standards that are in an intermediate state between legacy/analog or earlier digital methods and fully modern, stable digital practices—e.g., transitional editions, schemas, or platforms that bridge older formats to newer, more sustainable, interoperable ones. (Ref. 7232)","- Periods has narrower concept Transitional.
- Transitional has broader concept Periods."
https://isl.ics.forth.gr/parthenos_vocabularies/Concept/7233,Target,Class,neolitic,"Neolitic (Neolithic) refers to the “New Stone Age,” a prehistoric period marked by the shift from hunter-gatherer societies to agriculture, settled communities, polished stone tools, pottery, and early social complexity—key themes often analyzed in digital humanities through archaeological data, GIS mapping, and material culture datasets. 7233","- “Neolitic” is a broader concept’s narrower term of “Periods.”
- “Periods” has the narrower concept “Neolitic.”"
https://isl.ics.forth.gr/parthenos_vocabularies/Concept/7234,Target,Class,la t ne ii,"La Tène II refers to the middle phase of the La Tène culture (Iron Age Europe), typically dated c. 300–150 BCE. In digital humanities contexts, it’s a controlled chronological label (e.g., in metadata/ontologies) used to tag or classify artifacts, sites, or texts to this specific sub-phase of La Tène. Extra info 7234 likely denotes an internal code or identifier for this term in a dataset or authority list.","- “La Tène II” is a broader concept’s member of “Periods”.
- “Periods” has the narrower concept “La Tène II”."
https://isl.ics.forth.gr/parthenos_vocabularies/Concept/7235,Target,Class,roman i,"In digital humanities contexts, “Roman I” typically refers to the uppercase letter “I” in the Roman (upright, non-italic) font style—i.e., the glyph category “Roman capital I,” as opposed to italic or other type styles. The code/identifier “7235” likely points to a project-specific reference or entry ID associated with this glyph/style.","- “Periods” has narrower concept “Roman I”.
- “Roman I” has broader concept “Periods”."
https://isl.ics.forth.gr/parthenos_vocabularies/Concept/7236,Target,Class,middle paleolithic,"In digital humanities context, “Middle Paleolithic” refers to the archaeological period roughly 300,000–40,000 years ago (varies by region), marked by Neanderthals and early Homo sapiens, Levallois and other prepared-core stone technologies, and evidence of more complex behavior (e.g., organized hunting, use of fire, possible symbolic practices). It serves as a temporal/analytical category for classifying and comparing datasets, sites, artifacts, and behaviors in DH projects. 7236","- “Middle Paleolithic” is a broader concept’s member under “Periods.”  
- “Periods” has the narrower concept “Middle Paleolithic.”"
https://isl.ics.forth.gr/parthenos_vocabularies/Concept/7237,Target,Class,middle eneolithic,"Middle Eneolithic refers to the middle phase of the Eneolithic (Chalcolithic or Copper Age), the period between the Neolithic and the Early Bronze Age characterized by the first regular use of copper alongside stone tools. In digital humanities contexts, it typically denotes a chronological label used to classify and compare archaeological data, sites, or artifacts dated to the mid-stage of this copper-using era. (Ref: 7237)","- “Middle Eneolithic” is a broader term of “Periods”. → Incorrect per SKOS; correct verbalization:
- “Middle Eneolithic” has broader concept “Periods”.
- “Periods” has narrower concept “Middle Eneolithic”."
https://isl.ics.forth.gr/parthenos_vocabularies/Concept/7238,Target,Class,late byzantine,"In digital humanities contexts, “Late Byzantine” refers to the final period of the Byzantine Empire, typically ca. 1204–1453 (sometimes starting ca. 1261), used as a temporal metadata category for organizing, tagging, and analyzing sources (texts, art, architecture, manuscripts, data) produced in or relating to Byzantium during its last centuries up to the fall of Constantinople. (Ref. code: 7238)","- “Late Byzantine” has broader concept “Periods”.
- “Periods” has narrower concept “Late Byzantine”."
https://isl.ics.forth.gr/parthenos_vocabularies/Concept/7239,Target,Class,late antiquity,"In digital humanities, “Late Antiquity” refers to the transitional period from roughly the 3rd to the 8th century CE, marking the shift from the classical Roman world to the medieval. It encompasses the later Roman Empire, the rise of Christianity and Islam, and transformations in culture, society, and institutions—studied through interdisciplinary methods (textual, material, and computational analysis), often leveraging datasets and tools (e.g., prosopography, GIS, text mining) to map continuity and change across this era. 7239","- “Late Antiquity” is a broader concept’s narrower term of “Periods.” → “Late Antiquity” has broader “Periods.”
- “Periods” has narrower “Late Antiquity.”"
https://isl.ics.forth.gr/parthenos_vocabularies/Concept/7240,Target,Class,la t ne d,"In digital humanities datasets about European prehistory, “La Tène D” denotes the late (final) phase of the La Tène culture chronology—roughly the 2nd–1st centuries BCE—often subdivided into D1/D2/D3. It’s used as a temporal label for classifying artifacts, sites, or records (e.g., item 7240) to indicate they date to the late Iron Age La Tène horizon.","- “La Tène D” is a broader concept’s member: it is under “Periods.”
- “Periods” has a narrower concept: “La Tène D.”"
https://isl.ics.forth.gr/parthenos_vocabularies/Concept/7241,Target,Class,la t ne b,"La Tène B is the second phase of the La Tène cultural period (early Iron Age Europe), dated roughly to the 4th century BCE. In archaeological periodization, it follows La Tène A and precedes La Tène C, marking developments in material culture (e.g., weapon types, fibulae, art styles) and burial practices. In digital humanities metadata or typologies (e.g., code 7241), it denotes a standardized chronological label used to tag and compare datasets from this specific sub-period.","- “La Tène B” is a broader-concept child of “Periods.”
- “Periods” has the narrower concept “La Tène B.”"
https://isl.ics.forth.gr/parthenos_vocabularies/Concept/7242,Target,Class,la t ne c,"La Tène C is a chronological phase of the European Iron Age within the La Tène culture sequence, typically dated to the mid–late 3rd century BCE (approx. 250–200 BCE, varying by region). In digital humanities contexts, “La Tène C” is used as a controlled temporal/typological label to tag, classify, and query artifacts, sites, or datasets corresponding to this specific stylistic-chronological horizon within the La Tène period. The “7242” can serve as a local or authority identifier mapping to this phase in a database or ontology.","- “La Tène C” is broader concept’s narrower: It is a narrower concept of “Periods”.
- “Periods” has narrower concept “La Tène C”."
https://isl.ics.forth.gr/parthenos_vocabularies/Concept/7243,Target,Class,archaic,"In digital humanities, “archaic” refers to language, forms, or practices from an earlier historical stage that are no longer in common use—e.g., obsolete spellings, vocabulary, scripts, or interface conventions that require specialized methods to encode, search, or interpret (such as handling early modern spellings or legacy character sets). 7243","- Archaic is a broader concept under Periods.
- Periods has the narrower concept Archaic."
https://isl.ics.forth.gr/parthenos_vocabularies/Concept/7244,Target,Class,la t ne i,"In digital humanities metadata/taxonomy, “La Tène I” denotes the earliest phase of the La Tène period (Early La Tène), the first subperiod of the European Iron Age culture following Hallstatt, roughly mid–5th to 4th century BCE. The code “7244” can serve as its controlled identifier in the dataset/vocabulary you’re using.","- “La Tène I” is a broader concept’s member: it is narrower than “Periods.”
- “Periods” has the narrower concept “La Tène I.”"
https://isl.ics.forth.gr/parthenos_vocabularies/Concept/7245,Target,Class,contemporary,"In digital humanities, “contemporary” refers to works, practices, data, or phenomena from the present or very recent past—typically aligned with current technologies, platforms, and cultural contexts (e.g., born-digital texts, social media, current digital archives). It emphasizes present-day relevance and methods rather than historical periods. 7245","- “Contemporary” is a broader term’s subordinate of “Periods.” → “Contemporary” is narrower than “Periods.”
- “Periods” has the narrower term “Contemporary.”"
https://isl.ics.forth.gr/parthenos_vocabularies/Concept/7246,Target,Class,copper age,"In digital humanities, “Copper Age” is used metaphorically to denote an early, formative phase of digital practice—more advanced than a “Stone Age” (purely analog/traditional methods) but preceding the “Bronze/Iron/Modern” stages of mature, integrated, and standardized digital scholarship. It suggests a period of experimentation with basic digital tools (e.g., early digitization, simple databases, rudimentary text encoding) before widespread sophistication, interoperability, and methodological consolidation. (Ref: 7246)","- Copper Age is a broader concept’s narrower term of Periods. → Periods is a broader concept of Copper Age.
- Periods has the narrower concept Copper Age. → Copper Age is a narrower concept of Periods."
https://isl.ics.forth.gr/parthenos_vocabularies/Concept/7247,Target,Class,early geometric,"In digital humanities, “Early Geometric” refers to the earliest phase of the Greek Geometric period (ca. 900–850 BCE) as used in typologies, metadata, or classification schemas for artifacts, images, or texts. It labels objects/styles characterized by simple linear and geometric motifs (meanders, concentric circles) and helps standardize temporal tagging and retrieval in datasets. 7247 likely denotes an internal code or authority ID linked to this period in the project’s controlled vocabulary.","- “Early Geometric” is a broader concept’s member of “Periods.” → “Early Geometric” is a subcategory of “Periods.”
- “Periods” has the narrower concept “Early Geometric.” → “Periods” includes the subcategory “Early Geometric.”"
https://isl.ics.forth.gr/parthenos_vocabularies/Concept/7248,Target,Class,la t ne a,"In digital humanities and archaeology, “La Tène A” denotes the earliest phase of the La Tène culture (Early Iron Age) in temperate Europe, typically dated to about the 5th century BCE. It is a typological/chronological label used to classify material culture (e.g., metalwork, pottery) and sites into a standardized periodization: La Tène A (early), followed by La Tène B, C, and D. The code “7248” can serve as an internal or authority identifier linking this phase to a controlled vocabulary or dataset entry.","- “La Tène A” is a broader concept’s member: it is under “Periods.”
- “Periods” has the narrower concept “La Tène A.”"
https://isl.ics.forth.gr/parthenos_vocabularies/Concept/7249,Target,Class,roman republican,"In digital humanities, “Roman Republican” refers to materials, periods, or topics related to the Roman Republic—the era of ancient Rome before the establishment of the Empire (traditionally 509–27 BCE). It can denote:

- Timeframe: Works, events, or data dated to the Republican period.
- People/Institutions: Roman citizens, magistrates, laws, and political culture of the Republic (e.g., consuls, Senate, popular assemblies).
- Sources/Genres: Republican-era texts, inscriptions, coins, archaeological layers.
- Methods/Tags: A classification label (e.g., “Roman Republican”) used to tag, filter, or analyze datasets (such as item 7249) pertaining to that period.","- “Roman Republican” is a narrower concept of “Periods.”
- “Periods” has the narrower concept “Roman Republican.”
- “Periods” is a broader concept of “Roman Republican.”
- “Roman Republican” has the broader concept “Periods.”"
https://isl.ics.forth.gr/parthenos_vocabularies/Concept/7250,Target,Class,early medieval b,"Early Medieval B refers to a standardized script classification used in digital humanities (notably in datasets like 7250) to denote a specific subtype of early medieval script. It typically identifies a later phase within Early Medieval book hands distinct from “Early Medieval A,” characterized by more regularized, transitional features between earlier Insular/Merovingian forms and later Carolingian-influenced scripts, used for cataloging, paleographic analysis, and search/filtering in digital corpora.","- “Early Medieval B” is a broader concept’s member of “Periods”.
- “Periods” has the narrower concept “Early Medieval B”."
https://isl.ics.forth.gr/parthenos_vocabularies/Concept/7251,Target,Class,early medieval c,"In this digital humanities context, “Early Medieval C” refers to the Early Medieval period in region/zone “C” as coded in dataset 7251—i.e., a categorical label indicating the Early Middle Ages (roughly 5th–10th centuries) within the third regional or typological grouping (“C”) used by that dataset’s schema.","- “Early Medieval C” is a broader concept of “Periods”. → Incorrect per triple.
- “Early Medieval C” has broader concept “Periods”.
- “Periods” has narrower concept “Early Medieval C”."
https://isl.ics.forth.gr/parthenos_vocabularies/Concept/7252,Target,Class,classical cypro classical ii,"Classical (Cypro-Classical) II refers to the second phase of the Cypro-Classical period in Cypriot archaeology/history, typically dated ca. 350–325 BCE. In digital humanities metadata (e.g., period vocabularies or ontologies), it designates cultural-historical context for Cypriot materials (artifacts, texts, sites) from late Classical Cyprus, often used as a controlled term or period label. The “II” distinguishes it from Cypro-Classical I (earlier subphase). The code 7252 likely corresponds to its identifier in a period thesaurus or database.","- “Classical (Cypro-Classical) II” is a broader concept’s member of “Periods.”
- “Periods” has the narrower concept “Classical (Cypro-Classical) II.”"
https://isl.ics.forth.gr/parthenos_vocabularies/Concept/7253,Target,Class,early medieval d,"Early Medieval D refers to the “Insular (or Anglo-Saxon) half-uncial/Insular minuscule” letterform for D used in early medieval manuscripts (roughly 7th–11th centuries), characterized by its distinct uncial/Insular shape (often with a vertical stem and a rounded bow). In digital humanities datasets (e.g., script or glyph classification, paleographic encoding), the label “Early Medieval D” typically denotes this specific script variant of the letter D. The code 7253 likely identifies this class/item in the dataset or ontology.","- “Early Medieval D” is a broader concept’s narrower term of “Periods”.
- “Periods” has the narrower concept “Early Medieval D”."
https://isl.ics.forth.gr/parthenos_vocabularies/Concept/7254,Target,Class,swedish empire,"In digital humanities context, “Swedish Empire” refers to the period (c. 1611–1721) when Sweden was a major European great power, controlling territories around the Baltic (including parts of today’s Finland, Estonia, Latvia, northern Germany, and Poland). In datasets or projects (e.g., code 7254), it typically denotes this geopolitical entity/timeframe for tagging sources, mapping historical boundaries, or standardizing metadata about early modern Scandinavia and the Baltic region.","- Periods has narrower concept Swedish Empire.
- Swedish Empire has broader concept Periods."
https://isl.ics.forth.gr/parthenos_vocabularies/Concept/7255,Target,Class,early medieval a,"Early Medieval A is a palaeographic font classification used in digital humanities datasets (e.g., script/hand typologies) to denote an early medieval script style variant “A.” The code 7255 likely refers to its internal dataset or taxonomy ID.","- “Early Medieval A” is a broader concept’s member of “Periods” (i.e., Early Medieval A is narrower than Periods).
- “Periods” has the narrower concept “Early Medieval A”."
https://isl.ics.forth.gr/parthenos_vocabularies/Concept/7256,Target,Class,high medieval,"In digital humanities, “High Medieval” typically denotes the central phase of the European Middle Ages—roughly the 11th to 13th centuries (c. 1000–1300 CE). Projects, datasets, or taxonomies using this label group sources, events, or cultural artifacts from this period, distinguishing them from Early (c. 5th–10th c.) and Late Medieval (c. 14th–15th c.) materials. The code 7256 likely tags or indexes this period within a specific dataset or ontology.","- “High Medieval” is a broader concept’s narrower term of “Periods.”
- “Periods” has the narrower concept “High Medieval.”"
https://isl.ics.forth.gr/parthenos_vocabularies/Concept/7257,Target,Class,erteb lle culture,"The Ertebølle culture is a Late Mesolithic hunter-gatherer-fisher culture (c. 5400–3900 BCE) of southern Scandinavia and northern Germany, noted for coastal settlements, shell middens, and early pottery use before farming. In digital humanities (ref. 7257), it typically denotes a cultural dataset or classification tag used to index, analyze, and compare archaeological records (sites, artifacts, dates) associated with this Mesolithic tradition.","- Ertebølle culture is a broader concept’s member: it falls under Periods.
- Periods has a narrower concept: Ertebølle culture."
https://isl.ics.forth.gr/parthenos_vocabularies/Concept/7258,Target,Class,stone age,"In a digital humanities context, the Stone Age refers to the earliest prehistoric period characterized by the creation and use of stone tools, studied through digitized artifacts, datasets, and computational analyses (e.g., 3D models of tools, GIS of sites, and metadata-driven archives). The “7258” identifier could tag a specific dataset, collection, or record related to Stone Age materials in a DH repository.","- Periods has narrower concept Stone age.
- Stone age has broader concept Periods."
https://isl.ics.forth.gr/parthenos_vocabularies/Concept/7259,Target,Class,middle modern period,"In digital humanities periodization, the “Middle Modern period” typically refers to the span between the Early Modern and Late/Contemporary periods—roughly the long 18th to 19th centuries—when print culture matured, bureaucratic and colonial archives expanded, and industrial-era information systems (catalogs, standardization, statistics) took shape. It’s used to frame sources, metadata practices, and methodological contexts distinct from both Early Modern manuscript/incipit print cultures and 20th–21st-century digital/late modern regimes. 7259","- “Middle Modern period” is a broader concept’s member under “Periods.”
- “Periods” has the narrower concept “Middle Modern period.”"
https://isl.ics.forth.gr/parthenos_vocabularies/Concept/7260,Target,Class,kongemose culture,"In digital humanities terms, the “Kongemose culture” refers to a Mesolithic archaeological culture in southern Scandinavia (c. 6400–5400 BCE), characterized by microlithic flint technology, hunting-fishing-gathering lifeways, and coastal settlement patterns—serving as a key cultural phase between the earlier Maglemose and later Ertebølle cultures. (Ref. 7260)","- “Kongemose culture” is a broader concept’s narrower term: it is narrower than “Periods.”
- “Periods” has a narrower concept: “Kongemose culture.”"
https://isl.ics.forth.gr/parthenos_vocabularies/Concept/7261,Target,Class,historic time,"In digital humanities, “historic time” refers to the constructed temporal frameworks used to represent, analyze, and interpret past events—how time is segmented (periods, epochs), ordered (chronologies, timelines), and contextualized (causal sequences, narratives) within digital models. It emphasizes that time is not just dates but a scholarly construct shaped by sources, periodization choices, and interpretive aims, often encoded for computation (e.g., metadata, temporal ontologies) to enable comparison, visualization, and analysis.","- “Historic time” is a broader concept’s narrower term of “Periods.”
- “Periods” has the narrower concept “Historic time.”"
https://isl.ics.forth.gr/parthenos_vocabularies/Concept/7262,Target,Class,classic iillyrian,"In digital humanities, “Classic Illyrian” typically refers to the reconstructed linguistic and cultural corpus of ancient Illyria—covering the classical-era Illyrian languages, onomastics (names), inscriptions, and related texts—standardized for analysis, annotation, and comparison in digital projects. It denotes a normalized category used to tag, encode, or study Illyrian materials from the Classical period (e.g., in TEI/XML, linguistic databases, or prosopographies). Identifier 7262 likely points to a specific authority entry or dataset record for this category.","- “Classic IIllyrian” is a broader concept’s member of “Periods.” → “Classic IIllyrian” is a subcategory of “Periods.”
- “Periods” has the narrower concept “Classic IIllyrian.” → “Periods” includes the subcategory “Classic IIllyrian.”"
https://isl.ics.forth.gr/parthenos_vocabularies/Concept/7263,Target,Class,early modern period,"In digital humanities, the Early Modern period typically refers to the span from roughly the late 15th century to the late 18th century (c. 1450–1800), covering transformations such as the print revolution, Reformation, global exploration/colonialism, scientific revolution, and early capitalism. DH projects use this periodization to frame sources (e.g., printed books, manuscripts, maps), metadata, and methods for studying cultural, linguistic, and intellectual change across these centuries.","- “Early Modern period” is a broader concept’s narrower term of “Periods.”
- “Periods” has the narrower concept “Early Modern period.”"
https://isl.ics.forth.gr/parthenos_vocabularies/Concept/7264,Target,Class,early roman,"In digital humanities periodization, “Early Roman” typically refers to the earliest phase of Roman civilization and culture—covering Rome’s Regal and early Republican periods—before the mid/late Republic and Empire. Depending on the project schema (e.g., an authority like periodO or a custom timeline such as code 7264), it generally spans roughly the 8th–4th centuries BCE (foundation/monarchy through early Republic), used to tag texts, artifacts, or data to that early formative Roman context.","- “Early Roman” has broader concept “Periods”.
- “Periods” has narrower concept “Early Roman”."
https://isl.ics.forth.gr/parthenos_vocabularies/Concept/7265,Target,Class,antiquity,"In digital humanities, “Antiquity” typically refers to the ancient Mediterranean world—especially Greek and Roman civilizations—from roughly the 8th century BCE to the 5th–6th century CE, serving as a temporal focus for studying texts, material culture, and historical data with computational methods.","- “Antiquity” is a broader concept’s narrower term of “Periods.”
- “Periods” has the narrower concept “Antiquity.”"
https://isl.ics.forth.gr/parthenos_vocabularies/Concept/7266,Target,Class,late archaic,"In digital humanities, “Late Archaic” refers to the later phase of the Archaic period in ancient cultures (often Greek, ca. 600–480 BCE), used as a temporal metadata label for tagging, organizing, and analyzing artifacts, texts, or datasets. The extra code 7266 would function as a project-specific identifier or controlled-vocabulary code mapping to this period.","- “Late Archaic” is a broader concept’s member under “Periods.”
- “Periods” has the narrower concept “Late Archaic.”"
https://isl.ics.forth.gr/parthenos_vocabularies/Concept/7267,Target,Class,protohistory,"In digital humanities, protohistory refers to the period in a culture’s past when it is not yet fully historical (i.e., lacks its own sustained written records) but is documented indirectly through the writings of neighboring literate societies and supplemented by archaeological evidence. It bridges prehistory and history.","- Periods has narrower concept Protohistory.
- Protohistory has broader concept Periods."
https://isl.ics.forth.gr/parthenos_vocabularies/Concept/7268,Target,Class,early medieval,"In digital humanities, “Early Medieval” typically denotes the period from roughly the 5th to the 10th century CE (post-Roman late antiquity up to the cusp of the High Middle Ages), used as a temporal tag for sources, datasets, and analyses concerning early medieval societies, texts, and material culture. 7268 may refer to an internal code or dataset identifier for this period in your project.","- “Early Medieval” is a broader concept’s narrower term of “Periods”.
- “Periods” has the narrower concept “Early Medieval”."
https://isl.ics.forth.gr/parthenos_vocabularies/Concept/7269,Target,Class,geometric cypro geometric i,"Geometric (Cypro-Geometric) I refers to the earliest phase of Cyprus’s Geometric period in archaeology/art history, marking the transition after the Late Bronze Age into early Iron Age material culture on Cyprus. It is characterized by new pottery styles with linear/geometric decoration, changes in burial customs, and shifts in settlement patterns, and serves as a chronological label for dating and classifying artifacts in digital humanities datasets (e.g., controlled vocabularies or periodization schemes). 7269 likely denotes its authority/identifier code within a digital catalog or ontology.","- “Geometric (Cypro-Geometric) I” is a broader concept’s member of “Periods.” → “Geometric (Cypro-Geometric) I is a sub-concept of Periods.”
- “Periods” has the narrower concept “Geometric (Cypro-Geometric) I.” → “Periods includes the narrower concept Geometric (Cypro-Geometric) I.”"
https://isl.ics.forth.gr/parthenos_vocabularies/Concept/7270,Target,Class,post medieval,"In digital humanities, “Post-Medieval” typically refers to the historical period immediately following the Middle Ages—roughly from the early 16th century onward (c. 1500–present, though often ending around the 18th–19th centuries depending on region and project scope). In datasets or classification systems (e.g., code 7270), it marks materials, sites, or texts dated after the medieval period.","- Periods has narrower concept Post-Medieval.
- Post-Medieval has broader concept Periods."
https://isl.ics.forth.gr/parthenos_vocabularies/Concept/7271,Target,Class,late roman,"In digital humanities, “Late Roman” typically refers to the historical period of the Roman Empire from roughly the late 3rd century to the 5th/6th century CE (c. 284–476 in the West, extending to c. 565 in the East), encompassing the Tetrarchy, Constantinian era, Christianization, administrative and military reforms, and the transition toward Late Antiquity. It often serves as a metadata category for texts, inscriptions, artifacts, and datasets dated to this timeframe.","- “Late Roman” is a broader concept’s narrower term of “Periods”.
- “Periods” has the narrower concept “Late Roman”."
https://isl.ics.forth.gr/parthenos_vocabularies/Concept/7272,Target,Class,early imperial,"In digital humanities, “Early Imperial” typically labels materials dated to the early phase of an empire’s rule (e.g., early Roman Empire), used as a chronological tag in datasets or metadata. With the extra code 7272, it likely maps to a controlled-vocabulary or period ID indicating that early-imperial timeframe within a specific project or ontology.","- “Early Imperial” is a broader concept’s child of “Periods”.
- “Periods” has the narrower concept “Early Imperial”."
https://isl.ics.forth.gr/parthenos_vocabularies/Concept/7273,Target,Class,second world war,"In digital humanities, “Second World War” refers to the global conflict (1939–1945) whose events, narratives, and impacts are analyzed using computational and interdisciplinary methods—e.g., digitized archives, text mining of newspapers and letters, mapping troop/civilian movements, network analysis of states and actors, and audiovisual annotation—to reinterpret its causes, experiences, memory, and aftermath. (Ref: 7273)","- “Periods” has narrower concept “second world war”.
- “second world war” has broader concept “Periods”."
https://isl.ics.forth.gr/parthenos_vocabularies/Concept/7274,Target,Class,stuart,"In digital humanities, “Stuart” most likely refers to the Stuart period (the Stuart dynasty in Britain, 1603–1714). It’s used as a temporal/cultural tag for datasets, texts, or projects concerning that era—e.g., Stuart-era literature, politics, or material culture. The extra code “7274” would typically serve as an internal identifier for that tag or collection.","- Periods has narrower concept Stuart.
- Stuart has broader concept Periods."
https://isl.ics.forth.gr/parthenos_vocabularies/Concept/7275,Target,Class,upper neolithic,"In a digital humanities context, “Upper Neolithic” refers to the later phase of the Neolithic period—typically the final stages of agrarian, settled prehistoric societies before the Bronze Age—characterized by more complex social organization, advanced polished stone tools, intensified agriculture, pottery diversification, and often megalithic or monumental building. The term can be region-specific and periodized differently depending on local archaeological chronologies; “7275” likely corresponds to a dataset, code, or temporal marker within your project rather than a universal date.","- Periods has narrower concept Upper Neolithic.
- Upper Neolithic has broader concept Periods."
https://isl.ics.forth.gr/parthenos_vocabularies/Concept/7276,Target,Class,classical cypro classical i,"Classical (Cypro-Classical) I refers to the first phase of the Cypro-Classical period in Cyprus, typically dated ca. 480–400 BCE. In digital humanities metadata or vocabularies (e.g., period thesauri), it designates cultural-historical context for Cypriot materials—artifacts, sites, texts—belonging to early Classical-era Cyprus. The “7276” likely serves as an internal or authority identifier for this period entry.","- “Classical (Cypro-Classical) I” is a broader concept’s child of “Periods.”
- “Periods” has the narrower concept “Classical (Cypro-Classical) I.”"
https://isl.ics.forth.gr/parthenos_vocabularies/Concept/7277,Target,Class,beaker culture,"In digital humanities, “Beaker culture” refers to the European prehistoric archaeological culture (c. 2800–1800 BCE) identified by its distinctive bell-shaped pottery (“beakers”), along with associated burial practices, metallurgy, and mobility patterns—often used as a case study for integrating material culture, isotopic/genetic data, and spatial analysis in digital research. 7277","- Beaker culture is a broader concept within Periods.
- Periods has the narrower concept Beaker culture."
